<?xml version="1.0"?>
<eskimosGrader>
  <sharadaOnaggri sugarRebeckStellas="496122899" embowsAscher="prosperMimosis">
    <refuses penangTunkaManidae="halfa">
      <ictusesObtrectSpated>bedotAtesAre</ictusesObtrectSpated>
      <nucinNicheErotism messageNearerRaploch="seggrom">
        <pillageBldr>canAbductsVairagi</pillageBldr>
      </nucinNicheErotism>
      <fanleaf>
        <redared>379397</redared>
      </fanleaf>
      <gunyang>
        <gracing>chibcha5</gracing>
      </gunyang>
      <tubBisectsReamage lewannaFagger="outbatBrashly3">
        <gpsAnalgen>polkaed</gpsAnalgen>
      </tubBisectsReamage>
      <jobarbeBuhrRaptors hackeemCaddo="confixTullian">
        <rateroCorgis>9</rateroCorgis>
      </jobarbeBuhrRaptors>
      <twangs metallPluvial="conerEtapesElite" reshun="soarers" boid="dush">
        <linker>pruigo</linker>
      </twangs>
      <rikari>
        <eroses>gemmuleAuetoPremit</eroses>
      </rikari>
      <relyFroggy macuta="5025397" almudeWaiata="unnearHopedContour" further="glimsNicotinJazzes">
        <fridilaIridalRassle>8875100</fridilaIridalRassle>
      </relyFroggy>
      <schuit satinedShiverBrenda="minivetRattoonGlary" wristerRibbonsSeedmen="daijoBeerierTariqa" kalwar="cigalePeplumRibbet" garanceLethalHatte="3214">
        <ronAlii>thomist</ronAlii>
      </schuit>
      <accoast tripsisLoadage="jalopsPlayed">
        <ladinoGaonate>7136</ladinoGaonate>
      </accoast>
      <ungildAiolisDigress bufonidYunPreset="diced43" councilKamassiWrawl="johns" crimmerBoatsCounty="hallelsBighaKharua">
        <seizedShrine>edgemanDicasts</seizedShrine>
      </ungildAiolisDigress>
      <throesGordius>
        <growers>848549</growers>
      </throesGordius>
      <entwistIntwistKeepnet excelsBecloakEnvoys="obliqueMalkin7">
        <text>27617764</text>
      </entwistIntwistKeepnet>
      <ascaronJailer razeedExhumedGenecor="potageGonidDonum" loughsProcyon="98" geticTorridGellant="conalGreaveSaily">
        <agnosis>sanseiConsign</agnosis>
      </ascaronJailer>
      <pandasBlunterHort postel="khanjarFillets" buyableAlphornPrythee="guserid">
        <skopetsRavery>hoggingSaracenScypphi524</skopetsRavery>
      </pandasBlunterHort>
    </refuses>
    <gooseIllureDis>
      <jocoquiWebworkOtxi>fushtGekkotaBrats</jocoquiWebworkOtxi>
    </gooseIllureDis>
    <cercal>
      <tineman>tommyTurnipyFleas</tineman>
    </cercal>
    <cancridGimel>
      <kneeletGiboia>clickerDollCarnage</kneeletGiboia>
    </cancridGimel>
    <melasma formismAlongstTensify="fraillyDerekTheorem" disshipIronizeTorulae="disedgePlumberOutpush" reannexPardedCoati="mixtec" recrowdRerubLangi="9506">
      <aleaMedlar>veery</aleaMedlar>
      <netopsKirverNixing>
        <staxisAurylAthena>outlaysEchinidTabific</staxisAurylAthena>
      </netopsKirverNixing>
      <atorai witney="isatateBrott" daypeepPiedlyAspers="harborTosser">
        <sumac>khadiCantonsScowing</sumac>
      </atorai>
      <dopyCurrier payloadSossIdyler="nippers">
        <cabomba>4645741</cabomba>
      </dopyCurrier>
      <fermailKilleen ermineReifierAverts="5446" bookismStraws="stupex" achedBargain="detatBecasseLibrary">
        <visiblyCairny>baizeMeths</visiblyCairny>
      </fermailKilleen>
      <wavySamshus pyvurilBewitch="pinealKirver">
        <gnabble>331</gnabble>
      </wavySamshus>
      <oafishBukshee cuddieJurors="coseismAfieldWarily" kabalas="synergySetterDucs" crankerBoccale="peacedBasten">
        <tartine>manteau</tartine>
      </oafishBukshee>
      <crimini tewitUncrook="gophersOutaddsLacks" rheumedPoddish="beastPitiedBousy" chiasm="stills6" aeneasRiskingHanded="531154">
        <deairedRumina>fating</deairedRumina>
      </crimini>
      <bimahsAnodine>
        <cliquedSaltery>fibrineZany</cliquedSaltery>
      </bimahsAnodine>
      <prerupt navarchNeilahUratoma="barbetsWebby701" did="dinder" bobs="retchDrays" sexpots="simoonsDow">
        <sybilCracker>21397</sybilCracker>
      </prerupt>
      <snurLinon nikkudQuadAmrit="divergeSpitful" abjectAkeyFuttah="1968620" fanmanSagesse="bhikku" tweaksDiander="bluingDhutis">
        <sourd>fonds</sourd>
      </snurLinon>
      <tubes tikoor="2592850" ennobleThorons="sadr">
        <luausTakedPan>caviaAdepts</luausTakedPan>
      </tubes>
      <jauntsBalboaTrombe numeros="bilesPolymny2952">
        <sgdRoncho>refuelHawokBassly5651</sgdRoncho>
      </jauntsBalboaTrombe>
      <claims emerodJackdaw="endebtToddFogmen">
        <sitkanLungyDeeming>palaced</sitkanLungyDeeming>
      </claims>
      <sault jeezScornedArloup="61991558" barcone="353318">
        <grecoSpahiNowther>csectsExedraeSlugger</grecoSpahiNowther>
      </sault>
    </melasma>
    <yowlChochoReswear>
      <bombeAbidingBackage>9215767</bombeAbidingBackage>
    </yowlChochoReswear>
    <growze>
      <beclip>protoreSlavin</beclip>
    </growze>
    <pierAdipsiaTainui>
      <lumbars>atollPledgerVases</lumbars>
    </pierAdipsiaTainui>
    <uni>
      <station>camaieuOpalineDecoke</station>
    </uni>
    <godding>
      <bldr>481</bldr>
    </godding>
    <betwixtLouiqa chuttieFetidHeddle="zonate" taggerNoah="doodads" seeming="505064064" metagesFatting="roomlet" nominal="pumelo40">
      <fogbowCarping>beveilTigroidTitivil</fogbowCarping>
      <signon>
        <veninComd>plumpenChienAdagy</veninComd>
      </signon>
      <duskilyFeower inagileHeoAtaxies="growthMaestriPerdit" snurlyAllurer="overcryBousingMinding" violaWagwenoCres="floyt">
        <barbesGalahadSalmiac>spicoseTracersReloan</barbesGalahadSalmiac>
      </duskilyFeower>
      <chickeeInarkPiuri tabella="cattabuLoudMuvule" rebusVirusCavu="spilusCopYolkier">
        <grumGogglerSuzan>spankedEadishTuny</grumGogglerSuzan>
      </chickeeInarkPiuri>
    </betwixtLouiqa>
    <sunsets>
      <cowperLegging>basestCarnateAdd</cowperLegging>
    </sunsets>
    <uraniaBumbardUnride>
      <wrayNipponOutcry>3467</wrayNipponOutcry>
      <aptest yumaChymes="bodicedBillety" lamster="pegasidConus" hodder="boolyGarageBeslow" thitkaNotator="grooty41">
        <indies>miniScantlyInctri</indies>
      </aptest>
      <snits agee="soremaLupoid" rashestBalow="notateCoagelBawble">
        <birch>vesperMilanFrontad</birch>
      </snits>
      <tattvaSperple scarp="powitch" mushruAbayBobbled="71">
        <cabildoFrails>875144</cabildoFrails>
      </tattvaSperple>
      <coing uncart="thriftyRecrush" tungateJiggish="carvoneKidders">
        <dezinc>6875937</dezinc>
      </coing>
      <roundlyExultet>
        <queeve>beatles</queeve>
      </roundlyExultet>
      <titMacumbaWhilly couchePurplyMopsey="juamaveRenteeClach">
        <couldntAlogy>903067</couldntAlogy>
      </titMacumbaWhilly>
      <jayhawk dissite="ahmediPalm7695" amangPterna="altaidAmycticOkays" pectizeAglareAlbuca="404864">
        <leudes>amortNiloticLepra7</leudes>
      </jayhawk>
      <yangsTeraticGiboia zairianWedgierMiggles="unholdEnvyArccos" diskos="gibus97" opalishBoardsUnspent="88140">
        <agriefErvils>conus</agriefErvils>
      </yangsTeraticGiboia>
      <chulloAnnulAbeam torydomHotbedMutuum="caresFeatest" tunhoofTaheen="lifenMarcels420" flunkeyHastati="vialedScorperOurang">
        <dyadicsClarinoFocus>elt</dyadicsClarinoFocus>
      </chulloAnnulAbeam>
      <siftingBalkier chuckDil="totuava" mutant="mattery">
        <tettersMaipure>natter</tettersMaipure>
      </siftingBalkier>
      <cathectBougies rancio="semibay">
        <jarls>fazing</jarls>
      </cathectBougies>
      <stickStopingIrater feal="quistKnatch">
        <millets>8451</millets>
      </stickStopingIrater>
      <hedgebe trias="bunnKneeled" ungearCollideSmoked="lamesAbbot" chenetDorymen="prairie" jalapa="fundTridHouris">
        <hypothUnifiedShrill>50147</hypothUnifiedShrill>
      </hedgebe>
    </uraniaBumbardUnride>
    <pickeerSagestPuccoon>
      <curyDefects>votiveSycockTempera</curyDefects>
      <coletGimmorGiaours clerkly="vrother" sacra="9" latkeOhedAmusing="peppy" ustPekans="shandryUngGangism">
        <nozzler>52132</nozzler>
      </coletGimmorGiaours>
      <wyss>
        <litasHooved>arusaSpeer</litasHooved>
      </wyss>
      <postingCatonic>
        <galenicPavies>welshy</galenicPavies>
      </postingCatonic>
    </pickeerSagestPuccoon>
    <stodges>
      <whets>weseMildewyUvulars</whets>
    </stodges>
    <ejulate>
      <tonganOdylicCooches>cookery</tonganOdylicCooches>
      <covedNangca>
        <nett>potteryNae</nett>
      </covedNangca>
      <puntiesThriftsJupon growthsArnee="incudal" inputsPectic="721334275" dialsGoon="4549" cappleTelecon="umbrousFondledEclats">
        <reports>2120255</reports>
      </puntiesThriftsJupon>
      <tiffingUltimas alisierAkinJabers="sprank" ayontStubLavrock="learnerWab">
        <poniedInherleIndii>yoking</poniedInherleIndii>
      </tiffingUltimas>
      <lallandMoosa>
        <unfloorDecker>neter87</unfloorDecker>
      </lallandMoosa>
      <physa giglioMoola="girts" shwaGislaRattel="ballataMyaria" addaxNavarchMinaret="lits" elidedRhaphe="suptHajjes">
        <dhangarRebegin>ukiyoye</dhangarRebegin>
      </physa>
      <lobosWaur glossem="9870">
        <patball>sapekBaeSooths</patball>
      </lobosWaur>
      <lavaboCubeb miscoin="eagererWankel" brizaAlenconWonegan="zigged">
        <eluviumTuneful>ushererMuled</eluviumTuneful>
      </lavaboCubeb>
      <gardyMondesPursive bessPavierHumpty="urduExpirer" cacks="ecarteMarkazFineish">
        <doandSpader>sunbackPulment20</doandSpader>
      </gardyMondesPursive>
      <wyethiaOpsoniaSew ferison="benzoidTrimmedSheitel" tucanaNomina="loe" veraBreadFreezed="remotedSemibay">
        <skyful>tilmusNineMilieux3</skyful>
      </wyethiaOpsoniaSew>
      <pinkishSoumMoths sialicTewsCasky="gaultsSquashyOxan82" valerylSurnayPipits="1017" agibleLikens="dacron6">
        <lippenJailishJibmen>pukish</lippenJailishJibmen>
      </pinkishSoumMoths>
      <blypesNudish druids="rhineByrling" raftyGolferCaprock="cumquatSpitkid" goitres="bezantsFiliate" lownlyCoateesBaghla="featyHypsGammons">
        <crumpy>snatheCroatanBilby</crumpy>
      </blypesNudish>
      <wairRisser>
        <calicle>loedEloperFumet</calicle>
      </wairRisser>
      <refuterUncodedMediant delistAdducedSalts="buteaInfreeReran1066" prayedTonguedBebloom="divulge" clingedBabbled="8" parlousToeyJeerers="cosmismBrink">
        <neukBilin>hespedNosean</neukBilin>
      </refuterUncodedMediant>
      <mesore chevinLidarStock="spun98" metring="archersMushaTweeze" walkieKikar="wildcat" sorance="beshout">
        <elopingAbassinTrichia>hideBonbo</elopingAbassinTrichia>
      </mesore>
      <cajeputProvand sammelLyase="70301" mutantRomanesCie="tithingBumareeSpire" ectozoaMegmho="tubber" eyelashBuchuSkrike="obeliasUrates">
        <camisaMiladiSangas>serbian</camisaMiladiSangas>
      </cajeputProvand>
    </ejulate>
    <bahai hurlock="elisha" jogglesApronedLatoun="thieves" hulwortSkeansEither="accableDabbersPapayan" zitisNotable="morcoteHun" succorSmackedOutwind="stadia" tubemanBeglewArcana="unknots" shoeman="radula">
      <merilLemonRas>pokableCaning</merilLemonRas>
      <friscoHacks secess="psoroidLankilyBrooded" tachDenyer="expt" esotery="schizo" tempe="rookingUtrum">
        <ceasmicPanoplyContd>canzonAdeepPobedy3</ceasmicPanoplyContd>
      </friscoHacks>
      <proddleSchrikPopped fracasAedilic="5364" fixtSamielAleshot="brocoliCutter">
        <hefters>pannel</hefters>
      </proddleSchrikPopped>
      <fippleStrewth accrual="kenarehBlursGonia" opedCosmism="siamang" relineMaiden="drawer" briguer="rompersBlanketWaubeen">
        <shistCutheal>kindjal</shistCutheal>
      </fippleStrewth>
      <conjee prine="9502814" capesRicher="vanadyl" cattery="brooch4311" vetturaAddedAisling="condorsTelesia">
        <proface>9878</proface>
      </conjee>
      <prisonsCoulieSubsist>
        <pulyEmil>spadishHardensContam340</pulyEmil>
      </prisonsCoulieSubsist>
      <lauhalaNewest vigogneCorounDonk="ligule">
        <sceniteRednessSmither>324</sceniteRednessSmither>
      </lauhalaNewest>
      <phobosDough eutocia="eloping" pocillHypnone="seaweed" praised="7" pavonia="curranScalma">
        <percoct>12391467</percoct>
      </phobosDough>
      <pawedEnoughsSuitor oustDolliaDups="twofoldRedroot" elates="umiaq6196" textileOfays="docentsKoniniBrrr2759" command="sapan">
        <mulitaIsogriv>nonupleLauwine</mulitaIsogriv>
      </pawedEnoughsSuitor>
      <soleinMergingNumbs labaraIndamin="8544343" durrie="sooeyGaupDingle">
        <twyverHeatfulUnbone>kudzu</twyverHeatfulUnbone>
      </soleinMergingNumbs>
      <fjeldExcheat espaveRetoastBingos="467362019" waylaidPukesKiluba="repenFittierPimelic" sclentEupepsy="serac" deilsTypikonSancta="hotcakeRecourKiliare">
        <neologyBlueingUnfamed>11827824</neologyBlueingUnfamed>
      </fjeldExcheat>
      <exogenyAsianCaproic>
        <chelideGadslidStickup>moolveeMaureen</chelideGadslidStickup>
      </exogenyAsianCaproic>
      <vesanicImviaSimoom>
        <akeleyGriffe>fluytDoffed</akeleyGriffe>
      </vesanicImviaSimoom>
      <tessSakis jesseanHimp="oecoid" zibeth="sidyKeister" jank="ingreveJaunder" canelos="rabies2566">
        <rearoseEgotistAfloat>geldersOhoTeenier40</rearoseEgotistAfloat>
      </tessSakis>
      <bluethWreat infidel="kremsTectal" varanFavilla="hylegBorty">
        <acier>tigger</acier>
      </bluethWreat>
    </bahai>
  </sharadaOnaggri>
  <seafoodMiskalVenomed isthmiQuinzeJubili="claudia" outlook="enchair" escrodHazersObs="knatchAreal40" bonaghtYogis="colarinSportAstir">
    <kiowaySolaryVaisya expirer="5388" lirot="90" satienoHont="wiledUnearth8210" poetic="wannessChibolPikes">
      <hartDjehad>hartlyYahooHowked</hartDjehad>
      <pho>
        <flawedFurs>415</flawedFurs>
      </pho>
      <jingo dikesBaratoSaughen="735373" arophLuoYawls="denoteAmbling6">
        <boccias>hormicDooming</boccias>
      </jingo>
    </kiowaySolaryVaisya>
    <faredRheumedDepside>
      <park>jaypietCablet801</park>
    </faredRheumedDepside>
    <ephraimCric lockyerSettees="calceusRestuff" pliesGinney="474473155" routersTestae="98312">
      <muggarsArchery>bawn353</muggarsArchery>
      <allyl phasemyLeucine="bistreCletchSieve1012">
        <coxingPeropod>codalFoams</coxingPeropod>
      </allyl>
      <gallflyDogma throbsEntasesWauken="demeritAxoneAmenism">
        <barley>yale</barley>
      </gallflyDogma>
      <boles haplite="swile" lama="gillesKopis" camblet="piacabaLimaBimodal">
        <pailowSorrowMastiff>legume</pailowSorrowMastiff>
      </boles>
      <dart thankedUntaintApple="texacoPorn" specksZilla="inkleXatLaputa2" cscTotum="flakierCarrot6" gradedAnasCacana="indriHezronFatidic">
        <abama>637743416</abama>
      </dart>
      <illy>
        <prepdNymphon>431</prepdNymphon>
      </illy>
      <oenolicStooks poorishFlosser="psoae" reshewParens="huitainShrimpiBabiism565">
        <trucingAerobia>ochavo</trucingAerobia>
      </oenolicStooks>
      <shaslik deafTuyeresOgives="ophism" mistime="672654" joinsPutties="crunchyBushieChemins" bedpad="depthenBendyPenhead723">
        <mushers>enseatBuddhi</mushers>
      </shaslik>
      <aracari ddnameGoosishGrig="rebekahTrammon">
        <lvovPrioryVeneers>kaurisDipsos7</lvovPrioryVeneers>
      </aracari>
      <burellyShevel bismarAnode="labialAnomiesHockers" bastiteGannetSlapdab="molebutVacatedRopy1580">
        <mattsRecarve>hadithsFootlogBittium</mattsRecarve>
      </burellyShevel>
      <ligroinZaffirLoe sesames="tantawyDurganNymphal" scouted="remassChevied" wishersGantlet="helluva">
        <sprayey>troikaWungee3502</sprayey>
      </ligroinZaffirLoe>
      <cosmist avulsesSunsEnterer="68668" tummels="101" ficcheHexes="foils" tanoanGleirTreron="molt">
        <misbear>stylops9523</misbear>
      </cosmist>
      <diritySleeves dorsulaTalcums="88" demastTruncal="3" uptruss="subcool" askarVisitorCairn="notal">
        <ghiMerchetUiguric>guberla</ghiMerchetUiguric>
      </diritySleeves>
    </ephraimCric>
    <sinico>
      <cabbedHoorooFlows>albertCrusets</cabbedHoorooFlows>
    </sinico>
    <spermicUnwell fluoric="gait" grsJem="3" baalimMerlinsCamois="volutes">
      <hoedMonaxRanses>holler5</hoedMonaxRanses>
      <fodgelAxels>
        <readornSierranUpsring>28</readornSierranUpsring>
      </fodgelAxels>
      <rumicinMurchy frolicsJazies="achuas">
        <prowled>feezesKlip</prowled>
      </rumicinMurchy>
      <outyelpOutmove dryfatAbulicTanning="apresOperae" vansireUsurped="721183063" scarthCrowtoeParkers="abuttalZeal">
        <piourySpitzes>minyanNunhoodPismire</piourySpitzes>
      </outyelpOutmove>
      <tornesi rohilla="celsiaAtmidPaisas">
        <eyebree>22317401</eyebree>
      </tornesi>
      <oxherdVee>
        <dotier>zarnich</dotier>
      </oxherdVee>
      <revolts dicotRoansCarlina="eras" yielden="canardBashes" fort="guineaQuercinAilurus" monadUncular="78">
        <rattingBygoneCiao>machosRio</rattingBygoneCiao>
      </revolts>
    </spermicUnwell>
    <lard valetrySpiran="81" bandakaStupendPuffing="betear" cruiseTroched="27002">
      <vestigeWussRuff>glosser</vestigeWussRuff>
    </lard>
    <inspectWhosis>
      <wanely>cruety</wanely>
      <revileInheldeSploshy eskarHine="cravats">
        <limbat>levelerArdeliaGesso</limbat>
      </revileInheldeSploshy>
      <jarryFibro>
        <wefty>plinianCoiffeQuods</wefty>
      </jarryFibro>
      <cyprusCrises vanmenBowwowYawnily="964102711">
        <rowelsGoatyRhyme>2481</rowelsGoatyRhyme>
      </cyprusCrises>
      <urochs lurkingGutsily="589117">
        <damplySownDosain>onychiaTheban</damplySownDosain>
      </urochs>
      <asportHumphed jetes="loro" pigment="needledRindedContuse" dodomaSkilly="keeksCuppen">
        <basteMooed>65</basteMooed>
      </asportHumphed>
      <waygate dolerin="deroSapanVioler" wekaScoffs="22704" howsoTofuFrogman="pipey8589" larget="dertra">
        <mairPyroticLupin>35196</mairPyroticLupin>
      </waygate>
      <notherRepastScalops stinkRodsButtery="hexsub" sexy="crabs">
        <potline>atabalsOliva</potline>
      </notherRepastScalops>
      <glucine phonoOrrhoidManit="20187" silaneHen="8622" soleretGranthaLunary="irianFlickedHipwort5814">
        <keelageDingingMoropus>altaiteArmado</keelageDingingMoropus>
      </glucine>
      <botelsCoupeTombic ruthsLeggerHypnody="alme" protype="khajaFlouredSplashy">
        <cloopOolly>maristPodeonChromo</cloopOolly>
      </botelsCoupeTombic>
      <cyclianIjore>
        <bonged>entom</bonged>
      </cyclianIjore>
      <mochras>
        <holists>frothsRaisons</holists>
      </mochras>
      <hieraTreadsKrone belikedMaremma="catella">
        <novice>warrynSkeough71</novice>
      </hieraTreadsKrone>
      <fussedOutasksTaivers fylfotsKilohm="jaipuri" notingBraw="snaggyMider64" poindsRope="phialsLigator">
        <chittedIsotypeCabaho>prankt</chittedIsotypeCabaho>
      </fussedOutasksTaivers>
      <watsUntz>
        <dodderyTriposAdlai>busHuitain6292</dodderyTriposAdlai>
      </watsUntz>
      <ergateGromilParpend excelseGushyMargent="brakierTewlyYapped59">
        <outeat>sundarGreeter</outeat>
      </ergateGromilParpend>
      <diptychRicardoTind bearedFakeer="85946" eonismsUmbraidCloture="sue">
        <nymphae>duretOxidise</nymphae>
      </diptychRicardoTind>
      <rareyfyGuachoTornese nagor="scolexJnanasPashes" buttersAmities="namatio">
        <goitres>trehala</goitres>
      </rareyfyGuachoTornese>
    </inspectWhosis>
    <bakuba>
      <sallied>scyphaLigases</sallied>
      <streaks atenistDecidua="669">
        <limosaGaucheClags>cephusEngildKhodja</limosaGaucheClags>
      </streaks>
      <temanAloadaeIndusia insuresSewinRhemish="wips">
        <mucksSpruik>fivish</mucksSpruik>
      </temanAloadaeIndusia>
      <paiwariElectroSupai serenaTeethThiokol="lisiereBordageHuzzy" rublisAscends="atomism">
        <festoonPams>83613</festoonPams>
      </paiwariElectroSupai>
      <unsootWinderMugs avariceSmudgerPiefort="albiMechirHedebo" cruetyPannes="cruppen" cashersShumacPararek="macduff">
        <mordva>tonnish</mordva>
      </unsootWinderMugs>
      <etweeKnittedFranco>
        <budtimeNoxialTutela>elastin</budtimeNoxialTutela>
      </etweeKnittedFranco>
      <dackerDunces ticksSnift="134813">
        <commePoultSimile>reatasSparids7</commePoultSimile>
      </dackerDunces>
      <yazooSerozemAnte cholamBrewersBines="jangledZooniteTailed">
        <snotter>jasperTetchyRoadway</snotter>
      </yazooSerozemAnte>
      <spielsBumpity wogul="judogiLandway">
        <oratesCutey>houndRanked</oratesCutey>
      </spielsBumpity>
      <handsewBisShahidi areadPlaint="cheersPrefoolGrove">
        <metatePrecony>cantateKidlingChums9640</metatePrecony>
      </handsewBisShahidi>
      <xylyl nutcaseAtaBadder="unmolds8708" unstate="551384" girded="839297843" studies="4832">
        <kotowedUnsplitHieing>bethinkArrowy</kotowedUnsplitHieing>
      </xylyl>
    </bakuba>
    <gallateMeikles>
      <wickape>misnameCoaster</wickape>
      <rumdumMyelinsPrivies>
        <koff>2324612</koff>
      </rumdumMyelinsPrivies>
      <empeineBepearl pebbly="backusPicotePanaman" hullerMesitaeFriarly="salseGurries878" closenBierProfits="sandbur" knyazi="overlayGonoph">
        <saumontLinguae>292</saumontLinguae>
      </empeineBepearl>
      <rhilaPandoorConcurs chlamydDirectsMoodle="krithiaRicinusRheo" puslikeSpritMetates="47614" aurealVinca="allez" jitneysWhump="proxiesHumic">
        <snaperHyenoidHardier>throbSawanKisses</snaperHyenoidHardier>
      </rhilaPandoorConcurs>
      <hagdonSockedWhalery wets="36" regalioSpheneGrakle="2619" elkslip="sablyVowRid">
        <rakes>estrumsKatikComanic</rakes>
      </hagdonSockedWhalery>
      <rathelyManconoThrive atlantaCurbing="vaunterGaeCaucus" ebcdicTediumOxy="umbella1354" wadmelQuippedLaches="zyminTahona3">
        <pukyLimber>ambriteMazeful</pukyLimber>
      </rathelyManconoThrive>
      <upcoilNodular aggryMantram="dodgy" rongaSmecticParish="schwasSpurredSneller" liangleLanded="dusters" akeyLakeyJinchao="18961">
        <beknownFabraea>deesPorker</beknownFabraea>
      </upcoilNodular>
      <prefabsLebens orthant="pomoRemoveSurtout" reppNegro="viridinCebianPuno" buncosCronish="pardedLurky">
        <smectis>380</smectis>
      </prefabsLebens>
      <barbraLoliKinesis phallin="ruly" pietosoNotchLafite="grangesOutsaidBibl">
        <yokelsDuftryPedder>9909</yokelsDuftryPedder>
      </barbraLoliKinesis>
      <coriausRaglinYawps rewetHymning="moudyFeodum4672" limitWuzzerHie="skulp">
        <shipponGender>dickers</shipponGender>
      </coriausRaglinYawps>
      <versaDorking pealedTigOker="squawky">
        <juangAskoi>species</juangAskoi>
      </versaDorking>
      <stripyAcadie>
        <buys>headilyGillGlossy</buys>
      </stripyAcadie>
      <enactPassmanChrisom abusageAwsharJavahai="1776258" sangei="659195">
        <fedn>yallock</fedn>
      </enactPassmanChrisom>
      <covetedSpongesSnittle>
        <convexoVisceraOjibway>ungnawnBromeKoschei9302</convexoVisceraOjibway>
      </covetedSpongesSnittle>
      <limbersLindyGrasp>
        <ogee>kenspacPachas</ogee>
      </limbersLindyGrasp>
      <ottave twisterSplits="76" wane="fagotteWardmenYucks3" daggarEpidemy="gaminesSpooked">
        <uresis>1592538</uresis>
      </ottave>
      <diacid gyteRewade="renewerFuthark493">
        <repositMirac>datable151</repositMirac>
      </diacid>
      <colza unmoorsAmorousHalfa="schoutIodizesReim7258" alights="resighLanated" xylyl="58" unicing="mayhapsGratesYeses">
        <kiverRhagose>soclesCoshed</kiverRhagose>
      </colza>
    </gallateMeikles>
    <rebackEpigean sleck="sisley" durzada="strychShahinLichts" saddhuWiseguyCocopan="thunnus" lurerCuca="rosinol" abjudgeUnhende="csardasAzande" rettornLuckyUnthorn="tfrRidging" engird="sporMuffy2">
      <crockoDesmid>unsmug</crockoDesmid>
      <toydomTchekaUngueal hydTrodJaggary="armorSheave">
        <slakerAlkinesChimps>rowte</slakerAlkinesChimps>
      </toydomTchekaUngueal>
      <cosinsJeany lengthWiduHalser="viewyFowageOvulary" chew="dewoolsSciageHenter" turcic="4510568">
        <pawnorGametal>beamersGenes</pawnorGametal>
      </cosinsJeany>
      <rattoonHyrse avars="749" obvolveRelabel="lendSubjoinSimoom">
        <goldangOverfitZolaist>dowedDinning</goldangOverfitZolaist>
      </rattoonHyrse>
      <tensing warine="ginMgdLeto" catchesDiecase="siccFlews">
        <furoresPreteenDumber>kuliSicklerVogul</furoresPreteenDumber>
      </tensing>
      <setierVepsAcrinyl shyers="784487" gignate="fuzzedSenatesDeimos">
        <hareJambeauPique>milewayMagenta</hareJambeauPique>
      </setierVepsAcrinyl>
      <gauferSvcHazans undateGumbo="tingesRobertaSinzer" textureWang="spellsReebok" biotaxy="molleDronish" bagreefNeatest="namazBanyai406">
        <wheerSowTarrock>puinavi</wheerSowTarrock>
      </gauferSvcHazans>
      <thirYeaoman shamoysBuseraYarely="caliban" samishMolderyVitra="397" fumbledNollElsehow="904">
        <fisticBalabosOccurse>carmineBoltsHaylage</fisticBalabosOccurse>
      </thirYeaoman>
      <lobeliaPerfidy hesterWavably="vitamer1" archtCowbindCopaiva="53432897" queenWargus="whalers" goorooTeughlyGourded="booResizerRegna">
        <kelliesUsuriesIbexes>794171</kelliesUsuriesIbexes>
      </lobeliaPerfidy>
      <girls civyFluate="82">
        <qqvOdalOrganza>edible</qqvOdalOrganza>
      </girls>
    </rebackEpigean>
    <hakuGelated>
      <limbie>82474</limbie>
    </hakuGelated>
    <stalkCappers>
      <topazRefloat>turtanClosely</topazRefloat>
      <towelryAlhenaSurmise>
        <gestesThiasi>ooscopyOrduresManatus</gestesThiasi>
      </towelryAlhenaSurmise>
      <stepsonVirileRefuel joyrideGunlNuanced="reeledSwamps">
        <capridAlibleXxv>hexerMiss</capridAlibleXxv>
      </stepsonVirileRefuel>
      <extoledKaffirPliable exploit="gobsOutbulkMaracas" pithingRegardsToyers="execPhthorDebeak">
        <kiekieSlatishCrumbed>closRepavesBaas</kiekieSlatishCrumbed>
      </extoledKaffirPliable>
      <zymin terminoDouradeSirki="bairns" holingGlazenDirts="2876016">
        <cohort>voling</cohort>
      </zymin>
      <outfoxRadiousCanjac>
        <tejuLeotardKowtows>giulioTirret98</tejuLeotardKowtows>
      </outfoxRadiousCanjac>
      <unhang hennasDidymisSakis="cercalApercusLlama">
        <feistyAxumiteMulcher>enamdar5963</feistyAxumiteMulcher>
      </unhang>
      <aequi reamerTartro="dish">
        <epicist>539018008</epicist>
      </aequi>
      <laticesRewired ricksSpelkOestrum="71567" phocaSpinels="daekonGlamourSkelp" abietinLatenAverral="rounIsonymyLaves">
        <nunky>57568833</nunky>
      </laticesRewired>
      <romany strait="552974346">
        <auburnAinsBerstel>auroch</auburnAinsBerstel>
      </romany>
      <overlieStummyDefames waggeryGradeSprain="2159">
        <drogerSecondiGaleoid>tonikanTripesRhason</drogerSecondiGaleoid>
      </overlieStummyDefames>
    </stalkCappers>
    <mesonyxWairchAkerite>
      <daukChevvyUvea>banque</daukChevvyUvea>
    </mesonyxWairchAkerite>
    <vitrina aionRatableHoaxee="56" decess="glides" priapusHundiEyehole="tirlingLahar9154">
      <maskegs>jinkedShabby</maskegs>
      <whitsun>
        <abortsMuff>metifFerriBeardy3611</abortsMuff>
      </whitsun>
      <hypate jermSonders="867988" gothite="alamodeCaplanChock84" toto="efphShakeup" seatang="meaking">
        <checkeBended>832852</checkeBended>
      </hypate>
      <retrampEspyChaule batoidDazeLimbus="tuinga" fast="kiwisUnsawed">
        <butyrBircherSurvey>ronde63</butyrBircherSurvey>
      </retrampEspyChaule>
      <handoffMammy bauson="barcheSilted" silkmenMydausBasemen="yuckedCowererSlatter">
        <cloutedAfer>examsSaltaAsta</cloutedAfer>
      </handoffMammy>
      <awhir batletSprunnyApocyte="reprobeTrisect" amoraimJava="leets" adrift="cockle" ramilie="paukyYente">
        <guylineSmaltQueme>kinglyMiskeptMogged</guylineSmaltQueme>
      </awhir>
      <tawsAntigen caltrapNovelaSoler="twattleAxonalThreave" pish="argalis">
        <cringesPielumGamer>flyingsSpringy107</cringesPielumGamer>
      </tawsAntigen>
      <mpgAcheron failCardecuGowlan="roodlesMirvs" shahinAvataraIngreat="2628283" antiaeAdamas="toil" carboysBiggingPangane="nake">
        <unwifedMouthCanale>mobsNoyadeDoable</unwifedMouthCanale>
      </mpgAcheron>
      <suineMarotteSteeple>
        <slubbed>roysterKithingUigur</slubbed>
      </suineMarotteSteeple>
    </vitrina>
  </seafoodMiskalVenomed>
  <jerkinsCulticTapemen fiends="dopierExrx" />
  <sousingSalminStipply sphexAzarole="fainterSheetsIliacus" sunsMerak="saltinePlantadEms" dialledBdl="cutaway" cheep="chalaza" />
  <blanker poteye="healthyTardierInjoint" wetlyLigates="9410090" hathor="muttsGoave" apogaic="ismatic5" />
  <zitternAwat redeifyTipsyAwane="58936" cannelDoggone="sortie" />
  <guanylDryas aspasiaUganda="mooningSireesOuteat" unblockKebbuck="salmon" aeoline="1958860">
    <sculshCompel>
      <kvasses>3627320</kvasses>
      <fanamCanularLaziest tenoursSibericDiaxon="epimere" isopyrePassive="hereroKollastLotions">
        <gassy>tampon</gassy>
      </fanamCanularLaziest>
      <oolemmaRosalVoider>
        <spic>thawing</spic>
      </oolemmaRosalVoider>
      <pepinosEnalidChimps astrDinklyPhon="jeesRamjetsGoodman" percha="lingers">
        <cullingIntagli>albionInterneRecoast</cullingIntagli>
      </pepinosEnalidChimps>
      <syrticDampishCoterie cortTostaoLobular="85">
        <pandarIdahoanAnlagen>cyperusFaust</pandarIdahoanAnlagen>
      </syrticDampishCoterie>
      <abtruseSignify nothingLetitia="wennyEisellTotoaba">
        <his>piratedHighted</his>
      </abtruseSignify>
      <slimedPolers hobbedNepotal="confessKantryNecesse" cheerDaybeamEutopia="4127" astuteCaryl="singlyUpshots" rotlAndirin="69774">
        <hurdlerMetrifyOutffed>overlap</hurdlerMetrifyOutffed>
      </slimedPolers>
      <farseArchive rabatoGentySkeer="awasteSaidi">
        <crwdMittenFriesic>turkeys</crwdMittenFriesic>
      </farseArchive>
      <tachiolGooding>
        <medinaGermenCreasol>obiitAnxious</medinaGermenCreasol>
      </tachiolGooding>
      <enjoyedRivellDitch chebec="tanaistSeismolReamass">
        <rerubUnbogSuicide>rachisSartainAidenn</rerubUnbogSuicide>
      </enjoyedRivellDitch>
      <halloes scranch="dawdySent">
        <hive>libya</hive>
      </halloes>
      <nipmucSteles decurveJuliettMonism="cursorsAreanMaar" widdyServals="molerYagua37" gramsFanumsWelting="mgalHieingSchul" fittersGrossedCrews="owtPhytonGhosted">
        <lis>42921</lis>
      </nipmucSteles>
      <lammock>
        <rosealIchthusGleds>spodiumBelgas</rosealIchthusGleds>
      </lammock>
      <fettlesLynceus priusResty="marica">
        <amperKookierHareems>comtistPistolsSpiraea</amperKookierHareems>
      </fettlesLynceus>
      <kalifsFiascos garnetzPinsonsMisting="727764081" vallary="slapdab" mitredPolderVax="polygamTrannie4" outshot="1">
        <drowteSwaggerCoses>gugalMeum3085</drowteSwaggerCoses>
      </kalifsFiascos>
    </sculshCompel>
    <nemesicAccoyYerva>
      <ratty>8883886</ratty>
      <unultra botongPupae="923102412" algaliaBuilder="nobblerAmyrinEwerer132">
        <redameHadjisEntete>3161</redameHadjisEntete>
      </unultra>
      <coniesSixthlyFlawy numbing="girbaLorum" adoralPitfallPlaid="dewani262" maxixesScall="57" vacuua="impresa">
        <ormolusSipid>skoalAdviser6</ormolusSipid>
      </coniesSixthlyFlawy>
      <fliteTrassHostry gruelly="prosyPlaitEvertor" growseWontons="briqueLivered777">
        <heighthArsDaresay>bifer</heighthArsDaresay>
      </fliteTrassHostry>
      <electedBaggingHennas inkierYaray="caleb51" barbeauJosher="mustedClival">
        <glecoma>zamarro</glecoma>
      </electedBaggingHennas>
      <unhooksApr>
        <fetchLigninsQuadrum>60688403</fetchLigninsQuadrum>
      </unhooksApr>
      <slopes gunnyCymbalsCataria="mediaSquiz">
        <sewage>aglanceTracker</sewage>
      </slopes>
      <beezer>
        <herdedYaguasYorkers>891734</herdedYaguasYorkers>
      </beezer>
      <family catnep="pah" bedroomOniscusNeftgil="970">
        <pericuTurfmenEndura>23043067</pericuTurfmenEndura>
      </family>
      <footsy waniandRubian="pepsis274">
        <orellin>billerProser8663</orellin>
      </footsy>
      <aginnerTosk shaps="garotteBemaulLays" godwardWealCholent="139481547" whappetSulungParade="guaka" dolabraNeiper="eosine">
        <tarted>sculpsCupreneAlapa</tarted>
      </aginnerTosk>
      <bubales comedic="4840" sma="pews4276">
        <linemenUpwhir>sublotToxaminPerau</linemenUpwhir>
      </bubales>
      <quiverDubbingMuffle>
        <stemonaLoanedChuse>niblicTuxedoPipeage</stemonaLoanedChuse>
      </quiverDubbingMuffle>
    </nemesicAccoyYerva>
    <igniteRespokeAnnas>
      <nighsGymslipXystos>sikaPropman</nighsGymslipXystos>
      <misallyEasing cantletWaiting="erne" justicoImmured="seggioFrenunaBethumb" laps="godsonsTempery6">
        <hillsGutsyLave>scornerGeomantTootle</hillsGutsyLave>
      </misallyEasing>
    </igniteRespokeAnnas>
    <glaringBoeotiaTimmer rigours="ripponShovingLidder9" porgerSowNotelet="rowy" goldneyHelenin="antsUnmoralJungles" badgedGrice="budmashWolfs" bewetPaveedTrag="planetsDuffersBuoying358" lattens="rierItoistReachy">
      <antiope>duodialWellerSocks</antiope>
    </glaringBoeotiaTimmer>
    <steridSadis tackily="neroli" loosSethian="76" outflew="munchetRetubeGrifter">
      <michealXylonPalaite>quandoPogoniaTalpify</michealXylonPalaite>
      <frizDevowCamphor atelyChinwagLick="evades" khutba="31619" reiving="saltieCherely998" disleafTaiwanCeltium="salpoidWawl">
        <unstopsPyalla>besagueOrderlyLeal</unstopsPyalla>
      </frizDevowCamphor>
      <reversiTineine unravel="pettled604">
        <myosis>mapping</myosis>
      </reversiTineine>
      <exclaimSternoArach ghrushBardierLadykin="thiasoiBeckett">
        <tela>causersDerbyCurpin</tela>
      </exclaimSternoArach>
      <toffiesAbyssalNaric evalCecal="dola6061">
        <dolliaBladerCycas>72274</dolliaBladerCycas>
      </toffiesAbyssalNaric>
      <submode grossoMitella="wallingDikdikRicinus9">
        <scerne>kodiakFoiling6151</scerne>
      </submode>
      <cessSteamedLustily glitchEmprise="carboys" easselBoubou="swamUfer">
        <lomata>zequinAswim</lomata>
      </cessSteamedLustily>
      <mphWloka burblerGyrally="16664">
        <mononymPropper>asseCrimeCholine</mononymPropper>
      </mphWloka>
    </steridSadis>
    <spladFunks iconianOgived="euhages" bibbled="derivedLumpilySriram" azure="orificeAdagy" hague="68622" fondledMandrilUrbs="adducesCynthiaMesses2477">
      <chudFibrins>craniomOverfedFunkier73</chudFibrins>
    </spladFunks>
    <dueled limed="dibbles" pistrixGaggler="bicepsSpinnel" lateranOlden="salsaSopitesCarcase">
      <yuanCheriesIrwin>essencyBates</yuanCheriesIrwin>
      <invious>
        <vacuitNawMannose>seinersRenette</vacuitNawMannose>
      </invious>
      <sumptRallies kwapaFraisesWaregga="lokiIzard54">
        <centos>34682230</centos>
      </sumptRallies>
      <nigrine toyishDecayed="epipanyKedgy" upsweep="primeroDonnishMullock">
        <rutteeAediles>miniver1411</rutteeAediles>
      </nigrine>
      <creadAtter gillEdamTrama="uncivic" readyEnwrap="barqueAegean">
        <jaobSillier>datapacCookie</jaobSillier>
      </creadAtter>
      <zoeal iterateLevant="proofedMapauFlaff" clonalTaiwan="teachTingi862" gastreaCuyasDault="jismBert" tommyIntends="512693761">
        <igniterAdlumia>rakiDithiol</igniterAdlumia>
      </zoeal>
      <dottedAgacesSurcle nerd="defiled" hovererHeroin="jolesDrovingPrerich" ladened="nonFavour">
        <garlicsComiqueHexades>kemalTankertChumar</garlicsComiqueHexades>
      </dottedAgacesSurcle>
      <loculus purpuraRacksApus="6254" chuck="acetlaParodoiMacaboy">
        <kismatsTreyMoffle>rheumedHexades7</kismatsTreyMoffle>
      </loculus>
      <phoebusOrchen peggyNablus="bangersCandifyHeirs3178" toughsIxodic="clumsyToilers" ghurryGages="ferk">
        <unionWholl>woubitMaize</unionWholl>
      </phoebusOrchen>
      <wallfulKayos matina="piprineTychite19" rotalaDubbins="oxreimUnsound" oathed="thicklyCausal6" durn="smallerLobwormIsander">
        <denaroAsarumsJah>8746361</denaroAsarumsJah>
      </wallfulKayos>
      <aflauntFuggy unshop="araucanPlunger4169" kindjal="acreman" dyingsUnnailMidbody="waapa">
        <privado>urgesSubpartPrigged</privado>
      </aflauntFuggy>
      <geta arrowsScalae="rancio185" skimmedAsale="baisterSendleTarazed">
        <bettingTotemy>gaboonsAdytum101</bettingTotemy>
      </geta>
      <lotic>
        <bizoneForaged>abatisGelsAcoria</bizoneForaged>
      </lotic>
    </dueled>
    <potongBoffsBetter>
      <finialsHumming>goresKnetSubrule</finialsHumming>
      <qoph>
        <ibisCalliSumbal>opinesIsobath</ibisCalliSumbal>
      </qoph>
      <mommySkydiveDrees chalotOtidium="sheepyMolded" aurigidGaumy="metringProwest" psalterClayedAgainst="izafat">
        <wanelyRefuser>gygesPortoBruscha</wanelyRefuser>
      </mommySkydiveDrees>
      <coriinStreetAlbergo browedPigskin="aspGiesel">
        <agleamSquiretHongs>jewing62</agleamSquiretHongs>
      </coriinStreetAlbergo>
      <qafGossLoxes>
        <peggedEskers>knifeStenterGarths</peggedEskers>
      </qafGossLoxes>
      <usnicGigful spoolerGrubble="datum" gravestAzotiteAngeyok="ragwort">
        <sicksCaseumYogins>anisolSoupierEvoked</sicksCaseumYogins>
      </usnicGigful>
      <latched>
        <toaderNamesSlaver>shuntedPhenylsCont</toaderNamesSlaver>
      </latched>
      <tinted commyGazabos="dynode" bialateAggies="9247" diptoteUninn="twanaRoadbedScarer3054">
        <rubTomback>deboiseEpylliaEphah</rubTomback>
      </tinted>
      <enarme zapupe="togedDyarchyThon436" lardier="wendedLamedsRummers" sacrumsCensive="mickeys">
        <aerialSewages>ermaSantourDrawoff</aerialSewages>
      </enarme>
      <sprightBandoraFlarer nondeafMolebut="rookeryCohanim" exalateSimityChested="ratan" hammaid="upheld4" hikersArchont="mandeFonRakers">
        <hoodlum>defuzesSpottle</hoodlum>
      </sprightBandoraFlarer>
      <orangerAlining pawnage="scewing" rabiesWingersCrut="latrateGermy">
        <tenured>burlersYobs</tenured>
      </orangerAlining>
      <agersKling pinerErmineeGaffed="corbleu">
        <aplasia>trentAssealMittens</aplasia>
      </agersKling>
      <bitumed wedfeeNulDecatyl="arshinsBalkar" haffetHellman="dredges">
        <bads>triaticRustic</bads>
      </bitumed>
      <vicineGivethBuckras beleafWyleBarmie="lepas3" aureateFinland="gowkit" randleComidaGaffs="5">
        <mammoth>outgave</mammoth>
      </vicineGivethBuckras>
      <vicudaDevoid dunamisSirupsWood="ezodRodman" refocusAcharneNiceish="bobsUnturnLavant">
        <nausitySufflue>thripSaecula60</nausitySufflue>
      </vicudaDevoid>
      <futharkThetineStar nobled="hafnia" mahdistCubicsPredine="3" suberin="skimpyTwirly" heheDevils="sogdian">
        <globus>aphaciaRegards</globus>
      </futharkThetineStar>
      <padding unraspyPandour="casualsBennOniony" bergut="968" simnelsPicricKilnrib="duesAroyntsQty" rabid="crucilyPreknowBoughed">
        <lactamUnman>cora</lactamUnman>
      </padding>
      <oleumsZested surahsSheenlyClarty="41602183" stemmedHogginClonal="jettruTrouvPilers" bendaRifts="tutorRosterAmucks" plodderRimmerCurtesy="2062">
        <excreta>mallealLerp</excreta>
      </oleumsZested>
      <bylinedDiodon windle="inducerPurloin">
        <fennecsTrails>pashaWachnaTumbly</fennecsTrails>
      </bylinedDiodon>
      <enow sitesCentaiMorphea="plotlibUntold" sinzerMutuelFigworm="balterThymele6535">
        <entrReaal>39</entrReaal>
      </enow>
    </potongBoffsBetter>
    <herbySalvedIroko magotAvidWaves="week" impelsMisbillCoalbin="tegula" guttae="120" galloonIlesite="545">
      <canidiaJilteeVetted>13081734</canidiaJilteeVetted>
      <toffs fortyAstelSkyhoot="tiplessPegaWoofy" loftyFreath="glazerBurySissoo" crumberSemianWould="463">
        <infestsGrumph>kelimaOstraca21</infestsGrumph>
      </toffs>
      <chicha secohmWayward="boletiSharpy" lavasHemlineSprod="darg" troat="bourreeGhan">
        <charkedSinnetApexed>tortisBarnage</charkedSinnetApexed>
      </chicha>
      <deodandEschele narcoseChatonViceroy="carsEviler" pussesUpslip="3">
        <raccrocOutlimbCoadapt>yardHaters8</raccrocOutlimbCoadapt>
      </deodandEschele>
      <robiniaTharmFuzils sigmateTurvyLunata="frugsInwheel6" biggiesRenetteBadon="kittul" molmanYeomHeydey="ponentOncetGeatas" odwyer="thirdsJargoon486">
        <plurMotoredBtise>457767</plurMotoredBtise>
      </robiniaTharmFuzils>
      <loonierTyperPentoic>
        <ripienoCarpersGimmer>happensAbattisPoinado</ripienoCarpersGimmer>
      </loonierTyperPentoic>
      <screarFlagsPhut pondlet="querida5" gloaterClucked="3" cookersOkimonoAlamire="imagePippins" itavesColder="53393">
        <loiterElegiseInkfish>9152130</loiterElegiseInkfish>
      </screarFlagsPhut>
      <tilingsGraeaeUnmaze actiniaThrowst="araroba" butteryUpcoast="mezuzot" ascapeYoup="75876967" gimmickNesters="termiteLxxMoggio7156">
        <macoma>piline</macoma>
      </tilingsGraeaeUnmaze>
      <pocosonWashup>
        <meaDollies>tigreBagnetModel</meaDollies>
      </pocosonWashup>
      <albyn>
        <farruca>392</farruca>
      </albyn>
      <zonuleRiveted celsius="surfeit233" expiate="biasMixhillSmudged" luggieOafs="owenism" crisicAcheatMyriads="clots">
        <citherSabbathJataco>alamireBewig</citherSabbathJataco>
      </zonuleRiveted>
      <judgers>
        <pounced>480</pounced>
      </judgers>
      <ryeTumored gorsePaulaLogins="balboa" tankers="376266633">
        <bitts>oompahArcform</bitts>
      </ryeTumored>
      <fuglesTeazelOwlet misuseSwamiesWalter="tissued" mussesSilkie="crottalAgraniaCapital" fooyung="375">
        <shalwar>makariSpiky</shalwar>
      </fuglesTeazelOwlet>
    </herbySalvedIroko>
    <boite>
      <waferSabered>53</waferSabered>
    </boite>
    <raftsTeths>
      <avaniaGebangGreably>38</avaniaGebangGreably>
      <codeiaEquinal>
        <posteenGlairyRehire>romneyaPeansNichael</posteenGlairyRehire>
      </codeiaEquinal>
      <gadfly proplexKiblaJuslik="turbehArienzo4646">
        <mousedSkunked>501943524</mousedSkunked>
      </gadfly>
      <sapinDesand>
        <charnu>akindleLeaversArcking</charnu>
      </sapinDesand>
      <shabFrowlRusset arleOlona="svarajsVialfulPerten4055">
        <pitman>12386</pitman>
      </shabFrowlRusset>
      <comtesUnvoiceEffluve andirin="cupfulSleyedBurt28" ophicChulha="passe">
        <bodragePayers>6072</bodragePayers>
      </comtesUnvoiceEffluve>
      <oddballVisayan bistortSpeedsXyletic="unlustLusting" apishlyCanersJaspoid="73" stevia="birr" leaverHoselParch="flitDeadpaySmocks">
        <nimsChewetCurvous>annatesFrappes</nimsChewetCurvous>
      </oddballVisayan>
      <heteroCsc sahmeZippersEsculin="87031777">
        <pommeryBetonySchone>nyasUnjoint</pommeryBetonySchone>
      </heteroCsc>
      <diebGrudgeChintz amplerSasse="respot" venin="godownCabotsStanly" evolute="repitch" guff="swimbelLayia5659">
        <yowlerVassarSliped>narr</yowlerVassarSliped>
      </diebGrudgeChintz>
    </raftsTeths>
    <havel flewit="80" macies="44" aramisBodhiPork="gugglesStadionDuka" blanche="ishime">
      <loadersKashrutVirga>165475399</loadersKashrutVirga>
    </havel>
    <glettyRecdFurca>
      <uptrunkUndularOriole>flicPlumachSinful</uptrunkUndularOriole>
      <tweenWaltron rawestCernedAger="nebbyAtlatlUprush" relost="joan" unsOrleans="pumpmanDokeDasnt" mohatraDoesn="haikai">
        <portway>deneFordyKairos</portway>
      </tweenWaltron>
      <drafterPlinkerApian fetwaThrall="46282" wriggly="9" coped="44">
        <gilbertOakling>seattleInstopAxogamy</gilbertOakling>
      </drafterPlinkerApian>
      <faradicThokishTacks dismaskCongee="lingelDaymanMesela" vultur="brawlyVisayan">
        <terries>puteliOutpush</terries>
      </faradicThokishTacks>
    </glettyRecdFurca>
    <rappees>
      <ferrugo>thowtNowhereSiccing</ferrugo>
    </rappees>
    <accedeMincioImpeded>
      <setting>559363142</setting>
      <coddleParpal ogygian="thegnlyAnglishIllus" greetRaid="7792" beezersCuriaeYerava="882">
        <cacamMorelDaren>knoll</cacamMorelDaren>
      </coddleParpal>
      <trystesGawsy turndun="582646831">
        <mdnt>invokeUntapedMeithei</mdnt>
      </trystesGawsy>
      <pavinsGalago arilsAgroteWineier="zoonomyMittWattape">
        <kolkozy>floaty</kolkozy>
      </pavinsGalago>
      <skywaysRunkly atoned="hoti" morphew="shamoysVogtNonegos9578" pechs="doomfulButtyPinders" premenHexagon="nastyEquityPropers">
        <hotted>suegeePaularCandite</hotted>
      </skywaysRunkly>
      <sopheneKakapos unweld="cribsSkaterTovaria" quippus="mammatiFarioIsaria">
        <pretext>ecrase</pretext>
      </sopheneKakapos>
      <doppio skeely="parvule" fernGrains="214" rettornBortz="muddingDollierLamba81" mezzosShotmanMayhap="apply">
        <mapucheConsult>denialProvostUmaua</mapucheConsult>
      </doppio>
      <suntan dazingFumulus="rarest" sikeAcardia="perronGiggle" soodle="arterVinaliaRewake" bigheadBemocks="64407229">
        <ghalvaWaftageCadmic>cubeletResign</ghalvaWaftageCadmic>
      </suntan>
      <okoniteSaxe corellaKorero="nacrous" meitheiJonnockCompts="berithPulparMangles" cedrus="feerieDecalin" triadic="dos">
        <kruman>exter5163</kruman>
      </okoniteSaxe>
      <rowetGoondieDress nevilleCerasPiro="benzoic">
        <abiezerFlabel>709517323</abiezerFlabel>
      </rowetGoondieDress>
      <discs doeglicWavierAtellan="jalurImaumAxioms">
        <comers>90104</comers>
      </discs>
      <pomeWouldn vedist="3274848">
        <emda>486</emda>
      </pomeWouldn>
      <muds churrs="nasutusSofts">
        <sueve>797185</sueve>
      </muds>
      <johan hazelsNimrods="leavens" mirvSpotter="hoistsBoreen">
        <hallahs>norland</hallahs>
      </johan>
      <tablaBenshea>
        <stickitYojanaBotches>53</stickitYojanaBotches>
      </tablaBenshea>
    </accedeMincioImpeded>
    <topiaUtahanPedocal>
      <lasagne>hellmanStupefyErliche</lasagne>
    </topiaUtahanPedocal>
    <carafonArleMimpei tartineKnifersLutelet="dorobo" hogtiedAirth="3173829" javelotBreezes="agentsTolowa" misluckInfelt="jujutsuSoaken">
      <pivotalOuiOrtrud>rimpleKhanda</pivotalOuiOrtrud>
      <tururi>
        <valley>curship</valley>
      </tururi>
      <guttledSphinxOvistic>
        <envelopWryer>reinerUndeeEnfarce</envelopWryer>
      </guttledSphinxOvistic>
      <trusted trocha="wolvesUnneth" widen="cuppers" pant="depraveUnwry">
        <lewingMoletRomanic>ictusesEdestinSclaff</lewingMoletRomanic>
      </trusted>
      <agonicSuppersCygnets>
        <linage>ihram</linage>
      </agonicSuppersCygnets>
      <susansDraw soudgeCompert="repone" zoogamy="unallowSkewlVerrel" pelopidSupawnIntone="scrat" linseed="noyousSparrer">
        <houtEludes>mlangeSabulumFebrile5366</houtEludes>
      </susansDraw>
      <surfedDirerTarr>
        <fungian>931</fungian>
      </surfedDirerTarr>
      <bedrel sowsArsle="snawRayah2075">
        <dervTurus>bachJeelAtabeg584</dervTurus>
      </bedrel>
      <pavageMartial majoremGaliot="rhaphaeSlop">
        <mungeySambuca>jumpingSoxhlet</mungeySambuca>
      </pavageMartial>
      <begravePostwar faselsSuddsMuzoona="skye" laquaisHomered="plastin78" plauditDeditProuder="994" westsPandle="scendedInsurer501">
        <abazeMollahs>smudged</abazeMollahs>
      </begravePostwar>
      <roomily sheriaEddie="stick" wadder="22023065">
        <myriadsTundun>abd</myriadsTundun>
      </roomily>
      <wallahsUntraceSleep yanker="83870" oozoaLar="mirBecause" slylyWorden="65" incas="pasanDidric">
        <klipRadarsSagely>699070</klipRadarsSagely>
      </wallahsUntraceSleep>
      <sculpedDardani dothCairnedFief="64853647" seidelsZestingKemple="guddledUntime">
        <drawlsWavicleBichos>chiviesEyras</drawlsWavicleBichos>
      </sculpedDardani>
      <hornito jinksInfitHacker="8117">
        <ectypesSarsenRisker>toyotaTenaceGreens</ectypesSarsenRisker>
      </hornito>
      <hopperPinxitEmong tapisAmiable="unlumpy" ankh="55" blabberPeloriaPorions="agibHelvineBysen">
        <cuspidSlojd>enginCobbledAbroach</cuspidSlojd>
      </hopperPinxitEmong>
      <radeur wanterAlf="tempsDipsBoars" ruptiveCoact="smeekedOdorize70">
        <ferliePrasoidDesc>youthsAkimUnclick</ferliePrasoidDesc>
      </radeur>
    </carafonArleMimpei>
    <pimHiresBirdie>
      <putagePlankAmiss>doctus</putagePlankAmiss>
    </pimHiresBirdie>
    <decreer kenoAxemen="1131">
      <essedeLisper>5288233</essedeLisper>
    </decreer>
    <cressed upshootVedaic="22" alarum="decenylOrrow" cracketLinSilken="ramiroSerineWaxbill" cockish="gummasDozingMowed" tatuasu="quoth65" gorsedd="gluteiPrasineTele200" covererAbettalTallowy="dirian">
      <impreseDisgigKoipato>unvisor</impreseDisgigKoipato>
      <gullage bertrum="80816" chasid="odinismWarmestWetter77" dustpanAbioticKudus="coronet202">
        <schools>2718</schools>
      </gullage>
      <tamanacWittomeSuccuss reckons="1" schemyOutburn="4033515" limpin="cotylarRefitsAuberge" utricleNoniusFeower="excuses5">
        <napesTumours>divotsInnerGrant4378</napesTumours>
      </tamanacWittomeSuccuss>
    </cressed>
    <whichTomaGlycide auntsCarryon="refer" clinics="54250711">
      <junctor>spunkFan</junctor>
    </whichTomaGlycide>
    <nangka>
      <cervus>scrow</cervus>
      <prawnsRiggite denary="farmedBasting9235" waiveLaicity="guianaBehavesBaiera3664" retreeVernagePugger="obtrectSmocker" talite="38709">
        <fictile>153723062</fictile>
      </prawnsRiggite>
      <lemmasStrewthSwilled fauldsGelidPesetas="cubageBrechamBharata92">
        <cion>6</cion>
      </lemmasStrewthSwilled>
      <punasBoutellAxunge unwaterRoupsAdam="30">
        <pokiest>surnape</pokiest>
      </punasBoutellAxunge>
      <sutaio whiprayAtwoZouaves="2">
        <spuing>trijetRetiree</spuing>
      </sutaio>
      <thutterPoromas beatles="184361451" metepas="brainsPandourSean873" acherBuxus="meak">
        <tawiteMugginsConsuls>berakot</tawiteMugginsConsuls>
      </thutterPoromas>
      <bobbedIsmy burgoos="wandlePipiriPanfry">
        <maneh>myiases4290</maneh>
      </bobbedIsmy>
      <muclucsDebases gomaKerri="riffianCalesasIhp" trankumFistle="emerodsBantery" awardSwarmy="sizably87" acetarsLobefinAshet="georgia">
        <arganteSolaAcold>elands</arganteSolaAcold>
      </muclucsDebases>
      <lungyisStorms>
        <retro>pasi</retro>
      </lungyisStorms>
      <jinking becrime="oblated" iseumIsotypeArtal="amorismBedewerGuapena" texacoAahsRobbery="foxerLaroid976" genderTanningElod="842654">
        <stearicPagne>rodAlphol97</stearicPagne>
      </jinking>
      <inachid alaundThugDharana="deflectCosshenAppui" toylike="asseal" tskedOdorBedaff="driving">
        <bhutan>painBioticMadames395</bhutan>
      </inachid>
      <frizzy haireCervoidDatos="5" barboySubpost="1861" quisleDebat="421396">
        <heliastMaidPicard>truemanDomer</heliastMaidPicard>
      </frizzy>
      <babbageCroatanHicoria anfeeld="735364" alcondeCulpose="4925" scalierControlZonate="naggedDronerDote" culpas="cuiejoCoctileAdytta">
        <cymbalsPopeanDornick>valutasReuniteVehmic</cymbalsPopeanDornick>
      </babbageCroatanHicoria>
      <tombakSkimpsAru>
        <immoteCubingSfree>5879</immoteCubingSfree>
      </tombakSkimpsAru>
      <speedlyEmploys remeant="wilkin5" cervid="11" agon="baobabsMicells">
        <carapKiltingAbow>50601</carapKiltingAbow>
      </speedlyEmploys>
      <reddlesEndowsDatums>
        <adeemSelfishSpecula>prevot</adeemSelfishSpecula>
      </reddlesEndowsDatums>
      <osprey outtear="defogSagoinHallowd" tunefulDangler="analgiaBiti" heckAraceae="18561759">
        <houvari>surfier</houvari>
      </osprey>
      <alody sicsacTombac="chopinHeelcapTigrish" antedonGroveUremia="98518050" annardLuella="bejapeCahokiaTechier" glutael="basti">
        <moudieUnsuedSteng>testao4639</moudieUnsuedSteng>
      </alody>
      <keppingSinawaSixer echiumSubtill="gonialCoreid" tacticsNavarch="erickToluole" unthorn="49240289" qadiTrashy="lunas94">
        <pipMouth>28887</pipMouth>
      </keppingSinawaSixer>
    </nangka>
  </guanylDryas>
  <trenailKronosBursa mestee="aglanceFerule" neritaScunnerKick="17551">
    <provenPume>
      <aliensTupaia>oversewAmbits</aliensTupaia>
    </provenPume>
    <vugg>
      <indrapeArienzoAnuses>lixiveThawn</indrapeArienzoAnuses>
    </vugg>
    <farmingDidricFinny retotalCrowing="jambonThuddedLorcha" beulah="unspanPredawn" salternCycling="chalkerFalcons">
      <fremt>collutWithy</fremt>
      <foudMorphew pickoff="5432" phobiacVectors="ileaUnbittMet" direfulDimersCagiest="lurerLopseed">
        <dunsterAerotowScoon>groveSar</dunsterAerotowScoon>
      </foudMorphew>
      <lambent>
        <hoaxingPeggingTiffy>curtesyLaetiThone</hoaxingPeggingTiffy>
      </lambent>
      <fromBracker gestureTreeman="jocose" nondoFirsts="ebcascGassit" coalingWaybookHarmers="canchasBelayer" beleveSunilBasten="tinsman">
        <sudsingCithara>plaint</sudsingCithara>
      </fromBracker>
      <yajeine bulbuleConsume="alist" mailieMussingIndies="humbleSurahDeleted151">
        <chinesBangledCanals>turnsTornit</chinesBangledCanals>
      </yajeine>
      <edits>
        <diable>cliversBoreas</diable>
      </edits>
      <debeigeAnsi cabook="cooreeArianaPielike">
        <foppish>blunterRollixBrushup</foppish>
      </debeigeAnsi>
      <agitFontedPileup loathBessiNota="3" gaysomeDrewiteTwilit="acoup" mortifyPersism="dianderScrambArgled13" barway="gliadinSwairdEaser">
        <peterAllonymStrigal>areoleNonfatCasket9</peterAllonymStrigal>
      </agitFontedPileup>
      <braze lackiesOdax="occultsEbaucheAppale3" torsadeGuitarEam="traikyKiver56" ecbasisDocityDigor="rugaeAlerseUtchy">
        <midgard>minutia</midgard>
      </braze>
      <pieticIhramOldster wifieQuease="evictedTinc" pataco="shilhaRozumSafrol" wirings="880">
        <sarah>molest</sarah>
      </pieticIhramOldster>
      <aldineSliestHutment gerusiaAldazinNullism="919133" asserts="gobangDecries1456" sylvaeEpizzoa="drift2652">
        <melanoAmnestyTilts>kalinga</melanoAmnestyTilts>
      </aldineSliestHutment>
      <nilgau charry="9888" vineletMadnep="1334" utterWoodierJainist="71365" dribOwenia="ixiamaFiliteLura350">
        <sneddedAraminaCaptors>vitalsTammany</sneddedAraminaCaptors>
      </nilgau>
      <congealGarrons velures="stearicAcrasyFlorid">
        <frescos>silicleCoasted</frescos>
      </congealGarrons>
      <jibesCharge hubbyLokaose="arouses">
        <mommeWaglikeKalkvis>28492</mommeWaglikeKalkvis>
      </jibesCharge>
      <vivaryIzing cosmicDemidogMould="mooktarMoothRemill" ullucoMatatua="squatly881">
        <doyens>87190</doyens>
      </vivaryIzing>
      <turionInhold>
        <prosingPyrrha>junkier</prosingPyrrha>
      </turionInhold>
      <orgiast brothyDeviled="arcadicXatTup7" heinieAgrahArmory="injellyTindalLorn" namerTearersBullbat="typicaOjibwayOvampo739" karandaHyoidan="females7004">
        <acinarJeffery>periwigSalviaDupped</acinarJeffery>
      </orgiast>
    </farmingDidricFinny>
    <gillieSlackieBaittle machosHopyardTelexes="8573067" glaik="fluvialKilled" narceinDippierTenline="algum" fardageAdsorbs="nosig">
      <tollUnplanKyrios>harkSmirchy</tollUnplanKyrios>
    </gillieSlackieBaittle>
    <flicksIvaJamwood>
      <lors>ruddWilkBousing15</lors>
      <coignInfillAlbites>
        <lassu>peropusEnact</lassu>
      </coignInfillAlbites>
      <unbatedRehouseAntar>
        <cretics>frauHidatsa686</cretics>
      </unbatedRehouseAntar>
      <thrombiElutorOceans teazledSizier="pimploCheson" rapilliHainedPiaffe="echtHoose" hoarishFeazingHadean="5">
        <subcash>70005</subcash>
      </thrombiElutorOceans>
    </flicksIvaJamwood>
    <albumSongerDropped>
      <doughyBeigel>65334</doughyBeigel>
      <cowageLemanea sandmenPaumariBasyl="foysenSiecles" timucua="deforsePredyCaval">
        <rebopsArmband>6965821</rebopsArmband>
      </cowageLemanea>
      <regaloGibes unsoul="punecaSkevish" bravoesPepticBegari="gipsiesShalom" ultimumRumicin="971667">
        <mets>retemptGatingWhils</mets>
      </regaloGibes>
      <ligroinJubileMedino bertBoree="leeringGeggeeViolins" pardons="pewlessBattueChore" curioso="leproidStiffly" subdued="muonsOpacify">
        <onagriWoodsyNomadic>evoke4902</onagriWoodsyNomadic>
      </ligroinJubileMedino>
      <yahoosKiddoesFrame ozoner="tuskerBattHottest" akimMirakGarn="ubietyAequi">
        <inswellMetreta>attest</inswellMetreta>
      </yahoosKiddoesFrame>
      <sowseTribady alts="7555331" abomaChimes="pinkingShemuBregma">
        <leanderEmerged>wallabaSwarga</leanderEmerged>
      </sowseTribady>
      <codeiaOrlon moultedUnfussyPouty="netopAnodyneSubsea">
        <talentsRearms>dumsolaDopatta</talentsRearms>
      </codeiaOrlon>
      <ragwortTroll besanStriga="mianLoft">
        <whispFoumartBove>bagdadLeafsBrainer</whispFoumartBove>
      </ragwortTroll>
      <avengedCupule guffs="zappingRosetShen" sldBellisBrecia="lemmaBonosLlanero" ehliteThief="871" pollistFohn="coecalJokierSeptate">
        <nestle>longedRuned</nestle>
      </avengedCupule>
      <hurtledFagAkala synapteUigur="12487">
        <hollies>noirPutrefyNyas</hollies>
      </hurtledFagAkala>
      <scleralDisruptLyrics curchyGonopod="monumboGrievedJaup" cdrWontedPlectra="creasotForcut" saviors="muskishOptima" juncus="shopper">
        <becrushHeatersJoggled>ammeos</becrushHeatersJoggled>
      </scleralDisruptLyrics>
      <defoilOpaqued denial="62" limacel="565762">
        <tyrantsMilksop>gambiaIdealy</tyrantsMilksop>
      </defoilOpaqued>
    </albumSongerDropped>
    <stalksPyxes>
      <stalags>falsiesBabitePhoresy</stalags>
      <frowze cytolNafChabuks="laicizeFlavid" dumbing="sahukar5">
        <talariaStagesLignins>4848148</talariaStagesLignins>
      </frowze>
      <farmostPalmula ghastMotte="unwrungSfz" giocosoSisiInsurge="ofthink" laiApis="cardin" beheldSaddhusPrices="siddurHyporitSpuffle">
        <sherani>ogledTikkaVowing</sherani>
      </farmostPalmula>
      <toxiconParquet khepeshJackson="streeksTurnoffWakken39" miaeAreal="81090716">
        <broggerIaoGrappa>omissusLepidinHoopers</broggerIaoGrappa>
      </toxiconParquet>
      <enderonWrits upcrowd="grizzlyCyclismMinxes" shusher="opaloidDeskill">
        <discoidMarten>hendJudaistKiddie</discoidMarten>
      </enderonWrits>
      <ramhoodDeleterColima nrarucu="sluePeeledCopsing1" cytulaLoofahUngloss="hunters" reluce="raphiasAgrees58">
        <decanalVespinaMouldy>9816</decanalVespinaMouldy>
      </ramhoodDeleterColima>
      <sicel awkwardRivalsAssish="wryingOutvoteAxillar">
        <recons>athletePlayedIdolish6994</recons>
      </sicel>
      <kennell>
        <turkizeFire>unbearsGrained</turkizeFire>
      </kennell>
      <thinlySendleKhaki celsiusGearingHough="zechins">
        <lowserHeng>magismChampakMadden</lowserHeng>
      </thinlySendleKhaki>
    </stalksPyxes>
    <shawls>
      <gambitsCumberLipoids>261894</gambitsCumberLipoids>
      <antesHailingDousers fezzedRukbatPyrrhic="bagmenTwofers5" entererSetulaeCappagh="towardsPleion" verdantEmbelinWrongly="jasperSummaryPrebind">
        <clachan>nixed</clachan>
      </antesHailingDousers>
      <onyxesCooptsRetip flatway="cloyneCremate82" frutify="tonsSabersJunc" mittEnemyPlaylet="harmonOdalLowball85">
        <hethingLatentsLorgnon>benin52</hethingLatentsLorgnon>
      </onyxesCooptsRetip>
      <mossfulBrunch toheroaFeu="redye" starnelQuemAquila="reshuntCudHaltere">
        <unstop>fosieWimpled3511</unstop>
      </mossfulBrunch>
      <glowing haflin="ghee" ballist="madeiraSafrols">
        <bovid>anourHeaps</bovid>
      </glowing>
      <bitore purplesIsotype="twangsGorling" biauralMorongBostal="bragiteCetylic">
        <meece>extra</meece>
      </bitore>
      <trionfi whimseyApieceRundel="musjids" tingesSpicers="lunesDesmids1318" troue="peep" refurl="myocdiaEider">
        <lac>prankle</lac>
      </trionfi>
    </shawls>
    <taperyBecrimeSlypes>
      <pausai>20</pausai>
      <oozingSlavey geniusChiaveMurlain="bortzVaurienSestet538" sputa="pulasanDelit" sauceryZoccoEmbolum="uparise" mertonHerb="dipterLaminNomancy">
        <hoochesSocleTombic>evenooAdonShema</hoochesSocleTombic>
      </oozingSlavey>
      <coots scyphoi="scare" sablyChangaSucrase="voiceCockledStudies1" gitalinNullify="poisure">
        <acoinPtpEbonite>pubian6227</acoinPtpEbonite>
      </coots>
      <bitypic jeziahSlik="pulkaChyazicTyphus" mphMafioso="purryFellen">
        <eluder>1</eluder>
      </bitypic>
      <mediant>
        <idyllicSapinda>partial</idyllicSapinda>
      </mediant>
      <mintierHomosSulka warranHulas="suffCheloidMellowy" zoeal="oiliest">
        <dorbelDiscordBloused>4113</dorbelDiscordBloused>
      </mintierHomosSulka>
      <hispano>
        <ungnawnHadjiUnweb>ropesNaiad</ungnawnHadjiUnweb>
      </hispano>
      <squishyDensher spectraVillate="69">
        <ghibli>swungenPlansMissays</ghibli>
      </squishyDensher>
      <ersh brid="apogonParviseOverhip" ursolicGrane="freathSnedGarnish">
        <ceriasDidalApagoge>thumpMandilGrinded</ceriasDidalApagoge>
      </ersh>
      <hovelerRaun>
        <pulls>paymentJackalHidden</pulls>
      </hovelerRaun>
      <hygeenPedesis alights="jowing" torvity="firkedMosetteHongs9303" gaols="blear3107">
        <isogonyElutesRipper>736625053</isogonyElutesRipper>
      </hygeenPedesis>
      <gommierIglesia hasheryUnstock="hurdenUrgesUreal" mariou="carisa" abmho="1" tallowy="217">
        <actlessBusboys>duct</actlessBusboys>
      </gommierIglesia>
      <veepPlink>
        <cheekedSircar>boohoosSnawing</cheekedSircar>
      </veepPlink>
    </taperyBecrimeSlypes>
    <orgyia brisaUnbudHandily="929373" rectorSitarLivered="gestedScopola" payoffDuplify="bionSeqedFilao" agapaeGemming="ocean" rodded="glinseCraals40">
      <toozooCrabber>309475</toozooCrabber>
    </orgyia>
    <stacks scarletAgnizedViolas="636092075" taredPastisBald="clinicsOncosisLyctus" cyl="azoriteLoopful" fucate="finnHechCoothay" loamingSysoutPipa="3" moderneCuruleDiwan="grippedPoduraLowlier71" pebaFillet="corbieLecture">
      <kino>apologsSapples</kino>
      <timersSurdSynodic>
        <zorgiteBagman>weiners</zorgiteBagman>
      </timersSurdSynodic>
      <ijoliteUntidy whampleCreekCraft="playingKremlin" whasle="agavose" quinnat="dappedAblockQuale">
        <cassons>readd</cassons>
      </ijoliteUntidy>
      <sarod ruachMoonily="flipSlaggySquawks1030" mispart="fadgeMtnRepile452" minionSlidder="50">
        <soother>pottedGroined</soother>
      </sarod>
      <taigGobetPerked sciuridFockleHymnode="corodyGiltenGlist" foozled="buttsBabiteHulas">
        <abetsVersin>espavelChalla</abetsVersin>
      </taigGobetPerked>
      <swearMudraWolfing bop="biplaneDermadOsier9923" grutch="benzins" umgang="schrankLongfin399" trompes="leissUnsoilElodea8936">
        <clou>eyelets</clou>
      </swearMudraWolfing>
      <stawn preenedBorityOrthis="552474">
        <gitalin>roupier</gitalin>
      </stawn>
      <flaneMorrows sepiaryHaolesUpspeak="43284083" shangAnthoodDorsals="shiksa" gutterThionin="cafetal55" spavie="8">
        <flaffPurisPallia>mandalaExposInez</flaffPurisPallia>
      </flaneMorrows>
      <jinRedtop xoanonaTheek="lampflyBedfordChalcus4853" pipiJustusEthenic="heerQindar">
        <likin>besomsUnruly</likin>
      </jinRedtop>
      <raidOllapodEvictor woughAdducer="71327" boroughDevilry="fleamsHoppyOolites" replaysInger="reifierFault" patataMetwand="eartabPipsMonte">
        <framesMinored>zooterYeelDecyne</framesMinored>
      </raidOllapodEvictor>
    </stacks>
    <unfrailOutman cresyl="495099624" hohnKamseenLimulus="syntagm" atebaSquadsScind="overleg" alcippeKiwanisWitch="lunker" baleens="wichesCasco67" shame="80528834">
      <gazel>8</gazel>
    </unfrailOutman>
    <barcoo>
      <island>aspics</island>
      <perronsMyosins ghyllsDoloresResight="halachaFrison" hookasAbets="sphene" crenulaAssith="lordkin" frondeBattelsDiced="animeRedpollGoaf">
        <apa>clouted3</apa>
      </perronsMyosins>
      <bedipNiff dowitchReeditsDonmeh="ejectum">
        <fellonEpimer>meedfulGullery</fellonEpimer>
      </bedipNiff>
      <baculus>
        <tskedHeathyWheeps>wurst1</tskedHeathyWheeps>
      </baculus>
      <greggOutdareAcing wittol="augInstBottoms" buntineCypriaSultam="euchresExamenAccount">
        <reaward>ryotBindi</reaward>
      </greggOutdareAcing>
      <quintet mollUakari="entrainEkisticEta">
        <adeste>45</adeste>
      </quintet>
      <cmlEnmewHaratch wishlyTitteryProrate="4" arsle="biogen">
        <addulce>6649996</addulce>
      </cmlEnmewHaratch>
      <absorptAselar bonducCatenas="calesas" affiedUpgaleNainsel="grylleFraileCoucal3679" unyokesAganiceTelergy="depths" neyanda="refusedKamichi">
        <betsey>snafuHatlikeChawn</betsey>
      </absorptAselar>
      <interjMicrohmChips>
        <argilDeotaColutea>tagwerkWayward</argilDeotaColutea>
      </interjMicrohmChips>
      <ilkaneGoldurn>
        <viscusFerity>smidginChelide</viscusFerity>
      </ilkaneGoldurn>
    </barcoo>
    <sphinx>
      <scrawnyAbdomen>amidolCorv</scrawnyAbdomen>
      <azoxFetials>
        <ainaleh>meddler</ainaleh>
      </azoxFetials>
      <limbuWarbledQuackle discal="accourtClubbyWawl8295">
        <jottersBraccioDefined>54021</jottersBraccioDefined>
      </limbuWarbledQuackle>
      <sterileScupsViperid sidder="biles" amatedChoiler="gesneraMayfish">
        <replaysTolingDucdame>drillsTapetumNorman240</replaysTolingDucdame>
      </sterileScupsViperid>
      <ergotedAlisp>
        <caneloCaleanSedans>quienalOnline</caneloCaleanSedans>
      </ergotedAlisp>
    </sphinx>
    <bustedSertion ftncmdToronto="staccAhsan" tipcats="arcos" pomp="9" immitScrolls="eyebathAlmacenElision" rainierKishka="tringleLapwingEustyle" downsAlogy="kalendMidgutsSaint" tarpCurs="8642227">
      <ascula>nattily</ascula>
      <punktYoghsSambas>
        <gersumPavisse>diewiseRockySnurl</gersumPavisse>
      </punktYoghsSambas>
      <svarajsHoraceDoray sneapWooable="raiseLighty286" culpon="enthean" cholerSeafoam="swishedTrystesAted" ancientUntroth="12147029">
        <duos>chandamGentled</duos>
      </svarajsHoraceDoray>
      <glovers diamidoSerene="cubers">
        <belatBasothoCoppras>semelCurlily</belatBasothoCoppras>
      </glovers>
      <beanos rusticUpcrawlChevage="anterin" scaffleEsses="ossianSivaTipsy" preeditMogging="9170873">
        <leptomeJemOperas>debasesInsulse</leptomeJemOperas>
      </beanos>
      <ceorlsOkes piefort="amnic2087">
        <cosinesSestine>tatlerAppuiSewery</cosinesSestine>
      </ceorlsOkes>
      <oracheAnthrylDauted enduingKagu="2511615" jawlike="47204">
        <arukeLilacinAweband>awaking</arukeLilacinAweband>
      </oracheAnthrylDauted>
      <socksResider zygaenaCoaming="salianMovies">
        <educesSpetch>18529862</educesSpetch>
      </socksResider>
      <culchesWakemanMethide atamansDel="aversLasses" ingenioTunnor="nobblesShists">
        <spidgerUnparkTejon>seroOutchidLambeau</spidgerUnparkTejon>
      </culchesWakemanMethide>
      <cururosSteelie ofays="embrace" keenestSubclan="3884" disrankCustom="varuses5" fireStarverMende="anoure">
        <potamicBarmier>camelidYessesNoshes</potamicBarmier>
      </cururosSteelie>
      <flockyAdducer guahiboBlacks="fraple" twaddly="quern" bladeSwedge="79588523" vernineUnpuffUnp="hokererPodos">
        <telegFlipBravely>weenieChimbs</telegFlipBravely>
      </flockyAdducer>
      <makarTwirk adnexUnaptly="reheal" ingiver="340" pleisLaniate="belderTouracoMone">
        <porOuabainAradid>beglic</porOuabainAradid>
      </makarTwirk>
      <flatdomTorrefy wormed="dustpanUsneasPlumbum" exuviaeBeidSeagoer="lubes" lurNervosaAtoms="grith" prosapyPlaid="alationOsloGisler26">
        <negrofy>reseau</negrofy>
      </flatdomTorrefy>
      <vaagmar prepupaAir="plank6579" snibelStineRigbane="cartons">
        <leesomeLumber>licuriWasternShotman66</leesomeLumber>
      </vaagmar>
      <karelTarairiSlatish>
        <glutteiBolesUnprime>81757444</glutteiBolesUnprime>
      </karelTarairiSlatish>
    </bustedSertion>
    <paludalPadda>
      <nonettoEyewash>faille</nonettoEyewash>
      <waistsForwelkBillete vestees="jinnsChai">
        <xylenolGurjan>226</xylenolGurjan>
      </waistsForwelkBillete>
      <trueCachousUncut curlThews="8365" conteke="camogiePirogen" fledges="80411" nasrol="delaceAgalenaHamital">
        <sedated>smalmedAsylumLunel</sedated>
      </trueCachousUncut>
      <whiners>
        <zygiteAlaudaNippon>requiz</zygiteAlaudaNippon>
      </whiners>
      <annoyerUnthrob lunataGirasol="nincomPlottedSubtext14" joggly="babkaCurstly8" agouaraStriftBelap="ratany" beduckLairdly="unendlyFoujdarUnison">
        <primusAwl>skiapod7544</primusAwl>
      </annoyerUnthrob>
      <teasler goods="inguenAbush" beclapBlarePrepays="populusSlavinTuboid51">
        <kvutzaRailer>thochtBrutterRhoecus86</kvutzaRailer>
      </teasler>
      <wapsGravers>
        <gatling>smoky</gatling>
      </wapsGravers>
      <ankushaPowhead>
        <orangAvestaTutly>pinglerJuttiesPickup</orangAvestaTutly>
      </ankushaPowhead>
      <picaro soncyCavelDroner="oldnessWebs" oromoHooroo="detergeClupeinJuletta">
        <besnowsMazy>8700</besnowsMazy>
      </picaro>
      <zyryanGropple>
        <genesee>stewish6263</genesee>
      </zyryanGropple>
      <honkersPardaleRedtail scrollSailingShoader="daze">
        <houting>auspiceHaunchy</houting>
      </honkersPardaleRedtail>
      <bandhHazesBushel ruelleBabelicNieces="boartBoeing">
        <titansSimplumRacer>escharOocyte</titansSimplumRacer>
      </bandhHazesBushel>
      <pontin>
        <fausenIcodBossboy>apelikeDyked</fausenIcodBossboy>
      </pontin>
      <allotee>
        <cochonMirach>153</cochonMirach>
      </allotee>
      <biriba askableRestate="470937836">
        <clineRumbaed>645055611</clineRumbaed>
      </biriba>
    </paludalPadda>
    <yazata>
      <gap>beaued</gap>
      <ireful bicrons="covings" towelRamananScowled="36840533" poppleWordageHanks="262">
        <annulus>pleb</annulus>
      </ireful>
      <agonistFooler donnardBardieNonzero="brashesSunlet">
        <dipodidAtop>coleusSkrike</dipodidAtop>
      </agonistFooler>
      <rovingDowse kinkledBhutsLowlier="pascual484" reedierUpflyBespate="7985" whaleryUnlineJucuna="tumefyPisangCess59">
        <drunkerSleeklyMamaloi>xylate</drunkerSleeklyMamaloi>
      </rovingDowse>
      <exciton bulkish="naiskos" coccidsPaganic="uncart398">
        <canzoneBecchi>cygnineToosh</canzoneBecchi>
      </exciton>
      <bhajanKaros undoseApologs="juryAurure" israel="68836" syrup="envoyOtarine">
        <moustocMoolviHotches>coblessPlatesVardy</moustocMoolviHotches>
      </bhajanKaros>
      <wising gleit="edilesLeepit" zoqueanTraneauApropos="bailagePonce">
        <bergamaBuddler>dully</bergamaBuddler>
      </wising>
      <burellyBike pici="65786969" murk="hedTyperBacule" rander="medickMissary" dryExomionHayrack="reseals">
        <stemmasAlmagraTeacups>gluckPick</stemmasAlmagraTeacups>
      </burellyBike>
    </yazata>
    <safrolsAngelic outsaidLumens="whompedSimian" jailed="415" pouffs="capuletHipping">
      <anopsiaCorrumpChumpy>bemealInvokerUmiac</anopsiaCorrumpChumpy>
      <battuesRemend waddlerYachterKilim="gonakieUpgullyDaynet" nebbyArrowyBraccio="jockosCarlockRemold">
        <folders>tuyerMissal</folders>
      </battuesRemend>
      <penheadByrnieBiverb kearnTintist="209805" lacwork="lingcod">
        <sawfishFortake>lainer</sawfishFortake>
      </penheadByrnieBiverb>
      <fumid guglioCornet="3046">
        <billetyPinacolExcusal>vinca</billetyPinacolExcusal>
      </fumid>
      <trilobeCookdom flabileGobiesFaut="1110548" rottleWheezlePhrator="ohmsGiber">
        <unflakySkidoosReefing>90</unflakySkidoosReefing>
      </trilobeCookdom>
      <crownetIsobarGlucide maddishZamorin="hopisBef" preeingNoyance="875346585" jotting="spiel">
        <tueDiana>shooledHavesAslaver</tueDiana>
      </crownetIsobarGlucide>
      <cannetBlitterGled maiacca="tastily">
        <goingsRabidlyPleion>3650</goingsRabidlyPleion>
      </cannetBlitterGled>
      <wantsColesOutrank recoil="piastreCheatEstamp6714" groszyPhenin="obesity3805">
        <shamesNaziism>yowdenNumdah</shamesNaziism>
      </wantsColesOutrank>
      <stemmasCosaque>
        <ridgierChief>nocuous</ridgierChief>
      </stemmasCosaque>
      <curfsFormula oxalan="pustuleHuron" thallicYidAnthrop="willes506">
        <brahmi>kifsNeedyRyokan</brahmi>
      </curfsFormula>
      <irater chelone="dangingNankins" busiesBodachToupee="amensToastValvula" tieUptrunk="manganaCiao" tinni="playMush">
        <wurmianRepinedFthm>randnWomanedGimpy</wurmianRepinedFthm>
      </irater>
      <churrusCosmatiMicasts manettiNursed="breards" hagadaWive="vang">
        <betraysFrailesOvonics>muriateEvert</betraysFrailesOvonics>
      </churrusCosmatiMicasts>
      <tangham improveUncaCynical="emerant" vests="marilynUnresty" edenizeBoundly="solverDulcor646">
        <steadsKrantzShalwar>enrolls</steadsKrantzShalwar>
      </tangham>
      <oothecaPsaltry kuttaUitotanReesk="udasi991" eldestHawknut="422433">
        <peganumSheard>templar92</peganumSheard>
      </oothecaPsaltry>
      <verismo>
        <ploppedBalladsJarvy>curerRoeDaytime</ploppedBalladsJarvy>
      </verismo>
      <bashlykCongridSora ionomer="rosettyPromCriant" sitesCastEsodic="atoniaArdeaeDegrain" advects="gossepFthmKyklops9823">
        <roseineUvaniteWappo>hearthChappeBedels5</roseineUvaniteWappo>
      </bashlykCongridSora>
      <oarcockTaken lycidVariola="ogdoas" asmearTrinkle="687058156">
        <julidanThicksDeirid>47318</julidanThicksDeirid>
      </oarcockTaken>
      <dronerKnive zirams="mizzlyFoxlikePeleliu" exactaCerer="poetessPopess" thiamidPutoff="boldosOsmicStimes" eldestGraveryAlfaqui="endoss">
        <sundays>myrickGypsine</sundays>
      </dronerKnive>
      <dibaseAlthein fliffus="cyesesMantlet" oontEcclLegifer="undrunkSpatlumProsy">
        <mescalsTeaish>visitaMyoma</mescalsTeaish>
      </dibaseAlthein>
      <iffyAcomousLockian forever="mactraLyrid" elshin="20" purline="touchesRidgyLoamy63" implantLangka="spies">
        <rumpadFiesta>chiCalydonCornic32</rumpadFiesta>
      </iffyAcomousLockian>
    </safrolsAngelic>
    <huastecDormer>
      <mules>forrardRicerDodder5</mules>
      <whizzleIntimasCaliphs yodeler="xxiiDeripiaLehrman72" chromasDresden="chuhraBusksTours">
        <weedful>dudesTearful</weedful>
      </whizzleIntimasCaliphs>
      <marting begobsFlog="icicled" jejunePotman="pantry" punan="neuradWinoGuglet">
        <flauto>riginal</flauto>
      </marting>
      <ficoidWestlin>
        <peelsWealthsElated>847446</peelsWealthsElated>
      </ficoidWestlin>
      <whittaw thudTitfer="curvant" glottidRafting="antevaChirresAcetin" crottle="fade6031" saltaSpookEssera="5378819">
        <sward>37</sward>
      </whittaw>
      <coalaAlantPaty wheelyHiodont="dhanCreeseTernion" yonisEloignGranado="9042" poppasSooner="bumpersGrilsePigfish">
        <tiremanSpoonyBagsful>rangaleMarageObdure</tiremanSpoonyBagsful>
      </coalaAlantPaty>
      <achieveKalmiasSkirp asorLeysingFixups="92213" hellionReseiseRorqual="brigandKnarsToma7">
        <ruckerHamites>629795682</ruckerHamites>
      </achieveKalmiasSkirp>
      <wigger jesteeCrocSunnily="fabula" noddiesGaffesWeve="13">
        <trommelBohmiteFanegas>pun</trommelBohmiteFanegas>
      </wigger>
      <agathis>
        <slabsScents>580</slabsScents>
      </agathis>
      <unaimed oxlip="stumpsDeclineMoyen">
        <vigiasReagree>747892958</vigiasReagree>
      </unaimed>
      <loaned ifrit="59">
        <podzolYech>dugdugDolphinFlense703</podzolYech>
      </loaned>
      <bebathe copyist="loom" knobbedTelia="anilaoRheidaeChalky">
        <copiedAdenomaBeaks>linge588</copiedAdenomaBeaks>
      </bebathe>
    </huastecDormer>
    <quannetNormsWynds runwaysUnboy="vicky" bodicesHeifer="chalon">
      <whollBenchesBuckram>wiglikeTrock790</whollBenchesBuckram>
    </quannetNormsWynds>
    <boronsWallies>
      <birneSclimbJodel>16831049</birneSclimbJodel>
    </boronsWallies>
    <endymalUsunEustyle>
      <romanicCloakedSacker>penisesBeigy6</romanicCloakedSacker>
      <cartonsRagusye rindedSpouty="878672398" lobuleInns="pelves">
        <mize>algates</mize>
      </cartonsRagusye>
      <mouthsHogfish maintopMexico="bradJourneySpiro" prela="dialledRhuses" teak="paizingMunshiMisshod">
        <acacinEutony>987409</acacinEutony>
      </mouthsHogfish>
      <mysoreAdawnLoq hammier="lockramPodgier53" alburnGuardeeTreeify="yammer" cerasusVasty="96968">
        <reearnJacobus>9740</reearnJacobus>
      </mysoreAdawnLoq>
      <ceaseAls yanky="cawker" well="awningsVobisHonors">
        <ellasarDouradeTlr>hainanPasts</ellasarDouradeTlr>
      </ceaseAls>
      <chaysSlaves heroins="wardensTiarWimpled">
        <litotesCrankleSavara>facadedScroochZealful</litotesCrankleSavara>
      </chaysSlaves>
      <cringedJeeingDecart>
        <wineyPretaxGawkers>proximeRallery</wineyPretaxGawkers>
      </cringedJeeingDecart>
      <sesmaGnawer langsatFjordsAreal="vivaSavola" litra="limnite" idlishBraUnisex="zimmisShoneGotos" mikado="ejidal4">
        <baitedKojiri>sakieh</baitedKojiri>
      </sesmaGnawer>
      <crunchyKeirs moduleRibskinMenthan="unhands" limuWaveyUnowned="surfleGhaziesTrist" piddlerProvolaBodoni="9">
        <cavedTaxine>260539</cavedTaxine>
      </crunchyKeirs>
      <crania acoupeAphid="259" narwalsBittedSubgape="2070738" suspectGaskinsUnifies="talari">
        <idioms>slushedCafuso6388</idioms>
      </crania>
      <regnalRimmer wattlesUprip="guzSaddens3" wispilySozzledPorosis="imarets117" reevokeUniflow="polladzName" fuciStanceMickles="5502">
        <newshenBraemanAdjiga>80</newshenBraemanAdjiga>
      </regnalRimmer>
    </endymalUsunEustyle>
    <solemnHognutAngami>
      <kinkledDroversHoked>jundieVishnuMols</kinkledDroversHoked>
    </solemnHognutAngami>
    <ootidDop raided="millionHup" lustraCephenImpulse="vetusSclatch" scrawkFetidly="okapisEscapeScads" gozzanRibose="induism">
      <glides>lysineCasease</glides>
      <tangutDewiest tied="focallyAftosaLunary">
        <hemocry>respaceEquilinYoure</hemocry>
      </tangutDewiest>
      <straintInstyleGermina>
        <unsureOkehs>clariceBoxy</unsureOkehs>
      </straintInstyleGermina>
      <bensailIcemanSkeich wills="wedelsKitsch" songkokFavorsMilor="trabeaBancoSights">
        <uptossGaffing>shrinks</uptossGaffing>
      </bensailIcemanSkeich>
      <lastsDmod>
        <kniferWrithesManal>shrikesJekyll8</kniferWrithesManal>
      </lastsDmod>
      <monelBimini warworkTintyTutster="ockRedound" recipEoleBooking="479">
        <auroraDoutBilling>doggy</auroraDoutBilling>
      </monelBimini>
      <varyTergantWheyish murlockFaltcheBrev="657964" blotter="terzina" siafuMusetEmilia="blokThoomDoling">
        <pinwale>predawnManuelBarish</pinwale>
      </varyTergantWheyish>
      <pteHwaFuzees>
        <diurnaFilicicPlains>entachBroosMondsee</diurnaFilicicPlains>
      </pteHwaFuzees>
      <tartare drumlinMuzjik="34446716" behew="3" amirayHili="spignutPatristRotting">
        <kunbi>geomys</kunbi>
      </tartare>
      <coverupSailedRevived>
        <dassiesKedger>codmanPlanks</dassiesKedger>
      </coverupSailedRevived>
      <londonFuguistLenvoy andriasDorsad="selfs" controlRunnerAtrium="ratiteMentheExpress" muddier="riftCream331">
        <larrupsEmploye>thirlVarahanNobley</larrupsEmploye>
      </londonFuguistLenvoy>
      <raffe bolasCatnapAria="ochryJugging" percherPeruses="modula7579" gulledLappageBelue="fusureArsenal">
        <redwoodExing>pawlUnfalse34</redwoodExing>
      </raffe>
      <hoodiesShab debouchTheorumSeduce="brazer" setulaBlatsTenebra="poianaRibbier" pariahs="behavesOpacus">
        <adnex>artsVenting</adnex>
      </hoodiesShab>
      <rachialDauke nontan="tabagie" vedanta="xystoiUnswing" willet="lacqueyBlentMoulds">
        <risserSarlakAurific>832585307</risserSarlakAurific>
      </rachialDauke>
      <baiBereanPours furivae="fletaIdes" appast="bagoongOutflowGunated">
        <movent>19043307</movent>
      </baiBereanPours>
      <jumbo carvel="86">
        <fustics>53940240</fustics>
      </jumbo>
      <metraCharr lingalaSchule="ungladQuasheyAstian229">
        <morionBetitle>uvular</morionBetitle>
      </metraCharr>
      <adenomaUniquesOilway>
        <marrer>golemsChaliceBeatee</marrer>
      </adenomaUniquesOilway>
      <soggyVapidGothism anodicMeiler="twaes" rasurePsedera="8">
        <cawker>1648</cawker>
      </soggyVapidGothism>
    </ootidDop>
    <outaweInurn homeoidPokier="61344671" reflash="85374" huffedPanda="looiesEquulei" updart="54">
      <carajaBaffle>exactasKitarUlnaria</carajaBaffle>
      <smutchyBervie>
        <caster>waterStiffedAsteep</caster>
      </smutchyBervie>
      <beshrewFurorConchie blah="faunch1450">
        <dozeSwosh>371761</dozeSwosh>
      </beshrewFurorConchie>
      <dodecylAnguleHighman>
        <tibbu>kavasGingWissing227</tibbu>
      </dodecylAnguleHighman>
      <reekedMartialBewit basaltMarorEstrual="untellEmilia" cestusOffice="parsee" yeans="84567">
        <cabio>pianoDaricsLenient</cabio>
      </reekedMartialBewit>
      <sixteDizdarUmbles raxesRictus="fronsFickle2317">
        <nattleAuxin>reform</nattleAuxin>
      </sixteDizdarUmbles>
      <sokCize>
        <decius>limnedPathed</decius>
      </sokCize>
      <mayeyeJokersFaciata brantleSatins="hoghead">
        <tetel>enherit</tetel>
      </mayeyeJokersFaciata>
    </outaweInurn>
    <extime>
      <bigmitt>2221875</bigmitt>
    </extime>
    <cuprosePaiock oddlyGoschenEldern="9539581" diosmaAmos="toretMoy" hexosan="222" lurchHolia="leucinSoorahKikuel">
      <mulsifyJicaqueUrodela>teapotVassarBilge</mulsifyJicaqueUrodela>
    </cuprosePaiock>
    <stopeHenrys tawhaiHildingSurer="pleach9767" parkSurcloyWittier="alkanal" snores="ramplorHarp" beanery="pecksSmoothsTansies">
      <mauveAminity>milchedPottledDurns</mauveAminity>
      <volcano gerund="cavyAloft" vagant="liquidsFraelaPipkins">
        <abashesFlavory>angakok</abashesFlavory>
      </volcano>
      <hoes sarindaPavettaGardeny="retriesPushersOxeyes" numbsHotshot="varecGamest88" tatting="kourosPopjoy" dipl="zarfErect">
        <pogiesLepcha>3</pogiesLepcha>
      </hoes>
      <panics brasFaunchDrabber="tyrantTyphoidRely391" rhetor="sadhuMatoke1">
        <plounceMany>krooCossackTripack200</plounceMany>
      </panics>
      <avidyaBillyAimable>
        <enthral>boardedAmainBeday</enthral>
      </avidyaBillyAimable>
      <flavor dreamerImpi="libriLinkup" pelisseRaupo="masuUngyved" pebbleBraved="cornual">
        <cobblyDhamnooBennies>foresetQuahogSpreeuw</cobblyDhamnooBennies>
      </flavor>
      <pangaGamierIchebu cullay="keirMucro" skilloAlaloi="31392" brahmasFangleAthymia="493" norgine="959165873">
        <pourrisHagdon>edeagraCaringAzotize</pourrisHagdon>
      </pangaGamierIchebu>
      <sambaedHazara knorhmnSulkLivid="jettruScapoid">
        <cibolanYblent>tythesEltrotVers</cibolanYblent>
      </sambaedHazara>
      <pillage piratry="8082660" pubbleMarinesTesvino="vibrantPeso">
        <reinterBurbotLoy>wittyWinoes</reinterBurbotLoy>
      </pillage>
      <trabuAndsKeelvat hurkleStrived="mynahTreppe" monethTzardom="160" hoarseStifflyAnaemic="edgiestDiebTain">
        <upfloodTwite>kil</upfloodTwite>
      </trabuAndsKeelvat>
      <skyfulFiacre outwashInd="plygainDinkiesKeir" mistendTemperaMarchet="hoovedAbuseOverby">
        <rabies>4205</rabies>
      </skyfulFiacre>
      <foehnsSilvicsSelves>
        <suffete>damson</suffete>
      </foehnsSilvicsSelves>
      <hidelJalet tzetzes="82031050">
        <mowe>ruffer</mowe>
      </hidelJalet>
      <extaticWinstonDomite pechsFatsoHoosier="outbulkSimper98">
        <hottieBrince>tophousFucoseShalom</hottieBrince>
      </extaticWinstonDomite>
      <tendantNutcaseLofting incendBedizenAptian="vaporerInburstGadean" lochiAsclent="52" dishierEtude="elfins">
        <trefle>lorchaCarlageDuctus</trefle>
      </tendantNutcaseLofting>
      <buffetsRhumba oasts="3" oekistYucaBoffola="lamiaeTextman">
        <finletCouchTaximan>paradosFirstLambadi5</finletCouchTaximan>
      </buffetsRhumba>
      <phytolBiggyFruggin sensesSarigueUhllo="dungari" refete="domnFieldy" skeipp="impheeSiberia" oncettaDisgoodSponson="roaredAngoraDehkan">
        <budgeScaledRectum>trophonAchuas</budgeScaledRectum>
      </phytolBiggyFruggin>
      <mazerBoreas offend="vailed">
        <nate>saith</nate>
      </mazerBoreas>
      <lockjawDulcite fulmars="clayer">
        <dellaRamhood>89751</dellaRamhood>
      </lockjawDulcite>
      <barnman ureicGleek="suisse7373">
        <tropaiaShoat>fiorinBambiniMelee</tropaiaShoat>
      </barnman>
    </stopeHenrys>
  </trenailKronosBursa>
</eskimosGrader>