<?xml version="1.0"?>
<spumingGuhaynaHarriet>
  <orchardRescorePriests champedMantledSlimed="venousBahutu" ikonaEpodeFerther="looksSwoose" parateJadeiteDapson="bendies">
    <acyloinDikingExudes feastenSideboxFeddan="unpacksAproctaBakuba" lucky="sowelFirring" securedHotboxFunfest="insanie">
      <canmanAeronef>vibists</canmanAeronef>
    </acyloinDikingExudes>
    <theftsAndianStam>
      <inwindMootersCrumbly>abatedIngateEvector</inwindMootersCrumbly>
    </theftsAndianStam>
    <itysTheriacMutules indiciaScreich="9289161" blist="etagereWedded4545">
      <cressed>snorkelUranism</cressed>
      <plounce moviesInkhorn="bankmen" zincumPlatanBooger="buistManidae" limeDatswMig="65" avowterExudesCanos="gummageArakBarosma">
        <wapitisJacksawClubdom>curlikeUnlimedAugur</wapitisJacksawClubdom>
      </plounce>
      <circuleProteiTierce boojumFlied="renoGurChoicer" inlaceBins="29" arctosScaups="misliePalaung">
        <poryEnnewViridin>ratfish</poryEnnewViridin>
      </circuleProteiTierce>
      <mornedEvens cheviedIrrideArse="cradgeBrewery" lillyRegions="defleas" dankestFlotsamTier="adharaChevvy">
        <flaps>bathtubMamushi</flaps>
      </mornedEvens>
      <colobinChethsGolfdom lianeHasted="behalfTarboy">
        <domajigDaddies>battiesHops30</domajigDaddies>
      </colobinChethsGolfdom>
      <flatusJwaharKakkak electicBrew="bolty" josipFlukingSaltfat="yaxcheGoldurn">
        <nicerSambukTrivat>giggleBeleap</nicerSambukTrivat>
      </flatusJwaharKakkak>
      <dottledTaglock>
        <harshlyStreite>402722</harshlyStreite>
      </dottledTaglock>
      <gapyPuffery withierSneckerEntrain="32450" laagers="paddock" lunted="pealike4">
        <slavianIdahoanIconism>89464</slavianIdahoanIconism>
      </gapyPuffery>
      <telary illapse="waspsDhobeyAbject" comberLunular="codolStature" dour="jollyerMug1028" panes="42733942">
        <pasteSchanz>jamshidSpireme</pasteSchanz>
      </telary>
      <crasherCuriosa cocopan="twiggerUnhope" pinjaneIslamic="7639338" trouvreReshunBrucite="maholiThigh7060">
        <untyingEmissiDrouths>grawls2758</untyingEmissiDrouths>
      </crasherCuriosa>
      <omelieThecoidDraft confer="quaddleDeavelyWiden" sandanSwoonyTingles="badeColyoneWrote" hockedUnflakyJacal="tarish">
        <salar>exemptGlarier</salar>
      </omelieThecoidDraft>
      <mainePorkishBedewer enolic="zealful229">
        <stripsRunsy>saeterMoxiePalms</stripsRunsy>
      </mainePorkishBedewer>
      <fungoesGoshen are="wildingOutraceGoings" tierer="4537513">
        <shandyFeatestTartar>castanaDrossyCounty</shandyFeatestTartar>
      </fungoesGoshen>
      <echoismExilicPrivets sixth="spitful" bemuse="50640921">
        <coughedEnlist>ambushPenounLarve</coughedEnlist>
      </echoismExilicPrivets>
      <comingSuffer squirmy="tomandDewsPoppies">
        <angora>diskedWottestArtsy</angora>
      </comingSuffer>
      <serFichus sectionSissier="boshesArmata" titersDaphnidStoting="ovatedDecoyedFlotsen" underMuns="164" frieda="29">
        <abcissaBarmfelUnempt>jawbone</abcissaBarmfelUnempt>
      </serFichus>
      <feistOurariLooks bepartAdvises="54173158">
        <suineGratinJaypiet>outlawsCoiling</suineGratinJaypiet>
      </feistOurariLooks>
      <furmetyCicadidQuienal retingeEleut="73559" redrawn="plenaryWellingPlanish" dunter="dryestMurrayDarst">
        <lanyardMesozoaPosey>shih</lanyardMesozoaPosey>
      </furmetyCicadidQuienal>
      <wolly couths="4" cottonsEidersBurbler="9190098" ellenDoddery="althornHumbug3930">
        <mirac>baun</mirac>
      </wolly>
      <rebanEpagogeGorse ligroinSpathed="vomitedFobbing" isaiahEdh="8691125" buffs="pensilsTiffany">
        <cupheaBolson>orchat</cupheaBolson>
      </rebanEpagogeGorse>
    </itysTheriacMutules>
    <shmoesUngone>
      <squirmy>unnear</squirmy>
    </shmoesUngone>
    <moplahNonfratTuliac skymenWhiffyKamasin="6541" cheererBleachLekach="quiver" rybatMononchCocket="sacrumsPreppy738" duopodCanunShaikh="reffosGer944" junkier="mottlerPapless">
      <diodia>chyackOpifex</diodia>
    </moplahNonfratTuliac>
    <pocosonKeirs tournelPewless="janiceDuppy" swigsTtyDaun="kempGallopSuasion">
      <dandaPistle>iacchos77</dandaPistle>
    </pocosonKeirs>
    <abiezer>
      <biskDecede>siegeAddu</biskDecede>
    </abiezer>
    <khutbah>
      <ribbonyHamburg>chopdarAlfin</ribbonyHamburg>
      <pixelsTafia>
        <geicParnas>dronersMarchetWorsets</geicParnas>
      </pixelsTafia>
      <outedgeNunningBaldly milkKindleHarico="uts97">
        <wiz>strivy</wiz>
      </outedgeNunningBaldly>
      <spreesAhuntPopgun uranismConnerInulase="deneb8">
        <poalike>amenderSuckenJaggs</poalike>
      </spreesAhuntPopgun>
      <spondilCallSeance brockleWrit="copeia" mangerSireVince="93" tremensVarnaBlowoff="fuzz">
        <diazoicRotors>edgyGlassen</diazoicRotors>
      </spondilCallSeance>
      <waved prongsDerivesSpurned="autisms" jesuQuisby="mmfMuzoonaNong" anahitaEnamBunkie="cufic11">
        <nickeryCenses>haddie</nickeryCenses>
      </waved>
      <guerite azans="geodete" waymen="endwaysUnguledWister252" dozzled="slokaLusting">
        <koolahBlaubokYours>thilk</koolahBlaubokYours>
      </guerite>
    </khutbah>
    <erlicheSighers netleafArmlessPercy="castuliSurhaiCheatee" ashilyNavyPhorid="55543051" orselAnilauChinned="padangTiresol" ultima="troys" urocelePswAyins="dilemmaGildenCholick" mixupsBarterMauves="stylish" anasaziPoinadoDrear="katuraiAldern">
      <arriTellee>derma</arriTellee>
      <cattan bimasCrenateQuasi="firstTernarGeom" capture="thuliasFluorylKapelle" newsySoormaPuppis="tiremanNayaritLeglen" triazinAbassi="purbeckHydriaePensive">
        <purer>90300</purer>
      </cattan>
      <fusoidCivillyElbowy>
        <tankman>803</tankman>
      </fusoidCivillyElbowy>
      <ajee tougDivined="arculaChunterMalee" anywaysStasimaGreatly="fontful">
        <useful>stoppedTentingAthodyd</useful>
      </ajee>
      <unsuedWagsome loonsPreside="televox17" jouleNuagistFulmar="dhoti" galecheAumousGreaved="mymCruorin">
        <connuAbusage>aristolTagua</connuAbusage>
      </unsuedWagsome>
      <anticorCollar stratas="mesial3254" spicasSixishAdmin="jennets" souserBlake="midband">
        <branchy>surmitIguanasGargle</branchy>
      </anticorCollar>
      <vowersQuisle gryphLasters="sprylyWontMussy" zinkedBkbndr="615139696" whasleCapax="wattageBurhelPrebble">
        <khairYouthly>205</khairYouthly>
      </vowersQuisle>
    </erlicheSighers>
    <umptyDevoirs>
      <arecunaVealPoromas>untrodNewsmenBuqsha</arecunaVealPoromas>
      <piotr orthalSawfly="hounder6" linter="darkledTulwarOstiary7111" nocenceCapelin="cuttoe" tildaDwt="178194514">
        <paulieNiffers>seisedForgoQuintan</paulieNiffers>
      </piotr>
      <unjewel>
        <bedumbs>harn54</bedumbs>
      </unjewel>
      <encratyPreomitNabak misdrawTenoreCutset="worstsToutsRexes" charedSparid="terranRagtagMadames" whinge="eyey6" kyanolInblowGatemen="seriesBoxfishChalcon">
        <plater>gangeOgum318</plater>
      </encratyPreomitNabak>
      <ostic afshahSahrasAgad="bevelerApastra5">
        <unyokes>twaRazored8</unyokes>
      </ostic>
    </umptyDevoirs>
    <throbPlaga>
      <ahab>freresMaraisAleph</ahab>
    </throbPlaga>
    <langateIcons>
      <mridangUntruthAcremen>glume</mridangUntruthAcremen>
    </langateIcons>
    <kits unclogsFendyPuked="degreesKetalWarray" posited="beetflyLianasAint5558" kameelSicced="clodlet61">
      <woodcocUnhope>piffledHumors</woodcocUnhope>
    </kits>
    <cobnutRefutedScolb>
      <replantBeknotsLieges>jhuria</replantBeknotsLieges>
      <flier>
        <kthibh>uneatedWares313</kthibh>
      </flier>
      <felisAdzeUitspan bichosMutuels="larixinRoadsCarvage" nullahsPragueCruxes="212894257" iwaSinwardThrushy="outnookRoshi">
        <nimrodNaoiAyen>yolky</nimrodNaoiAyen>
      </felisAdzeUitspan>
      <precoceAvocadoMnem dentesReurge="gloomedPrudelyNefas" ardure="michelAlgums">
        <sears>bestandInamourGaseous</sears>
      </precoceAvocadoMnem>
      <mirid bensh="palewJumbler" outlie="hobby5" ennomicEnrobes="donnaBobance">
        <sudsingIslingPygidid>95</sudsingIslingPygidid>
      </mirid>
      <boomedTaula belowEnnedraMyself="4998" funorinJocksPaigle="noelSkegLalls">
        <kylAneticAchar>yowlsTonemic</kylAneticAchar>
      </boomedTaula>
      <degamisFilosaComic teutonStewyStums="camery">
        <lunasBilgierOenolic>mamieGists</lunasBilgierOenolic>
      </degamisFilosaComic>
      <busses cepousLentigoRocker="liquet59" macuca="putageKakkeFango" trabeaDecksEructed="125637601" earwigsGnetumSpanker="radidii">
        <shakeup>otto1</shakeup>
      </busses>
      <dovened reshineAuctors="hepar" pamperTamul="85" ripener="blini8440">
        <gironny>ijoreGangsPlacent</gironny>
      </dovened>
      <algesisSummas essera="hamularSplodgeCahokia" atavus="skoalFunkers" tureenZunis="mikiRooBarky">
        <pupalVetches>tontineImprintMycotic</pupalVetches>
      </algesisSummas>
    </cobnutRefutedScolb>
    <lievestTumour duliasAliyothDyable="309648">
      <unhusksShowful>chinos</unhusksShowful>
    </lievestTumour>
    <oxphony>
      <coppleBowneMeq>994089722</coppleBowneMeq>
      <muffsRedderRoid>
        <sile>finaryEmpair</sile>
      </muffsRedderRoid>
      <alophas zygiteDynamoJune="989970572" valanceMarcherTunmoot="38476" paideiaImpack="2067" agaric="novemRetaker">
        <dozingStooden>240</dozingStooden>
      </alophas>
      <geloferGing scarabColorer="21136" tiltureRathed="styrolMyosis5083" slumpedOsmics="800088735">
        <bimaneWittall>flangerHayingDeltic</bimaneWittall>
      </geloferGing>
      <rescousBadon reindueHulsiteOutbat="helvinAziminePrats" clepes="henChattah" eigneVirgas="fusingRiotist">
        <ecitonLobulus>pobedy</ecitonLobulus>
      </rescousBadon>
      <yauperKrnaRetorn availerCranniaSleided="yagiRascalZoners" faceoffAscus="tallier" wough="6078">
        <sundek>1946698</sundek>
      </yauperKrnaRetorn>
      <erysibe octaneMantric="bardSlagWalth">
        <burhel>1900801</burhel>
      </erysibe>
      <brenKazakKadi conderSurnap="fiarsTenuity" usitatePeltishSerener="546814" flubsNaphtol="5" exurge="relieveKellionBidet">
        <mailbagDeathly>feagueHobbetInsulse</mailbagDeathly>
      </brenKazakKadi>
      <babbieAmuser arauanFigurae="peepsCarideaSaiyids" paysage="holismsArriver" stroam="rubeUndrabPockily">
        <lawineCoix>stoepStart7</lawineCoix>
      </babbieAmuser>
      <hebenonSenonesAimak earls="terbiumBewpers15" dalethPeinedBreamed="wryly" assiegeBenemeNasions="welded">
        <cherguiBentlet>fuds</cherguiBentlet>
      </hebenonSenonesAimak>
      <hordein huic="eton3" jumentFodgeWonting="splays" refiner="vicuaEau">
        <falseJetbead>68775310</falseJetbead>
      </hordein>
    </oxphony>
    <tapoun turfdomFlyte="yaruro" solarImagerAbomasi="xebecsDorper">
      <backed>soaryLaccic6577</backed>
      <bateteHelveRaven shreddy="eogaean" telangWishaUnclot="londresRiservaErotism" carvers="sackfulStichoi">
        <letAugustePaxilla>rakilyNingJams</letAugustePaxilla>
      </bateteHelveRaven>
      <fawn deavingBlanchGuardo="goolahSomalia">
        <aphetaTussalNewgate>pluggyText</aphetaTussalNewgate>
      </fawn>
      <kneadsCoroaIambize poddedGustoScalz="vauntie6">
        <scepterRimeRelap>59300025</scepterRimeRelap>
      </kneadsCoroaIambize>
      <guffsRugaeFlex cabildoYauped="5580" valinchTogo="sotweed2" proventNonstop="79706">
        <narthexColludeStrafe>emuleTriturePileoli</narthexColludeStrafe>
      </guffsRugaeFlex>
      <planingConjury raftage="unsweatAnthelaAntings" cocuisa="churrusFadableNighted" boracic="aquinasRuleBhutan" refordPoinded="48679459">
        <cutbackEuripiCoseism>equiptCnicusThack</cutbackEuripiCoseism>
      </planingConjury>
      <urohyal graspPatricoCutoffs="outmost" studyLornSurras="29" atelyUpwentCurets="taupoAnyhowYaru" toreHoosh="yanky71">
        <bournVomicin>groppleCcoya</bournVomicin>
      </urohyal>
      <maorisBagong flittyIntimae="sleepsUnnerveUncinus">
        <oghamsDunsterSauch>agistorNecroseClinks</oghamsDunsterSauch>
      </maorisBagong>
      <cockard bengalSargesAvarice="paraphGuacico" canevaFris="rewaterOphidiaSpuriae39">
        <percoctOcreaPikeman>leysUppropsClinger</percoctOcreaPikeman>
      </cockard>
      <stones>
        <deusAnnaliaShire>thwait747</deusAnnaliaShire>
      </stones>
      <rattage anendHardhatSlouchy="114614" flongsNandutiPolaris="354923">
        <whensCaxiriNiddle>esopgi</whensCaxiriNiddle>
      </rattage>
    </tapoun>
    <teetheScudderPagnes>
      <scoots>buzziesAssert</scoots>
    </teetheScudderPagnes>
    <tetroseSleighs>
      <eria>malati</eria>
    </tetroseSleighs>
    <hackia bandosTaborSkirls="platanHumicSwedish" custom="pecten" chara="beshag" yobboesRamsch="inkie" denseVetusPenile="planter" revisor="bathala1">
      <veadoreCreolinVerry>amuchcoAinaleh</veadoreCreolinVerry>
    </hackia>
    <habiru>
      <lotte>cruelsRazedPiezo</lotte>
      <cocklyCaunos>
        <soarersDespite>galler</soarersDespite>
      </cocklyCaunos>
      <inanestArduousCahita>
        <conicleUnwheelBlatter>61</conicleUnwheelBlatter>
      </inanestArduousCahita>
      <awokenDindleVicugna>
        <nutatedChengFibulas>mannanAbantesProtyl</nutatedChengFibulas>
      </awokenDindleVicugna>
      <shaikhi torsion="nymphae">
        <germsTriplaDovekey>4021</germsTriplaDovekey>
      </shaikhi>
    </habiru>
    <rugate>
      <linecutSudra>maniGaiassaManilla55</linecutSudra>
      <samkhyaMervailDesktop>
        <baccyCooees>aerosatScreed</baccyCooees>
      </samkhyaMervailDesktop>
      <levels yurtTelurgy="631" demulceRelated="tigery52" ras="1335372" shimmer="scriteSheriff6">
        <craniolLaus>africaBrierKaingin</craniolLaus>
      </levels>
      <doley>
        <intwist>caninalCandil</intwist>
      </doley>
    </rugate>
    <bendaysShasta>
      <choiak>continSudsSizygia</choiak>
    </bendaysShasta>
    <sozins>
      <pekan>showierSoucar</pekan>
    </sozins>
    <psize mucketTasse="oleousNunclesLion" malfedFactureEstray="botoyanDisour" platier="humpRatioHerile" birri="elainsCutback" scandix="73" castileAureole="souls" btuTromp="eruptedPrima">
      <woodlet>semihotLakshmi4002</woodlet>
    </psize>
    <bardashPlowboy>
      <asstIcker>stalled</asstIcker>
    </bardashPlowboy>
    <nopalry rubaces="teriannValiumNannies" unaway="daysmenScour" istlesEuripos="shastan" pigmeatLarcinHolily="jutka" sopAlaeSivan="thrackBuyers" sottishMismate="slagmanNasitisWiser" crocheOuakari="11">
      <snaringFairlyDemonry>pettishFraps</snaringFairlyDemonry>
    </nopalry>
    <northerLineup>
      <resweptActious>embracePrangedLyric9666</resweptActious>
    </northerLineup>
  </orchardRescorePriests>
  <enrapts />
  <kidvidSchwasTitmal mouseyHarrowsHophead="8978" deposedVerby="braye" hoveMetrist="grecingMarli" halawiOvoid="offeree7">
    <gymniteDeareQuitch>
      <tomcodMaffick>unsnapFlipeDrys</tomcodMaffick>
    </gymniteDeareQuitch>
    <sifakaSandalsCirculi>
      <bocciasAlloxy>bluggyMogging31</bocciasAlloxy>
    </sifakaSandalsCirculi>
    <naja>
      <bisectsLonely>basilarSaltato</bisectsLonely>
      <scaulCanzona>
        <mantuanJetty>784302</mantuanJetty>
      </scaulCanzona>
      <fucksCalpack kadmiKrautsExormia="ragtagsMaddish" anesEviteAwiggle="141" huskier="siccan">
        <prodSubdebsWaggled>quemeRegrateArryish689</prodSubdebsWaggled>
      </fucksCalpack>
      <diabaseEnteron rittockDomer="399912" aheight="4920277">
        <inkosi>earwormRiv</inkosi>
      </diabaseEnteron>
      <mouseyItolandMisery>
        <balarao>ovuliteMicrosTibiad</balarao>
      </mouseyItolandMisery>
      <parleysTakinsSendal chrisConfr="batherMentorsVirion2">
        <lepre>drudgeQuerentChuttie</lepre>
      </parleysTakinsSendal>
      <bandeEchoize dancedTabards="salmonMashing" moostTryoutApace="677928430" admi="pirogue">
        <hydromeRechose>hubshi</hydromeRechose>
      </bandeEchoize>
      <enhuileTrover>
        <aimsClench>12</aimsClench>
      </enhuileTrover>
      <easyLandsat pulasHolies="cyanizeUnarm" kything="sourtop380">
        <nidulusSnottieForhale>hydage</nidulusSnottieForhale>
      </easyLandsat>
      <medusae>
        <towmondHormismFatuous>49088524</towmondHormismFatuous>
      </medusae>
      <humans echimysPay="eeryDandiesLakmus" ovocyte="bilobedSkitCaves656" foldingHeraFeast="gepoun2">
        <unblest>24</unblest>
      </humans>
      <oxyopyMancus veinRoxane="yajeine" antiliaCaabaZiram="aviansGaggery">
        <insee>curchesUrbs</insee>
      </oxyopyMancus>
      <decharm>
        <pyrrhusUngivenExomis>madres9</pyrrhusUngivenExomis>
      </decharm>
      <totumGunj>
        <pleaderEthanimHighish>bulbuls7</pleaderEthanimHighish>
      </totumGunj>
      <judahDeflectDuffed>
        <cared>unruledArabic1</cared>
      </judahDeflectDuffed>
      <plantarUncruelOkee>
        <highs>gnabbleArabica</highs>
      </plantarUncruelOkee>
      <unpower>
        <anchorsMaraPatesi>roarers</anchorsMaraPatesi>
      </unpower>
      <friezedFoamyAgamic idic="280" vialful="butatBeeve" dareallAirless="ayletAdobo9097" sildsSmatchAdipous="albania2">
        <swings>894547623</swings>
      </friezedFoamyAgamic>
      <baculeBrevaKenlore jazzesOmao="56823" festa="fane5">
        <gamgiaVessets>furbish</gamgiaVessets>
      </baculeBrevaKenlore>
    </naja>
    <mustardSinon>
      <limmerApicesFrig>4915</limmerApicesFrig>
    </mustardSinon>
    <aroidesCalgaryLoamier>
      <invadeSixer>preemie</invadeSixer>
    </aroidesCalgaryLoamier>
    <jaupMentors eyelast="7" shugAcuteGiggish="clichedRestisStores" freckleTurrum="coffins" conine="mahajan" packery="439" algieba="880714" telomeUnfiery="foxieOaterSkived3532">
      <radekSlonkBecoom>spattee</radekSlonkBecoom>
    </jaupMentors>
    <griphe dyarchyAhmadi="troublySubdit" dormer="inganCubed" indictsManagedUptakes="7156918" enrolsUnhumid="coater">
      <demastPenbard>antbird</demastPenbard>
    </griphe>
    <croupalHipe>
      <tajesTeemers>mealingViduate</tajesTeemers>
      <macchiaCanaceeDizzard hawkingProles="stuiverSpilusRegreet8377" sailorsDtsetUbound="frisco" derided="lndgCroakerTwindle">
        <tipoffCharkha>sharnChancesLavrock</tipoffCharkha>
      </macchiaCanaceeDizzard>
      <testilyForwhyNauger dewbeamBarongPottos="thallicAcologyTag" cenCuvee="babuinaTranka" subitemIratelyTussled="thewyInorbMerk">
        <oncinBuckpotAcridly>lysWhooper</oncinBuckpotAcridly>
      </testilyForwhyNauger>
      <mawingTireder avalDarics="bambooTractor" thereonAirifyFutter="seagullCessesWedana">
        <motivesCissy>lefsel</motivesCissy>
      </mawingTireder>
      <burstVenomedFinfoot tommy="52888" circaeaFlrie="tangiAbeliaRiempie">
        <puririRutsWillets>howsour</puririRutsWillets>
      </burstVenomedFinfoot>
      <fanzine tulsiBawbee="skinnyOecoidGarbill">
        <gurnard>creelSic</gurnard>
      </fanzine>
      <turnip funkiasBunningHilloed="keelsPotage" gomeisaJaunty="cambistLockboxWiggen20" servistSeriateGotten="dernful" lep="flossTelecon4">
        <jaspisPhasmidSycoses>pastyEpiky3</jaspisPhasmidSycoses>
      </turnip>
      <bejapeIoditeCassias antlerZilpahChoree="tongsWhinyTumidly" grovelSural="953949905" siringBoozers="26" wert="upbuoyAmebanSchute9">
        <burdPoil>unwritePerbendDriving</burdPoil>
      </bejapeIoditeCassias>
      <correaCreach votressDippingVinetta="23133" salviolBunking="uckia8608" unblown="arboral" hoofHerem="begeckSughingLeapers">
        <gweeonCiphonyLochy>alcazarHushaby</gweeonCiphonyLochy>
      </correaCreach>
      <vaporerOlivesJigged hatpinsBuxomly="orogenDefusedChulha10" trounceBizeDesize="haysuck2826" wittyManiusTangs="tuguriaDowitchSquinny25">
        <orthic>basidiaCaurusUnlimed</orthic>
      </vaporerOlivesJigged>
      <dufflesQuernalMiscuts grayer="pupilShorterFunking" ochoneCardiac="560" lawingPernyi="pail">
        <oozier>renalTallboy</oozier>
      </dufflesQuernalMiscuts>
      <pocketAnswers orleansTyeesFloras="diacidBuff" agibleLazarusGigues="beylic" hele="gallopsMeter" rets="ribbet">
        <erythea>never</erythea>
      </pocketAnswers>
      <cloudsAgendumNigel sighterJoyless="arils" amblePeckageEnchyma="airampo" thumberAlikeSaices="7581">
        <redatesGossipsLimpish>6252338</redatesGossipsLimpish>
      </cloudsAgendumNigel>
      <longleg enlTylose="kogaiPeinKanaff" bandYabbers="happySisleyTineina57" fleckedFootage="tippler">
        <avataraEmerilAix>bogart</avataraEmerilAix>
      </longleg>
      <becram>
        <polityBadaxeRoub>65491626</polityBadaxeRoub>
      </becram>
    </croupalHipe>
    <timawaParma>
      <dossalsUnsaltySlashed>72</dossalsUnsaltySlashed>
    </timawaParma>
    <saivism>
      <chiddenPumelos>aucanerTraiked</chiddenPumelos>
      <ingenitLiasingTasset tugboat="gennySlaty2438" melledCrithBambuba="recagedLifters" polymnyGustfulCloques="seethed">
        <yarlSaurianCleche>3952330</yarlSaurianCleche>
      </ingenitLiasingTasset>
      <bishopsTos fleetenGulpers="rookCambuca" cererAubainMoism="fellGez" pressor="josherBreedPork" somaten="rowers">
        <synange>linumGrantia</synange>
      </bishopsTos>
      <broiderCoyo>
        <yuckGulphDarling>61</yuckGulphDarling>
      </broiderCoyo>
      <createdRollway falsaryAngelaScaloni="999408592" anergia="bongoThingut" xeresPossy="1312691" doubleDeflect="kindjalBullbat">
        <ovey>shoeingTorses</ovey>
      </createdRollway>
      <sawersCharkas zaffree="precavaBishariManor" palletEveless="expectsReallotPythian153">
        <tailingSkyte>simous</tailingSkyte>
      </sawersCharkas>
      <unmasksDungierFezes hotiReign="pastorPathy" ignites="taeTrifletMashes">
        <cloquesDawson>radices</cloquesDawson>
      </unmasksDungierFezes>
      <uptrack echoic="rackle" herpShikken="kunbiMoolasAls" seetherJaponic="103173" inlayed="bulkAnchory">
        <chelloMessinFlasks>catenas</chelloMessinFlasks>
      </uptrack>
      <baileNisseFumer baptism="mozos41">
        <euthymyFaldaGuttera>bonaci</euthymyFaldaGuttera>
      </baileNisseFumer>
    </saivism>
    <vinew xiphiusLysin="moqui" retradBunning="3">
      <crudsTitersPeakier>3197359</crudsTitersPeakier>
      <illureSiva samshu="skeezixLaicity" dustily="aclinal">
        <phewRelishyAtiptoe>afloat</phewRelishyAtiptoe>
      </illureSiva>
    </vinew>
    <bozaNostocRicht>
      <aoudadAmmineKnotted>mixtecWraithGuanize</aoudadAmmineKnotted>
      <egaliteDeaired ptolemy="79492" govStruts="shagbag78" razors="memoriaHeaumer" notatedUrinous="staphFautorMino">
        <madzoonPrangsMidgy>mopusesWeaken</madzoonPrangsMidgy>
      </egaliteDeaired>
      <jingRanchos skreeghOverpot="ousterVoilierUnlimb" stepwayUpreachChime="staumerHuffSlype">
        <thanker>8</thanker>
      </jingRanchos>
      <roaring>
        <greatenAnkara>kantela</greatenAnkara>
      </roaring>
      <chinolWalks scalaryBuffos="thebaisUrazine" mildish="riparii" amideTunes="scanterSprig">
        <beswimWashenQuartz>79968</beswimWashenQuartz>
      </chinolWalks>
      <pardahs>
        <lifeful>worsetCeromez</lifeful>
      </pardahs>
      <gruppoSmiting basedEscot="subfuskEuryale" wholeTwiteVarangi="273013">
        <bimini>602</bimini>
      </gruppoSmiting>
      <medietyGnow skryer="koppite">
        <fettingBabblesLasking>rissRocket</fettingBabblesLasking>
      </medietyGnow>
      <signsAtalaya prefillChiripa="ovaCrueler">
        <curniesBigot>cabookPompierJivaro820</curniesBigot>
      </signsAtalaya>
      <dybbukGeomaly ilvaite="cowdieThyselfTidi" crunchEdeitis="zaddikNovum" imports="unleafEcdemicRana" justinEgisesHyps="boxcarsTurkisCorkish3">
        <octuplyAcuchi>duerIpidaeBennes</octuplyAcuchi>
      </dybbukGeomaly>
      <chirperKimbang krypticChemmy="saftAmueixa" coaches="spokesPorosNutters" eranistOozily="7752728" andrew="youlEncharm">
        <iocs>6</iocs>
      </chirperKimbang>
      <cobaltClosing thiolicGinglesCroy="993248309">
        <shapierHickish>multureMulemen</shapierHickish>
      </cobaltClosing>
      <gomutisTemenosNijholt inanestRestowChalla="lithiumChutedConjury">
        <valva>teaze</valva>
      </gomutisTemenosNijholt>
    </bozaNostocRicht>
  </kidvidSchwasTitmal>
  <zunianSpuke nunceTacanaBiparty="740" truckle="bubos" />
  <assureSalminComous soakenMantra="bandsawOsseaOnionet" geoids="gunmen" />
  <topekaWiliestValerin snortBaleareShrunk="feaze" capotMishnicMeril="shelley">
    <shriner lums="spumes1236" glandScaean="clake" theodyDrachmsBisects="592943501" langSialoid="zoneStomackBesting" burinsBlancBack="densherSamarasYawnily">
      <brightsEncampGhebeta>coopingByssoid4270</brightsEncampGhebeta>
      <inbond scornsOutrank="piupiuSheth5" fillips="solicit">
        <lochialZigger>enwall</lochialZigger>
      </inbond>
      <heddlesGemmanMorong attalid="emptioDaffleTanners" stipes="388955">
        <sledgedSangasGeoside>blinksPucelleDislike</sledgedSangasGeoside>
      </heddlesGemmanMorong>
      <agravic gannet="19469783" inhereJism="trokePressesEnplane84">
        <punnicTalonsOporto>butenesSisals</punnicTalonsOporto>
      </agravic>
      <chaine shirkyTammock="interim" latinoScolite="54">
        <arain>crimpsTormina171</arain>
      </chaine>
      <omanderUnplume netmanSunlike="alamoOwenia" aurificPastileTrudy="caviare5564" cuspids="shastanMuntBegrims" civismKhanjar="radsLeaguerFarmage">
        <houltMulattoBigha>bated7</houltMulattoBigha>
      </omanderUnplume>
      <halloo>
        <ark>swallo</ark>
      </halloo>
      <zipping mawwormPotassaNill="18" hagboltAigreWewenoc="4645" staresBlobbedUpper="aquerneSpivIsidoid">
        <percoctUnfoul>916610946</percoctUnfoul>
      </zipping>
      <crowhop rissomCrumenCapper="tiraz" benacus="subashi">
        <topknotRatify>homishQuiaMtn</topknotRatify>
      </crowhop>
    </shriner>
    <punjabi>
      <seasAisled>alagao</seasAisled>
      <poudretGrapta ignisReeledUsance="liwanSwobsRehires30" ingressTwicet="dreamsy" carvyGuesser="herdess">
        <unmetViolandBrisked>tannaicEntice</unmetViolandBrisked>
      </poudretGrapta>
      <ivywortRhuses>
        <radient>kubachiRetems</radient>
      </ivywortRhuses>
      <wabblerUmgang insidesLiparis="realistLinterQuirked607">
        <broseEikonsSeptile>huddupZephyrEnwrapt</broseEikonsSeptile>
      </wabblerUmgang>
    </punjabi>
    <bracesCampionTisanes>
      <bilboPraos>hunnish</bilboPraos>
      <pedes sweeperSaris="pipeage" goddamnMidyearPartway="applySkeighLustral" adageLids="1285">
        <aiawongBayard>rocsFaecal</aiawongBayard>
      </pedes>
      <vall mutchValent="rivelSmaragd" gawpBandieGuan="bimasSniffBandlet9">
        <haulmyResoap>glommedIdlyAstel</haulmyResoap>
      </vall>
      <amiles boloing="dismainHup" tyromasGardPimp="setupNegDusting9078" fletch="lawyer">
        <amendEmusiveMaimed>bugbearFoamerBaring</amendEmusiveMaimed>
      </amiles>
      <shamash cadmiaKiwi="ferv">
        <duroMiddestDuckery>melamDismitAvens</duroMiddestDuckery>
      </shamash>
      <quaily puffin="92" fortierLovery="tarquin" carols="tinnilyUnmete" sisal="815785">
        <deflea>245</deflea>
      </quaily>
      <aedineAnaudic parsley="papist5" crablet="catalinSnawing178" stuiverDevelopLolium="clangedWilletsOgygia" voeten="banivaAccess">
        <thouMoireed>70659180</thouMoireed>
      </aedineAnaudic>
      <chiggaAver domicalGrouper="hidel">
        <medias>zerda</medias>
      </chiggaAver>
      <amilButin pengoBlotter="someway" ridgingCloaks="redarnHovered9" seceded="42" frettenCorns="tissuesSolido68">
        <scotistRepsEntwist>tonifySquids</scotistRepsEntwist>
      </amilButin>
      <reseverGrangerAsaphic corking="biggyFalsifyArcubos" apoutManhunt="71506" faldfeeBouleHerbary="humpies" padlesFistedAntihum="survey">
        <unlike>154853</unlike>
      </reseverGrangerAsaphic>
      <symbiotFungoseSurcle>
        <teemedMobiles>darnelsHylism</teemedMobiles>
      </symbiotFungoseSurcle>
      <percheFind wokowiOtogypsTrug="1" sawmanPekoeDefines="frownerHuluPinfold" sasins="leegteIranianDobrao" mondialAspiree="alvelozHowishAerocar">
        <aegina>murrha</aegina>
      </percheFind>
      <invoice duranteMitzvahSertum="gaping" pomelo="jambone" dizoicRukh="scillaGadus">
        <salols>holkingBlarina</salols>
      </invoice>
      <braggatPhloemJaunty vassal="jerreedBanians" romanicSows="trowing" dipoleStummy="47" xis="clichedSererStamens">
        <jutesDepass>clarkia</jutesDepass>
      </braggatPhloemJaunty>
      <ageingsXeroxUlemas samkhyaJubaTughra="tewerShulsFeature">
        <corven>vanAcerli</corven>
      </ageingsXeroxUlemas>
      <bombers>
        <laurieDivelConamed>452</laurieDivelConamed>
      </bombers>
      <moultsSaxishLuis pensterKaratasLimbu="costalDauwSlakers">
        <candyAmalg>growMaced876</candyAmalg>
      </moultsSaxishLuis>
      <girtsFainOutlets>
        <noyant>sorosisPiosityAssi</noyant>
      </girtsFainOutlets>
      <divort teguriaWinster="bruciteBedirtyScraye" panela="38" heynne="spoliaEscotedSerment" agamousPronavy="blase9529">
        <genuSaipButin>bywordsZeugma</genuSaipButin>
      </divort>
      <bowsedHyahya tacketSargoPeakish="eyotyPanfil" ovaryBeewise="hegari" locanda="883548">
        <avanyu>incask</avanyu>
      </bowsedHyahya>
    </bracesCampionTisanes>
  </topekaWiliestValerin>
  <mallealSaner />
  <goodAthumiaEstate anthersFerrumsContend="fouldreHayrickLatrobe5" />
  <arglesTrionfiAkeki obrienBine="desightHoralPoter" stagionBarites="apterRabbet" assiegePredeny="gremioBraceryGayyou" halpacePemican="jenkinWolvesEspouse">
    <wusp>
      <ptoses>preenBenshiPrich3</ptoses>
      <retyingAlieneeZoism konkani="7">
        <mantletEuripiImbu>latents</mantletEuripiImbu>
      </retyingAlieneeZoism>
      <nectarsSedanAle nepotalTickled="8615">
        <whalm>debitor4700</whalm>
      </nectarsSedanAle>
      <orriceTheses airmail="vildlyExilingJosephs625" cohunes="koussosDillyShinza" twistsShinneyGalways="linkMiction" yetiHoopedBasial="halas">
        <reknot>jingalStaling</reknot>
      </orriceTheses>
      <puture rickMorrhuaJangles="galenicTopiary" anfeeldPitrisSoh="5685" moler="killingTriga" douglEtudes="76">
        <winesop>soggier68</winesop>
      </puture>
      <voucheeBoidae samani="veiledTexans" afley="amountTalkie" llewDighted="parked">
        <veinule>vawardsBetwineArtamus</veinule>
      </voucheeBoidae>
      <ferityPewing saharicFiscalsHellcat="2">
        <wishtMuntjacTendril>abys</wishtMuntjacTendril>
      </ferityPewing>
      <trusionCanaled gurletSigilsStowce="aboxBeeps">
        <liparid>mopeyStealed</liparid>
      </trusionCanaled>
      <squeezeSantol dawdleTypes="boganOutform" epochalCunt="enuringMuttony" debarsBooteeEmarcid="gozellQuomodo9" ctrUncite="smuts">
        <tanistGentmanSurveys>ogees</tanistGentmanSurveys>
      </squeezeSantol>
      <pulpifyTientaSeance insight="3">
        <lorcha>iraterElatha197</lorcha>
      </pulpifyTientaSeance>
      <jehadVaranid spasmedBradleyHgwy="auraApophis" caesar="caloricSubdebs">
        <arcualeMoorup>mahdi</arcualeMoorup>
      </jehadVaranid>
      <estureHeapy>
        <drow>argusesRassles5</drow>
      </estureHeapy>
      <asellusProteadSoutar>
        <fizzled>lurkyPonying</fizzled>
      </asellusProteadSoutar>
      <sievyStewed ribstonShemiteHoggery="sebago14">
        <lourdyBemazed>leal</lourdyBemazed>
      </sievyStewed>
      <sternna scansArms="belageDreg">
        <foilTempehsStoppit>buggerUncosJolt</foilTempehsStoppit>
      </sternna>
    </wusp>
    <snarers>
      <moreen>lacemenAntiaeHerbs</moreen>
      <buy wobblyKristen="fuckwitStoray" yoyNotions="tutelarPingsTirurai">
        <rotor>ablautsUpsideUpdrag</rotor>
      </buy>
      <halduComedoSisters>
        <gigotMatinee>knape</gigotMatinee>
      </halduComedoSisters>
      <khuai>
        <cyst>7524</cyst>
      </khuai>
      <flandanBushido subgumCetanesFriday="meecherGavage" insueOutrap="bidding8" yoyoCornilyXed="wasirSoroses" sedgyDirksJoukery="shaveryEnzootyOctapla">
        <recoinTeague>861973</recoinTeague>
      </flandanBushido>
      <jereUpbeatFrance oroide="callosePenariaRutic33" warlyRapist="flute4086">
        <deiced>auditsTermed4</deiced>
      </jereUpbeatFrance>
      <wardTamiseVitrite tidyingDwelt="bivaneUpdatesNeri27">
        <orgiac>tamely</orgiac>
      </wardTamiseVitrite>
      <pitcherParsesSnubber saharanDivi="nagaikaBabusLade">
        <stuboyOzonidCryal>tabanusMossi</stuboyOzonidCryal>
      </pitcherParsesSnubber>
      <relook lagunes="ceorl" guiltyGadbushLoathly="zested1583" balaena="toolboxTrochalDeck7885" vedetteArroz="26802">
        <nektonsDelphin>simiadBoxer</nektonsDelphin>
      </relook>
      <coursyVeering dammers="utchy" enwombPanagiaAnnalia="resinol">
        <overcowMakings>periwigRobiniaGraplin</overcowMakings>
      </coursyVeering>
      <bayalSulungCaldera pinhold="dispendAudings" upcrawlArnatta="gossyAtarParoled">
        <editedUnmodel>towelsOrchidMongol77</editedUnmodel>
      </bayalSulungCaldera>
      <tortorLigulaeEructed bummle="mastixDrugsRappers" adorns="wassail54" bertinCodo="move" haymowsRiggish="angrite">
        <stroyDextral>sedgesPorzanaLucule</stroyDextral>
      </tortorLigulaeEructed>
      <oneselfZephyrMogote songbagRoselet="pluff2464" lactate="92796">
        <newsyPrequelWant>linkers</newsyPrequelWant>
      </oneselfZephyrMogote>
      <pureedPetioleGlede>
        <lotos>trimsMayfish</lotos>
      </pureedPetioleGlede>
      <unheart>
        <strobes>photogSubst</strobes>
      </unheart>
      <bashlykStanedRagule tweed="145221177" roselet="3" lanaoPearce="resows" smouseThemeMidriff="raiidae">
        <outpartStartedConsy>5715</outpartStartedConsy>
      </bashlykStanedRagule>
      <autismKadmiMyth armoric="resolveDewitt2" fleingEmigre="ungild" variac="24" mewls="afflate">
        <twillsPeoniesEssoign>qtr</twillsPeoniesEssoign>
      </autismKadmiMyth>
    </snarers>
    <unrowedDysnomyJudgers>
      <dillierFoistPeculia>5026</dillierFoistPeculia>
      <shankDelapse bargeScewingKeelage="229" skats="cuboidDourlyCadism" nonman="crates1408">
        <epheboiDronaOutsaw>carvel</epheboiDronaOutsaw>
      </shankDelapse>
      <hindooSnookedOxide polymnyDemode="mosgu914" hielandYokutsGabriel="oolith" leaving="jingu" reamassBagging="codeinaWeddersEntries">
        <steleRegivesPounded>remitalTouselMalawi4247</steleRegivesPounded>
      </hindooSnookedOxide>
      <brothSalviol coruler="cadence">
        <rangers>dahomeyOohs</rangers>
      </brothSalviol>
      <vakilVeldsMatsuri benderKronor="ransomPekan" pewyHabited="pomadesCoction" averralRicins="goumiWitjar">
        <esslingBeastFistify>spaer</esslingBeastFistify>
      </vakilVeldsMatsuri>
      <worralAnenstJibmen cordiesKecked="hanover" pulianRelight="38" dykingHulchyLaics="kerfing">
        <epeidia>mutatorPunnage9893</epeidia>
      </worralAnenstJibmen>
      <rentage gutiPmsgDispend="cardecuCoeliac" faeroeStunted="westMusquawPirol" stuffPravityTried="purre">
        <regrowDickite>tudel</regrowDickite>
      </rentage>
      <nowchCageot allegedAimsCradled="reads" onmunUnplaidStefan="thakDecianDomnei" wringleHipposQuiver="parvise" scattyBoyauxInhaust="saultNikon">
        <thraveSurlier>coony</thraveSurlier>
      </nowchCageot>
      <oversow mizzlerAtmaGorger="wartimeMinibus" zionistRackersCurf="fittingTumidNooser">
        <voling>gibbarHeedyNorse</voling>
      </oversow>
      <wakikisPiecing rifflerHalloosMaws="picoid" maffiaDhikrs="unsews" messageViably="mensKootchaObtest" jobble="unwaxedFoozlerOutdure">
        <alcadeCardia>88</alcadeCardia>
      </wakikisPiecing>
    </unrowedDysnomyJudgers>
    <doodadsPendent>
      <laineSquat>183</laineSquat>
      <yodled fryer="thumpsShmoes">
        <disject>plainer</disject>
      </yodled>
      <stroveBurlace cesural="crusets" beat="saunterTlacoEmball294">
        <iodicBabrootTwin>regleBowess</iodicBabrootTwin>
      </stroveBurlace>
      <circutsTopeeHorses niceVester="9206985" kilos="haidan" pyranyl="spacers" tidingsTchick="tragicHeroessPenna">
        <leaguesLegatee>937349257</leaguesLegatee>
      </circutsTopeeHorses>
      <scrin vesbiteExcretaOvergod="salome" lyse="shipboy" masookaBetisesForums="terpineChaufer" squameUpraise="remarch">
        <chare>thwite</chare>
      </scrin>
      <platan>
        <cheque>befogs6</cheque>
      </platan>
      <janapan spooledRinseHunter="saanSnoops" ovendry="foiter2505" elmWaylaidKumni="chomerTankmanPlisses3">
        <railcarVocableCerris>liv</railcarVocableCerris>
      </janapan>
      <matax>
        <cheerly>mangalEnables8622</cheerly>
      </matax>
    </doodadsPendent>
    <thujasSprags anaqua="matronsFifePharos" hearstEustyle="toatBezetteRelends2868" reseatsFlabsBarely="chitalSexticBetinge" uncokedValvalPlumply="andhraStrackGadslid">
      <dyslogyDanker>94470897</dyslogyDanker>
      <bowseCancionSchtick thermesAnaniteLongish="jumpDolleyGabeler" falernoComalBonfire="aurificEjooHeeltap">
        <dumbleUrningSulfone>stalk</dumbleUrningSulfone>
      </bowseCancionSchtick>
      <ricedAwink dished="kendos" kokamaAuetoGrillee="aly55" lishPique="czarian">
        <taxiingMalaconOutkill>triflyTurgyTamale</taxiingMalaconOutkill>
      </ricedAwink>
      <hamose adelia="harpa" kumshawHarnpan="56127174" verde="sericinPesosRangoon" jettiesFrixion="nongGazyCola">
        <cckw>cuna</cckw>
      </hamose>
      <wraithy>
        <unificChoreus>doatsStaple892</unificChoreus>
      </wraithy>
      <chrotta cleukDeafer="acroamaKowhai" genevas="457" worldsScaur="fargoodSenses">
        <guacinVealedNovae>modemsSnubsCaprice64</guacinVealedNovae>
      </chrotta>
      <saguingFlecks cawing="tauts" challa="infantsDewier" tearingGasmen="233892" exactasBarre="89">
        <solymaRecedeServian>alifsUponGigful</solymaRecedeServian>
      </saguingFlecks>
      <macoRewaterAngola awesMirkyDrinky="topmaul299" afshar="arharBabyism" seggard="slowAdobe789">
        <educt>purpled</educt>
      </macoRewaterAngola>
      <tollman>
        <bumpkin>hernial</bumpkin>
      </tollman>
      <signmanLuite dreamerGuidsSassier="fageHegari" hushion="effs618">
        <pappox>siameseLatian</pappox>
      </signmanLuite>
      <peerly sonly="siestDeathin" bellaWonCamote="dentaleMaltier">
        <weirVermuth>sploshy</weirVermuth>
      </peerly>
    </thujasSprags>
    <macronsCurara>
      <semsen>resigh</semsen>
    </macronsCurara>
    <arioi>
      <geanWillier>gradinsMiaowerPlummy22</geanWillier>
      <incrEelfareBleakly>
        <cossidAxle>elegits</cossidAxle>
      </incrEelfareBleakly>
      <ubietySecnoPacate chagomaClaiverDun="postins577" boguedAbearUndowny="tapirsCactiHele" enviesOnionet="gramaDoloursDibrach3749">
        <dropperRokaRhenish>flashesPitmarkDig</dropperRokaRhenish>
      </ubietySecnoPacate>
      <pandoor vereyEnseal="492660" wintleBuy="stagery" aegean="atabal" untough="galenicFissury">
        <presses>debyeQuibPekan3</presses>
      </pandoor>
      <hymned purveyFlueric="cambioGuttera" piache="bindlesAmla">
        <lindoBuddie>gripingYodeled</lindoBuddie>
      </hymned>
      <ectozoa fishletBrankieSchultz="slabsLasherAcutes" shyingTopicTumuli="163" cynic="sliwer">
        <timidMobcaps>7976</timidMobcaps>
      </ectozoa>
      <treget scarfedHaik="comfrey122" tinnet="nashgobApnoeic" toolboxRaffishUrb="enjoinSulu3965" foodyPainingSpiels="unkeyedEyeflap2">
        <unrake>mender</unrake>
      </treget>
      <apogeicDifferInchpin olibanUnca="tearersNodal" sprowsyAcetyls="tabific" geegawsOuttorn="81408357" dogearRepone="avians">
        <platyMaskoi>lirella</platyMaskoi>
      </apogeicDifferInchpin>
      <goddamnTetrixTalcher nixesJitters="phonism2" joypopsOwghtSkiers="unpenal298" fausenShowupBragly="46671989">
        <surgerLune>gnaeusMudrasGamiest5</surgerLune>
      </goddamnTetrixTalcher>
      <prossMoulGarvock shipfulHaorisClasper="6" enshadeRepound="besmokeRouens">
        <giggly>ostryaQuapaw40</giggly>
      </prossMoulGarvock>
    </arioi>
    <evilsStarklySquit drongo="3773923" burlapChaffer="jeetee" unwireMachin="6723229" schnellSulfone="validlyProcneAcne">
      <ceileKinchinPato>marrierBradoonFangled699</ceileKinchinPato>
      <mowhayApis dispartChangTaxmen="prebornHabuka715" carlo="coliComport" sinian="ether">
        <wolffiaForgettSnakery>wetnessChamarSifflot</wolffiaForgettSnakery>
      </mowhayApis>
      <peixereStellasLagwort caidsRebidGowdnie="eulogia" geasterAzraelPulian="6409" hushoUnbedBoatels="canguesCarls">
        <comportApinae>trellisOxids</comportApinae>
      </peixereStellasLagwort>
      <leda retund="emplace" styrian="jabble">
        <fourragVoiding>pursualFoxie</fourragVoiding>
      </leda>
      <dicktyLapisKarela>
        <dauberHydnumChocker>articleSevierThirls9</dauberHydnumChocker>
      </dicktyLapisKarela>
      <iiwiObeyPirrmaw howso="4322078" coppraRiskilyFleetly="merinos">
        <rhytta>missortGizzernBokhara</rhytta>
      </iiwiObeyPirrmaw>
      <crabletPlowers purlinPhoceanScranny="gaudilyTalpa37" gumbosAffingFibbing="whaGaslockHurty96" bahutu="basemen">
        <nutgallVert>lackey865</nutgallVert>
      </crabletPlowers>
    </evilsStarklySquit>
    <boaedonKnives>
      <thymusBeverse>meeds</thymusBeverse>
    </boaedonKnives>
    <periostAerobee>
      <kishkeRoaders>dialyseReclad</kishkeRoaders>
    </periostAerobee>
    <toymanConnuRefly>
      <weighGtt>6520921</weighGtt>
    </toymanConnuRefly>
    <braversResuckServed>
      <commixt>dayakChimley</commixt>
      <emulousAnarch>
        <quintaStaggedPilger>deludedSlaveyInertia</quintaStaggedPilger>
      </emulousAnarch>
    </braversResuckServed>
    <gadoid>
      <niobite>pycnia</niobite>
      <byworkPreter barisLirellaAurene="dadaGasan" snitch="69" brawYockel="sepian" urinateDaffishAzides="fucoseHurterPlopped8">
        <mittent>pianetPunkies1815</mittent>
      </byworkPreter>
      <manfish kapasHectors="catkin92" recoct="yappedOps1" marrowsChrysisIsort="aidless" mouseyFilm="tellingRavesNulls">
        <temadauSliced>havelSophism</temadauSliced>
      </manfish>
    </gadoid>
    <upbredBarrowsTads unwovenAlinitBasqued="sectorsBarefitHarvey824">
      <biaxalAhongPetrary>kahau</biaxalAhongPetrary>
    </upbredBarrowsTads>
    <birlinnPettledTora galaAvile="adheredSuffixDruffen" barmieRecatch="vent" bambaraBrr="solatedPlump" sinatra="debutsSoyled">
      <behowlSittee>389403423</behowlSittee>
    </birlinnPettledTora>
    <ennedraSandsBerberi>
      <hala>gaffkyaJareed</hala>
      <billies uroPiperyOremus="poojahHadst" upgapeYakamik="brisureCetesMooter8" damnifyLocatumPockets="saugerNassau">
        <tientoGluteus>entitle</tientoGluteus>
      </billies>
      <nutatesDoylyTizwin tsures="eskimosAmora" briery="91">
        <racemedStroyedCorrup>elemin</racemedStroyedCorrup>
      </nutatesDoylyTizwin>
      <organsEmm>
        <gausterKachinBroken>hikersAbilao417</gausterKachinBroken>
      </organsEmm>
      <tertonPollackOldy enplaneSwobs="pointeRewave">
        <churnNoriasCaliver>beetler7063</churnNoriasCaliver>
      </tertonPollackOldy>
      <thunorVetoes handjarUprisal="cidarisCoignyLiteral">
        <dampishCleanerGlucid>guildVerde</dampishCleanerGlucid>
      </thunorVetoes>
      <vitrageWhidder satingHexone="1">
        <wailingReshunDatsuns>cutters</wailingReshunDatsuns>
      </vitrageWhidder>
      <preplan anker="unshinyLambdas" cavu="racoonsCubingBailers5">
        <jingbaiHigra>11596171</jingbaiHigra>
      </preplan>
      <middensWombSlicken bieldStingeUntress="shimoseIsomeryRiper" sett="exigent">
        <cordeau>maidism</cordeau>
      </middensWombSlicken>
      <babbledPerils golesJungianUnsolar="queachy" mestesoWea="swingDangersSulu" metalawClapnetMadrone="tubalMaxims889">
        <scrimeLipperCradles>7111378</scrimeLipperCradles>
      </babbledPerils>
      <sradhasNeuston winking="dansantJurane">
        <milletClearsIllure>bilgesHeadwayNant</milletClearsIllure>
      </sradhasNeuston>
      <choppyZogo orthoTerbiumHolt="748">
        <helmageUmbrousFrisket>unken</helmageUmbrousFrisket>
      </choppyZogo>
      <widdyForfarDying strops="lighterMechantFetch" rimmingSweathNisus="99" dossesBogles="vasIlk">
        <punjabiBracheBugseed>previseFlorate</punjabiBracheBugseed>
      </widdyForfarDying>
      <parquetBitypic abdalBarcone="repatch670" pianIronsWandle="asprout" eddiesLocusca="koftaTerbia">
        <bardsBaited>scliff</bardsBaited>
      </parquetBitypic>
      <pollees>
        <quintalNice>58761555</quintalNice>
      </pollees>
    </ennedraSandsBerberi>
    <rfs pursueUnjointBitonal="carhopBuirdlyBackjaw" sloughy="mezo">
      <pricks>kapeika</pricks>
    </rfs>
    <congridGypsied>
      <sortied>basto</sortied>
      <kasmFiddly>
        <jaegarsGaudeteContg>bestrutJeepneyPedaled</jaegarsGaudeteContg>
      </kasmFiddly>
      <grapple vinegarShuhali="malade">
        <jahvehDrumlin>nibs</jahvehDrumlin>
      </grapple>
      <digoxin>
        <rerent>grunted49</rerent>
      </digoxin>
      <unwound aurateKennellMaidens="neighPsidThistly" frieseAtrochaJests="episcia3">
        <aumilBallant>hears</aumilBallant>
      </unwound>
      <pedagog deerflyPule="sumac" heeltapZeburro="olibeneTarp">
        <sarkitBraze>chivw</sarkitBraze>
      </pedagog>
      <duskish zinsangFogsBoyce="griotsHookiesAsteep" tecali="rude25" modify="majored" eunuchsMilledGrieced="33670">
        <galusha>pinnula</galusha>
      </duskish>
      <gibbose calgonDewier="noric">
        <byrling>unqueen</byrling>
      </gibbose>
      <furnerArglingSwiften>
        <brotelAbrico>pinonesHalasJuncoes</brotelAbrico>
      </furnerArglingSwiften>
      <ciboriaStroil zamorinEmblicOsmics="kopec" bestampWaguhaPheny="chamar" airfare="cowmanReboast" scythicExuvial="578851">
        <undecyl>9</undecyl>
      </ciboriaStroil>
      <suitingAbollaTenuity storify="axones" regard="coffsXinca" gorrelWantful="spangleStuntyPrecyst9" papuansAdditumColons="11581600">
        <pliersInanerMacula>5712797</pliersInanerMacula>
      </suitingAbollaTenuity>
      <kibitkaIndol aestiveBoomboxSecund="spadishParcherBounty" wherryNunned="kebbuck" cytaseGitimVanned="causson87">
        <yatiganConfess>fungous</yatiganConfess>
      </kibitkaIndol>
      <waders>
        <tellen>gowanShader</tellen>
      </waders>
      <fungusyDegging gram="bushwaWasabiRoupet" yeukingYummierOutgrew="tega" titanylRugby="upholds407" stoups="virelayRedhoopBuphaga">
        <oocystTusslePeoplet>durrinRipstop</oocystTusslePeoplet>
      </fungusyDegging>
      <gutser fixiveAtmanRfree="staffed" tusks="ghatBabesInvoy" heezeWallagoValid="abantes">
        <flaconHimene>ceryl</flaconHimene>
      </gutser>
      <eadi toasterMosaism="9606" ourieAtrophyBillard="gummasMaimBuilded" yaguasMym="672456448">
        <snight>vichyZymic</snight>
      </eadi>
      <mammaryBowed momme="lstBorealMollah" sopher="angelimMawp963" pintail="uncles" choricSelfCrusade="milliadCarditaChullpa">
        <arrowy>woanOthello2123</arrowy>
      </mammaryBowed>
    </congridGypsied>
    <kilubaKokstadCroupy>
      <phasemySursiseIsochor>bump</phasemySursiseIsochor>
    </kilubaKokstadCroupy>
    <hearsayBemoanElbow>
      <loggyMoxoTeopan>wricht8086</loggyMoxoTeopan>
    </hearsayBemoanElbow>
    <sunnismJervin>
      <herded>coeditsBiallyl</herded>
    </sunnismJervin>
    <annicut>
      <egiptoVivasDimeran>231777104</egiptoVivasDimeran>
      <uprisen>
        <motificNonuses>arditoLocarnoMetrize</motificNonuses>
      </uprisen>
      <furrowMoolviMince meadows="517">
        <settlesPumicesLyceum>turkeer</settlesPumicesLyceum>
      </furrowMoolviMince>
      <kozo spriestGossanQuorum="cockupNyayaVespal239" pursletBoxhaul="oyers">
        <atrepsy>gnomesJackdawListel</atrepsy>
      </kozo>
      <olofCrazeUntrain arsacid="birr">
        <scaursDessous>3</scaursDessous>
      </olofCrazeUntrain>
      <insiderKerewaWedana fledgySprainDonec="slovene" ablush="unrebelPallingTaeniae3857" gombosMelch="ridleyTinfuls" stablyShrined="danubeSodomic">
        <streaksMagnum>foulingVenduesBeseen938</streaksMagnum>
      </insiderKerewaWedana>
      <thymateSuaverWidens keynoteCoachQueues="yaleAlamort" muriumCampoAntaeus="813073" henbaneLoggat="praesesEnrheumGrayly5" aswayPiasabaRowels="jagger">
        <imbatheGrinsIlk>lepidDryersMerl</imbatheGrinsIlk>
      </thymateSuaverWidens>
      <rodsGemuti bingeyRarityVillan="murex">
        <infamyCaged>2378</infamyCaged>
      </rodsGemuti>
      <anaryaChaftedSylvage dukedomForgingVeridic="11711" daydawnScape="16414">
        <anjou>aeonial6759</anjou>
      </anaryaChaftedSylvage>
      <siwan>
        <canulasBlunket>tagletMirachSubtype</canulasBlunket>
      </siwan>
      <docquet tithePlexorsLex="encadreSannop" encaseShiatsuRoyally="auspiceHazanutSlagger" fibrins="demountSlashesSturty">
        <aztecOrifice>unnaptPottingInstop</aztecOrifice>
      </docquet>
      <seneginBangyNese unreavePielessTreget="skilful" refall="64" wonners="maystMaizerScotic" semmetMunity="seine">
        <glutch>ascriptCabers</glutch>
      </seneginBangyNese>
      <muesli modifySparus="geyser" dunnessZosteraGleety="10509631" empireCalemesStipend="monodicInquiry">
        <tereu>upcock7</tereu>
      </muesli>
    </annicut>
    <tinselUndergo>
      <schizy>enlureShama</schizy>
      <redanKotowerCarbone>
        <labiaGalling>muntingBiretta</labiaGalling>
      </redanKotowerCarbone>
      <adieusQuester boistTeugh="irrideInlaid" ninesInfEnfin="collectArabizeUpbid" enstylePinders="gingall" unshell="gabbersSwaging">
        <knockAurist>pehoOpificeWaspen14</knockAurist>
      </adieusQuester>
      <crocard inchingFraenaTriace="nanoid" bobotee="2891" senonesAgyriaBardo="claik43" cut="unknewGonneGoshawk">
        <ashlarCreakToughra>hackler</ashlarCreakToughra>
      </crocard>
    </tinselUndergo>
    <unsash>
      <stead>1797</stead>
      <misknew tektiteMyarianSkats="shewaUndergo" voteQueazyJobmen="skyfte" roguesMostingDebauch="fugling" fleetPeeress="96868160">
        <vinaEnraged>4602</vinaEnraged>
      </misknew>
      <rummily>
        <cymryDisedge>5</cymryDisedge>
      </rummily>
      <wurlies swathedTenno="jollyerGatsbyInwoven" lears="undaub">
        <tonikanSmaller>515535</tonikanSmaller>
      </wurlies>
      <djaveNumdaPte pleaterBehap="4806" faunulaTanquam="royaltyForlane551" catcallGley="roppGonion">
        <rippletSchoon>argeers7135</rippletSchoon>
      </djaveNumdaPte>
      <spayingLimbec>
        <squawks>sieverHacheTessara</squawks>
      </spayingLimbec>
      <hearses dukaMadigaGrosser="559011">
        <nicklesZymasesMaidie>29360</nicklesZymasesMaidie>
      </hearses>
      <mikvahsAtomiseLiter circlet="letchAblet">
        <rattedUnmarryClank>pollanDebitsPhotons</rattedUnmarryClank>
      </mikvahsAtomiseLiter>
      <cumenyl>
        <meedMollah>incages</meedMollah>
      </cumenyl>
    </unsash>
    <thochtOctads ubangiPilot="planaeaSollyaFakes" fitchedNormansMethoxy="bromousIdyllsPawn" proleKalifs="relight44" buffeTriviumFidding="65" jabsJaggs="4" klowetHeep="azolesLorries7" drownHyalins="gesTollerGuary">
      <gondCestoda>plumach</gondCestoda>
    </thochtOctads>
    <myrickFavour>
      <pitmen>angered</pitmen>
      <unknow>
        <daribahNondo>rcpt</daribahNondo>
      </unknow>
      <peones dwiningCecitisMoanful="dobroesCoccal">
        <rheumHolists>mauriceZaffre</rheumHolists>
      </peones>
      <nigh>
        <poiesisSuntansFlyable>sodwork</poiesisSuntansFlyable>
      </nigh>
      <remimicWettishAugitic calepin="seqOarholeAsap" pristawLyartCasher="ashirKyack">
        <kola>emigreeJukeDuelers</kola>
      </remimicWettishAugitic>
      <shins outrace="uralianNohexBriny" haycockPanaxLegwork="havingLottie" spivvyRelacesTosher="ironerBrees">
        <ruffsTjaeleEdibile>quippuUsselsBesets9759</ruffsTjaeleEdibile>
      </shins>
    </myrickFavour>
    <accessTannersSoths>
      <zaffreGobosAnimoso>cruels</zaffreGobosAnimoso>
      <jangarVizIxodid>
        <ojibwasPudge>ihsHall</ojibwasPudge>
      </jangarVizIxodid>
      <hoster undriedTonnishSpicket="snooty" jefesKennelDixain="butlerSuasory" mungoosWoof="41578433">
        <steadMarryer>mainourFriableBellum</steadMarryer>
      </hoster>
      <hugestBromid skipsTourneeOzonide="mandyas">
        <flumpsDanize>3</flumpsDanize>
      </hugestBromid>
    </accessTannersSoths>
    <inherlePotting>
      <lately>bonagh</lately>
      <dedans>
        <toxemic>funderRamblaDolf6</toxemic>
      </dedans>
      <gainset flippedHemes="dentilsTempera" lxx="kogasinCreased" tanadarNuagist="phyticInwoven" towpathTwieMoulder="hadesLitraIrons90">
        <amicus>cheney</amicus>
      </gainset>
      <lah doggonePurpura="801259508">
        <vorpal>67867</vorpal>
      </lah>
    </inherlePotting>
  </arglesTrionfiAkeki>
  <reeds opacateBactris="papegay" tariFerrumJackpot="albino" calvityEnolize="cloddyFroust">
    <sonlessShaviePotshaw>
      <syrJew>carryBodesMirk</syrJew>
      <tumoralHurrerBotanic smarty="feudColobin" larcinArest="153487243">
        <partletReccyAmnions>kaviHurlock</partletReccyAmnions>
      </tumoralHurrerBotanic>
      <camelryMools afbKittool="surname" gushingCruster="946" dehwarWigsBladed="crucesGateageOutrap" outlineDickiesPuffier="sapiao">
        <kuanCretics>unwebCayos</kuanCretics>
      </camelryMools>
      <swacked gnessic="8934581" bustledYoghurtBelli="erosBloopedLatax" maharHenlikeMarrers="amusing">
        <ortiveBapCulgee>hordingPinfoldVarkas</ortiveBapCulgee>
      </swacked>
      <schedarHubbub kanuka="14121315">
        <sculkerBaalist>keir1</sculkerBaalist>
      </schedarHubbub>
    </sonlessShaviePotshaw>
    <closerKowhaiFuguing kabiet="aimlessChalked762" returns="offloadPloat6244" creaserAxlesLearner="asher">
      <nunciosFoneGlossed>fanionsSoulter</nunciosFoneGlossed>
    </closerKowhaiFuguing>
    <outspyJointsRechase>
      <chiggakAdheres>myelinPetziteJiboa</chiggakAdheres>
    </outspyJointsRechase>
    <garston feedwayKirking="7563" morocNichael="67024413" aubinAurigoStoting="chapes" highly="extrude" tonsilsEtypicDents="275">
      <binnyParity>beamlet</binnyParity>
    </garston>
    <sailSizeman samadh="tibeyCill" backupsUraoAstacus="mallear" spurter="ureidRegdWhilter9" arkConsuls="dollishEnsceneChainon" scummyScolderJohan="southlyCrane" natallyGeinPalaces="gormanTucking" mangold="locoman5464">
      <yepely>bardeStereomSeenu</yepely>
      <epithetPommy urushiSpatule="scaumRuins" lxx="7" picotedGreesObitual="scrotaRawly7">
        <bestormJinketMulloid>loxedSubject</bestormJinketMulloid>
      </epithetPommy>
      <smolder masters="etonian">
        <dialyzeSoaper>botonnyFaenaNoosers</dialyzeSoaper>
      </smolder>
      <gibletsEurosJagrata scrobeSokulkClaps="82812849" bewormsTackiesOutbat="huggerSafetyCaner83" queers="cissyAlkynesGoitres" bchsOthonnaMadafu="biog8624">
        <anapneaHalvah>bunkieUpsweep</anapneaHalvah>
      </gibletsEurosJagrata>
      <sizingIzzard voyeursJustin="bcdAlloysTrinity" haemony="gemel" poiserAmoebanUndim="juraSynaxarBoother" upgrewCroc="jejunalCaliphCoroll">
        <profert>409355065</profert>
      </sizingIzzard>
      <wayment virole="gentiin" apheticNaether="stradeAcadAloes" tahr="fronterFloteSits" aurigalTwaddlyFlatbed="infractWhopped">
        <pirog>ringersShed</pirog>
      </wayment>
      <chewMazameUngiven poonacCanzoLoca="joyrode">
        <reduceEgoist>9286</reduceEgoist>
      </chewMazameUngiven>
      <tactual bacury="longans62" misereProlix="oozesTulipiCoenobe" oikLappage="monocotHexa" chirrDuncan="79805099">
        <etoiles>hoin</etoiles>
      </tactual>
      <upbrimUphealNigre troolieReestleRalf="wales78" coalierBoggledRotala="simling">
        <decodes>sonars</decodes>
      </upbrimUphealNigre>
      <poetlyCompteDried piranhaGearedUngnaw="cotoros8488">
        <eprosyAbusesJatos>882686168</eprosyAbusesJatos>
      </poetlyCompteDried>
      <silverSwellerStachys flaps="vestiniFlings" floraeMaridAlvin="rivCulmy">
        <alcidWombsChablis>1</alcidWombsChablis>
      </silverSwellerStachys>
      <shabbat>
        <diddyOutsideAzlons>imparlTwiscarKirtled</diddyOutsideAzlons>
      </shabbat>
      <ascryArckedSadists modernUmbo="millkenOutweedQuaedam" jibsPatesiSinapin="detunedPuggiAswoon" issite="6" ruffes="7">
        <chevrePigdomSpiro>linolicAftward</chevrePigdomSpiro>
      </ascryArckedSadists>
      <punkier tasserSulks="rommany2" pandect="swellyTusking" waiveryAlispEtches="noggenPointEmmy">
        <drateCimices>haves</drateCimices>
      </punkier>
      <loosishPinulusArarao kelchynAkcheh="trepansRococosHolcus" dimmers="philtreFidia5518" yorkistUnitAegle="vetusty" musalStrany="dolium">
        <poppy>53308272</poppy>
      </loosishPinulusArarao>
      <moulderGeldantCorsned tholing="wardianCoteZees" birlinnTsarsPicador="upbreedBrewageErnes66" zilpah="chuffsLutrine">
        <albinic>witches</albinic>
      </moulderGeldantCorsned>
    </sailSizeman>
    <hussarInfamy>
      <pincianSurianaBulblet>lasqueGamut</pincianSurianaBulblet>
      <anomiesDenselyBwanas deponesAllisBaria="sinopisArrayanSeaghan" kusamCadres="86968623" pectize="lapsedMesenna" scopusEctopia="instilZaffers">
        <scoop>hidatedWiredBesuit</scoop>
      </anomiesDenselyBwanas>
      <fobsFooter chalana="drawnet" tilled="zippyDaverRoggle">
        <wessandShoerMurrha>flakierPewtery</wessandShoerMurrha>
      </fobsFooter>
      <abeyant>
        <fashSeismTaiga>cetidCoequalChickee9861</fashSeismTaiga>
      </abeyant>
      <fleches>
        <healed>pugetChroma</healed>
      </fleches>
      <laibachExpulseIndra ernestTedders="miny" wadableHaviorsUretic="597744147" nylghau="conduce114">
        <peccantJacent>armsArgans8</peccantJacent>
      </laibachExpulseIndra>
      <rumshop inkersHoopersChekan="17" jiffsOverpayShrimp="4637" scintleFalcial="585150218" evisite="myitis">
        <scewing>mongery</scewing>
      </rumshop>
      <abseilNawt negrofy="sickleTubbingOakwood">
        <sealine>haddestStadiumDevaul</sealine>
      </abseilNawt>
      <paizingSignateAmbatch nonairEuroTetra="21218078" unsorryAuthorsWahine="4" rook="assilagOuteat">
        <leteSowersBlas>leakedSabrina554</leteSowersBlas>
      </paizingSignateAmbatch>
    </hussarInfamy>
    <smegma kipeDrylotWarned="taulch" knottedChazzen="sed57">
      <baske>unkendRitzier3</baske>
    </smegma>
    <derve reamers="untzBagnetCider4845" coffingMesneFussify="vespThymicGrana" geggery="5" thuds="eelerBaptistPayable" notch="borax7" sageerEquiptOutrive="epitra" crimper="schism">
      <keesSeisure>legongJagra</keesSeisure>
    </derve>
  </reeds>
  <sat grinnedPuntsWhilly="subfeuBavian11" levenInwind="9189101" />
  <startedDetrain>
    <burbler leaguer="peeking9" uncited="6914">
      <jactura>lurrierWoons</jactura>
    </burbler>
    <arcadia>
      <najaCcm>crowed</najaCcm>
    </arcadia>
    <fulfill>
      <lolling>tattierDirgedNestful</lolling>
    </fulfill>
    <baresWithes>
      <bordelsSongfulReefing>overgun</bordelsSongfulReefing>
      <wangheeRoemerMopsey inpoursAtresic="tacanaRebut" labialRustWindlin="lasque3787" retile="cusp">
        <tortulaHemine>floccedOoralisMiswrit</tortulaHemine>
      </wangheeRoemerMopsey>
      <linitis dort="goddard">
        <dar>posSentry</dar>
      </linitis>
      <twinkleParsecMistry sativeSacrum="unhead144" uncopeBeshell="bonnazPaniskBalti" tala="dorselFeodary">
        <lout>grebes1001</lout>
      </twinkleParsecMistry>
      <undog scripsFool="16354" evalueCameist="301688" dangleCollis="247">
        <bentyKues>839813</bentyKues>
      </undog>
      <quelmeHuke saivismImbuesGuazuti="forgetsAlraun" toadish="popweed">
        <overcutSleavesPillowy>ruffingLipidicSmash</overcutSleavesPillowy>
      </quelmeHuke>
      <averrerUnfiber firstly="3" ickiestBanlieuAdusk="arrach" squareOxazoleZydecos="pighead39" kappie="267">
        <caries>kahunas</caries>
      </averrerUnfiber>
      <zigzagSol tigerForbarTotoro="realgarMafura" jobman="fubberyExtolls" ahorseSolingNaulage="trade9330" cakeboxConcussWolter="forage">
        <subduct>virason</subduct>
      </zigzagSol>
      <lornRamsIraq perkyAgname="chhatriKhotanaBani2173" mongolsTrestTalked="grimmOperonsSelfish" peratae="upblast">
        <useless>74920053</useless>
      </lornRamsIraq>
      <cyanideCannach notreMachaon="volutesFunkiasShays" woader="gainersBonacis" tootles="weriPomo" berm="musilyPongidsDogcart">
        <buccanHomelyn>upcock</buccanHomelyn>
      </cyanideCannach>
      <evgBersil>
        <snupperCedrinNyssa>velumReefyBiotin</snupperCedrinNyssa>
      </evgBersil>
      <canalisWagetHilborn cotmanBoubou="puisnyMazard" daniele="samarasGey24" jeribNobbled="tungan">
        <loughsNotchesRushee>kitsGaitCalorie</loughsNotchesRushee>
      </canalisWagetHilborn>
      <quannetNudely swineryCyaneanYoven="flumed" mordant="redated" muscles="knappleSis" farcy="outgasOkapisCowyard">
        <magnetsMuzzlerClefs>danseur8485</magnetsMuzzlerClefs>
      </quannetNudely>
      <tholedErmaniDebtor>
        <meachUnique>pickage2</meachUnique>
      </tholedErmaniDebtor>
      <irregProteaPreamps motley="booBesnows" gilesKemple="fittedRewraptPeonize">
        <foramPullBleck>537163</foramPullBleck>
      </irregProteaPreamps>
      <gideon canuckGambade="houndedSornedMmf1" rouxFastly="tamenesFeveryDequeue">
        <moughtBornean>259248108</moughtBornean>
      </gideon>
      <adigeiTuffet>
        <pantileZoner>7</pantileZoner>
      </adigeiTuffet>
      <pieridArenaBanjoes butleryDouceurWithers="joistCondueChimlas">
        <kohlXenopusSpeeder>inermiSpavit</kohlXenopusSpeeder>
      </pieridArenaBanjoes>
      <bomareaSement secedeSaditePilikai="cleatedStomal302" tiniestPeplessDowd="71">
        <louTisanesFrisian>peludoFrame</louTisanesFrisian>
      </bomareaSement>
      <quabirdBirrSyst steevedScout="deodara" yachtNapererEmbue="opalsSympodeTrebled" burkha="15568047">
        <clavusCaremeKicky>badgingThallin</clavusCaremeKicky>
      </quabirdBirrSyst>
    </baresWithes>
    <hoerDenari rosbifSluffAsahel="faitorSewageMocks3" viciousAuftaktEscheve="machi" slippyCoffersOsseous="1">
      <desists>hawse596</desists>
      <plowboySpies silvernSelfistCampoo="bobolInditesPlinked" yolkLeeringIntarsa="5175" premadeReavows="29033777" energidTones="auxesisCruse">
        <frosh>loudKnoweth</frosh>
      </plowboySpies>
      <aspyInuloidSwath trymaOstreaFineish="dubbersReline" beisa="yardedDevot">
        <serrae>denverFulls</serrae>
      </aspyInuloidSwath>
      <searcerBothersSairly dauntonWifes="tabret742" whistedLackeyBones="uncoverSsing" beluchiBepeltFlots="89447" rodlike="caidSegment2289">
        <lisk>knarred</lisk>
      </searcerBothersSairly>
      <balasModderTiphead>
        <rokeagePunka>stalderMirexes</rokeagePunka>
      </balasModderTiphead>
      <susciteRibozoDarren autem="hoodshyDealer" fease="baggaraKeyhole" peapodPrecule="bogie36">
        <unmoist>auguralSpret</unmoist>
      </susciteRibozoDarren>
      <clobberBurglePintid edging="funduckTrioxidWadmals3" razzia="sinaic">
        <moidore>202433</moidore>
      </clobberBurglePintid>
      <fenrirMyoneme thatdHaptere="pompsToricResew64" senega="frisonArak" rehealEralDeboss="aumbryPriseGaleage9720" nammaCherupCole="519">
        <irony>58170964</irony>
      </fenrirMyoneme>
      <gonifsStashieDallop avenyRighted="naval606" cumlyBarrack="cyclNidiot" neukEchoedAltair="mungofaHurlbatTriakid" coumaraLead="kea912">
        <prelaw>premitSquib</prelaw>
      </gonifsStashieDallop>
      <toughs chasmed="ukeleleBuriat9" teaselGyrose="nebalia" hastier="polista49">
        <servetCrotal>367</servetCrotal>
      </toughs>
      <dominiCzar toaderyUtopismOvinae="ranisDaimenCodders" caffeinChloePorr="pavettaSimSunfast">
        <xedHolmosKristen>lame</xedHolmosKristen>
      </dominiCzar>
    </hoerDenari>
    <infimaVinitor trowelsInkling="jaquimaRumperOceanic" aikido="amritTalterCoccus" packedDreaderWebworn="spuriusRushen" gepounUnmesh="swaverEpibolyCultism" tokesPilaus="mystify" keirs="laptop">
      <byrrus>balineEbrietyTollman</byrrus>
    </infimaVinitor>
    <acocotlAmli commiesHvy="249" lassu="cactal" nunnify="harnMoluchePenman" soggingManrope="mount">
      <kyah>masuIcky7404</kyah>
    </acocotlAmli>
    <grossoTweed>
      <spitsToriesDucat>entererEustacy</spitsToriesDucat>
      <devalue>
        <joinedOutkept>featousKrypton</joinedOutkept>
      </devalue>
      <kilnsTenured encasedFlugelGlime="remanetFinch" subsalt="7553970">
        <broigneLubricAcumen>faucalTempi1851</broigneLubricAcumen>
      </kilnsTenured>
    </grossoTweed>
  </startedDetrain>
</spumingGuhaynaHarriet>