<?xml version="1.0"?>
<dauphinWaddiesViper>
  <acieralSea privyFatcakeGraving="podsnapKluck128" nitpick="inneity" bodefulChuckie="latigosDesmanAnnexes">
    <timeliaMatzoth kaisersJasmone="perukedTermesLehmer">
      <vesper>drudgesPleader</vesper>
      <monialTeriannStempel spydom="secret" ischiumAliterBacalao="433133" buffy="thorpsSalixHumoral" sparelyNapesLethied="bowlinPlayactVakils">
        <menisePilled>stalked</menisePilled>
      </monialTeriannStempel>
      <haggerOutwearSolazzi attrite="340335" mazing="reredosElbowsSalable53">
        <dryfistAerobee>pleuronMacho</dryfistAerobee>
      </haggerOutwearSolazzi>
      <featlyTawerAtomic thumpedLysNapron="kames" infoForkmen="aysProwl">
        <casaunClingerIslamic>61258566</casaunClingerIslamic>
      </featlyTawerAtomic>
      <toherVert pascualBethels="gordiusRoxaneHayloft7" timelyOutpour="scheme">
        <dentinsUnweelHough>intitlePervialDiploma</dentinsUnweelHough>
      </toherVert>
      <dakotas rattishAnonym="queuing57" maureen="jarbleQuinizePhases" meio="spanedRecombLaid" boatlipModishKareau="skunksPoemsFumer8203">
        <hacker>lippedAxites</hacker>
      </dakotas>
      <demo>
        <bitmapCaker>badlyGnawsEwound</bitmapCaker>
      </demo>
      <niduliLallanGoeduck undenQuitelyFustily="perdusFreckle">
        <frisiiFlemishGibbus>tethers</frisiiFlemishGibbus>
      </niduliLallanGoeduck>
      <yea greggleKeeveTriton="haemalTuzzle" pleonalBribesThenad="panders" mysostsCurlilyBargees="furrySego9">
        <snaking>5084485</snaking>
      </yea>
    </timeliaMatzoth>
    <tendedTallis diaka="59972114" chicoAnesoneMassier="sinopisNewtake" nimietyOptant="ura7" prophetWarlockRetore="defacedFarded">
      <peise>respueSot</peise>
    </tendedTallis>
    <charnuDynamosMisaims>
      <skef>sorrenUnfurl</skef>
      <precureAdipose mensa="gruntle94" unvotedPerkierLulling="wigeonsArks7" periost="fummleDzerin">
        <condom>chitted414</condom>
      </precureAdipose>
      <viewersAnalavAbrosia genteel="skulls" guarrauFritts="towawayBooleys" ciboryRheumicNeet="planterAcyloinBillowy" vanadylCitolasUngross="dowly">
        <ensiledPippy>31653622</ensiledPippy>
      </viewersAnalavAbrosia>
      <sclent kickier="lentileProfane" faintedBulbule="1736380" beknaveStranySnibel="selBlier">
        <kokstadFeastVersion>showsEskuaraOthers</kokstadFeastVersion>
      </sclent>
      <turkicCurage teedleMirk="inneity1497">
        <mararieIntimas>crowersMianDiple</mararieIntimas>
      </turkicCurage>
      <mini cotwalReviver="holierCannatMarie" gestate="carisaDeckenMeader9" slubberBluey="treesEyrer">
        <wemlessBuretsSpud>979566</wemlessBuretsSpud>
      </mini>
    </charnuDynamosMisaims>
    <wearish>
      <gunned>pagrus</gunned>
    </wearish>
    <udish formateMbiraAnemic="cronian" tzitzis="73" barmfel="dimarisFoute8" unvoidMtgeQueens="bammingOblatSapping" gorgesEclogicImbued="7879885" paveed="rampierTowmont" amarineZoeform="seismRengueElisha187">
      <coaliteCriollo>3503</coaliteCriollo>
      <romanzaEquity widowed="besnowsEaux" lovable="1">
        <antonAlfinGoburra>surnameResays</antonAlfinGoburra>
      </romanzaEquity>
      <sueveOcotea toner="skiving">
        <taxyingTeatsTsktsk>plopBlamers</taxyingTeatsTsktsk>
      </sueveOcotea>
      <silosChatakaBegs othake="aspalax" tweakAwolOomiak="autocue" visions="ecch">
        <pearled>508566</pearled>
      </silosChatakaBegs>
      <diopter synaxarPiasExtorts="lucinaKadosMonkish" ugrian="speissSepsidCollab9">
        <sluffSeerpawPlaints>346729</sluffSeerpawPlaints>
      </diopter>
      <tossingPeeperLoury>
        <undustyRamaism>theclaTsuma</undustyRamaism>
      </tossingPeeperLoury>
      <dilogy kibitka="vaginalPadeye1" pangenHaywireHogyard="nestlerMalmierExocone">
        <unaisUrsulaSlacks>gyrallyEvenoo</unaisUrsulaSlacks>
      </dilogy>
    </udish>
    <caretsBungosSubra>
      <surly>mimeo</surly>
    </caretsBungosSubra>
    <lycOtotoi>
      <tumliPiquesMuskies>deploy6</tumliPiquesMuskies>
      <vendorsFated>
        <monera>cobbs</monera>
      </vendorsFated>
      <triolNaevi curiousBeakyHain="seniles" seamletPacketStolist="hirundoGleba">
        <overlayLynchOvoids>reaskButchaSeatang9294</overlayLynchOvoids>
      </triolNaevi>
      <apamaSalinasFacty doggie="chumarDakoityBott" athens="aroeiraDebase">
        <anthryl>9</anthryl>
      </apamaSalinasFacty>
      <tattiesQuesterArpen wriest="mingleThermalSeccos">
        <spadDhava>usagesValiMesonic</spadDhava>
      </tattiesQuesterArpen>
      <infelt turingBolusAtte="karakulUnzonedPargo">
        <impendRecarryWun>goon</impendRecarryWun>
      </infelt>
      <squeamyRicracs trifletRoyGrugous="pissoir2" vermilMrs="uniola" conicle="ashenGunboatEastlin" pprArmsize="mistimeCrafty">
        <hatrailAstintAbiosis>nobleCondemnCaelian587</hatrailAstintAbiosis>
      </squeamyRicracs>
      <isoSirraEnigua uvalSumpage="sracSorraTarrily">
        <wichtjeVacateTouting>glassed291</wichtjeVacateTouting>
      </isoSirraEnigua>
      <sawedFole>
        <bozineChulhaRebozo>chambreHaptens</bozineChulhaRebozo>
      </sawedFole>
      <bulbedLeamerElogium debitedEsses="newishPool" tamponCacaosAburban="62998653" axumiteJokiestApply="fayedApohyal830" flakerBerithRelaxes="807">
        <songkok>873179</songkok>
      </bulbedLeamerElogium>
      <taquaReformAwest siouanDove="1344962" usnea="diswarn">
        <respLentnerRory>dimnessRegill</respLentnerRory>
      </taquaReformAwest>
      <moreenDucato tilpah="ankushPayed" chihfuTitarLearner="zoism">
        <scrogie>monicaHotrodKeat</scrogie>
      </moreenDucato>
      <firkingSnathe spitzesCavea="godlilyScegger" momma="knubPharmicGobans" acetaryKhediveAvows="26860" carliAgogicBarring="amenageNavely">
        <albumIghly>stader</albumIghly>
      </firkingSnathe>
      <cortaroEnfant pearler="tumoredSoutaneAdurent555" catwalk="telei">
        <comr>217818</comr>
      </cortaroEnfant>
      <scrinPanaryYas deulBlether="9" upgrowPeorianSideway="unonaElfwort">
        <cymraegPurity>vistaedCymbalsSeity</cymraegPurity>
      </scrinPanaryYas>
      <amitEdda>
        <leftJanapum>ouncesIcierArnatta</leftJanapum>
      </amitEdda>
      <upshiftUswForever>
        <abyssSoaryCucujid>pondful904</abyssSoaryCucujid>
      </upshiftUswForever>
      <pinwing paddingCowanAmimia="tukulorMeedsDills" foldsConsistLogjam="tankieDarkies">
        <scenesMuffinPermits>raised</scenesMuffinPermits>
      </pinwing>
      <chaplinEarlobeOilman iambeGidgeeMonach="cindieBantam127" hairenGeoduckSkulk="gaddersHornier">
        <unbaleRayaCustode>astrDugoutsRasps</unbaleRayaCustode>
      </chaplinEarlobeOilman>
    </lycOtotoi>
    <libs dit="mesangePentite" auntly="sahidic">
      <witlingLupanarFlentes>haiks</witlingLupanarFlentes>
      <elvishRamageBedrid>
        <dextranAbasio>basokoVolumen</dextranAbasio>
      </elvishRamageBedrid>
      <quotes kashubeRenate="specsHuck" macduff="foppy5879">
        <touaregNazi>kyrial</touaregNazi>
      </quotes>
      <flaysXysts utopia="pinweedTannedPavans" unexactSurfers="paeoniaBeateeLaurin" coffee="sandia872" bloPedocal="imprimeCortonLesson">
        <asunderBalconyLetten>oraryMadroaCarpium</asunderBalconyLetten>
      </flaysXysts>
      <dugongPadouEngem swinge="waspilyShading4" filical="amateur" armfulsSuitingAprowl="hotchesAmmonia" lalangOffcutOilcups="warlordTwattleRoucou">
        <hinMeece>imputeStriga</hinMeece>
      </dugongPadouEngem>
      <urgence orthidPeabird="watched" belateAkia="9">
        <goshenMiscrop>plaquePoongee7</goshenMiscrop>
      </urgence>
      <griegeLaugheeJagrata radiansHappensPrimp="unbainSayerCadee" cossetsCiscos="yodleEmbassy" fozyShawing="ghastly" injoint="plunged">
        <rollerPhene>73</rollerPhene>
      </griegeLaugheeJagrata>
      <vage clacked="938530966" lirotNed="seconde">
        <winfred>parpen</winfred>
      </vage>
      <parraAmphora>
        <glamourPiffler>9730</glamourPiffler>
      </parraAmphora>
    </libs>
    <becurryEasedEggars caker="82846" pursersKeynote="overfedOutspin20" acacianShrame="99541940" corsac="moise6" suddensSoudansQuicker="890" megaradHunkySprats="fellestSynura">
      <trammieTimpana>azotous</trammieTimpana>
    </becurryEasedEggars>
    <unbrent>
      <ramsch>papaltyAbordFlnerie</ramsch>
      <reboilCattan>
        <pachisi>comd</pachisi>
      </reboilCattan>
      <bryonin tattoosDaredEruc="bylined5269" pilar="killow" cyclopeVises="conteck" ferlyLuce="6847">
        <bedye>smashesCafoyGleyde</bedye>
      </bryonin>
      <gauzilyAnuricCurragh crowdle="satraeRattans" swotterHuckleFay="chagomaTrick" followBugi="120">
        <crosseSongletCyan>clinchSartorShadkan</crosseSongletCyan>
      </gauzilyAnuricCurragh>
      <sitesEuscaro hardierOvergun="refacesZingani" comptly="54264" yawney="twinersGalyacs">
        <tombaksCunners>holmiaCherootSurette4</tombaksCunners>
      </sitesEuscaro>
      <lebesTruckle>
        <dangsDrained>epheticFole</dangsDrained>
      </lebesTruckle>
      <pedaledDecard batPapawFrumple="makingsWoolertCoxwain247" mollandHued="deplumeAvenaryHayrick" numbersFataleFatting="sunrose" toggles="639">
        <broaderChays>ogiveSystems</broaderChays>
      </pedaledDecard>
      <trogginBhavani gazelleCoved="knaveChewing3120" annetteDokhma="junglesHydroidCotwin" sulcarHatingKappie="vav74" glided="clouted">
        <bulling>nianticHard</bulling>
      </trogginBhavani>
      <deyntCoylySjaak amatingTabulae="recheatCeintOpah422" funginKiblahs="jivaAlerseFoussa" fleshes="685466">
        <recorkDisdain>mirzas8</recorkDisdain>
      </deyntCoylySjaak>
      <pottyFriths redbillSemper="striderSargo">
        <givin>cradleFpsps</givin>
      </pottyFriths>
      <chousRageous>
        <chahar>foliot</chahar>
      </chousRageous>
      <rabblesEtalon>
        <delaineGuara>piecenPorous</delaineGuara>
      </rabblesEtalon>
      <sceatObsedeMahout>
        <leisWashtub>kerning548</leisWashtub>
      </sceatObsedeMahout>
    </unbrent>
    <frizingCatlingSixgun>
      <perpend>bagiosMooth</perpend>
    </frizingCatlingSixgun>
    <astrutCleckOuakari minotTritNewsies="192647" remblai="334637851" malthus="viuva" unsteck="knez" inlawEludes="feerWeakens">
      <toaSatoriiMarita>sculpAcrity937</toaSatoriiMarita>
      <pontes>
        <molidae>96578</molidae>
      </pontes>
      <soniouHarbi blowierSwami="stilbumUpmount37" beauedCocciFulgide="overlay" massily="54263155">
        <evolvedTamoyo>48955713</evolvedTamoyo>
      </soniouHarbi>
      <ouvrage jardon="viewierCensors" tobySpahi="uppowocLevies" dap="sutoCyclersPoof">
        <inlandsJazzersCanchas>neebourTritoneRyepeck</inlandsJazzersCanchas>
      </ouvrage>
      <hootingSocager offwardSibiricHuthold="santimsHayedEmoter" backletSixsomeLateens="flodgeCorvus">
        <misweenMakahLanners>dogmeatFaconneYarded</misweenMakahLanners>
      </hootingSocager>
      <lobefinBehowlEucleid chaukWashier="dirled" brutusJourCukes="annelidCesta" prefPollistUnships="aumrieHaplomeClarre">
        <serapis>charpitMucoid</serapis>
      </lobefinBehowlEucleid>
      <caract sering="galenasStrickFuturo">
        <davyHarsh>chakram23</davyHarsh>
      </caract>
      <skullyCrouche twistleRegidorPelike="rancelBungsSent1">
        <dominee>770</dominee>
      </skullyCrouche>
      <abuse>
        <wokePinups>froeJelloidVicuda433</wokePinups>
      </abuse>
      <ephodsBibiri blastie="90641" blursAnywise="wangan" waverer="crimpleGuesser1" skywayUrsusAscents="musings">
        <fritSambur>sittineJoyleafSipapu</fritSambur>
      </ephodsBibiri>
      <vidame rickCoccyx="solans" rangler="fiancee" riblike="grissetWiseguy" deltaMimi="lencaPsize">
        <spryer>cantarFlauntThan</spryer>
      </vidame>
      <hippicAquilia baryte="71305">
        <vexing>aiming82</vexing>
      </hippicAquilia>
      <gauged>
        <genghisLascarsSaponi>vazimbaCotinga</genghisLascarsSaponi>
      </gauged>
      <quoteePintadoSendee shoranIsmailiIridial="chines" betonVibe="riskish" limpySemichaCapered="turquetRoboticExempli" zygalVerset="dancersChigoeEncore3">
        <loofieBetrothRumage>josieHydroidWoollen2899</loofieBetrothRumage>
      </quoteePintadoSendee>
    </astrutCleckOuakari>
    <unfilmUpspurtKabakas>
      <brujaUngillArrears>redos</brujaUngillArrears>
    </unfilmUpspurtKabakas>
    <matha>
      <ssortBajau>8647917</ssortBajau>
      <keffel>
        <chuhraDanae>calpacCafh</chuhraDanae>
      </keffel>
      <amenismDatisca>
        <asimina>dapperEparchsCsch</asimina>
      </amenismDatisca>
      <amicous idaeanWin="11440">
        <shagragCapetteTouzle>bedirtyFlitty</shagragCapetteTouzle>
      </amicous>
      <galeass>
        <magnifyDarks>90</magnifyDarks>
      </galeass>
      <baulksPop jakey="toeaBulkin" replumHardim="845253" kelownaAerobus="222264">
        <armourNucleal>joistsTackerCruller6410</armourNucleal>
      </baulksPop>
      <amraArising>
        <strepAppalRecons>jimSanit</strepAppalRecons>
      </amraArising>
      <sextetSneeze twaiteNeuralGedd="moundOctect" wingCort="3146" thymusOkehsOversum="guhaynaTropine" technic="403542">
        <militiaPigfish>porrigoAuld</militiaPigfish>
      </sextetSneeze>
      <regrantKvas ninonsRhetor="askanceRehideWrench" grotto="menteryWilkin" inseerBoogers="albuca13" serpensSaving="feezesTramcar">
        <sofasCathopStands>amboina</sofasCathopStands>
      </regrantKvas>
      <saharaFer kalpis="quiffsFriborgPredeny4" goldarnSummae="bellowSaphenaBestuur">
        <cuddles>litchiCocains</cuddles>
      </saharaFer>
      <hyposBackus cohornFrenghiWarty="foleyeCopaTogas" osseterLordletDolt="coronaeGroynes" brodGrumblyCocoon="pesky">
        <dodoesStationLooping>lease</dodoesStationLooping>
      </hyposBackus>
      <guywire shicer="lorariiMammeaGlobule" doggieSundewArenig="522770358">
        <ogaireScrobeYangtao>28</ogaireScrobeYangtao>
      </guywire>
    </matha>
    <bassos>
      <puntalCentrex>8</puntalCentrex>
    </bassos>
    <agatySugan asteepRavagerQui="gadlingDatos63" craddy="runerWigfulRehoop50" biblosRichdom="citrinRampish" jaggsLynch="arbitrePhonemeNitros" begoSenesce="612">
      <tonguyBren>repace2</tonguyBren>
    </agatySugan>
    <fetis>
      <salmisKibla>quis</salmisKibla>
    </fetis>
    <pummice>
      <grivna>685418</grivna>
    </pummice>
    <fobbingAlmudCill>
      <paqueBenzole>roller</paqueBenzole>
      <cypresDubb kiokoMohabat="braPhytase">
        <dresden>60485961</dresden>
      </cypresDubb>
      <hoheChol amidist="reliveShelveBaalize" curshipRugae="vomitoKnotter" foehn="duchessMaile" abattueChahars="naish">
        <simpled>ekerite45</simpled>
      </hoheChol>
      <outplodNippyThraw>
        <elemol>migrantDeroutUnmeedy49</elemol>
      </outplodNippyThraw>
      <inuresKebExam>
        <digamyPrutThereon>90</digamyPrutThereon>
      </inuresKebExam>
      <truckleMinter shikraBalian="tipree" euphuesOaves="opencutPecanJugate">
        <dungyMaddled>caviesPiottyCourt</dungyMaddled>
      </truckleMinter>
      <rajahKetoticIleal squint="jaunerMadridAngelet3610" snithyCrumpGoloka="plumbetMouthBarlow23" isopyre="chassedApprend">
        <bunts>36</bunts>
      </rajahKetoticIleal>
      <pukekoSprongFath aprowlCobCyclopy="yelledSultanaLoosely">
        <fulfillAtteal>5</fulfillAtteal>
      </pukekoSprongFath>
      <flogger siperGaseous="gabbaisBrassedHeder">
        <upmastLauryDarned>berk</upmastLauryDarned>
      </flogger>
      <unburlyMuntinsAnils enmoveSamoa="845077" becomma="saltateJingbai" meatmanFurdelPudsy="kineticSinglyOuttake">
        <glochidArisaidShopboy>dulcets</glochidArisaidShopboy>
      </unburlyMuntinsAnils>
    </fobbingAlmudCill>
    <misate genoaToothTreetop="cleech" noggingDamperStylite="rebudGris" pottleTaxemeRanters="incipitChyackWernard" debugVigoneOberon="cop" tinmanSneckedJoes="secederArablePlatery" cessionCaddish="dinsPoutingCumulus" fatihah="muriel5919">
      <varioleZimmy>pitless</varioleZimmy>
      <fuggy unshentSploitSestian="paviour" gambitsFormatsEbcasc="woadyNoticesUnnaive">
        <lasi>copprasHumhumDrailed</lasi>
      </fuggy>
      <quinticDulseForel hushfulTockGinkgo="50" ramoseBeearnMinyan="recideBrith" solonicBowlePosthoc="peridotSleidedRhila">
        <drowsesXyphoid>reheteNeweltyBibbler</drowsesXyphoid>
      </quinticDulseForel>
      <savingsKoppiteFlooded piasavaShovel="38799624" foderCedis="culotteCuboidsSeamed" etiquet="mudfishScorned">
        <agrestWestsTinea>letchesRecart122</agrestWestsTinea>
      </savingsKoppiteFlooded>
      <bureSeavy safawidChudder="misease" cohead="spreath" scupperBokark="weiners">
        <blastyUnmewsSixth>pervade</blastyUnmewsSixth>
      </bureSeavy>
      <cml muffleTanningSpilus="3363" rings="wiledUnawayDimble" bestore="redder9683">
        <etuvee>toisechApes</etuvee>
      </cml>
      <acerli groteAbigei="8" voluteArake="upped">
        <series>querlOriels</series>
      </acerli>
      <pycniteTem aldaminCotulaBattels="barekaOtidaePlbroch615" helpPommery="cashingLuesSyconus391" abnakiPianetPiastre="uveiticUnalarm">
        <featsProkerAldoses>220863929</featsProkerAldoses>
      </pycniteTem>
      <edgiestHaltingPuking amine="peltersVermesCedis" cultchAnanism="batisteDacusTelfer" twattle="thiasusAtolls5">
        <bewweptNaibFlect>magaGainageRemint</bewweptNaibFlect>
      </edgiestHaltingPuking>
    </misate>
  </acieralSea>
  <fleshLyfkieSwagger bitedSdumpWierd="skellum" sothsIntisy="5006822">
    <beastly>
      <surviseKeddahsDeckle>calkProle</surviseKeddahsDeckle>
      <jetty rehete="unclifyOutbond" seculumEmerickTotaled="35221" betsXylosesRiptide="astrid" cordalDolente="reputedKnesset7391">
        <jetportReguli>plonks</jetportReguli>
      </jetty>
      <unclot munsee="tossily" repastDungerOutlive="aix">
        <mowch>planetFoxieHydnora</mowch>
      </unclot>
      <puszta objscanLeysingPlasome="728" brantaSinifyFilippi="railwayRites" guaiolOutsung="maya63" baniSopites="klippenCobalt">
        <shamashKillKantar>49715173</shamashKillKantar>
      </puszta>
      <mijl yearockFoundry="zebus">
        <boobiesMethylNuclein>216995153</boobiesMethylNuclein>
      </mijl>
      <grimmiaTunketEider jarmoBezoars="dooliePicoPalatia">
        <tolylFiascosZabaism>kilnmanDeesisTideway64</tolylFiascosZabaism>
      </grimmiaTunketEider>
      <groansBoleiteExocone neifs="papeOliveanAffrays6067" plunked="crunchyUnlit" booedAurigo="683532759" dialed="rammerQuashy">
        <permuteUnmanHydnum>glad</permuteUnmanHydnum>
      </groansBoleiteExocone>
      <butat demirep="isamine7" sniddleCankersSimas="midironFrancicDenuded" gashes="scumbleManton">
        <hustlerEnzooty>gard</hustlerEnzooty>
      </butat>
      <estocs>
        <kindleFlerry>1291151</kindleFlerry>
      </estocs>
      <rabfakCounterRaif moreen="shallGypster" speary="kamichiTwire" testGulleryDuper="efforceDoterScarab" dolcino="pariahGyeEmbase5516">
        <stoopLuggarVolvox>352</stoopLuggarVolvox>
      </rabfakCounterRaif>
      <garava connersFoliousWeiner="alpisteOctoad" ndoderm="parlorsRammel" bespewSteads="54560" almose="bumpeeTendantCarabao79">
        <mallusCadmeanPks>ethalDoghood</mallusCadmeanPks>
      </garava>
      <grillyColterGlozing mortify="sidheJacateHyloist" irk="parerSpinuleOutrage" tudorBeclangBarked="dilli">
        <colyumJordenSymptom>poisonsTrismus</colyumJordenSymptom>
      </grillyColterGlozing>
      <townees tartarsNet="guzzlerCuratesTrapped" taverNipping="broosConkDrooper" gudBrasse="leghorn" filths="hoaryBedunce6880">
        <postedCheir>biotron</postedCheir>
      </townees>
      <yechyEdiya clerksScuffleTheirn="defacesRaddlesPyrexia" nimshiAnesis="votes" pareticOctavosBracery="gangwaTonics" uptore="palmaryVehme">
        <baalsAnatoly>eboe</baalsAnatoly>
      </yechyEdiya>
    </beastly>
    <myalismDuringTooths bawds="87253375" recooksSphalma="wingle" sweetHassleDvornik="90833" whilieBossing="augustaBody" dampensFordone="rennins">
      <gobyReifiesRetell>spaedomBrims</gobyReifiesRetell>
      <haptereMegilp matzo="secretoCanalla">
        <wombedTangka>edictsVotary</wombedTangka>
      </haptereMegilp>
      <nonylicFlaps hankedCoyol="sinopisMulley">
        <harminsNarcs>glycyls</harminsNarcs>
      </nonylicFlaps>
      <mussuk thwaite="mabaSqualmPorch" pears="bittiumSemiapeDarkie" carlist="sweeperTritCraye">
        <mutaBingies>259312</mutaBingies>
      </mussuk>
      <janapanDuhatDrumly tommedBigam="907597930">
        <gramaryWillowsPrn>childedUnkissSentine42</gramaryWillowsPrn>
      </janapanDuhatDrumly>
      <kabikisUnplumb checkup="bessyBewiredGenitor" lichensSile="wachnaDobbin" sneakyTafias="outslidDogmenMisstay" dintingUveitisBedlam="torten">
        <chabukPlucheaCufic>latents</chabukPlucheaCufic>
      </kabikisUnplumb>
      <lobcokt aboradTendingSartors="sandan">
        <fellest>mopanFreckedReguli</fellest>
      </lobcokt>
      <lyses molle="jugular">
        <magnumDopsterLambed>queAtiltSwats</magnumDopsterLambed>
      </lyses>
    </myalismDuringTooths>
    <golfs swoundBaalismLequear="kalinga" lacuna="gateauWanglesSummers">
      <indazolAmbeerCarity>pisay</indazolAmbeerCarity>
    </golfs>
    <abkariJaina>
      <raveryKoff>ludwigEmpathy6</raveryKoff>
    </abkariJaina>
    <diotiDestrerSteamy bhatMixy="scarcenGalaGambian8267" retentUnchary="8083" eikonVinosLoka="chikara">
      <palliesOnagers>townGongedWhomble</palliesOnagers>
    </diotiDestrerSteamy>
    <aucubaKatanaLycium>
      <upsway>siliceaTelMenthyl</upsway>
    </aucubaKatanaLycium>
    <peevers silexesMiauw="cantelChiderMelpell" bahamaEating="biodyne962" reglair="cinchesBecomedTittup">
      <wappato>mewlsThrushTuck</wappato>
    </peevers>
    <saughTriduumShouter>
      <purlsPurely>welshyOddlyVahana</purlsPurely>
    </saughTriduumShouter>
    <hippleEnsafeAmasta>
      <oesIridizeHopper>bidentMogoteTansies</oesIridizeHopper>
      <zanilyCoalbag harrowsFingallJoined="netop" wuzzyRiffianCribble="588422">
        <evolverAssailsConsign>unshipsWongskyAutomen</evolverAssailsConsign>
      </zanilyCoalbag>
      <unca bepunAuthorsCompels="aldusBungaOkuari" alanBurdieForerun="hashesAgamisIraqian3" reviser="spannerBozaGalv7" cevenolAwe="8">
        <nyoro>38</nyoro>
      </unca>
    </hippleEnsafeAmasta>
    <petlingPecite alltud="joebush" dizaineMoundyImaums="medidii" datedlyAuleteWried="incage" runtier="vaseGularisBaton">
      <uproad>valiant102</uproad>
    </petlingPecite>
    <vampeyLosers>
      <wenchMetisJizyah>horahs</wenchMetisJizyah>
      <demandRubeletSouse>
        <fumousDivertsVrouw>adorner</fumousDivertsVrouw>
      </demandRubeletSouse>
      <plumeryStintyRebelly pilerMizzly="nutted" ilesite="shots522" chestsEraTabbis="ferioChiels">
        <suppl>abunaWey52</suppl>
      </plumeryStintyRebelly>
      <nambyAirship unnovelAwacsCanton="alismal" whank="blightDerbies" capesFeest="turndun" howks="gainsetVibrionKoppen1242">
        <writherMesquin>barishDimeter</writherMesquin>
      </nambyAirship>
      <mellay>
        <vaudismFeatest>apertumAdhibitFiducia61</vaudismFeatest>
      </mellay>
      <painsScalperBuxeous nomnem="166572" beganiYogi="fageDepaintWoady">
        <unscrew>husheen</unscrew>
      </painsScalperBuxeous>
      <mismark grouchNavels="affectAssizedKeleh" cordelTrainy="crowed" hapaxSpoors="quantsWastelOralist">
        <alumnal>83</alumnal>
      </mismark>
      <sergesCogboatTriketo wingyGimped="infamy" detacheChebog="2448912">
        <pilikaiSudd>subfiefCantingSignal985</pilikaiSudd>
      </sergesCogboatTriketo>
      <finallyLeviner shinedRepped="trogueSiffleSeries" limosa="51" pruners="lookerCortesKulmet">
        <hogmane>dibbing</hogmane>
      </finallyLeviner>
      <yonnie wadmeal="tendidoPeghSpumes794" splicesOllamhDoe="tinted" roosed="obligerXxivUnsatin" todditeUpgrow="97407">
        <amilCowhand>nicotin</amilCowhand>
      </yonnie>
      <triton resignsPorkin="gurjanSesamesNouns" deuceUnbeastDegorge="hircicGuitar" concGowanLinkmen="alarms" mullahsDigraphAmylon="inkier">
        <astre>guanBurge</astre>
      </triton>
    </vampeyLosers>
    <anuransMfdOutrib catchup="inswellBuckeen" wattsTaplashKurvey="cobbedPlattenFireman" protectSendals="4798069" regius="cains283" tipreeDizzily="munj" plassBolide="flusher">
      <tamureDour>9</tamureDour>
      <marchetMastmenCrizzel dimatis="tyronicPredine7109" breba="incaicMarcs9">
        <dar>ctn</dar>
      </marchetMastmenCrizzel>
      <misdrew basaltTorydomMoan="592488">
        <dtsetOreganoCoble>mugientStreyneGisel</dtsetOreganoCoble>
      </misdrew>
      <brazaScindIntoned>
        <ripgutPristisVyase>89</ripgutPristisVyase>
      </brazaScindIntoned>
      <growthyTwins liasTebbad="sicks" looneryBirchesVeloce="8911021">
        <wezen>nipping</wezen>
      </growthyTwins>
      <anogra upwhelmLoaming="bergamo" skivyCanepinAdapter="paloloMingieNerved" pedatedVahine="468116" cyanoVeen="swidgeWawa6924">
        <smearerDawdler>subtendKakapo17</smearerDawdler>
      </anogra>
      <unguealPoteUrd urohyalGash="ansiBeelol" prutot="oronokoMiek">
        <regosolFloreta>scoriae</regosolFloreta>
      </unguealPoteUrd>
      <cyanoseLanioidWatchet leadedEctaticMinimus="skyreBoddleHydra" yobboMoodir="durgenQuintad">
        <shinierPaludicSlew>stalelyGlebousDemarks</shinierPaludicSlew>
      </cyanoseLanioidWatchet>
      <nonfatTouched labanArriDeutzia="peeryGrins" awiggle="amydonTalishiAustric" huntersSubgodSpectra="sheened" bobsEncashGox="mudlark">
        <dinitroIngraveEvelyn>orellinVerineRash</dinitroIngraveEvelyn>
      </nonfatTouched>
      <oxyphilAdd staringVersingSexfoil="hydromeUnmarch" dickyBerm="105175944" displayTurtosaSmeeked="carwash" appalsMullsLingoum="overden7588">
        <weaner>vacual</weaner>
      </oxyphilAdd>
    </anuransMfdOutrib>
    <snerpDutcherPaltock antis="blench" concealRattishHunts="ainhumNauntle" stagnum="injectPetkinsAlur7">
      <snoozesIttria>758203853</snoozesIttria>
    </snerpDutcherPaltock>
    <shendsPremed tantiOenolin="shreeKelter8" nepote="manul" halmsWoteAnan="aspisWakaCholane7">
      <tatooOrdainMandrin>5446</tatooOrdainMandrin>
      <eupione lightlyAmar="foggingBobbles" sperpleSomeday="lousier">
        <monel>lemmonStatist</monel>
      </eupione>
      <durzadaLinseys>
        <jinjaCafesGlor>lummoxLibbingMuladi3</jinjaCafesGlor>
      </durzadaLinseys>
      <greeAmenitePicuda mogadorCanQtr="prahmWangheeNoosers78">
        <waitSpoornIrades>957173</waitSpoornIrades>
      </greeAmenitePicuda>
      <racons arzunSime="barony" berainFerly="phorateGelatin7" failsArteriaMonotic="stripe" idlishEntoire="175709">
        <bangaLophineIsaiah>equerryLackersBoniata</bangaLophineIsaiah>
      </racons>
      <pertishCrookleAeolis>
        <aghaArabMockish>winrow54</aghaArabMockish>
      </pertishCrookleAeolis>
      <turco tanwood="klaudiaEroteme" nappierUnrazedEuskera="kissel">
        <termersFarleyBaybolt>35</termersFarleyBaybolt>
      </turco>
      <bojoOptimalGaslit>
        <gessoRazzed>styxGayness345</gessoRazzed>
      </bojoOptimalGaslit>
      <herns sumach="quizzy" dogship="comptieSnark" bugeyes="unriper" asserve="774738405">
        <bebloodPitons>grubs</bebloodPitons>
      </herns>
      <lockjawAckeys repope="indoleSkiversAppend764" opplete="eyed9" hexoneBadmenYagis="riserva">
        <cotes>95240</cotes>
      </lockjawAckeys>
      <crater arnotta="athriveGaulHoggie5" open="unwanSlammedCreasol" punlessHuddleNazism="6943764" mouzahDracoDoted="2532515">
        <arangaUralium>tunuScrivesReynard</arangaUralium>
      </crater>
      <lividlyTurkism>
        <shankMusicryYerva>9009254</shankMusicryYerva>
      </lividlyTurkism>
      <occurOutform ligatesMinimus="curaghs">
        <disfameSithesScripts>1</disfameSithesScripts>
      </occurOutform>
      <cultCoreboxFurlane tartroKogiaRigs="snyedYawnfulAlebion5" psocidsSavoredCrayons="bipacksInkshed" awned="hardieRillowFerlied5659">
        <uva>inclaspPungsSorners516</uva>
      </cultCoreboxFurlane>
      <torusesLeeredTrudgen elapineBoweredProofy="unlaw" boded="tippers">
        <staddaVulvas>tyloma</staddaVulvas>
      </torusesLeeredTrudgen>
      <codicesSkullsDivided litarge="feastsWaymate" ciaAspca="eyre" camerae="haplyTypikaUnwrite">
        <queet>rocklayAmoebaeEmbowed</queet>
      </codicesSkullsDivided>
      <pleuronAlantin yammerDex="flubbed" urateComdr="1085" sirmarkPommel="specusPythium">
        <serauHyades>atlasGyves</serauHyades>
      </pleuronAlantin>
      <styletsLeaden>
        <fleer>arniScrubBatboy</fleer>
      </styletsLeaden>
      <tiercelShauled reubJarring="adelaBulimia" alaric="yesterEurus">
        <yotSambulAzofy>curveySighedBardes</yotSambulAzofy>
      </tiercelShauled>
      <blazonUgandanRoodles brevis="unsayBewormPecunia" oboist="274184701" laicalDereRummle="64913" ablesse="untineHackees">
        <oustsMumBuriers>lordoma</oustsMumBuriers>
      </blazonUgandanRoodles>
    </shendsPremed>
    <criollaOwenia>
      <dogfootDavits>bemercyPebbles</dogfootDavits>
    </criollaOwenia>
    <eggsAnklong>
      <neossinSpelunk>senusiKohuaMichel</neossinSpelunk>
    </eggsAnklong>
    <biplaceTrangamShastan>
      <heidi>358</heidi>
    </biplaceTrangamShastan>
  </fleshLyfkieSwagger>
  <lamishCootyAsquare charukGoofing="koumisHondo" washway="tattyHuggery" evoe="punt" />
  <upsyLessensErythea barmfel="mazardsUlcers3" alkideHohnExpugn="205705309" changSmicker="brid">
    <hughesHarass pauserRuingAgaty="zak" gelongMedula="246" unbegotFurandi="elegize" naucrarCepheid="corinthBrushup" hugger="galaxyTeazel" gamelinPodexYodled="ranidsDonskyBlimps" bakeoutSnacked="stiriaHippos291">
      <prick>pyransMockery</prick>
    </hughesHarass>
    <ridingDeckedHonzo untread="throned" effuseWaefulComing="flavedoImperia54" namerDuroyCytinus="lamium" messire="pulloutAnabiaDullish" edgiestWawaRubbled="58" bawleyCimaiseCents="meridaSagumMouch598" medleysBeggary="uloidMedleys">
      <triplaGenicFlasker>85</triplaGenicFlasker>
    </ridingDeckedHonzo>
    <toluidoDemiox>
      <baboolEllingUpsit>pulyQuisby</baboolEllingUpsit>
      <rebsCathop overwon="roric162">
        <frillyLiftboy>4</frillyLiftboy>
      </rebsCathop>
      <desaltGollandGymel jesting="hoarded" hatel="withyPimpleShams" scaredColoury="canions">
        <pudderBushwas>6408</pudderBushwas>
      </desaltGollandGymel>
      <calahanAurir misesYashmac="amusgoMercers">
        <kirsch>takahes536</kirsch>
      </calahanAurir>
      <mastabaParaphs gravelTaurean="turnelEggarsPurged">
        <napalmsAngevin>boaganeArainWitchet3</napalmsAngevin>
      </mastabaParaphs>
      <tntReviled tomeful="89980083" sartors="machilaElderly" poi="299242779">
        <dhobiArupaFlated>callateSagitalForb</dhobiArupaFlated>
      </tntReviled>
      <shrived stasisMiry="cusser" cowlitzMididaeProbes="salepsHeadsetLotah" woolderMullid="stacherGalilee">
        <crinidLingulaInverse>hewedAcerliWagling</crinidLingulaInverse>
      </shrived>
      <mercerAbogado basinetNaperyCreance="116" asta="unfelt19">
        <acetiamJigging>fliskyColline</acetiamJigging>
      </mercerAbogado>
      <germierPiaroa apaise="aeaeanAdusk" begMarmion="baulkySpt" sylvia="staphRiffsBatlet18" howelKyke="vifdaHugginRuntish2">
        <plonksFerren>11588611</plonksFerren>
      </germierPiaroa>
      <mappilaMarrotCembalo bedsore="enactorShamus" roset="maidism" recheer="creolin">
        <robbin>melesDryadsMetals</robbin>
      </mappilaMarrotCembalo>
    </toluidoDemiox>
    <stoogeBuyerTrotyls>
      <brose>charpaiBirota</brose>
      <kalisCoveysCusso fenders="gebbie" youdWappo="acuterSala">
        <greeingBorings>3891</greeingBorings>
      </kalisCoveysCusso>
      <ornateBalize verdins="unslyly34" pedial="tresche896" nast="591">
        <labite>99</labite>
      </ornateBalize>
      <arankLunarOstler>
        <unflat>9754</unflat>
      </arankLunarOstler>
      <ingangs kensIguanaSurges="dreidlsNoah" iwurcheTraceTamburs="ecologySquaddyOnless" cebur="reeveDistadResizes54">
        <oilsShaderHoovey>torrDaphnia</oilsShaderHoovey>
      </ingangs>
      <inbyeCaribSudsman>
        <botFolie>744303</botFolie>
      </inbyeCaribSudsman>
    </stoogeBuyerTrotyls>
    <azoxyIodism ausuboDhuLurry="coosifyHarishSwells792" wallabyStengEstafet="wopsy" solpugaTeacupPattoo="unaskedSorrel">
      <fishing>88</fishing>
    </azoxyIodism>
    <unitageVampeyCindie>
      <pipilGonitis>45551377</pipilGonitis>
      <malayaFodders hoickedUmbrate="bilkingJambeCashoo29" larkyPsalmsAnagogy="84" trijetsPandal="2" outleap="5723147">
        <tacetPsoas>ganefsWoodmenFilemot</tacetPsoas>
      </malayaFodders>
      <hansardCreasotAcrogen bpiCoteenLinkers="58687334" vrbaiteSchlepsMondes="oddsmanGraveEdgiest" prorumpCosted="dinkies">
        <glyph>avocetNarineSaint38</glyph>
      </hansardCreasotAcrogen>
      <culver jeany="judcockSipShangy" forbidsPapulae="insame">
        <odylic>ifsRestateZarebas</odylic>
      </culver>
      <burred harksAwest="burrerAdonite" heteroUncapedFeuing="collumSoph" ballots="azraelUlceredUpblast" scintilYaup="6179">
        <ologyBrowd>verrugaPulersFavel5114</ologyBrowd>
      </burred>
      <ciseleBalonApolog koilEveneAdipic="cooty" tardy="jewingSirpoonCrankum" suidianNob="limbate" cocketUnmakerKnappan="deleingPastelsEvenly4">
        <shyishSuitorsLidgate>80087</shyishSuitorsLidgate>
      </ciseleBalonApolog>
      <fungin dibbledThibleHam="trey3" otarianMomist="palaced" slimJudasSpored="scupperBossboy6482">
        <dosainRewroteTalaria>asgdHornie</dosainRewroteTalaria>
      </fungin>
      <butenesMispensBps>
        <hunchetPhonateDeskill>6569597</hunchetPhonateDeskill>
      </butenesMispensBps>
      <vereyInweed embaysTibTrioxid="hangulPlanont5611" ampulAdepsVivific="ibidine" alphos="jerkiesCodeinsArabian">
        <tonicGhazis>cainguaLibatedRasour</tonicGhazis>
      </vereyInweed>
    </unitageVampeyCindie>
    <heuchs>
      <pauser>varlets</pauser>
      <ladingsDoatingSloke wedels="4368404">
        <onwardsFadaise>clankumFarced</onwardsFadaise>
      </ladingsDoatingSloke>
      <cramboEros loriletLikensVacant="basongoMoujik" prosishShpt="deis451" lamiger="micelle" arroyosShahidJyngine="basaltsCapablyBolo">
        <dextroOdelScuddle>intuits87</dextroOdelScuddle>
      </cramboEros>
      <linternMussuckGoofier goodbyGoladarHexing="priorAlbertaIgitur150" ekteneAlcyon="cooeysBoxer8389" hitPrabble="dearestPurusha" mouseryOink="malakinSirmian">
        <seedageVoicing>lickedSpender</seedageVoicing>
      </linternMussuckGoofier>
      <orthisKernes fizzersBehoove="whirredPatucaYouths">
        <boccaroOons>131265558</boccaroOons>
      </orthisKernes>
      <byeriteMedium joyantReglowsParol="cupeledYeeuch86">
        <sitkanBebrave>7180</sitkanBebrave>
      </byeriteMedium>
      <fattyAmuser gawkily="2" recklaEvans="befumeOmnes" tempeBegums="tegeanJerbil493">
        <wanmolSelects>skyphoiPryse</wanmolSelects>
      </fattyAmuser>
      <twiggenFrib iridiumBerri="pholad" deerletKyrial="volataUntwinePoligar">
        <nieceSabbing>perperaMissionFardage2</nieceSabbing>
      </twiggenFrib>
    </heuchs>
    <rematchMorceau solunarCorachPotherb="274069745" fescue="hapuku" loomNeascusSkemmel="hexadeGantletWarundi" eldsJeon="prosalRatted">
      <porger>unhurtScorchOrisons751</porger>
      <slatchHoker bustiRiveret="unbroadTenutiLargos">
        <silages>neutronPulledBetear</silages>
      </slatchHoker>
      <stemma rantize="chesounLoggiaPlural50" dultGasbags="haycapRestore" fishify="wringleViolinaGallah">
        <adfixAmebic>crumbleAntigay6</adfixAmebic>
      </stemma>
      <sunsetsKnollerUpcheer franker="inarmRettorn" mendigoPuds="personAdapter" prewarmCorkierPromit="887">
        <agalmaMannite>brissDurablyCashbox</agalmaMannite>
      </sunsetsKnollerUpcheer>
      <lairdie bezazz="snowedLocklet" spyrosTawn="erucinAshot" haydn="balineSamoyedUphroes">
        <kitysolTinsels>curCubera</kitysolTinsels>
      </lairdie>
      <ikhwanDefeatsMossie enemied="9411038">
        <varas>355774</varas>
      </ikhwanDefeatsMossie>
      <citolaDwarves bebleed="uplakeSpiraeaPadlock" meseems="7146" warsle="scytheSquintsAla">
        <shikkerFrownForced>259</shikkerFrownForced>
      </citolaDwarves>
      <ganyieHumored alviteParters="opalizeQuiffs" fantast="phaseunUndeanSclaw">
        <unfadedBanlieu>mascotsCtr</unfadedBanlieu>
      </ganyieHumored>
      <introSpideryFacks highman="30674089" campane="gemaric" kodakry="taysmmOchymy" ommateaPimlico="mayerCaratch">
        <ragshagShoaler>diceSardanaImpeded</ragshagShoaler>
      </introSpideryFacks>
      <iserite paviserCreelsDielec="34906" biverb="708614" dogsledSummateMugweed="tridii" persisCueca="484254">
        <liardTrowman>dassentShishamGeiger6</liardTrowman>
      </iserite>
    </rematchMorceau>
    <lotus jeepEugeFame="rearrayNebule" whoeverEyresSmush="peroticSpawnsBailie" emrodeGuttersChoses="15" uplong="gearsetSpiler" snumBelandaArghel="mislain" arabineSmoteHwa="geneatPetoRooti8916">
      <ropingBowers>coeOrdain</ropingBowers>
    </lotus>
    <fumadosRoche boarishGagglesOverfat="briosCalumet1">
      <facebow>punktRedound88</facebow>
    </fumadosRoche>
    <bandman greInadeptRiposts="backbit" leesHoof="rolfeStarny" lattens="mikron">
      <oakwoodNastikaSazen>106234</oakwoodNastikaSazen>
      <fucked adetOssetHagmane="pimenta" vomits="khet" unposed="jiggledRudge">
        <oime>7</oime>
      </fucked>
      <phenolsMatsueStaunch>
        <cadbaitEstrinWiver>sixmoNeolithAmenism7000</cadbaitEstrinWiver>
      </phenolsMatsueStaunch>
      <chasid mutchHexylsUpdove="blueSinopis" cucaRishi="1679310">
        <braiderYardful>duxDamine7</braiderYardful>
      </chasid>
      <reekierBraiesBesaile unpenPibrochSongle="coatieGhylls111" essedaCamaron="candiesChassPosture241" dautingHealingCarline="babaiTrionyxRazor" nod="uptillDiss208">
        <reifyAlochiaKnives>whats</reifyAlochiaKnives>
      </reekierBraiesBesaile>
      <pennantDenarFleams>
        <dimmingGoof>abbesRattrap</dimmingGoof>
      </pennantDenarFleams>
      <thanaSateen rumor="reitbokHearersAlew" piraty="temseStoon">
        <staterAudionDorbel>2</staterAudionDorbel>
      </thanaSateen>
      <neurismPtoses liamba="gimpsGallAborad">
        <hackee>nyayaCreamy</hackee>
      </neurismPtoses>
    </bandman>
    <ressalaCodonsKubanka>
      <floc>complexPleaTethers</floc>
    </ressalaCodonsKubanka>
    <detenteBagonet>
      <prooSaccadeCaingin>54613</prooSaccadeCaingin>
      <facadesHawmRecooks ethosJinniEponymy="giterne" narcism="eyeing" scryerSkippelAreng="surreysTenutiKaraya" veduis="9732">
        <enteron>chouseTropin</enteron>
      </facadesHawmRecooks>
      <coochKeelieLerret>
        <sellaryWryneckEarthy>tungaUglifyGummed9</sellaryWryneckEarthy>
      </coochKeelieLerret>
      <browstSpells hurlers="kojangAngrilyBlouse" inlineRaggle="tractsPuyTemblor63" manettiTollmenHottery="buyouts" coppinMerchetAdermin="aperSearceDollie">
        <nutatedTuyeresClimb>resold</nutatedTuyeresClimb>
      </browstSpells>
      <epuloidFucosesOilmen forgedTorcel="105" eryopidAbacaxiBlamers="scyphusInbody">
        <bothersBebayBonity>kiutleWisCohol</bothersBebayBonity>
      </epuloidFucosesOilmen>
      <couthsIlokoMaranao>
        <poussePechayHenen>warnissAlaTaluto456</poussePechayHenen>
      </couthsIlokoMaranao>
      <stearylSamiri pertuse="tougherBesinInjoin" urusesYounkerSubdebs="796135">
        <voodooCoup>quais1</voodooCoup>
      </stearylSamiri>
      <mandyiFungian etrogim="hangdogWaicuriSpiks">
        <epigneMidgesFinally>taxideaRimrockBruja6</epigneMidgesFinally>
      </mandyiFungian>
      <rybatLoweiteAvijja detiCaver="bosnJewyCaroba" hantingFussedGadman="voterPangane">
        <razorsFeods>skyphoi1914</razorsFeods>
      </rybatLoweiteAvijja>
      <outbledCowpats nitersBurgallMesquin="cobcabSoddite" crombec="5969">
        <djellabEmpestRectors>ambon</djellabEmpestRectors>
      </outbledCowpats>
      <entwine tastierUntasty="usurerAnnum67" abreast="archiveYoghurtRinds" outpopGagmanDawned="swureThrummyTradal" mesalTossThy="wardageTune">
        <dhaTogata>gurlSociol</dhaTogata>
      </entwine>
      <sakulyaDobuleHears flotsan="pillingYoven" sirop="contest" dingedDaciteMesopic="crimini3">
        <basses>170934302</basses>
      </sakulyaDobuleHears>
      <hildingPekanUpbelt>
        <prothylJaponic>stirredGlazy</prothylJaponic>
      </hildingPekanUpbelt>
      <bucklumUredial uppowocInjures="murkQuickenPuppily8" mahuang="steenthWhappet">
        <sidia>daintHowdiesSawlike</sidia>
      </bucklumUredial>
      <subst>
        <peelsFeuds>dermAltroseSconces</peelsFeuds>
      </subst>
      <noechoSynErnest jibboom="teenty" shawneeKeckles="mumbled" amusgoWalachAhey="netlikeSandboy">
        <natuaryAuxinsGenys>moralerDirhamsKnars</natuaryAuxinsGenys>
      </noechoSynErnest>
    </detenteBagonet>
    <spinetsBemoatEmusify juttedRangale="armrestExsolve" bepride="remixFoetorsZaniest" snugglyHydrulaMarkhor="50" highboyPhenol="berbersTimidly" alazor="thousCalfishCyclic" aloofe="dossedAdverbsDrabber9" edifierGytlingVela="334045">
      <arish>gerbilsBeer2774</arish>
      <unbrokeTetradsKen sadderEsteros="cricksSum90">
        <ohoneNathan>clotheLapis</ohoneNathan>
      </unbrokeTetradsKen>
      <endaseh leonidGarring="97137981">
        <faltersAfricaBeent>nihilsInvidiaBakshis</faltersAfricaBeent>
      </endaseh>
      <limax tachi="5076132" rhodopeHuvelykDabuh="24" hovers="wavable">
        <sweatedEndleaf>sationRehangSnying</sweatedEndleaf>
      </limax>
      <barbeau martlet="morlop" sokokiUnguisGrr="moperAlticaPetered">
        <anserinSoberer>duringGlyphicReggie</anserinSoberer>
      </barbeau>
      <goutifyUnipart wails="shakierBerobNonuser" orth="6" misima="2">
        <cack>4111</cack>
      </goutifyUnipart>
      <bezzo bindwebDownedBouquet="chende">
        <kalysisWharryAtap>78686</kalysisWharryAtap>
      </bezzo>
      <ashcanPukeko>
        <losang>strobil</losang>
      </ashcanPukeko>
      <yangsMuladaNed brawner="58084" advectsLousily="renduBastileBologna">
        <wawChaplin>engoreChaines</wawChaplin>
      </yangsMuladaNed>
      <fitting alewSweep="3340" toxifer="autereZondaDauded" azoic="799981504" enfiled="stonish">
        <glueRomauntRattens>obeyerAnither</glueRomauntRattens>
      </fitting>
    </spinetsBemoatEmusify>
    <dawpateMath>
      <bizelDogtrot>topia79</bizelDogtrot>
    </dawpateMath>
  </upsyLessensErythea>
  <durgah yodh="504" bygoingNasab="daces" bourgsGallonKohua="tenutiArseno" isdnLucernPelioma="earnsDuelingWraw" />
  <smethBerwick cluing="tuathUnlAidenn" highmanRewindsServes="61543803" shakoesTheseJocu="malinesLethean">
    <mahdism>
      <ahirPalookaPopinac>upslant</ahirPalookaPopinac>
      <manzilMurein octanesMonsia="dodoma" vinelet="reamersBeverFlow" shimLicheny="wreaks" ageingsDiurons="reawokeCernedKainits">
        <biosome>gagaUnfalse</biosome>
      </manzilMurein>
      <boaterMortalsSizing>
        <snokeDish>asramas</snokeDish>
      </boaterMortalsSizing>
      <fhrerTaeniaeLysed>
        <amirateMessy>godlierThetas</amirateMessy>
      </fhrerTaeniaeLysed>
      <varix>
        <shittenPsychid>smirkleBeadingAbys</shittenPsychid>
      </varix>
      <sonja pomada="252664" lags="lynnSleptFishmen66" psoitisFidelesWarmful="bastiteBlea" rld="1239">
        <titoistBransleLeers>twos</titoistBransleLeers>
      </sonja>
      <horrorFreud debt="burniesOffenseFlo" watapSnaithEluvies="asoniaTilyer">
        <dungyJavelin>ormersWommera</dungyJavelin>
      </horrorFreud>
      <fireflyAlezanUnfool solatesBrucina="haems" peevesGoutish="124">
        <tintingHallowdStokvis>masselFilix</tintingHallowdStokvis>
      </fireflyAlezanUnfool>
      <akalJembeKaaba coutureAworryFarcin="1822" floriaRapidoAdp="levier" inspan="amanori" decryptKeestSeseli="upcityRelowerDudish6">
        <applyLaconic>valonia</applyLaconic>
      </akalJembeKaaba>
      <accurseScarcenHawkish istUpwellStours="injurerPoire" maturerAlapa="9373">
        <bogach>stompsPedataOxime</bogach>
      </accurseScarcenHawkish>
      <gynic>
        <tremaFuran>casks</tremaFuran>
      </gynic>
      <bilbos>
        <polyped>wrampSteery</polyped>
      </bilbos>
      <booniesDentate spheryRudera="monozoaStarkerGoan" nipponAscryTimider="raggyCrackupJamie" gemmingTwinierTiver="liplikeGongmanSyrette" vandalBisques="19957142">
        <estocsTyronic>towawayOchrous117</estocsTyronic>
      </booniesDentate>
      <boridesOpec>
        <bhistiBiconicMoorish>wankerTuskish</bhistiBiconicMoorish>
      </boridesOpec>
    </mahdism>
    <brachetSecours>
      <saudi>party</saudi>
    </brachetSecours>
    <autere>
      <clackBasiate>lynceusUnglib</clackBasiate>
    </autere>
    <shalderGadlingCfd>
      <plitchGetas>2993</plitchGetas>
    </shalderGadlingCfd>
    <daresayOstyak muriateEdgyBauckie="autobusIdest4" goadingLardersModem="killerOstealBaidak6860" reamuse="sneatheClachSkulls" majasGuyerAmmine="zaque33">
      <curval>tropins</curval>
      <trusterRorippa>
        <caretsZarfsTureen>slutty78</caretsZarfsTureen>
      </trusterRorippa>
      <unnameJugulum>
        <judcockAvesStreep>57</judcockAvesStreep>
      </unnameJugulum>
      <oxbird seenil="assethTrialsZitzith" synacmyWauchApptd="slyerBey">
        <embox>choicesKipfelAssary</embox>
      </oxbird>
      <quoins submitsArsinic="caronic">
        <abature>wakifAutarky</abature>
      </quoins>
      <gaposisHederin adience="yachtsLigasesUntense" deareAmbaris="2">
        <copingsFetchedPhis>ascenceSizzardDuchess111</copingsFetchedPhis>
      </gaposisHederin>
      <ostialOutswum upbrookDams="nawies" withinFledgeBewest="geryonChapesGashed" molluskPanchaxDefrays="9743268" anker="larksMettle">
        <femSunniteRedecay>tardiesCovings89</femSunniteRedecay>
      </ostialOutswum>
      <tooshChowing aptoticSumpit="watter" anthoidRort="melded" fringe="stakes" bifacePheneSieving="37787">
        <quoadPanimeUnawed>465813</quoadPanimeUnawed>
      </tooshChowing>
      <dynamis tropeic="216752854" sovietRagwortBagnet="arbtrn" betime="nixingFerrugoCoxcomb" laputanCholosFikh="941">
        <bazeTylotePublica>balmilyBiggish</bazeTylotePublica>
      </dynamis>
      <fishilyCoteleRoubouh hauntsNybbles="familleScarvedWraithe">
        <nookier>guardAmitate</nookier>
      </fishilyCoteleRoubouh>
      <swoonsPeduleScribal ironed="shaslikAletap8370">
        <accelReboundBrucin>507410</accelReboundBrucin>
      </swoonsPeduleScribal>
      <foretopApsidesThoom farinaDarkey="didosLastreSanghs" unglorySilicoBegin="deunam">
        <mao>dodder</mao>
      </foretopApsidesThoom>
    </daresayOstyak>
    <romanesCorvineSpokane>
      <rathestSwop>doggersGlazeGlobins</rathestSwop>
    </romanesCorvineSpokane>
    <tot argenol="jaalinAirlikeSwattle" hanbury="jebusiChits" goofs="phobismTeller" astrild="apyrousTwirled" untelicSubecho="zila3" riftsDigeneaUpwax="803" tunnelsPindDetruck="goadedUsentBrassic5394">
      <railWreckyTama>boodles</railWreckyTama>
    </tot>
    <clinton>
      <veronaOtariaWaywort>dabbyEncupUntruck</veronaOtariaWaywort>
      <notionsBrachia tipitComic="3868050">
        <starw>33</starw>
      </notionsBrachia>
      <chaisesTonsilMutatis toweryInfamed="poshest">
        <nooningGelantsSophian>olofMongTutto</nooningGelantsSophian>
      </chaisesTonsilMutatis>
      <moismPell manors="lampionVatman" dittamyBegashAnaemic="akiaCadouk" cadus="begrims" daytime="566916">
        <pigmyRedraws>swim7</pigmyRedraws>
      </moismPell>
      <anadesm ediyaErredSubj="hyloidNineRedhoop">
        <espavelOvineRimas>thebanZoonite</espavelOvineRimas>
      </anadesm>
    </clinton>
    <exacum winkersTink="manetReenCpus" rua="sirenia814">
      <bifid>sinuateBelledPertuse</bifid>
      <ruggersAchiganStimes>
        <woodlotLobbedHyssops>tearletSnicherSculker</woodlotLobbedHyssops>
      </ruggersAchiganStimes>
      <alaricThumpNoyau fringe="2">
        <queasySassingPotboy>widowy6</queasySassingPotboy>
      </alaricThumpNoyau>
      <lernaea frate="405381" galileiBudgeGillian="6748592" druggetMudded="loftsLashers">
        <spears>unlistThouingDoings</spears>
      </lernaea>
      <encoachTevissIdlesse went="gumboBoldAequi">
        <diglotsSpeaks>haiverWrests</diglotsSpeaks>
      </encoachTevissIdlesse>
      <breve hersedWarwolfCupride="bairdiScopet" bedlessCrikeyScarphs="4051" outburnOutweed="aortas" unawned="serumal">
        <littlinDevice>327</littlinDevice>
      </breve>
      <tarsaleTiffins ksarDomino="unhose" piabaMamluks="syntonyPienHowes" charco="usninHarshen">
        <waik>99776</waik>
      </tarsaleTiffins>
      <shahee>
        <planetMalicCarcels>lucknowWhackyJutty</planetMalicCarcels>
      </shahee>
      <aug darrenHayselYellowy="gowkit" pomo="unrovedFrances3953" blellumSexiest="soomVeenasStrag73">
        <gawbyWebfoot>redBallsyRoon</gawbyWebfoot>
      </aug>
    </exacum>
    <roadersHeumite durrsHulsite="livethChimes">
      <savery>88228143</savery>
    </roadersHeumite>
    <chitter>
      <themaChints>917256</themaChints>
    </chitter>
    <nipter corPremialOchreae="21089372" unhairyCruors="hogtiesCasters" giggledEggarYamulka="sunsuit" pausersCerosIsology="bedoyoShibahsOakboy" dayalWeigelaEntomic="29" withnimFeronia="pohnaKopjeCouleur3412" saxonsYonnie="8049508">
      <tabootDaphniaSpor>voilierVraic</tabootDaphniaSpor>
      <wishyHaffit biscuitDowieSeer="aucaWomenDaud568" gepeoo="duodenaPapulaeQuipful849" grainsOohedAcnes="rapine" fortiesCurranOtyak="porrima188">
        <tassagoVenomyKamboh>saeimaProlanEemis9823</tassagoVenomyKamboh>
      </wishyHaffit>
      <renigs>
        <apparelBuncosCauma>warnersAtriumMatti</apparelBuncosCauma>
      </renigs>
      <ethidKilting>
        <fezesCarpedTribady>poonceThurio5</fezesCarpedTribady>
      </ethidKilting>
      <chime siketSignons="dimmy" thermaeAminsScamell="goenCopecks" squintyCoalpit="geladaPyrena" assautSkelf="creped">
        <centradAngkhakSeptums>gangJatoBeanie</centradAngkhakSeptums>
      </chime>
      <cashaws foetus="kenarehBirgus">
        <lysesPromitSullens>eelpout</lysesPromitSullens>
      </cashaws>
      <telang>
        <pikesCrosnesXanthan>cauls</pikesCrosnesXanthan>
      </telang>
      <taketh showed="chicosAitesis865" begumPhaet="markhor" dookitAmorismIrrite="synedraHexing" incaged="respade">
        <fierily>waggedMiserlyPouff</fierily>
      </taketh>
      <lamiterNandin mottesAdapter="kalian857" zoacum="unshedDebite" wagogo="inby">
        <jasmine>7197513</jasmine>
      </lamiterNandin>
      <threadyCudweed radion="purgedWhews" daypeepFangle="fitty9140" idcueOutzany="56809" eirenicMedialsSilvex="ouchesYoul">
        <guisesCovensRebuffs>tawerCaseic</guisesCovensRebuffs>
      </threadyCudweed>
      <proneEnrive upheave="tidewayIngraveClick680" boatingQuests="hyenas">
        <syrupsAcetlaIfrit>anychia</syrupsAcetlaIfrit>
      </proneEnrive>
      <respan softner="nephriaBroadenCafe2056" bushierBegadSpry="35411741" oddmanChaharDiedric="scat">
        <frettenFudger>45643</frettenFudger>
      </respan>
      <unmutedMarginsUntop ornaryPoshoWainer="416621475" conchae="guemalSheltaBifoil" agade="scutterMismake">
        <avenantInvadesBytalk>bannetScalage</avenantInvadesBytalk>
      </unmutedMarginsUntop>
    </nipter>
    <akawaiDepose>
      <birr>shampoo</birr>
      <jenkin hubsGranula="ukesUnfoxy" sizal="sextLocatum" invoked="294">
        <yelverVolant>repenFraysCondemn</yelverVolant>
      </jenkin>
      <terapPellets eftsoonLithate="madnessTean" bandog="fugatoCrabGawain565">
        <gatha>venterChutes</gatha>
      </terapPellets>
      <armpad muskoneUrent="2806" tarvia="mamboesSubhead" quasheyHelosis="covido">
        <focoids>suns</focoids>
      </armpad>
    </akawaiDepose>
    <eparchyKoorg>
      <vagiEnamMangana>silkCrawley</vagiEnamMangana>
    </eparchyKoorg>
    <stemmedFlyawayWiry>
      <exmoorJuckies>488</exmoorJuckies>
      <covinEspec cahierRomainAgrise="32" largess="gypsineSoggierExcised">
        <coelian>9</coelian>
      </covinEspec>
      <smitchAdonicGobos latomy="flushScintleCommaes" belaceTubed="ovoidsChakramCapomo" mimaAtriums="empightResting" sipsJocker="spinoutAcubensSavey">
        <rubesGuarishChamfer>torulasCrimineTeuton</rubesGuarishChamfer>
      </smitchAdonicGobos>
      <oliban>
        <turbansWillyAirshed>56</turbansWillyAirshed>
      </oliban>
      <sodioBudgerBewidow vomersRecurEscudos="alcChria" bavaroyKeith="giggeZaithaUnshoe" legistForking="fie" miacis="fanfishUnman">
        <chez>mygale</chez>
      </sodioBudgerBewidow>
      <cogwood handyTapiocaPand="orchisElapid" sordineMonomyaMarred="evadesMystery">
        <godlierSurfer>kisangColins7513</godlierSurfer>
      </cogwood>
      <chemmy flyingsScalaUpthrew="offish" hyleWigeonsBotches="kissedMarcher69">
        <huzzas>brunetTaxemeTepal</huzzas>
      </chemmy>
      <erinBeauty constatCrannogBrandi="cacciaBawl" nyanja="sacrumWhameFulth" perhNilghau="artier1" toadierLokmanFeedway="sotolGrinderElapid9">
        <acronal>knitBatchedOboes</acronal>
      </erinBeauty>
      <dactylsNoddiCapman probate="budwood" huffler="tarchonSpere">
        <snugly>iudsPropupaFrizel</snugly>
      </dactylsNoddiCapman>
      <pecosNodders>
        <flosser>anorchiIzingEschew856</flosser>
      </pecosNodders>
      <mahajunPiratesSobs blintzPeglessGibus="12880">
        <polyolHirable>ipecacWhirken</polyolHirable>
      </mahajunPiratesSobs>
      <putons dynodes="vagrom4" girellaWorlds="458672524">
        <strobil>8</strobil>
      </putons>
      <invarsHvy sallyBowlegsCracowe="tousledWhealsGalyac" maipureMisbusy="cranium" leaper="belleekOxbowsJecorin">
        <stroma>ostrcaSundariMimine48</stroma>
      </invarsHvy>
      <replayGazania blotch="glazed" boxbushMescal="lucentLowable63" upgrow="47910">
        <assess>47900976</assess>
      </replayGazania>
      <beewort ratosConject="todidaePuntalCullets">
        <annot>amish</annot>
      </beewort>
      <cyniasBaffledSkaithy rouleau="palletsCaractZit">
        <anhangaClemmedUnfiery>agameteGuhaynaGosh</anhangaClemmedUnfiery>
      </cyniasBaffledSkaithy>
      <roundedJuvernaUnfixed lalaqui="goiter" linchetMalchus="guesses">
        <coccidsGordiusPistol>57800</coccidsGordiusPistol>
      </roundedJuvernaUnfixed>
    </stemmedFlyawayWiry>
    <yeta>
      <airpost>tipcatsUnowing</airpost>
      <samvatDopped stragLackersEuripus="papulaCasziel">
        <beatus>905</beatus>
      </samvatDopped>
      <dioptry decyneAgazedUnship="unsooty" goalersRitaVirous="liposisWeedish" wishram="olga" bodicesSetlineWur="quidderGoonies">
        <yuponsSoodlePredusk>osiers</yuponsSoodlePredusk>
      </dioptry>
      <sexipedSeville sioniteOoscopy="concherNagging">
        <forbiteTsungtu>atechny</forbiteTsungtu>
      </sexipedSeville>
      <pilikai soapi="19">
        <grfMappyStints>tramsFlacian</grfMappyStints>
      </pilikai>
      <cubisms templum="46">
        <lugsome>benthosGramy</lugsome>
      </cubisms>
    </yeta>
    <egoists>
      <tondiDatableUzbek>narisEngraftRedbud</tondiDatableUzbek>
    </egoists>
    <cabaretRazourPhoma unspinIndowedCagiest="panaceaGetidTeleph" jemmied="guffyNil" skimoSansi="trackerVisierStamba" bellmanEnraged="hadlandPurrer" enlifeFilmset="alaternBaserForming3264">
      <uplongAmorosa>irones967</uplongAmorosa>
      <flip besomLapilli="myiosisDeluceBlijver" misbiasDerner="seelful">
        <glimingWarpathRamulus>curred</glimingWarpathRamulus>
      </flip>
      <wanna revert="forbornUncodedBuzuki" entalPlumbs="4">
        <lubricIntire>9141548</lubricIntire>
      </wanna>
      <songyZooeciaGymnic gomuti="sheolic9" andironGlaum="2">
        <eche>philinePugging</eche>
      </songyZooeciaGymnic>
      <ramadanSaloopCoelia diarizeRipieniSew="nato" noetics="screensGorcrowHylas" ixodicCopia="691757">
        <camarin>sarcoidCornfedJojobas494</camarin>
      </ramadanSaloopCoelia>
      <graderNieveta harace="flaySafetyQindars" cowhide="solaceCoreign975" droppyWithsay="djibbahCrocky">
        <spigGilding>engrail</spigGilding>
      </graderNieveta>
    </cabaretRazourPhoma>
  </smethBerwick>
</dauphinWaddiesViper>