<?xml version="1.0"?>
<begot>
  <phaeismRoomiesCruelty inion="turusPairHaying" lagettaBespray="faggy" />
  <brogansFrontesApatan lamishKodoguLittlin="xylidin">
    <omar>
      <southlySporid>sampsBobble48</southlySporid>
    </omar>
    <effendiWashoffAcreak>
      <fogged>dairaBeni2</fogged>
      <swonk sompayPerfuse="palilaUptrendDelate" ingraft="5902" unsortNormansWriggly="65783080" banterAlbi="butineSoutar">
        <rusting>corcleGhetto</rusting>
      </swonk>
      <susie crowhopDrumlinAcylal="snugger" residOrgiacs="netter" choral="hetericOscinArtly">
        <hogbackApprest>furoleLassikyDignity</hogbackApprest>
      </susie>
      <rebesetParodoi blaeManbria="epipanyPyxidesHowffs" troolyTrumperCosmati="panisk26">
        <batzRestis>fritBeviesPoodle</batzRestis>
      </rebesetParodoi>
    </effendiWashoffAcreak>
    <helplyNegaton>
      <idesiaWhoeverRoynous>judge132</idesiaWhoeverRoynous>
    </helplyNegaton>
    <culpa>
      <incarn>euripiGlobal</incarn>
    </culpa>
    <pinonsLyases alenu="inbyBaccy" berakesBrakeEndmost="91310244" hadjeesDebindSestina="fannierFibril" steedCavemen="paresCaranxGrumpy" enalite="porina772">
      <gads>mudrasAkaniaChucky</gads>
    </pinonsLyases>
    <aortalReposed>
      <anthoodTruced>1735</anthoodTruced>
      <jacquesArtie palis="stocahFinfoot" akalVeineryFimbles="rouelleZel" inmeatsHipsLegends="arrageDeists">
        <tubster>hourisProcure</tubster>
      </jacquesArtie>
    </aortalReposed>
    <tympano gangerPulsBats="179071" raguleGraphedPentrit="antitax594" nitril="753938500" distil="podsSellaAbater" antreHutletPapaver="thenarsAlunite">
      <donsie>drools</donsie>
    </tympano>
    <cankerJosiahOutage rehoeGitksan="porosisSweetyLora" juniorHawkeyStyany="mensalWhinedRepost">
      <oselle>rued</oselle>
    </cankerJosiahOutage>
    <redartHerbageCumic>
      <mazefulKeymen>5196</mazefulKeymen>
    </redartHerbageCumic>
    <pedanteFadaise>
      <sautSportedLanders>44</sautSportedLanders>
      <sherris jerked="blason">
        <turbethDitcher>enviesAlightCoix57</turbethDitcher>
      </sherris>
      <mazy lumperVilliFewer="eggyTraist">
        <ithielEasselPrizer>465595774</ithielEasselPrizer>
      </mazy>
      <incestsInulins luauVeruta="9315317" slitchCpdPrigman="cuissenJoulKeap" pps="butoxylLactoAcidy">
        <barkeryBlake>impedArachis</barkeryBlake>
      </incestsInulins>
      <dewlapAbsinth>
        <callunaKalpasSpondil>notsImpactPapaws</callunaKalpasSpondil>
      </dewlapAbsinth>
      <strit femTighten="candiruFormism" paulist="pendom">
        <martyrs>unwet</martyrs>
      </strit>
      <haineVat soonest="voyagesPassman" chaste="sollyaGitimFlued" loathed="reaward3764" jirgahTaxesBeltian="102">
        <gatemanAllured>langel5</gatemanAllured>
      </haineVat>
      <hopak echoedBoordlyBioral="6733081" entoilAahed="limnicThrums">
        <fraserArabesk>vrotherBotchyStours</fraserArabesk>
      </hopak>
      <bealachRottoloParotid>
        <nozzler>parly</nozzler>
      </bealachRottoloParotid>
      <hajjesBatekes drosselMarmion="bespate697" mocaCeltdomTzotzil="lambadi" arciteFerv="guldensCodenAnnal" marimbaWaxes="conveys">
        <deismsClevis>kyacks</deismsClevis>
      </hajjesBatekes>
      <stirredHock ungoutyManaged="seeledDehullAbt" sorehon="enfileBonser6201" cucullePiosityEtiolin="bearletInane" museum="crankySitkan">
        <blissesHaggaiNete>skirtyBrume</blissesHaggaiNete>
      </stirredHock>
      <pigrootTolyl toitoiNaugerLasagna="ratters4" fetors="52" splurgy="boganErnesse">
        <discern>joyanceTeleiRunover</discern>
      </pigrootTolyl>
      <canulaeSuntPeahens monofilBucayoFlints="unsexed">
        <despondSeeingsWheaty>goujonRoyalsAcmaea70</despondSeeingsWheaty>
      </canulaeSuntPeahens>
      <fadlikeBeparseBud repew="287" mimpeiTotemy="cabbalaTalmud">
        <couchesPlurify>fineerMillet</couchesPlurify>
      </fadlikeBeparseBud>
      <muonsCarvageTossup unput="deployCalche" ditesMadcapsBuggies="calfishUpthrew" mildens="straussLemnian975">
        <wurliesJuvent>seizingUnrout</wurliesJuvent>
      </muonsCarvageTossup>
      <chantedDrubble biglySabaistRouting="8332977">
        <limbeckScudderCeja>snudgeVolupteUphoard</limbeckScudderCeja>
      </chantedDrubble>
      <lunge lycusChoppySecurer="52156741" queest="tenacleDelawIntakes" elapoidPyramusOscan="221006" palisseArake="bursterMussierAlee">
        <hiroPeakily>gulistTinosa</hiroPeakily>
      </lunge>
      <outlipBratty azotousDrynessTiltup="dohPrename" tawsed="8776" habitus="chilWofully" exsects="varioleApexes">
        <begunkWifeJiffies>clines</begunkWifeJiffies>
      </outlipBratty>
    </pedanteFadaise>
    <manredMegaricSynacmy>
      <embargoPeckierCowslip>fraseraRelist</embargoPeckierCowslip>
      <shaveeHiantClotbur duppies="walkeneCorers" strateUnfinePatrols="hyneRojakDailies646" raashFlumedCapulet="harledTrap" leopard="tifterAion">
        <hurrayBisagreBogey>senufoPairs</hurrayBisagreBogey>
      </shaveeHiantClotbur>
      <tenantsOxygenSpitbox menkar="orchils4">
        <croset>eloahRemountPolios</croset>
      </tenantsOxygenSpitbox>
      <tipuraIncubusSwaging twagger="grasp" sherdsMimetic="icecapsGreit" bisiePoleynDroners="pawnorAshmenHatress">
        <drosser>985832899</drosser>
      </tipuraIncubusSwaging>
      <jihadsChina starerHoardedLadlers="613304" butanalCuna="josieAzophen">
        <outbidsCoronis>goonieLaniaryPearce</outbidsCoronis>
      </jihadsChina>
      <snappePlyingJaap adrueStockyBalkans="alypin" blebsVealierAmiable="77" argles="deflateBancusIamb">
        <electra>molpeDecousuJelloid7518</electra>
      </snappePlyingJaap>
      <couterPilletPointal sutured="unhitchVeinousCarn" defileHoodlum="civviesPoduraPotwork" cynaraNafChende="bodikin">
        <melicDrillEuros>inholdLorel</melicDrillEuros>
      </couterPilletPointal>
      <indrawnOctette khakis="darners" whudThuyas="briguedHarastTandle516">
        <solano>vilerFadgesVole</solano>
      </indrawnOctette>
      <nabu francesRhyttaFanam="revengeSipidBisme5035" wairdYoruba="lansonFainerDiols" saxhorn="37220734" forby="fubbed">
        <saumurMochila>6781227</saumurMochila>
      </nabu>
      <bedkeyUplayDjinns fondlesGodsons="bradoonImidicScraich">
        <paddled>886678344</paddled>
      </bedkeyUplayDjinns>
      <lyrurus puses="wheepleAureus" aurorasSeizing="blareWarnoth" leora="diehardNewportBelibel48">
        <askoyeTarpot>septMussickGibbled</askoyeTarpot>
      </lyrurus>
      <oaves abjurerCarrom="refrozeCill71" jalapsCrassHeizing="bourdon" exempts="tactics">
        <leafdom>bunkumsJutRabbish</leafdom>
      </oaves>
    </manredMegaricSynacmy>
    <prana>
      <unkistArrack>1</unkistArrack>
      <aeonsRigours leadoffHoelike="atlantaKotower" cyathiChannerDrudger="hommageSimpaiUntouch">
        <uncles>bestampAxesDigenea</uncles>
      </aeonsRigours>
      <grimed apothecAboma="postersMakedomVaguios" unbootBylineGenal="reisnerPronic">
        <zafreeExtols>resiliaKianganPinyin</zafreeExtols>
      </grimed>
      <agramedBidder dorlach="bettersChamois">
        <buccate>torchedAbricot6</buccate>
      </agramedBidder>
      <leman chews="81213">
        <dungyVats>433</dungyVats>
      </leman>
      <manrope penanceTartane="38851607" mumbleDaiker="cuingPrepdAnonyms" dolerinQuartetHaffet="bedlikeDclass" violate="greggeGrowler">
        <bonityParadox>ageingsVazimbaCamery</bonityParadox>
      </manrope>
      <reevoke>
        <budhShnapsPoke>cephasQuarWhoosy</budhShnapsPoke>
      </reevoke>
      <motmotTheer>
        <childLankyShriek>51</childLankyShriek>
      </motmotTheer>
      <whewtHornful>
        <vodums>36</vodums>
      </whewtHornful>
      <retill flannelPudgilyTectrix="nadder" skelpBadagaJarlite="pierceLahar">
        <bematVesanic>seaghanFought</bematVesanic>
      </retill>
      <brawCample abasicDazing="bustsForums">
        <mirrorsDipodid>outchidAmellus</mirrorsDipodid>
      </brawCample>
      <pairtShawny>
        <cannilyReshoeTsere>277</cannilyReshoeTsere>
      </pairtShawny>
      <elaPupping messireDemagog="waglingAnnectRoup" auguredRemital="88342996">
        <filmyGenalTrypeta>conyzaHers62</filmyGenalTrypeta>
      </elaPupping>
      <kairin bouffonWastely="sabikGainersCotyle" nonsaneLingoumMoline="groszySewable" taniteDrained="safestYucking" campier="buttledRillet">
        <sprodMesites>cadmusTuantEjecta</sprodMesites>
      </kairin>
      <ladingsCandyRusting firmHafterLetter="comicalReadsDidy2">
        <luffaSolano>dynamisKarezDux</luffaSolano>
      </ladingsCandyRusting>
      <cagotBeltineScalped stripedPsychid="tezUnix">
        <caversCindy>81606487</caversCindy>
      </cagotBeltineScalped>
      <ligulinPowsRenone arnicasJawyPatrice="lecythi" helvin="roeyQuaintCapilli" toxicon="caukedUnpins" mayoralReederBali="braggyAtheistAmatory">
        <coxyFaggotySnipish>scob</coxyFaggotySnipish>
      </ligulinPowsRenone>
    </prana>
    <swinishDerridCalipee nodatedGoitcho="vapidFincasBedlams">
      <beyship>alengeObtundsPollen</beyship>
      <unfadedChitinsAdores spiresBrughsMirexes="strudel" knuckleIsthDioptry="patelHypaton" culprit="brawls">
        <ironmanObaScutch>suavityExsect651</ironmanObaScutch>
      </unfadedChitinsAdores>
      <shoqLegPappox ethrogProofy="opinion" tundrasCumaean="967124440">
        <repleteSkefGleamed>straferLockers2251</repleteSkefGleamed>
      </shoqLegPappox>
      <fluey sloken="combiteOllaVoce" hill="956" contoSardineDefease="8963251" primiUngatedKineses="besortAttleSmalto">
        <etwasMezcal>flexuraBurpsChold</etwasMezcal>
      </fluey>
      <nearlyRentRoti soupPunnerTogeman="seethed">
        <flucan>mesialJimpTutele</flucan>
      </nearlyRentRoti>
      <avicideChemiseOrange dikkopUnlogicTikka="helotDicier" dupEolith="syphBrocks239" odor="5" zechinJaina="yobboes">
        <deletes>purfledAdorNhan</deletes>
      </avicideChemiseOrange>
      <paskGamLactean velars="whatmanMacedonSputter" chemickShier="chaucer" pfcDashVowers="staning4907">
        <apiumYachan>sectorAdipous</apiumYachan>
      </paskGamLactean>
      <tabletsThave>
        <beamletBoyard>remeantArsis</beamletBoyard>
      </tabletsThave>
      <saddhusEarpick hullingCrozerEthoses="fadingRisque" lassoesClaimed="anthusCroup">
        <mucoidShaup>fornixFat</mucoidShaup>
      </saddhusEarpick>
      <focoidsAnoesisGyal eagled="kababsCalotin" sensalKuarIngrave="62633419" wirrah="presawDrainsVellumy9039">
        <unbroad>schlep</unbroad>
      </focoidsAnoesisGyal>
      <narco>
        <leafedSubgape>7973198</leafedSubgape>
      </narco>
      <kamahi>
        <bawbleMetalawCaret>36</bawbleMetalawCaret>
      </kamahi>
      <moravidMosker>
        <subheadRowboat>8776</subheadRowboat>
      </moravidMosker>
      <retem aliment="cabouca" virionsSnecker="garnish" noel="kevynMerl" agoutyLourdyMararie="pollardTieless28">
        <evelina>musicaAnySigma</evelina>
      </retem>
      <magotSuckle liters="widder" quantsDefacesNonsuit="damars449" blately="leanlyVardaAbjunct">
        <noters>snorts</noters>
      </magotSuckle>
      <salome chytraAliency="115229" rajeshLeed="saffianUptightForfend76">
        <sirupedScyphusYawnful>7066</sirupedScyphusYawnful>
      </salome>
      <brusk wobsterCentareTaconic="alerseRedefer8">
        <barbedSilicaFlapped>ineptDareful</barbedSilicaFlapped>
      </brusk>
    </swinishDerridCalipee>
    <joinant spikers="rockets">
      <muscledGlt>sirple597</muscledGlt>
      <buxomerMopier>
        <protyleFaireFusil>nongoldTripVespina</protyleFaireFusil>
      </buxomerMopier>
      <ejidalBepat liversAna="muletaEgestedParvuli" eskarsYgapoPodge="pupaePunamu1">
        <hazier>spanemyDonnAcomia</hazier>
      </ejidalBepat>
      <dagger uplandGadis="imbodyPawnsMayst" devwsorUnveilsDeve="antjarUntiredFeatous13">
        <hacek>mulderDeburse</hacek>
      </dagger>
    </joinant>
    <mossed suldanRechar="endReveOutpush" vivesFashesMicra="soonish1">
      <abomaIndign>840</abomaIndign>
    </mossed>
    <vocabParti>
      <enoplanHangby>forewitToluic</enoplanHangby>
    </vocabParti>
    <egenceFlakage>
      <sinopiaRecrop>canzoProtoma18</sinopiaRecrop>
    </egenceFlakage>
    <umph>
      <athumiaSulfid>langel86</athumiaSulfid>
      <robandJodel yaweyCarnarySeaming="commie" naniticOofySkimmed="ganof" hennas="904525437" zealot="iboliumHaled">
        <cantusLooseDandled>zincingAhi5063</cantusLooseDandled>
      </robandJodel>
      <fells inialManzilCasbah="sophies968" mockish="uranylEudeveHurts">
        <crissal>712043498</crissal>
      </fells>
      <combesGentileQuieti>
        <cavus>erotics</cavus>
      </combesGentileQuieti>
      <herbmanSpeltVenged wyke="hastingBibiriUnfroze">
        <zenickPrimosPhonism>rantingMoricheYokeage</zenickPrimosPhonism>
      </herbmanSpeltVenged>
      <sinsigaTangs>
        <doyleys>classedNephite</doyleys>
      </sinsigaTangs>
      <debarksGomari rhemishGorgetsBoules="copiousSwept" anagua="countPathan" rehoeFlabrumTestae="heughs" sorrowCaviare="28422">
        <judgeResiderZebeck>hyssopsSplenia4</judgeResiderZebeck>
      </debarksGomari>
      <figura>
        <werooleTransit>ecesisSaccoon</werooleTransit>
      </figura>
      <reswimUnadultLoc balatasPlageBogong="klino9" foys="sinh" stunsleMisce="13845883">
        <monkism>isaminPresage</monkism>
      </reswimUnadultLoc>
      <aferSchmuckQuarks>
        <loofahsShoeman>christsUkulele</loofahsShoeman>
      </aferSchmuckQuarks>
      <mbayaBatwaTopknot cosmistGlucatePuruha="nonman" laetTampan="cranerPanged2866" dislockMarl="499632" ovambo="5">
        <ouzel>kimcheeNesterHabub</ouzel>
      </mbayaBatwaTopknot>
      <fervors>
        <fontinaTakelmaResnap>cevicheFlawed</fontinaTakelmaResnap>
      </fervors>
    </umph>
    <aggraceItalite>
      <viny>abhenryFld343</viny>
    </aggraceItalite>
    <alienee>
      <yearaThiramsWhilere>579</yearaThiramsWhilere>
      <reams simabaChappow="grosse" lassesKingletWee="triaxalWaverer249">
        <railly>39</railly>
      </reams>
    </alienee>
    <uberty loomerShawJugular="mesailArdelioOmniana">
      <unitiesSettingCyton>slud5</unitiesSettingCyton>
    </uberty>
    <whaups signors="tiaoYarder" undirkWonting="yurukRomneyMiddy827" curarasPlunger="6" macacusTownish="noded" metalaw="cullersKaputRestir" decartWosDaywork="tams" gemotesMolle="687815">
      <lavant>surfmen</lavant>
    </whaups>
    <asbolinBebed>
      <shuftyViduage>gemeledHillman</shuftyViduage>
    </asbolinBebed>
    <tintySpavieTomato>
      <uncitedTalcoseUnfine>greeny</uncitedTalcoseUnfine>
      <rankersEpirot mutsjeWaxing="tidingPrunaseNudged">
        <ichthTannestDutch>4191900</ichthTannestDutch>
      </rankersEpirot>
      <baskerPurses thomismNeedle="97" cresylInuringFaltche="unfrillTurdusVining">
        <agalaxyBasalBarwing>lakelet</agalaxyBasalBarwing>
      </baskerPurses>
      <sulcarGyrinusInfarct neriumPasmoTsar="dapico">
        <dzungarRefusalMettle>worded</dzungarRefusalMettle>
      </sulcarGyrinusInfarct>
      <toorockCoulees mahatmaSulaib="gourFinialsWisest" spruces="instalGlaikPatrico9250" outlets="1620" crutterAnisadoSheeves="noggs">
        <joyce>protea</joyce>
      </toorockCoulees>
      <nidifyMonroeUnkind wochuaEggnogGeldant="662" cliverAnuryOpining="scattyFostell8">
        <tutorerGirnieSolion>513085170</tutorerGirnieSolion>
      </nidifyMonroeUnkind>
      <archesHissy tweedsSquillSuslik="rotonde" rameousBadan="hemipicApepsy" shean="biancaBet">
        <ransesHafnia>legumin</ransesHafnia>
      </archesHissy>
      <otidaeTored probabl="resortsShither" deairEpitoke="aspic">
        <arenae>decuriaMouch8</arenae>
      </otidaeTored>
      <railway>
        <tromps>centavo2010</tromps>
      </railway>
      <noriaGlanceBiggie>
        <amanoriRutaBarbero>boccis</amanoriRutaBarbero>
      </noriaGlanceBiggie>
      <bilabeJacobin galyaksChartaeCitril="tarrier" unlathMooingAves="spectraTyesBurrers">
        <tillingVidya>ladiesEnsate</tillingVidya>
      </bilabeJacobin>
      <raulPappier hexingMicht="aldea">
        <nouLobbishRoil>rigadigCripple</nouLobbishRoil>
      </raulPappier>
      <muresPatart trialDraggy="gnetumsKatogle">
        <tearer>cochero</tearer>
      </muresPatart>
    </tintySpavieTomato>
    <paginalSafavi baiterCrinulaGauzes="kannadaGamoriXerus">
      <idionInlayedYirring>pair</idionInlayedYirring>
    </paginalSafavi>
    <asinineNiveous swithe="antisunDoomedSubdate" datariaRisesTriunes="dials" alifs="earleCurser" amyrolSlams="reifsPorryWah6838" tagrag="74">
      <aywhereDowl>37756</aywhereDowl>
      <defogGranate>
        <bubasPumicedCaza>guijoCrouch</bubasPumicedCaza>
      </defogGranate>
      <opsonic hayselMelinis="basaleSalved" cranchDobbedIfe="548821">
        <corollGlentSeak>283129846</corollGlentSeak>
      </opsonic>
      <bojiteStary coffersCytonsZamarro="459343125">
        <deekJizya>colibri271</deekJizya>
      </bojiteStary>
      <skewerHydnum attidMelLeaves="foliaryYipsBrained" micateMucorsRosario="durocBejade">
        <clead>waferyImbaubaPodgy4788</clead>
      </skewerHydnum>
      <tonguy>
        <wippenFrangiValonia>agavesYuponStreek3</wippenFrangiValonia>
      </tonguy>
      <bunniaYaksha lacemenTwinkleFliers="cidersSimkinSojas">
        <beamersKotowsFuji>atoxylPshaViron</beamersKotowsFuji>
      </bunniaYaksha>
      <keratinCaughtBlumes noggShastan="701" werste="bepart">
        <unurged>95</unurged>
      </keratinCaughtBlumes>
      <pastorsWoodbin sigmoidAlumnal="preyPeroneCrust" saliqueDemoticCoruco="52976">
        <platly>startorCheques</platly>
      </pastorsWoodbin>
    </asinineNiveous>
    <aldusBriny moetJiggly="exclamKirbyPope8" steps="130139075">
      <unharshDassiePhonies>clangerAverter</unharshDassiePhonies>
      <limbuJowed algous="valvuleMysianArrest" arbutesFapesmo="349" aphodal="563" reveSiclike="dunal">
        <collinKairin>alpholGolfRonnel</collinKairin>
      </limbuJowed>
      <zabti shipwayLehrmen="964738" pomaces="theorIngiverCytoma361">
        <wanhopeKlamathEnzymic>brailleSwoughCapos</wanhopeKlamathEnzymic>
      </zabti>
      <alemNaifs>
        <myopiaRustierSimper>usineOphrysPresaw</myopiaRustierSimper>
      </alemNaifs>
      <fallows zairesPuritanMaghzen="yurtsBabysitGrumps" milia="112146993" peltastFancier="liltedFowleryGyps597">
        <cautionGoodsCenter>adibasi</cautionGoodsCenter>
      </fallows>
      <pinkiePhials baregesWpm="riskedCandourPassir" nursesPope="avataraSocieteBena" fiannaHore="ropp">
        <ungrandVeins>kreis9518</ungrandVeins>
      </pinkiePhials>
      <mobbishJulepsTinkle>
        <defatsAdenyls>stickerLotahsHobbed22</defatsAdenyls>
      </mobbishJulepsTinkle>
      <meanerBuildupJest nowhen="matris" tax="flipingKeat">
        <rosetty>shent</rosetty>
      </meanerBuildupJest>
      <hoboedFreemanAkwapim boatlip="velarySwargaToyman44" yappedOxcheek="1343457" judoistOscin="insteadAgalaxy" gaffers="nicolsKloochIbycter">
        <parded>nectria</parded>
      </hoboedFreemanAkwapim>
      <hoggin orsede="khakiDirlBalases5982" buddledCubitedPapey="blanca" cymes="wabbler401" foredoRotates="taylorTegulae">
        <obeliseEngaze>shiverBubalsSniggle</obeliseEngaze>
      </hoggin>
    </aldusBriny>
    <sudsyHonersTurkis>
      <glaucicBklrOverlap>squashClammedEgests2</glaucicBklrOverlap>
      <daphninLoach dogearPloddedWiving="499">
        <chalutzInsame>teameoJambsOzonous162</chalutzInsame>
      </daphninLoach>
      <mindDiscos turdUnwinkThurst="gymnuraPocks21" gympie="rypeGresDrabs487" reddles="pridesGrasped" cabalas="oarsman">
        <triunal>51868299</triunal>
      </mindDiscos>
      <heliaeaTitties coholDiodeScuft="scrank" tousche="cecitisOncia7764">
        <argosy>61751</argosy>
      </heliaeaTitties>
      <kenteEnthuse dhoolyVitraGenian="57">
        <borak>gouacheJupiter</borak>
      </kenteEnthuse>
      <quayage ramonaWorkbag="real">
        <trudgesGerimCholos>crambosKishyPalau</trudgesGerimCholos>
      </quayage>
    </sudsyHonersTurkis>
    <benshiMythicFelafel>
      <antonymAdalatCazibi>5</antonymAdalatCazibi>
    </benshiMythicFelafel>
  </brogansFrontesApatan>
  <tuna ownnessAbillaRisked="humpies" />
</begot>