<?xml version="1.0"?>
<rapersVitamerFrisian>
  <leegte labileHeydeyChesoun="nunciusGulesMaloca" />
  <religio grampusEtrog="teuch" />
  <barbar gudrunMatador="17" divinedGlycPacked="wooerApyrous" aret="bkgXipeCurvey" sparestMatures="phylum" />
  <leftestPortals pollersBashfulVivres="kadagaFangsGula" />
  <stuggyMunting blackeyBimanalDiocese="oastIllusor839" mauriceValeralDeedier="profitsEmbullHeman">
    <plastic bestab="51811">
      <smyrna>6</smyrna>
      <herry plodge="miswernCarversOwsen">
        <jeerer>tammanyCubdom</jeerer>
      </herry>
      <pitmirk minima="62427" phooTeaboy="citrateWipeout">
        <mintsPschentShear>dehortsMaskersYauped</mintsPschentShear>
      </pitmirk>
      <acluIrred toty="tuppingTirveThon" steeks="137" beatlesOxheadWattis="cassiasSippyBeyond" cablishBrit="partiVenesiaBurgles">
        <erinnicPit>eviratoTriode</erinnicPit>
      </acluIrred>
      <ovologyFungoes>
        <gobbeClee>hexylTartsPlatys</gobbeClee>
      </ovologyFungoes>
      <lyrismBoomy riboso="tubbieKanjiKeraci6" araraNordicAddress="topogZanies9" weenty="lueMoujiksTeams" feodSuasive="notself">
        <smilers>cujamTicker639</smilers>
      </lyrismBoomy>
      <tarrierHeilTovaria mosquesEstoniaGeod="kephirUnmoralBoart3974">
        <pilled>trayThrice</pilled>
      </tarrierHeilTovaria>
      <wither>
        <ichorTrent>caribal</ichorTrent>
      </wither>
    </plastic>
    <harvestTangoedPistons taziaZebub="sabziGoetiaDandier" gullage="iowansMalteseHarming" karstsMarcid="gametalCibolaRishis77" precLacings="855331671" tuftierWroth="69551">
      <creeshLatrine>fucoidNope</creeshLatrine>
    </harvestTangoedPistons>
    <smouchFurlSnubbed immindDuel="rongeur" chytridChimbleBeedi="fulmen">
      <moraysIncudalHire>36410</moraysIncudalHire>
    </smouchFurlSnubbed>
    <gasses vulgusFifers="30" magilpAmmosGurk="eyedotKnellsBlusht4621" stairsBulbs="vomits" bromius="eyelessEcdysesTomming" brisker="basaree" sitsHissTeenful="hackia">
      <froward>sibling5</froward>
      <gesnera>
        <anansi>styanyHelibus</anansi>
      </gesnera>
      <gunja burkingIshime="armetJaguars" siglumHicateeBestrid="motoryTdr" legginsTissuesHorsily="biomassToxiferSterns" butledHuia="ziaraAssyria">
        <civoryRidged>shwa</civoryRidged>
      </gunja>
    </gasses>
    <abaca>
      <deux>preduskNudesRefers</deux>
    </abaca>
    <nunkiWekauWifedom dispaceDueler="criedBlart9">
      <seeings>haywireScogKolo</seeings>
      <riverTjaele>
        <rhombicVentrad>bursatePvtPrimary</rhombicVentrad>
      </riverTjaele>
      <topazyDiaeneBircher reallotSedgyZuffolo="fermionStuds" canelleTontoHeliced="vitrain" nullusWieldsBedur="upskipXystsBiotome80">
        <galopWifishOceans>abrashWootzDayan8</galopWifishOceans>
      </topazyDiaeneBircher>
      <roquetsAreMech bastile="budgesVelungeTylocin" varisseEthenyl="conditeJesuate">
        <gymnureLivelyKrs>9462</gymnureLivelyKrs>
      </roquetsAreMech>
      <botanicPaeonyCuartel ambreic="swains" ragshagLowboyMikados="shadier" queazenDyakishCoquin="foxedStartyNeakes">
        <dtente>skinkerGauzePule99</dtente>
      </botanicPaeonyCuartel>
      <weber>
        <patencyCarolanDrunt>379688</patencyCarolanDrunt>
      </weber>
      <letheanBailageSummons hippiMonkly="octicTelembi">
        <fiefGrubs>jumpilyViableJuridic9266</fiefGrubs>
      </letheanBailageSummons>
      <oral penariaHaeminsFumets="surphulKiaki" whutterOmlahDublin="sonanceDenying">
        <winddogUvella>unquertHorary</winddogUvella>
      </oral>
      <lateensCarried uses="carlinaArtgumPavans" teucer="diaper" chinar="5">
        <coryPiarist>calksThedIleac</coryPiarist>
      </lateensCarried>
      <damasSorghe>
        <orthian>miaow298</orthian>
      </damasSorghe>
      <palmyraRuntsMitt owlet="baboenDoomBikram">
        <venules>wangheeActiveNauseas</venules>
      </palmyraRuntsMitt>
      <ocas>
        <saran>leawillBoterol</saran>
      </ocas>
      <deux petrosaPutsch="poachy">
        <uratoma>kodroCro</uratoma>
      </deux>
      <mahseerYeply fear="amirDibbersNeskhi" minutiaAdjectCantily="5" clayHadedObeyer="pedee1543">
        <lushly>caconymEnframe78</lushly>
      </mahseerYeply>
      <ouph wastriePrimers="elegiesPoplars" slowestTamasic="editorKnotNucin" newMutisms="stichelSolids">
        <cising>moundyBurnieShilly</cising>
      </ouph>
      <stamen>
        <stintsFrozeCarvels>teenYawweedFractus</stintsFrozeCarvels>
      </stamen>
      <anataseBullateStoped raced="mincier" suspendTelangUpbuoy="hailTanrec" spoffleLimineCompreg="ushersGonysPedated">
        <loggiasRicins>925</loggiasRicins>
      </anataseBullateStoped>
      <roupie toxemic="viroseHukConamed">
        <curiesUpblast>limbedMemos</curiesUpblast>
      </roupie>
    </nunkiWekauWifedom>
    <bunkoedHoosh brendaJocund="anions" majoon="europeGrenier" snab="551572" scenistDaubingRiver="gourdy" shavers="rutinCurrie" tawnilyAmbury="abyeKnappy">
      <ingirtYolksBedward>cubismFleyedBaroque</ingirtYolksBedward>
    </bunkoedHoosh>
    <mensch>
      <hypnoidJoshuaKhan>toadletFoeish</hypnoidJoshuaKhan>
    </mensch>
    <unmadeRandalChiral>
      <muntinDrateFurmety>piaffe</muntinDrateFurmety>
      <gulo pishaugBanya="gershon" ankhArisaidStriate="opimianBowser" viminalSlubby="gnarUnbrickFigural">
        <refutesIdyller>muddied2993</refutesIdyller>
      </gulo>
      <havingsHeadcapLoppier>
        <outtoilDampish>68311</outtoilDampish>
      </havingsHeadcapLoppier>
      <weeds>
        <aneled>81</aneled>
      </weeds>
      <milched disgood="subbandFoozles">
        <maioidElusive>908860</maioidElusive>
      </milched>
      <exodistEsurineIva lousingCoyotesCuculle="unbegunThomismGarnel">
        <blabPeltersBarad>pinkosAlhennaUnsappy</blabPeltersBarad>
      </exodistEsurineIva>
      <oiksAnisum>
        <buckeenBlob>diaAlala</buckeenBlob>
      </oiksAnisum>
    </unmadeRandalChiral>
    <sexedViolous empale="cyanateMuckmanTalli" furandi="bethankCampodyElymus7604" luwian="lucificYoop821" vivasBemoilSornari="633739" gorcrowRivets="payolas" crankum="rawheadBaningRighty">
      <hayingsThirds>flapAguishOuakari</hayingsThirds>
      <acetoseFixed lubberBadges="fatimaIliadBecurry">
        <gigman>extortsBelgian</gigman>
      </acetoseFixed>
      <archeolDelugedPharmic athenaBuffet="242240" upscrewInanersBravely="campe4193" colpeoCressonMaki="erkNickEppie6">
        <grainMoierNitred>censersMissort547</grainMoierNitred>
      </archeolDelugedPharmic>
      <rompersSectileUlidian>
        <yowleyZimmy>cruels</yowleyZimmy>
      </rompersSectileUlidian>
      <ariot>
        <chandiTictacScotoma>109792121</chandiTictacScotoma>
      </ariot>
      <wadi unshedSwarm="2" bambukVoltoShevel="2">
        <ais>studdieOutwish11</ais>
      </wadi>
      <laysDistalPaleman>
        <reveredJarlsAllod>calledOpacite</reveredJarlsAllod>
      </laysDistalPaleman>
      <exiesDudesFrisco sourly="smouser" unlade="imbrueWerefox469" bushersLooeyPalch="finaryLepchaWurset" afield="snowishCattaloTestoon">
        <gearsHumbler>muskitsReddsAlidada</gearsHumbler>
      </exiesDudesFrisco>
      <stymied rewiresPed="6765" buenasDeicideHuipil="846801410" demencyFiguresPalour="mullStu35" inwards="jnanaSabalRider">
        <extBalneaeNostrum>emporyThymoma</extBalneaeNostrum>
      </stymied>
      <yaksha cutches="manletSaladRicey" imines="96369507" terras="unbefitPolillaDogman5712">
        <tictacsOsirify>striker</tictacsOsirify>
      </yaksha>
      <detestPyrenicSibucao>
        <aestureHybla>charciaScants</aestureHybla>
      </detestPyrenicSibucao>
      <feudalWint framersAlefs="thusly" dhaura="brachia753" nymphaeDonack="152752151">
        <blick>40</blick>
      </feudalWint>
      <hulyChoral verging="spitesColladaNerts">
        <wheengeAulder>eboe64</wheengeAulder>
      </hulyChoral>
      <chol>
        <technol>3</technol>
      </chol>
      <tritureMoline camlaAcetoin="even" stinge="phalli" dustee="deysSorbateRambong">
        <sandpit>medusae46</sandpit>
      </tritureMoline>
    </sexedViolous>
    <beshoutDowset massigAtloid="hewingOniony22" morrhuaSlurp="pratedAmbler" vealierCytomeAphtha="lousyAlumel" lastyAppetit="trienesPsoroid" ollapodRaker="cacamColtSkirrs" mellitStoutsSquatly="lashins" sightyCalthaFreddy="61817">
      <hareems>3964751</hareems>
      <swertiaRefightCasinet kaaba="scorchsCrowd29">
        <raggil>uptieAzazelRate</raggil>
      </swertiaRefightCasinet>
      <guanaysFluavil hoganBedfootOugh="637727390">
        <wankelDiebackFreck>vesuvin534</wankelDiebackFreck>
      </guanaysFluavil>
      <anury tutelaeShortzyKooka="paybackJollopJejunum">
        <catererFrozen>brailTovah</catererFrozen>
      </anury>
      <cambMythDaps oinking="hoecakeCasks">
        <imbrexUnfussySaran>178870939</imbrexUnfussySaran>
      </cambMythDaps>
    </beshoutDowset>
    <curitisDyspneaIntoed>
      <slubsAlbiticHalfman>897414</slubsAlbiticHalfman>
      <lovableTeraticPersue bemournEmrodeLears="ferrule3" mouchedTriarii="tapalosWastyMowland">
        <sullNewtake>spalledReviver</sullNewtake>
      </lovableTeraticPersue>
      <saraad>
        <cookeys>53</cookeys>
      </saraad>
      <waftage rasherNeele="replanRhonchiRemeet" soothsAdm="copying" unhabitSkimp="sirkeerTimersNarine2" kallegePeppierLauroyl="napererUtensil">
        <rumorerRiftedSpinate>reduces</rumorerRiftedSpinate>
      </waftage>
      <zmudz>
        <sudanicAsiaticSubatom>62</sudanicAsiaticSubatom>
      </zmudz>
      <trussAcetalsOmniana jethroPlanner="bunkerySabs" latania="cogman" atropicFunky="debile">
        <nais>matchy</nais>
      </trussAcetalsOmniana>
      <recantManurerLivish atechny="2895697" ologyAcholoe="serifsSnakery" grivnaLuteo="romeros" willowPotions="elatine">
        <galantMinim>swagersBugeyed</galantMinim>
      </recantManurerLivish>
    </curitisDyspneaIntoed>
    <facetsMeridieUnchid mutuals="atomizeEchis" forfarStriaeHooroo="44538750" adhakaReligioMuscat="83548590" cuttler="depaintCoped615" moutons="reaumur" accededOutyellTendrac="sumless" paroles="estateUmiaqBrunets">
      <surfmenReaveCharuk>uniChogak</surfmenReaveCharuk>
      <tonusesTortor fume="mulloidSancta" exileThyselfMall="kuwaitDebited" injuriaFulgid="swonkDeblockGobline">
        <dewata>whoringSavorsRident</dewata>
      </tonusesTortor>
      <lepageBastiWeldor chandooAnqueraPiffles="dieneColliedTrotyls" sacking="1730675" jinxes="trusionLatinsMbiras" upperCling="986">
        <berskinMarara>rhapis</berskinMarara>
      </lepageBastiWeldor>
      <vitrumTabinet dyphone="5" yar="ziffsScotomyYang" caughtSignary="scarphsTroad" mujikReversiZizzle="clopped">
        <waws>cleatArdrighSchmo50</waws>
      </vitrumTabinet>
      <gonneBummingEmlen nake="supplerBedwayGamings113" neederCodling="cangleBeings" noyadesHerniaeArborea="potash">
        <fissateBizHatters>oskarUnbowed</fissateBizHatters>
      </gonneBummingEmlen>
      <vaiFilasse villasPalpalFovent="radiousKorwaPrexes4" phialRichly="7484" undeaf="gondKnevel96" gaucyNippy="95729627">
        <kilhigTubulus>996462</kilhigTubulus>
      </vaiFilasse>
    </facetsMeridieUnchid>
    <tously oarage="13" unvagueAegisKwhr="6452306" rittockAtwin="cornuteCaducei" feedbinHaiti="67765" dalerCiliiumArenig="kylinBriaryAndre">
      <dozenerCeride>lugandaBlowoffFulzie</dozenerCeride>
      <mottoBiloxiStouter shamsPsedera="sautyGlome2" breedTotemyBern="altezzaBesew8331">
        <coppinKetoleUpbelch>pierian</coppinKetoleUpbelch>
      </mottoBiloxiStouter>
      <torulinHexonicJusten saffronBolted="1435036">
        <reseaus>zatCeros</reseaus>
      </torulinHexonicJusten>
      <gomart shinkin="rawkyPurinGleit" aldimPashto="donorsDopiest" subtackQueasom="5" succusIacchosTorfle="seepageMackles">
        <hooveSaids>placers</hooveSaids>
      </gomart>
      <czechs redreamIsatinNicolas="diptycaUpupoid">
        <lintier>aha9215</lintier>
      </czechs>
      <typpsMiurus dewingGater="teraticIslotAlec" taximanVexingAntings="bowly79">
        <pitman>59257094</pitman>
      </typpsMiurus>
      <ryotwarTumour canapDamaraOmnist="328" widdledOwrehip="52805402" beanie="nudiesTerman">
        <balor>lisperHouser53</balor>
      </ryotwarTumour>
      <ouakariChazanGangman descant="jnana" kansasClep="84">
        <jibheadVesicleUnchid>antigen</jibheadVesicleUnchid>
      </ouakariChazanGangman>
      <cubism>
        <gruineCascolEntreat>goschen</gruineCascolEntreat>
      </cubism>
      <unsweetUnsillyPumice hopplesCardedHin="typistLbs51">
        <laddessShillukPlato>czech</laddessShillukPlato>
      </unsweetUnsillyPumice>
      <forane arbota="usneas56">
        <washdayScepticMetopes>96576773</washdayScepticMetopes>
      </forane>
      <ballanCupuleMorral khazenAuritedDriegh="therein">
        <burgusLockup>16901413</burgusLockup>
      </ballanCupuleMorral>
      <putMuskObe>
        <decencyNonmanIncuses>aliptesElainsGalled</decencyNonmanIncuses>
      </putMuskObe>
      <broguedMighted stamba="chatCantleLingers" seguing="titmice2677" tusher="620847" potiferLizTebu="codifyAcridlyRoupily">
        <jarringPandura>rerate</jarringPandura>
      </broguedMighted>
      <melisma seamas="6875945" acmaeaBlenny="endowedChithe" piltockFardelTobiah="lulabsCarnac" wontingDeimos="cacatuaDiduceEyehole">
        <shoepacMorpionFinery>shachleEnqueue</shoepacMorpionFinery>
      </melisma>
      <osmicAbides bowmen="dodgesPadroneColter" coakRidingRoomies="calvityTubful" anglingSaddestBairnie="foistEbon155">
        <smites>shole</smites>
      </osmicAbides>
      <drapesTurkmanSlight>
        <ceriphRaptusAnthony>bangeAsphalt</ceriphRaptusAnthony>
      </drapesTurkmanSlight>
    </tously>
    <beeballGumihan cedrateModular="broaderGular" sevens="unairedVerdantNubias" ventose="dash" mussyExposedDeemer="pieter">
      <triviaMagneto>17014</triviaMagneto>
      <aghanee ungloom="being" dimeraBefire="affloofBuzzies" inisleMantuas="samirEnnuye" shruti="oreilet">
        <crampyTombak>cerebriJohnianScours6</crampyTombak>
      </aghanee>
      <mirabelGoodFotmal pyjamaShiestKefti="haylageBlotLocarno">
        <cyclersJumbals>adoneanVoc</cyclersJumbals>
      </mirabelGoodFotmal>
      <arrayerOrrowCopters breeksTousesTroker="regreenGritted">
        <songoHantle>berobArolium</songoHantle>
      </arrayerOrrowCopters>
    </beeballGumihan>
    <armoire>
      <rectaInfin>laboresOvocyteUnearly20</rectaInfin>
      <watson>
        <hoardMitanniAbaris>neriticKnurledWhenso2119</hoardMitanniAbaris>
      </watson>
      <fordingCholentRill seragli="983704637" forgiveBladder="augustaGigfulBant">
        <hawkedPodzolsNudged>googulParang</hawkedPodzolsNudged>
      </fordingCholentRill>
      <almida jauks="antlike6" widgieRecooks="hirsels">
        <sitta>wisureSizzledCytulae</sitta>
      </almida>
      <sleekPilauHiphape ethanalHoodleAdibasi="lotahReagreeMomotus" akneeHarpers="caraunaClichedCypraea">
        <caeomasHillo>367958421</caeomasHillo>
      </sleekPilauHiphape>
      <wintlesExasper pillery="baalize" rancorGlobose="casketsKitabisUmbraid">
        <doffersHurrer>deafish</doffersHurrer>
      </wintlesExasper>
      <tents mirvBespakeIkhwan="knobsBallon8206">
        <begrettAirifyHalves>sensualStatalAlec</begrettAirifyHalves>
      </tents>
      <rebusesThreaps omnibusJabs="bindersIwis" haded="pardineMaumee">
        <rosaceGuachoGebbie>astertBasin</rosaceGuachoGebbie>
      </rebusesThreaps>
      <rosine kharwaDarien="samolus" frizesCostumeCaca="9229" wowed="abatorsCatel">
        <apposer>fordullSongish32</apposer>
      </rosine>
      <potongLogia>
        <seemers>jehovicXylitolPundum</seemers>
      </potongLogia>
      <isogonsAdullam starchy="oribis" tahinOutcantGauntly="dallied" opianylPuntersIbices="encampEnsigns" herbane="hazan">
        <synagog>870775</synagog>
      </isogonsAdullam>
      <pontius ethOtusGorevan="sabakhaYikes">
        <funduck>poof2</funduck>
      </pontius>
      <forlay kazoo="kendosLyssasEpilate" reactsUnposed="480" uswards="taryardLavabos" floretsSoursopLavolta="furElohistTenant">
        <swarveChewingGingall>balakRozzers</swarveChewingGingall>
      </forlay>
      <dumper buffe="sewansZulindeQuasky" rail="murzaRobust">
        <mouton>carvelGneiss</mouton>
      </dumper>
    </armoire>
    <soysZetasGlouts torc="potooLemuria" dozesAsync="overlapBastiPipier" dirdum="chewHumulonBookie">
      <mosteGorilla>rechateSplungeMammut</mosteGorilla>
    </soysZetasGlouts>
    <conteHereat moonier="eat" orgiast="eatableBonasus" gyneDrawers="tarsSparrySpued8" lacunesFeigherGuttur="droumy" taliage="tiddleyJenkin" getas="leifiteSolanosFires">
      <whatso>upalong</whatso>
      <oldnessKvutzahUgli pratapPlexUpcover="pilger2963" ladlesDoated="slik" werecatOds="bocageCag">
        <leban>sabbing</leban>
      </oldnessKvutzahUgli>
    </conteHereat>
    <nervosaDavened terreenEpochalCymose="culterReasy" endoss="325" olaxCorbeExcisor="clingTonletsSambara" scaifeScrimp="vennelTublikeMasculy" cipango="aliases" dirhamsRidderGrunts="wewenocFoisty" suaverFuckwit="rosilla">
      <baradDustuk>dizened</baradDustuk>
    </nervosaDavened>
    <kalpak pollock="chinookNudgingTouchup" moneron="kroon" cimelia="biopic">
      <crimpy>came</crimpy>
      <didromyCruppen jabiru="8230735" loosedAbutaTwin="forayerEnured" vinea="taxusAgreer" sphenicCharges="birlsWickingEyrir6721">
        <divertsAnergic>omarLathierWeevers1672</divertsAnergic>
      </didromyCruppen>
      <preenRealsAlexins pikasShadoofHashery="callidAlsike98">
        <beeware>dulcoseOutmansSullan</beeware>
      </preenRealsAlexins>
      <pancakeIsotron>
        <prewrap>goddessCombats</prewrap>
      </pancakeIsotron>
      <bardingMartins>
        <moorierDisroofSimoons>coneen</moorierDisroofSimoons>
      </bardingMartins>
      <brisantOvipara dhuAsiarch="95643665">
        <prokeChoices>cundCorf</prokeChoices>
      </brisantOvipara>
      <drillet singlerTercelPollux="poring">
        <chided>barwin</chided>
      </drillet>
      <cerfoilHaithal ravelly="injectsApiaryJelske">
        <morgens>lobiPlotter6796</morgens>
      </cerfoilHaithal>
      <tortsAbacasCrout orchel="inspireIbycter5027" settos="reemitsPulersAmazes" slyest="splinesFeelies" adreadAsearch="spying">
        <zabaismFloodyThomist>clips</zabaismFloodyThomist>
      </tortsAbacasCrout>
      <podiumsFlic>
        <envaporBluer>expense</envaporBluer>
      </podiumsFlic>
      <pangsSwingelTricked>
        <sweepNatu>tously</sweepNatu>
      </pangsSwingelTricked>
      <pulseOrologyBasilar schismsPaeonSorbose="iwoundDeturn" moopShendTopped="streeksCopticTolowa" imidsInfield="picnicsGliss">
        <hoopmanGarrupa>gladeHaplite</hoopmanGarrupa>
      </pulseOrologyBasilar>
    </kalpak>
    <redowasRimersKapok>
      <loopsDidderPremium>possumsTabletsGoujat860</loopsDidderPremium>
      <merciesSwazi cuffle="fibs" rudder="invividWapp" cuveeBritzka="tuskerStuphe" unsleptNucelliEan="nagnailGolfsLintols">
        <evadedKiaatKettles>5</evadedKiaatKettles>
      </merciesSwazi>
      <darterAgelast>
        <etouffeUpseal>tarsomeAshlar7</etouffeUpseal>
      </darterAgelast>
      <vilestDhikr enfeoffJerboas="mushru">
        <danliPenal>imposes</danliPenal>
      </vilestDhikr>
      <algomicGrowls punceYuponAtoxic="157194">
        <grumphyUphroesFans>holyUnfunny</grumphyUphroesFans>
      </algomicGrowls>
      <advices teasedIerne="rant" coercesHighlowSaree="armour" liparisCorksRente="rami">
        <heapHoldenDehkan>cakeboxLimpet</heapHoldenDehkan>
      </advices>
      <passage owhereChuckle="773" septumsUrinousGarniec="rougeotDemon" pegoxyl="931792487">
        <armit>emuleBertramGigback</armit>
      </passage>
      <hoversWhigJai kops="siluric" lottosTaxinTrodden="lugLucerns" jiggler="54723967">
        <praters>oompah</praters>
      </hoversWhigJai>
      <chatterMuscled>
        <verzinoBedimPopeism>breedsAntics</verzinoBedimPopeism>
      </chatterMuscled>
      <doniaItchingClition aguada="4202" observeOoooFlyblew="991993187">
        <razzes>790315925</razzes>
      </doniaItchingClition>
      <outwoeOutsatDhunchi chokage="coddles19">
        <pnxtNosuLivish>choregi</pnxtNosuLivish>
      </outwoeOutsatDhunchi>
      <vail jaguarBrighid="schnaps" shockBedlessQuinze="reviserTundra9" paddledUncomicCarbo="7656027" gallootCogitStrewer="gantletMissile">
        <worralGenionCaufle>caliteMatzahsEnarbor</worralGenionCaufle>
      </vail>
      <bombastHowitz fylgjaGleekDaren="cabblerComournSnoove" venus="hinder">
        <butches>snoopedElodKula</butches>
      </bombastHowitz>
      <alkPeteredEcbasis yercumPyrena="pignonPinonicBoddagh68" mudderFieryBiotomy="chicot">
        <solidsWorsum>481</solidsWorsum>
      </alkPeteredEcbasis>
      <chogakMacles vakassJewlessWhet="2465" refrJaypiet="harlInflict" bronzedAlexian="protyls">
        <legmen>prefillLaming3</legmen>
      </chogakMacles>
    </redowasRimersKapok>
    <elaPicoryDript>
      <dotardyLatrian>turbotShadedBirlinn</dotardyLatrian>
    </elaPicoryDript>
    <girse>
      <carloCaligoUshas>theyveClitBistres</carloCaligoUshas>
    </girse>
    <loveday>
      <forblowMaganiAenach>duckTweel</forblowMaganiAenach>
      <smoutBeclangAdvt sangars="8632" brissSamarasMusics="flashedOatersFetich" styany="gunnenPoleDiurons163" shrimpAlerterHire="chinoa">
        <listels>ravens</listels>
      </smoutBeclangAdvt>
      <begall bodicesProrateReflux="67386">
        <hoots>larding</hoots>
      </begall>
      <paseoCcwVersify>
        <wilrounPlica>moola</wilrounPlica>
      </paseoCcwVersify>
      <keepRoubouh>
        <rhymery>sprintsAbamaUnau4793</rhymery>
      </keepRoubouh>
      <brinesGrf phenin="873">
        <raxedAlane>misaimSinicalAnounou</raxedAlane>
      </brinesGrf>
      <riggingPulped amphoreCindyWheezes="kudusDruggerUngaro" skeoDegustAmable="3" morong="bilaloReboilPrangs" borable="715224">
        <notoireApoutBuzz>disportCrouponBrims</notoireApoutBuzz>
      </riggingPulped>
      <unpaledPoche pitlessRuttle="arbaloJapyx" carack="mycelesCrenicUpyard" presslySwivetsBaker="babby">
        <crumplyUnarmed>quinkPliss</crumplyUnarmed>
      </unpaledPoche>
    </loveday>
    <lollopyHussies>
      <deicedPosthoc>594219</deicedPosthoc>
      <ameland>
        <roubouhDhole>gaboonEaverMobble</roubouhDhole>
      </ameland>
      <fourb bramble="7" inhaler="brunel" sawnyToked="skunkedEleut">
        <schnozPromise>70075</schnozPromise>
      </fourb>
      <tiros taiHatfuls="bidpaiGaol6576" wallah="eutopiaTiculCaravan">
        <approofMowburn>vimsEuchiteAntique</approofMowburn>
      </tiros>
      <uncutMurray>
        <poutyLeepFuhrer>stichos</poutyLeepFuhrer>
      </uncutMurray>
      <archwaySargesAcmite bookmen="dolabre" aryl="ucaLunchNutlets" circutLough="574">
        <pincher>essenicCyaninsMelena</pincher>
      </archwaySargesAcmite>
      <zoomMartext unstack="ononisJunoniaTheemim9" walliesThamesBumbelo="enornHiston" downsetBumpoff="foxfeetGroggedCuishes" skeichChemism="3988812">
        <kalpa>walked</kalpa>
      </zoomMartext>
      <tecoma abacusIndeclToolbox="showishLicitJugger">
        <hook>cambium44</hook>
      </tecoma>
      <yojuaneWidget>
        <khivanBoldo>grilled</khivanBoldo>
      </yojuaneWidget>
    </lollopyHussies>
    <scroogeMocoan bulwarkIdylMore="ardoise" pompa="4" satang="4153" trieneBeemen="peened">
      <munjeetTineas>tagged</munjeetTineas>
    </scroogeMocoan>
    <grecianTwirpCasual>
      <loathed>8848</loathed>
    </grecianTwirpCasual>
    <yedGonadic>
      <upflowsEspinel>recipe</upflowsEspinel>
      <bestealEpenla sconces="asteepCadishNappier">
        <planker>undrest</planker>
      </bestealEpenla>
      <skiddooChuroyaPind durgan="49" hornada="nabobsReframe">
        <meanersGeodes>quamashPrawn</meanersGeodes>
      </skiddooChuroyaPind>
      <piewipeChokeysAbhors>
        <holding>weanEmir</holding>
      </piewipeChokeysAbhors>
      <vidduiPillowMittle inyoiteHooted="suppute" peculiaCumyl="podger">
        <chimneyRedbait>ascianEsplees</chimneyRedbait>
      </vidduiPillowMittle>
      <hydride gluesArrobas="noiresAlfetManuka61" lout="5592902">
        <avenineSistrum>indoleMerryBlowbys</avenineSistrum>
      </hydride>
      <octetCantel>
        <twpAggrege>garonBeirutOutgone</twpAggrege>
      </octetCantel>
      <dotateGraterHamlets busty="shi">
        <duftiteHoodleEarle>bellePawnor</duftiteHoodleEarle>
      </dotateGraterHamlets>
      <furzeryJimbang tonish="bobaUngood">
        <what>60500</what>
      </furzeryJimbang>
      <rewagerOutride upshore="circueTuschesVivre">
        <encloak>harder81</encloak>
      </rewagerOutride>
      <wrynessNedTarin haarTip="hotdog" hormosCahotCoquita="88254" outsitRillettSpasms="diuronsCampusWarbird" upheldSorchinRoyal="garratBodega343">
        <banglesKlippenAvalon>animize817</banglesKlippenAvalon>
      </wrynessNedTarin>
      <steppesPhyteusAbbott onycha="drainerWitchyUnpure">
        <begulfSelterZyga>flierSlicers</begulfSelterZyga>
      </steppesPhyteusAbbott>
      <patchySeapostFondant mouly="cymousFlytail">
        <nagaika>celli426</nagaika>
      </patchySeapostFondant>
    </yedGonadic>
    <anahaoNesioteUnmoor bawdAyubitePauky="scrogieUntallRondle" caudles="174" atty="333666884" enemataYeply="niminy">
      <asouthViralMissed>idealBatlikeAmomis769</asouthViralMissed>
    </anahaoNesioteUnmoor>
  </stuggyMunting>
  <emrodeNonius />
  <bullule splakeFlerryAswough="unweelResole" aquadagClergy="vidimusGalumphLawmake2" adonistLetgameFuzed="prideGalban">
    <banlieu>
      <eveSilkineAvian>fondish</eveSilkineAvian>
      <disbudArider coptine="asilidAgible">
        <arrasUndailyReturf>roversUnfluidNinut9402</arrasUndailyReturf>
      </disbudArider>
      <autemMysis arneb="zapusTareqOlivile">
        <lubber>darius3069</lubber>
      </autemMysis>
      <driverBowbent>
        <domageBoarderSunnily>zoolNorth</domageBoarderSunnily>
      </driverBowbent>
      <reamerVest oographYattersCast="lish" physa="sazen" percid="drinnPeeing">
        <bingPilus>entomb</bingPilus>
      </reamerVest>
      <turmit calcineFussifySutler="slateCheloneFruggin54" droddum="barterRequest" wering="4">
        <tebu>beduskHayboteLumping</tebu>
      </turmit>
      <evalBonosQuarks>
        <unhungPiquing>carolin4</unhungPiquing>
      </evalBonosQuarks>
      <lufferCredens heptaceMamryRemoved="blowzedAlmudes">
        <snash>735</snash>
      </lufferCredens>
      <hurkle thwaite="agynousPinesapWisps8" styline="62230" mecum="55412507" cheskeyUngross="sungarPulegolHommock">
        <dunkers>ccmCebids</dunkers>
      </hurkle>
      <agaty>
        <trucker>boscage</trucker>
      </agaty>
      <dogblowSloanea arpent="redatedArockRecruit" slily="wrights54" samshuDbrnPlatypi="bisexedDebteeSaphie" jell="buckie">
        <flipsBanselaStimies>9215521</flipsBanselaStimies>
      </dogblowSloanea>
      <dimlyStrich>
        <datapacShariaUnherd>727</datapacShariaUnherd>
      </dimlyStrich>
      <numFusainOlof dyableBaulked="646139418" flukilyAuspiceJuniata="hsiSwiggedFins">
        <cindieScarcy>tamilicRidgelDisgood</cindieScarcy>
      </numFusainOlof>
      <urnlikeBoygEdmond semitesCarguedScooper="veneres25">
        <liver>adeliaTurbits5866</liver>
      </urnlikeBoygEdmond>
      <warabiSemens bedurBathingClops="3" scouseJalapa="gitoninUptieCooly" upflingWelsh="8">
        <devilsChukkar>septumsSnottieSwanked</devilsChukkar>
      </warabiSemens>
      <ocker erucin="caulomeSoiree" yowlingPlasher="tutlyNeedierAlvelos" ubcGenre="unnethPunties">
        <audile>ayieldAneleQuib</audile>
      </ocker>
      <megilpsHim ferePechEnerve="4570345">
        <letoffSlaws>capletJobadeCrizzel</letoffSlaws>
      </megilpsHim>
      <pinny codeiaImmense="nerverPharynxYakked">
        <agoutyAaronicJerkier>joewoodUpshotLysol</agoutyAaronicJerkier>
      </pinny>
      <glagolEstates paramVolapie="graversKorzec" aleeRestem="amintorEductor" azoresPigtailTithe="orderIxil">
        <clatchy>96</clatchy>
      </glagolEstates>
    </banlieu>
    <evacuee gorilla="sondesAucanerReknock" resmelt="6737" gasifyTubersMarlock="aluminsAlferes" aumrieSaltbox="corpusAthymy">
      <sind>8853</sind>
    </evacuee>
    <serranSadisWorst>
      <toppyRequireSnicher>179500363</toppyRequireSnicher>
      <oouassaExsculp kaphZincum="chayaFilacer" cambersZoomingEncaged="865097" prankedHartLourie="chitonsTwinedChoicer">
        <sabinoArmy>trippleGustard</sabinoArmy>
      </oouassaExsculp>
      <stroyedRumour jaletCortinMands="warveSomdelBlears">
        <puanForzato>mather</puanForzato>
      </stroyedRumour>
      <burrahAkiaBuffy frugganHobBewares="aramidsAlogianTwaes" cosets="20677">
        <unbaleAtabegCraunch>lenCorrelEngulf</unbaleAtabegCraunch>
      </burrahAkiaBuffy>
      <awasteTeachy retenesCitola="alcaLenitic" submanRerolls="pimploPaplikeKetches" franks="csardasViridinStemmer">
        <druithRegurIof>tikisNijholtGamey26</druithRegurIof>
      </awasteTeachy>
      <furzyBrereMishnah>
        <egilopsMaps>voiceSteevesKeir</egilopsMaps>
      </furzyBrereMishnah>
      <darling betwineStokes="irbisCloggy" quittorAddible="47279">
        <makran>rhamnal8124</makran>
      </darling>
      <insnareSambalToylike moldyMalikiDriegh="njaveSubnect" cuppierAraceHugo="refightDuomosRosetan" tasteNervish="ambiensLabridCheeter">
        <hormosPoured>845845</hormosPoured>
      </insnareSambalToylike>
      <babaChetahPotline>
        <whoryMagmaTrifler>marshy</whoryMagmaTrifler>
      </babaChetahPotline>
      <hermae catlapFacit="kithe" immixesSigmas="lebanKnarlViands">
        <virousAkimbo>jonglemKeitloa</virousAkimbo>
      </hermae>
      <snaggedXylaRidges>
        <mekongLoupedOeuvre>thropeVampyreAppled</mekongLoupedOeuvre>
      </snaggedXylaRidges>
      <bartreeProemCgs kissar="338">
        <muddler>kalpaks</muddler>
      </bartreeProemCgs>
      <spuriaeTavertTermer marletDrafteeGlod="leets" seaweed="hoofish3" chary="patuIvorine" impelsOutingFannel="carlism9180">
        <lacoca>brest</lacoca>
      </spuriaeTavertTermer>
      <evzoneShovelFlamier whizzesScenterFuye="nymphal" wishmay="wagedom">
        <musico>peratesWottest</musico>
      </evzoneShovelFlamier>
      <dufferVeruled auth="53222" epihyalAspiresVegete="viga" peorianBinder="shurfAlvine">
        <amiceOutlain>fumagoCoffea</amiceOutlain>
      </dufferVeruled>
      <poh>
        <alignedGlens>316830</alignedGlens>
      </poh>
      <fopsMessmen enfortKoryakLunulae="9012560" iraqisRecalk="xerosis">
        <baulk>fakeerEmydian</baulk>
      </fopsMessmen>
      <livethScobby>
        <palaeic>bilandSiderinLenaeum</palaeic>
      </livethScobby>
    </serranSadisWorst>
    <luxuria>
      <liquidsFurilicDamns>reiningXeroticGenera</liquidsFurilicDamns>
      <skiterHeil acoriaCurdledSolfge="updomeFlume">
        <ratfishSigned>trintleAging</ratfishSigned>
      </skiterHeil>
      <encashPortureBrace rastik="vanLignumAllods65">
        <foliaVisayaBiunial>suffect</foliaVisayaBiunial>
      </encashPortureBrace>
      <akimboJuster trigla="ptolemyNolt">
        <incrustShikkenGlobins>loculiFoxes</incrustShikkenGlobins>
      </akimboJuster>
      <suave>
        <aphidsHops>78</aphidsHops>
      </suave>
      <hasinaiChauteScans sarge="whackerNigherUnfirm" renaySedges="verninDervish832" quillonSpleensSpaying="headsawBokosHepcat">
        <bankersNievesDerfly>yeelin</bankersNievesDerfly>
      </hasinaiChauteScans>
      <yatterDiclinyYomer looryTorerosDulat="bawlyThemes">
        <aria>sauriaGrampus</aria>
      </yatterDiclinyYomer>
      <laftIntraitTatusia>
        <primyFruiterDefial>tythe</primyFruiterDefial>
      </laftIntraitTatusia>
      <kobu kittockSifflet="umbrine" mislikeUnicingBaseman="2338940">
        <viznomy>201741</viznomy>
      </kobu>
      <berendHexacid samovarDagIdic="asprawlEgoity" miltier="warbler" suidae="tathataAutecyViti" share="afreetSorgosTangelo">
        <wiskingAblated>hsuanPitchi</wiskingAblated>
      </berendHexacid>
      <chacoliMalaxisPirate tritorTubig="pailsReastTints" warwickBaryton="64" abbassi="33">
        <stratalNighed>storerRhyttaClay3</stratalNighed>
      </chacoliMalaxisPirate>
      <moyenAmbariHolts eneuchRoaster="bovey787" basnetKaraiteTemp="avenidaLucknowGuidman4" mondseeWhizzIberite="57788729" roguishClavi="5635615">
        <anilicLaurite>woundedSeedkin</anilicLaurite>
      </moyenAmbariHolts>
      <dowcetToils toruliArentChegoe="meoRunkled">
        <spancelThrowsSalung>coseatGuiser2523</spancelThrowsSalung>
      </dowcetToils>
      <piracy bastonAreolet="5639880" tisanesSalvors="ducsFlaconsBandie" egisTrin="autosServiceLinkmen" whombleYapmanInness="fiance6895">
        <outwearClayPostage>gonofs</outwearClayPostage>
      </piracy>
    </luxuria>
    <unepic maegbot="korunyCrieyRickey483" witBowfins="isling">
      <spitals>lechKuskite</spitals>
    </unepic>
    <stemmaStoppel>
      <solidPaleonGaffle>karenBurger</solidPaleonGaffle>
    </stemmaStoppel>
    <piscoEmeriesInsurge>
      <phrasal>quernSclatchParters</phrasal>
    </piscoEmeriesInsurge>
    <piotty gordianHonerPav="paddingLilianCordery">
      <duessaWhippyAccused>soddensLagging</duessaWhippyAccused>
    </piotty>
    <unclearOutfameMisact>
      <cynipidRustlerBeduck>resawsChiripaRiksmal</cynipidRustlerBeduck>
    </unclearOutfameMisact>
    <moonal bianchiHidedViral="steams" generis="catstepButeo" louredThiefly="didderParmaMunited" cunditePedatePogeys="shaversFitchewChilean">
      <south>burrockFaitour</south>
    </moonal>
    <gnetumsBothieDagomba>
      <vela>compter</vela>
      <orgiastBoxen>
        <flankLaulau>3767</flankLaulau>
      </orgiastBoxen>
      <lakieInanely unallow="clankumTrommel" gathers="bacheCagy" swure="67130" hazily="fermageSwayers82">
        <sattar>soccerSeawantMisfile</sattar>
      </lakieInanely>
      <peptids dosainArcite="spinelGaggers" zayat="sicerTecaRappers">
        <exoconeBoast>enfleshLewisiaAvenant</exoconeBoast>
      </peptids>
      <chappalCash>
        <jarredCoracle>anathemZymoticLah</jarredCoracle>
      </chappalCash>
      <diesis desmic="948247106">
        <potenceKeddah>safely</potenceKeddah>
      </diesis>
      <cadismRumorerFrecket besing="nitreMowsRedware5058" plufferGeleesAtropin="goading" toryfyPaulistProtege="curiaeDepohShipmen" fohatReheardApodema="9">
        <gripingTirrit>roinish</gripingTirrit>
      </cadismRumorerFrecket>
    </gnetumsBothieDagomba>
    <odylize>
      <recookCancel>atmaCathPoop</recookCancel>
      <fadgeRexinePopadam requireKevalinPiggier="heezeFluoridSaigon">
        <cotoroTotum>teachyLoxic</cotoroTotum>
      </fadgeRexinePopadam>
      <reree fakeFries="napless456" odorousGogo="1738" frouncePalamaeMimir="corita">
        <beclawSemicupBavoso>cockieNosiest</beclawSemicupBavoso>
      </reree>
      <aricianBegunkEstray kiowaStriperLungy="throatyCahita">
        <gabgab>unweldParados</gabgab>
      </aricianBegunkEstray>
      <rereelVaporer orielMeak="grimily7" brooZingingSuburb="8">
        <ionismScows>viduityMimesisShacker</ionismScows>
      </rereelVaporer>
      <aspishVilify lippier="chaetaeDaedal" blazingCoseys="jure">
        <garring>rahKokra6329</garring>
      </aspishVilify>
      <edacity runoutsFairs="bestock" ter="visingPtolemy">
        <evernia>docs</evernia>
      </edacity>
      <cadwalNegroes cyanose="pokeyUpframe" blaflumBaalish="dozentFreightOneida" dreamyFrogmenLardons="sumlessShakoGot">
        <koansBouvierDoand>64768</koansBouvierDoand>
      </cadwalNegroes>
      <tanburNuanceOvambo projets="prebble" anthosWashday="abantes" anticks="unsight" creosol="ultimaBother458">
        <aswirlYeo>cavinUnblown</aswirlYeo>
      </tanburNuanceOvambo>
      <rewaxBoodh tracersUnsewPeplos="bijasalInworksBanzai" morcote="782515" arbutesBurlers="agrope188">
        <apogeic>grinterMorbifySomers</apogeic>
      </rewaxBoodh>
      <boulterTerretLimbing acrobat="scrives" pandita="rustCubism35">
        <earflap>poopedTesteesSteelen97</earflap>
      </boulterTerretLimbing>
      <ateba savingSetulaeHefters="chanson">
        <inbushAlviteCadet>bedemanCoddler</inbushAlviteCadet>
      </ateba>
      <abraidDividesPretor messAmulet="cadding" bestoreSkootAgena="purviewSariguePrill" hutzpas="fidleysStannicFlenses">
        <cocos>2</cocos>
      </abraidDividesPretor>
      <olivaryUnracedChooser acontia="sowens">
        <cuttlerEruptTopaz>greatenCarpet</cuttlerEruptTopaz>
      </olivaryUnracedChooser>
      <fifeSeducedDoob trullerPatakaZeuxian="boutellDemodexPitprop9" razooMiseat="arrowyAineeTwitten">
        <trifleBankers>woundedAgapeic</trifleBankers>
      </fifeSeducedDoob>
      <myowun trifid="sunfishHuzzahs" ringeyeFairing="markkaLobed700" betels="rutilesAhuCinerea">
        <mezailCheloneTalpoid>599</mezailCheloneTalpoid>
      </myowun>
      <pulasanLamaism occluseVigils="frillyFeinter">
        <fiatsReheadPompeii>5</fiatsReheadPompeii>
      </pulasanLamaism>
    </odylize>
    <serfsLeviSerioso>
      <pastime>queridoCalais</pastime>
    </serfsLeviSerioso>
    <fauvesSittee talaing="glaucinOrpincTrounce6">
      <attacusVefryBarfish>jetsoms</attacusVefryBarfish>
    </fauvesSittee>
    <casetteChrysin mootTripFlative="7" enfavorForlorn="gatchEluxate" madrierUncageEscaper="rhinaGuanine">
      <reproNilgaus>85248520</reproNilgaus>
    </casetteChrysin>
    <spinulaMelons unnoisyMiladyIniomi="skippetMicrify" rushierAsearch="bathtubAlansToastee669" iffyLide="gametesBrob3" buchiteGrig="whand85" ceroid="imids">
      <niminyFields>lurefulTampion</niminyFields>
    </spinulaMelons>
    <manioca>
      <finify>568525</finify>
      <akiaDissavsSlop copsoleJamwoodIshime="454778" boodledMetalerEnolate="shrillZestedPraise">
        <arrasTalmasYairds>782405083</arrasTalmasYairds>
      </akiaDissavsSlop>
      <relivesDiambic fazedClays="forcutSororalDigram" zinebsBedCompoed="spattleMishitsTourte" tentlet="oilierAmuchcoLupuses" tapery="weakensBuckeye">
        <lawinesLumpyUnicing>uneaseVolubleVaginal</lawinesLumpyUnicing>
      </relivesDiambic>
      <covite ominaAirboat="scut" militiaRock="idaCallantUiguric" humans="courted">
        <alk>chaptGadbeePhenol</alk>
      </covite>
      <failed bateauxLidiaBroider="feculaeWillowy" sangil="lampers" vergent="frouzy">
        <snapoutAtrium>steenTailersOutsum</snapoutAtrium>
      </failed>
    </manioca>
    <bitser>
      <darzee>tejanoSubidarDeeds</darzee>
      <nothousTotum toroid="cardias9" melodicDominic="coatiWinnie" bhutsChapmenPuri="rootersLogisJitney3">
        <dousePrawnQuegh>mnium</dousePrawnQuegh>
      </nothousTotum>
      <hereonTony>
        <encinasReviver>antilia</encinasReviver>
      </hereonTony>
      <gphTrojans gorcockFlambes="idoliseIterCommuna" sog="caloris" gelable="whoreTomboysAshrams59">
        <phraseTewitBesot>8</phraseTewitBesot>
      </gphTrojans>
      <tovariaKhakisUnlute>
        <kgr>snoods</kgr>
      </tovariaKhakisUnlute>
      <berogueSociety repadOkruzi="aaniCamailCircles" gradinoMokyLagting="catspawUnnewlySeeders5110" cholam="mantuas" chubBedsVitta="bondmanUfs">
        <blunder>unwombEcstasyKend</blunder>
      </berogueSociety>
      <kielVelvetsBabs>
        <trovesPitta>cornetThammuzVakils</trovesPitta>
      </kielVelvetsBabs>
      <kanakaPic oxetoneUncapsStond="albinesBaldedPontiac" milpaAcadianStrumae="chimeraHerby" trockRumless="977948" awhirlExship="bunionsAnguis">
        <vulnedArrachAra>1</vulnedArrachAra>
      </kanakaPic>
      <cuber worrits="gowdnieBalafo1583" hopbind="yield" picoid="jaspKeepsPhrase">
        <rancorsUiguricEnchant>85397</rancorsUiguricEnchant>
      </cuber>
      <francasNuncios tould="oozedReechy" trotylsRoveShowish="amoebidAmeers">
        <windbag>94348</windbag>
      </francasNuncios>
      <ghillieExch jacobus="874237" parody="infixalPriapusHaunch" mediadCertoseGalumph="3427">
        <helleltOttetto>991</helleltOttetto>
      </ghillieExch>
      <glost subgapeQuaysForex="houstonViner">
        <euploidMachera>pistler</euploidMachera>
      </glost>
      <vizardsSectist septateBoii="lamelyWindersWaltzer" peltingMoolaFurlan="potherAnteriDuets188">
        <trucialAggressSirpea>abongoBrasserBelate</trucialAggressSirpea>
      </vizardsSectist>
      <epicure khedaCloneVampish="weasel" pryingReve="tarseLudwig7" gollarCollar="bellsSubside">
        <pricesSturnusTerfez>cretismBemoonSiums</pricesSturnusTerfez>
      </epicure>
      <hoppersPistCatery jarnutClinPottier="399" vineityDilJagheer="bracker" chebelManiereChouse="wadmol">
        <popeyes>orrices</popeyes>
      </hoppersPistCatery>
    </bitser>
    <hymenic>
      <briocheAneuria>jabotsCarpelsBullion5912</briocheAneuria>
      <adiate adeptWeenong="aucubaLargishOyelet1" remount="252400979">
        <kristin>juicedShawyRaucous</kristin>
      </adiate>
    </hymenic>
    <tutressSuppledCodex>
      <coranto>coosify</coranto>
    </tutressSuppledCodex>
    <frapp>
      <tatamisLungHornie>regainsPar</tatamisLungHornie>
      <sisleyAnodalAsway giving="morusHoofrot8" grammel="shmoBistro">
        <faddierAlmainWharve>cabasa</faddierAlmainWharve>
      </sisleyAnodalAsway>
      <preburn torcsPorkyFriths="mananaClarinWarded" wigglesTortDoon="719" amtman="chineseSalband">
        <inkings>sibiricUpbound</inkings>
      </preburn>
      <fagotte overlax="933552" scandixTensawGawker="doulceRamlike">
        <tuskierSnaithPlantar>loa966</tuskierSnaithPlantar>
      </fagotte>
      <essedMistalAdhaka swevensNitered="495342" liangIchibu="ticerSassyToftmen" lupinusAulas="leisureCleansGame">
        <drumbleGhostyEncharm>inningSpartaSyenite</drumbleGhostyEncharm>
      </essedMistalAdhaka>
      <pirr karmaNeri="feigherAbacate" noumenaTimauaBoth="panierBedebt" bruntsCompostFirebug="236" khisRumaniaAwide="plagesGodeNodally44">
        <byrriSarodes>achokeReawardCreate</byrriSarodes>
      </pirr>
      <veuve eddaicAltStrave="stauter" engold="teconSnaring">
        <glaverSimmon>cierzosRaysSchnook</glaverSimmon>
      </veuve>
      <diptychKnow troftVetandaPinball="731" tonousDonkeyBoblet="hyakumeChamoix" jussive="2">
        <exuvial>bearCaliban8</exuvial>
      </diptychKnow>
      <farmer excitedMeath="103781" cosinsVerpaYetis="makarsMakranClite" prysCawlPegman="calebAciesAhaaina">
        <osseaPreview>censure</osseaPreview>
      </farmer>
    </frapp>
    <alluviaPatera>
      <geulah>37800388</geulah>
    </alluviaPatera>
    <elaineIstana>
      <carucalOupheSoapier>maana</carucalOupheSoapier>
    </elaineIstana>
    <awd turkleOutgoerMauvein="penucheMaidism">
      <kirkAmimiaCalci>impendItalianUranin</kirkAmimiaCalci>
      <bulkageResiduaLiards briniesSlabbedVocat="dzungarBelageBoomdas" snaperGrex="mustiesExodoi8" brutterFooLief="loweredSmilesRnd" loftilyInsuresMartian="pieman">
        <enableComidGorged>tenutoNextIcebone934</enableComidGorged>
      </bulkageResiduaLiards>
      <unboneSkew yercum="cooter" school="prickleZoism" cupheadWarlyWasoga="balkersBloopedPilpul">
        <adoxy>deedily1487</adoxy>
      </unboneSkew>
      <sportBaconicKeywd flaiteChewerStirred="tsetsesDiomate787" sloteReicing="teras" bulter="tales" rowing="colicTrilit28">
        <akaniaSaddhus>toxoneToey</akaniaSaddhus>
      </sportBaconicKeywd>
      <vulnoseLearned kelkNuagist="caposEuskaraIlissus">
        <skitRattlePosing>houtingChivw</skitRattlePosing>
      </vulnoseLearned>
      <polearmDeuton rabbisDons="parmaBubbler">
        <gamesMelos>durionWhipRhesus</gamesMelos>
      </polearmDeuton>
      <untewedDoli>
        <glycanAbeyant>asilid</glycanAbeyant>
      </untewedDoli>
      <nuclearJigaboo frowstyWorriesTombal="jobmenRaying">
        <cleric>pectoraSaddles</cleric>
      </nuclearJigaboo>
      <menders chancedBulledAmmonal="gneuPrancedScribal" predataVirtuesReslay="maffiasEvertBeearn" hoboeGristle="convoysPaulus395" passadoSmacked="wannessShluhCapelet">
        <ccwsTadpole>xctlGunaDeek</ccwsTadpole>
      </menders>
      <spalax>
        <awe>sintoHurrah</awe>
      </spalax>
    </awd>
    <scarfs brinyAffableHrzn="81" kiddyEsoxResend="vakilsHeadPetasos" recitedGlearyMedic="46321" stupas="314085307" debRattoon="sal" retted="meggy" neotomaDazes="unsorryCupid">
      <reslate>6081868</reslate>
    </scarfs>
    <cuifUnlentMru>
      <teazer>wannish</teazer>
    </cuifUnlentMru>
    <zantVastlyOctanes triage="4349775" praiseEphebea="aenachBriony22">
      <dulcelyMilords>bang</dulcelyMilords>
    </zantVastlyOctanes>
    <inputs>
      <plenum>movies</plenum>
    </inputs>
  </bullule>
  <gipserBambuba />
  <runted saludaEyghtBrosy="rovenOgress" abradeBisporeLavic="thraep" flixJobless="tucson" />
  <colonus cordeau="gloeal" />
  <valeted>
    <pukishOohing>
      <asgScoloc>areic</asgScoloc>
      <roveTribase blotCoverts="tergantPoems" crusileBalsa="boxhead" crawdadHirplesChiles="overbarBawlers895" jaygeesJuncoBefur="338">
        <civillyEvansChiefer>ewderJohnsWester</civillyEvansChiefer>
      </roveTribase>
      <planontSnocher peeksPipedCullion="99" biggahStromeOutknee="flocoonFowlingItself" carmotPirayasPiglike="censerFconvDeckels145" bodgeHemmedAdvisal="bismarkDepulse">
        <hizzieSotsMacusi>cirl</hizzieSotsMacusi>
      </planontSnocher>
      <ethineSabring laggardTemper="632010957" polled="cippus">
        <clarity>enwwoveEssede2</clarity>
      </ethineSabring>
      <antsierBreakShammes solioMercers="shohetTartedJovite" thievedGali="69">
        <gismoKiltingSighten>83771910</gismoKiltingSighten>
      </antsierBreakShammes>
      <absvolt daverMiro="5106">
        <devs>49770567</devs>
      </absvolt>
      <israel tombsYakaloCoving="tath" capsids="pluvial">
        <namAdnexaMucuses>385</namAdnexaMucuses>
      </israel>
      <toruKhevzur>
        <anoliJinchaoCodeia>inflow</anoliJinchaoCodeia>
      </toruKhevzur>
      <wosomeBibbersMarry>
        <sailourMang>callan</sailourMang>
      </wosomeBibbersMarry>
      <awaiterBluntedLicour aperiesOnkerBor="arrisVivants" bogum="egoistsArsenic" bellowShriver="390" miliaryHoodle="onkosGuacin6">
        <indinNapkins>edeniteOpposal</indinNapkins>
      </awaiterBluntedLicour>
      <iguanaMacduffCarvage>
        <succulaAvower>cadusLuser63</succulaAvower>
      </iguanaMacduffCarvage>
      <holdallJulesMuslin>
        <canikinShelvedRedbill>froom</canikinShelvedRedbill>
      </holdallJulesMuslin>
      <tradalStaidlyKnarle pickeryCrone="orchilsNectarPelecan">
        <thoman>114</thoman>
      </tradalStaidlyKnarle>
      <pikTate miffedFendBossage="inneity">
        <lupusesConcrew>lakistMisyoke</lupusesConcrew>
      </pikTate>
      <dalfInfersUnduke bagelsGroofArgals="vulgate" piquant="16318" blouseFreeVeldts="balitiFollerXanthan" gambadoOsiris="fibberFilcher">
        <cavedSpinode>comets3</cavedSpinode>
      </dalfInfersUnduke>
      <ghettoAcker hurds="danePriors">
        <sesquih>blacksBluets</sesquih>
      </ghettoAcker>
      <hexdraArrasesAarrgh>
        <melpellScirpus>564070</melpellScirpus>
      </hexdraArrasesAarrgh>
      <razzlyKelchynBhungi twillTowsCoeno="referda" rereadsCloudy="unlocalReefs" banalBelibel="58" bairnieSalus="73334301">
        <chicosHutMoither>atopiesPiecedRibby</chicosHutMoither>
      </razzlyKelchynBhungi>
      <frontalNoily futural="73955344" evertReflows="stomalBooteeConvene" anser="squeakyAgrised">
        <duelBaguios>stionic</duelBaguios>
      </frontalNoily>
      <tappers>
        <bikeSunhat>reknead</bikeSunhat>
      </tappers>
    </pukishOohing>
    <bywords>
      <equitesSyndoc>hangers</equitesSyndoc>
      <showery apotypeManitosYearend="fixage" nuchalsCisco="meaShoya" camusSchavsAnotto="dishornPleion3167">
        <whetCanary>8</whetCanary>
      </showery>
      <flunkey banivaVolley="15327673" cabuyaVicineDanai="61283863">
        <ejoo>tinkles393</ejoo>
      </flunkey>
      <moorsVote amiable="661947" faitourSivvensZutugil="40646499">
        <handles>gruft</handles>
      </moorsVote>
      <ratfink>
        <reefing>68</reefing>
      </ratfink>
      <mussuk estradoShawled="embryolSlashMasting698">
        <sitient>16985</sitient>
      </mussuk>
      <erenachLairdieSwiples odors="65799">
        <stewy>tarsiRatters</stewy>
      </erenachLairdieSwiples>
      <nuchaleDalt handilyPapered="appiusSubtle6922">
        <inlawrySarsensShiism>flawing</inlawrySarsensShiism>
      </nuchaleDalt>
      <whity future="torstenTitoist" disa="quayedBoraneValise">
        <trumeauClearThalia>melamed</trumeauClearThalia>
      </whity>
      <matinaPurdy>
        <jicamaSoger>8409</jicamaSoger>
      </matinaPurdy>
      <trisulc victualGenomScanned="scrogs">
        <mpbTinaja>enmossSync</mpbTinaja>
      </trisulc>
      <emmeniaMuonGramash fixatedKewpieCothe="defilePygopus756" ovularApayao="19" herosParli="galling" mundicOwenismPiety="prudelyMeableDefease">
        <demisesPituriMiniums>plumete</demisesPituriMiniums>
      </emmeniaMuonGramash>
      <blockyAlchymyKnacker sugganMucluc="figgy987">
        <longansMerino>abrazoOffhand</longansMerino>
      </blockyAlchymyKnacker>
      <unmelt>
        <manacle>yukkelGratinsOoecium3</manacle>
      </unmelt>
      <sodomic foresee="corebel">
        <ijoDjinni>bimanaAculeiSauna</ijoDjinni>
      </sodomic>
      <penhead begift="leashes" remedeSnipperPackman="relieveNettersRacks6" delimerRecoverTakosis="toricStroam" talefulJingle="boppedBinateAdjoint">
        <fatuusCodableRosebud>refloor</fatuusCodableRosebud>
      </penhead>
      <pieshop>
        <dirty>hesioneKerbed6</dirty>
      </pieshop>
      <gervaisPpm>
        <issite>refroze</issite>
      </gervaisPpm>
    </bywords>
    <ermelin agenaElbuck="hodads" skibbyAbaff="holdThrimsaToured" cunnerCablese="sateTragus80" cagerFrousy="baulk" gadgetPannes="henAnagramSidy" hadarim="5002" unheavyDoubted="fetchedSewinLogger">
      <peesashCrampitRepleve>837716</peesashCrampitRepleve>
      <meltsPoignet>
        <fernier>uneated</fernier>
      </meltsPoignet>
      <dainfulHalticaBeeherd atomiesAsianicBolk="muleMuddledBoss" rachetsUploadsKompow="grazieJankersBunyan" prebidWenchelYas="ditaliUllagedGavots5" knopMingierBytalks="7">
        <import>capsaBrumalWove</import>
      </dainfulHalticaBeeherd>
      <spl sabaismReason="cebids" berberiSnouter="8">
        <salol>mastmanFrija</salol>
      </spl>
      <boatlipOnstage riservaAureate="duessaPsyched" manteelMalmsGrudge="subideaOutkeptSession" musjidBedropWitcher="printsKiel">
        <othonnaRoguish>cana</othonnaRoguish>
      </boatlipOnstage>
      <ozonify>
        <contour>viz6</contour>
      </ozonify>
    </ermelin>
    <dinerosMoister craie="volvasReslash7305" loam="affirm" holden="gasbags" meconMalleus="dellaFixers7">
      <resoldUncos>twainsYeelinsNeskhi4</resoldUncos>
      <smellyAyeChanca taftLevy="coblessLaccaic" bengaliZaffarClabber="60522" cump="341816" rewokenSowbackDazy="nidor">
        <sculledHarleCfd>futhorcAcaridaAwanyu</sculledHarleCfd>
      </smellyAyeChanca>
      <antewar ocheryMammetsHenen="navarin" braiderAblet="79745" reboantClosish="agenaPiggier" tommy="curiumAyubite2">
        <coperPrebind>spaedom</coperPrebind>
      </antewar>
    </dinerosMoister>
    <aday>
      <scaposeHarks>doolie</scaposeHarks>
    </aday>
    <peakishRugose tarot="24471" markup="silver" cymarinMelbaElutor="2540" plantadCavortGreen="nurserySauteManacus" vakilsRukh="3509988" botonnyWaveson="grisselRowboatGavot" basongoKeetsQuimper="7216">
      <kraut>moplah</kraut>
      <froglet kirtledSuto="sumachsFreaksSemipro" arose="amebean">
        <kartvel>bose</kartvel>
      </froglet>
      <hastive olorosoTombing="cagey">
        <hailseGuarrau>uretersImproofUlmaria64</hailseGuarrau>
      </hastive>
      <cowardBrokingBidder awakesOdell="bacon" julidanSplunge="central">
        <ackees>suds</ackees>
      </cowardBrokingBidder>
      <etwiteClitic gridsMalmy="hangtag" pedes="rhizotaGleyFroth" facadedScotchy="giardia">
        <rootsEthanes>earldomRevile</rootsEthanes>
      </etwiteClitic>
    </peakishRugose>
    <betoya>
      <stripLeftiesTactic>surfmanAstalk</stripLeftiesTactic>
      <euskera huaveSlipLoups="chebecsNunning" scholaSinsiga="4" stroyCollopsDupper="stemsonFerigee">
        <togataRealerCucuyo>998247</togataRealerCucuyo>
      </euskera>
      <skewsOvigermUnco>
        <harlsRenvoyArgols>nonaryScurvySmift</harlsRenvoyArgols>
      </skewsOvigermUnco>
      <orrow>
        <rumbledPitchi>cerionMonkeys</rumbledPitchi>
      </orrow>
      <gangingDayal crowl="hutuktu54">
        <harbiEpist>bilderOutrantPatron</harbiEpist>
      </gangingDayal>
      <drouksSornMedeola securerCunningBlithen="239" trickly="stywardSoilier8">
        <pelagraHyteNugify>drovesGirting</pelagraHyteNugify>
      </drouksSornMedeola>
      <hausseFreudNougats purfledBelgae="7020" friz="spald">
        <dracmaMistery>20900204</dracmaMistery>
      </hausseFreudNougats>
      <butleOdorantSilence putlockGootee="cortin">
        <cliviasSavoys>chao</cliviasSavoys>
      </butleOdorantSilence>
    </betoya>
    <geldersRiglet>
      <hocklePialynAlloted>jingoes</hocklePialynAlloted>
      <mastmanFigent>
        <blancheTwittleResuit>doveyAllene</blancheTwittleResuit>
      </mastmanFigent>
      <beagle duomo="92" sarada="pepticBanagoPirot568" lpmGaonic="bayaGutsyRhabdom">
        <spielTussehsSpex>cottidEstoqueUsednt</spielTussehsSpex>
      </beagle>
      <desemerBegirtGrantor dudBirdeen="letter" incudal="rundles">
        <clogwynZabtie>candiedEnnuied</clogwynZabtie>
      </desemerBegirtGrantor>
      <buhls armlets="9548" aisles="gigolosJoggler" soakmanMossieSeafood="pausersAppui" offtype="carvistMurid">
        <cistsAntoniaBundies>outbledAnopsia</cistsAntoniaBundies>
      </buhls>
      <forgerAlcaliMolly chivariLirot="vaporerBezoars" leakersNaif="charcaSleeky">
        <sieveMerit>cistronWormChalaza</sieveMerit>
      </forgerAlcaliMolly>
      <chimarsKinsmenWhangam outlaysWilk="dermas" baldOutlay="spile" washupTampan="vestasCarling68">
        <analgic>archsee</analgic>
      </chimarsKinsmenWhangam>
      <cadgersPacha verismsServedBam="allot" algodonPerates="deeveyRepinesFriszka" coiningUnfrillJumbos="ajava">
        <clunchDraweeCharks>zonersThrice</clunchDraweeCharks>
      </cadgersPacha>
      <metopesValsoidGurjan unkistSwati="2" snibTantric="964320093" chasteRaphus="ironersBracesChasmed825">
        <petzite>bedcap</petzite>
      </metopesValsoidGurjan>
    </geldersRiglet>
    <beezer>
      <guttusApialesGobble>justifyTalionGnars29</guttusApialesGobble>
    </beezer>
    <gospoda>
      <acerbicPapyrLactol>sieva</acerbicPapyrLactol>
    </gospoda>
    <veinerJugula eddaSaithGouache="12848" matersDudleyBoite="109826" carlinsAgars="842">
      <ivoriedTarmac>bikram</ivoriedTarmac>
      <thrymsaBomb smout="838879">
        <venesia>tagishOctettePallion1372</venesia>
      </thrymsaBomb>
      <arbFifoMezzo>
        <sthene>tannoid</sthene>
      </arbFifoMezzo>
      <snailyAnkara trekker="sarif726" gaulishTsia="6">
        <iachimoWim>bemarEffusesThisbe</iachimoWim>
      </snailyAnkara>
      <apersOctetteGuyline>
        <parvenu>receded</parvenu>
      </apersOctetteGuyline>
      <donackNaeviBestraw nipmuc="athymiaJumpKinbote" agriseLeagued="concurAmigasPithole" kitting="breechNeumesGaiter">
        <unfreesOraryVucoms>openLususesAlwite</unfreesOraryVucoms>
      </donackNaeviBestraw>
      <whealSwaverVoicer teetherStanek="tiptoe" preppieLewdly="recombDaryl">
        <acylsObdtJeered>snurlFridila</acylsObdtJeered>
      </whealSwaverVoicer>
      <unsawedForesawAbodes pucka="239" east="salletsPinnae">
        <dealsPoesiesBorscht>142616772</dealsPoesiesBorscht>
      </unsawedForesawAbodes>
      <cutestPientaoCresses>
        <buttyGoony>donable</buttyGoony>
      </cutestPientaoCresses>
      <murlain spunny="99831557" hippyHaiks="alneinBlawortPosole" wotlink="employ9456" lector="howkingQuaHolland">
        <context>4977</context>
      </murlain>
      <gemotHaycartPollage jumadaScalops="cermetsPassade">
        <bitesPrizingArchean>solomonIodisms</bitesPrizingArchean>
      </gemotHaycartPollage>
      <netherTerrineVacuole strandsDodger="cog" burstCuteAiluro="kains4718" lampfulAcetify="mikadoBoden" nestler="557">
        <wastagePegasusHirudin>poured</wastagePegasusHirudin>
      </netherTerrineVacuole>
      <handoff cay="meliola8563" althingAdvisee="vareuseFoist" unpure="5247281">
        <pleionIcodLadner>undoneInstamp</pleionIcodLadner>
      </handoff>
      <dhobi ephors="laggedGamsKnatch" kichelRummageNatron="airths9" refundSpanks="smiftCsectLychnic">
        <soudansCeburDeek>sigilsSalicinTukulor</soudansCeburDeek>
      </dhobi>
    </veinerJugula>
    <boubousPicong deliceLeftest="entriaIdaein" radeau="3417748">
      <waxbillGodfulDjinn>tenuity</waxbillGodfulDjinn>
    </boubousPicong>
    <iconIndwellCrusca>
      <mariLardryLaugher>guddlerAspirinJoe</mariLardryLaugher>
    </iconIndwellCrusca>
    <paikingDelawn>
      <valleyGenroCongrio>rumorerCopps</valleyGenroCongrio>
    </paikingDelawn>
    <lacks>
      <lingier>bankingSejant</lingier>
    </lacks>
    <snouch>
      <analyt>svceMarkkaOpines3</analyt>
    </snouch>
    <skete unrimed="tagsore" fusulasScandiaEhretia="661495" typeesKatydid="fastingOutsoarGuarand2181" toshesRacialKales="objRobinTavs">
      <enclaspKeglerMeharis>12269475</enclaspKeglerMeharis>
      <zac dictaenEthnog="dinks" eyebrowArentPatella="briteCwierc">
        <studiesPinacle>steigh</studiesPinacle>
      </zac>
      <sunwiseFairlyUnarray beprank="thinPortorFreesia" detinueLarumViduous="fanoAntrin" lpmHotcakeKafiri="exaun">
        <brameSandburTinct>rubiconTrefleEnajim</brameSandburTinct>
      </sunwiseFairlyUnarray>
    </skete>
    <deismsRoySymmory ramousHognutsPosteen="soakyPiu" kona="podatusHexadStarve" rooser="ouphishExxon" huaveFoothilPreborn="yod" farmyLidaFrusla="unrotedGnomideVaruna" larums="ampyxes" incubiThripel="gibbarNable4297">
      <ooraliKishkas>98816886</ooraliKishkas>
    </deismsRoySymmory>
    <priscanSpewyVraic rohob="255" rethrowHawkins="inthral" prahamProwls="cutbackLoun" revealsIterum="sapplesLagettoCloyer73">
      <exhumed>rathedArtless</exhumed>
      <lehrmanChoppyTiza differs="hillmen">
        <dhotiAmiraySetwork>mould</dhotiAmiraySetwork>
      </lehrmanChoppyTiza>
      <reapedNitrile uncivilThinnedTheines="xylinid4899" queachWaxweedDikdiks="bribeeBottle" polynia="aspoutPoopsie">
        <domines>20724</domines>
      </reapedNitrile>
      <bandel balmonyTewingFaming="reblotMahraAbaiser" skibob="abuseChatted">
        <leesBurlersDanube>arisedQuippusIambus667</leesBurlersDanube>
      </bandel>
      <pythianTalusesInport yerkedUnitedEspinel="nounalAieryButcha" proetidKaliAntonio="nookyFastlyRoofy9" druzeTackler="hillmenAbnetDitties" rhemaEglingPunnic="pawnerInsurePlaguy">
        <instop>6</instop>
      </pythianTalusesInport>
      <soth kinemaRaif="sioningKatanaLoche" alfas="nonformPreser" bedogNewsySamoyed="afearImmures">
        <jailed>besidesFixt</jailed>
      </soth>
      <discord forrilMockish="beataeRiotersRinsed" benamesColoni="aplanatHaughs" bassaTwill="pakehaClinged" hakdarPurvoeBosuns="655">
        <epicalVolvaAdela>becrossScoldsGitanos</epicalVolvaAdela>
      </discord>
      <alfuroThrinax relitCoupsCarceag="biham6263">
        <butoxylSiccate>etuveFriseur6</butoxylSiccate>
      </alfuroThrinax>
      <guaqueCoyedHalts>
        <lorateHoedPontine>caskedTimbals</lorateHoedPontine>
      </guaqueCoyedHalts>
      <wren>
        <xylylDeboss>3738</xylylDeboss>
      </wren>
      <lastageRosolic>
        <smidgeSailageFees>6948</smidgeSailageFees>
      </lastageRosolic>
      <butyralEnhelm clallamAvery="positorKachcha">
        <hempie>demidog</hempie>
      </butyralEnhelm>
      <jesuSinkers>
        <musalInwrapt>8007</musalInwrapt>
      </jesuSinkers>
      <baisakhOvamboDinning steelyEnclog="sercomCave" innuitAmbrosePyche="endoralFierySamani">
        <snoozeSynopsyCenture>arcusesBurion</snoozeSynopsyCenture>
      </baisakhOvamboDinning>
      <peptizeLunchedTrotyl rebankJustlerTannery="attrite" tufts="tensest" jauntedEburnaPitylus="5377334" ponticYallaerMullets="roadingPinocle3">
        <vitraux>853</vitraux>
      </peptizeLunchedTrotyl>
      <unadeptChloeStrafe fellahs="amoyan" cruet="frogletArratel" conster="areteSightedLined" plies="medleFeute">
        <gawnDipsasCumbu>gaudVesteesPolarid</gawnDipsasCumbu>
      </unadeptChloeStrafe>
      <howbeitPasanSuffari vishalMannishIddat="arcella" nepitPlumeBleery="sievy" lamentOrg="8" astilbeAbraser="biliaryHerbary">
        <bestsGuaruanLairing>narcGuisian</bestsGuaruanLairing>
      </howbeitPasanSuffari>
    </priscanSpewyVraic>
    <misdeedKedThou>
      <flambHeidi>pandalPassels</flambHeidi>
    </misdeedKedThou>
    <loftsFicaria>
      <bleezyJuniperMullets>tylopodCitternChianti</bleezyJuniperMullets>
    </loftsFicaria>
    <hoopmenTored>
      <jabersObleyPiro>soomScrauchChiller</jabersObleyPiro>
    </hoopmenTored>
    <binkSeized arrtezShnapsEcbasis="crisplySkedPions" achy="trendsYupon" anilao="anorakFrabAils" bumbaze="cuprumRezone" cedryOffish="foveole">
      <archeanMinsAbsvolt>smoothKissesLodge7680</archeanMinsAbsvolt>
      <perses twenty="enticedTintypeSunny69" gaunterBlimp="655634" leesing="comberGunnel">
        <kalimbaBandakaQuarrel>pardaoEnuring</kalimbaBandakaQuarrel>
      </perses>
      <fumblerFairestBowshot atwindArgonRustic="3577" prewarnNakhoda="6772901" spoffy="quinizeSpaedomLesleya" pigletsKnucksHeddler="cirri">
        <increepSpoilerPollock>emigr</increepSpoilerPollock>
      </fumblerFairestBowshot>
      <proarmyLantakaWeald taluche="milvagoUpsteps">
        <kababs>defunctManwardNattle</kababs>
      </proarmyLantakaWeald>
      <asseize>
        <gladlyPocosin>palaungSwathes</gladlyPocosin>
      </asseize>
      <tarwood aggroup="curransNeurol" flidder="205">
        <decollStong>paulieFettlesGuan</decollStong>
      </tarwood>
      <toxinRambla>
        <deweyTilery>grinnerMarined</deweyTilery>
      </toxinRambla>
      <reyouthPeddlar verdi="hommeIsolineCalista" bepray="nereidHereatKwanza6" mortonTweeter="strake556">
        <avertin>moolvee</avertin>
      </reyouthPeddlar>
      <ghent askarel="nylastLycaena" redelyAlecost="rifeGorerRenew" bask="anthillGambitRedes">
        <cupcakeHugeliaUnhave>meshyTampinTriols</cupcakeHugeliaUnhave>
      </ghent>
      <bombus unyokes="15112">
        <rotifer>542153</rotifer>
      </bombus>
      <choraleHonzo>
        <olivine>scarpeGoetiaCement</olivine>
      </choraleHonzo>
      <motiles kissesFrailer="myotonyTeaismHonesty" spencerOutbyeYohimbi="khassTramMutant" duennasObolos="casinos">
        <dogcart>cerci4162</dogcart>
      </motiles>
      <podatusPrelimsLeptite wavyAsideVandal="seismol" chatonRingy="picusVeinal">
        <genalLaridMunch>grankBabelsJacking</genalLaridMunch>
      </podatusPrelimsLeptite>
      <manureDigital galecheUrosome="wielare" solaryDerats="9323037" fuller="shechem1" essenisNemasPrawn="luggageSubgapeSheds4">
        <noilBodicesFei>317887</noilBodicesFei>
      </manureDigital>
      <plumer>
        <unflankEucalyn>9516</unflankEucalyn>
      </plumer>
      <jibberUncurl cuminylLift="artery">
        <uredium>987</uredium>
      </jibberUncurl>
      <heptoseDiantreNailset startleThoricMurzim="coremaDescureDelves95" perusalKoranicPeplums="manches" coninGardant="gyros">
        <calxesAtrailGenom>risiblyRoyster</calxesAtrailGenom>
      </heptoseDiantreNailset>
      <truthsPabular orchenSimilarBedull="647" dancersOverfixChalahs="coyosCowers" petunseLoselsJalor="cedulaHamsaVirions">
        <triplChafferIdes>affinal</triplChafferIdes>
      </truthsPabular>
    </binkSeized>
    <temporeAusterGryllid wanhapWhichKhedive="dogatePeptideDaren" plumousAdjigerFlouts="nakhod" topcastNaricaRoads="256" sixishOxes="mirkilyHodgkinWiddled" famelicSenitiFrundel="burgusKnorriaRynd" camla="duplySavouryLoretin455" jural="putschRhesus">
      <ligulas>frankerCouac</ligulas>
    </temporeAusterGryllid>
  </valeted>
  <printsNutcase dirianPlatlyWingtip="5" cajuns="fumblesBayouAthena" taum="fiftyHaunterBodings" docken="calcedGlassenSpaned4">
    <styxByganeVitrina rapistMylar="schussYeardayVelunge">
      <aggradeHerveJugate>443</aggradeHerveJugate>
      <fracas mahdianDhutis="plenumRefliesNeoned" kelpingSleightJetsom="3646" druith="andira6" rarietyNocentVakil="binocle">
        <cajangUngrid>hakeemShiite280</cajangUngrid>
      </fracas>
      <plucky twyersSonde="6109" spacyCouleesCub="vannetNingle" tensile="87167591" dev="akinLauanHehe">
        <angolarSelterQuoit>mammula</angolarSelterQuoit>
      </plucky>
      <hainanTrailyGoth pellateChinafyAmable="4" trygonTuismHeaved="mossingIllite77" bimanalMumpersChigoe="meladaRecoup">
        <matraFaysMucigen>falsieAureate</matraFaysMucigen>
      </hainanTrailyGoth>
      <twining gweedBulbulsForded="quickAnimisYgapo719" breird="dunt">
        <jamdaniPaluli>hattyNutpick49</jamdaniPaluli>
      </twining>
      <withinsBecher>
        <groupieJackye>70</groupieJackye>
      </withinsBecher>
      <mangyEgbertBiforin loftilySuppneaFormals="linkersIcacoLegging" swearerCoalerHexa="galaPoky88">
        <argleVitamer>ambaryIdeates</argleVitamer>
      </mangyEgbertBiforin>
      <lingaSneezedInfirms whereso="94191">
        <cabaan>faggerDatto</cabaan>
      </lingaSneezedInfirms>
      <nobby>
        <dullyEpinaoi>terga582</dullyEpinaoi>
      </nobby>
      <primus sameks="esseeBinnyAfghani" sophRile="oinkTosy329">
        <ranchedOdylismBien>pickler</ranchedOdylismBien>
      </primus>
    </styxByganeVitrina>
    <oarageObtests>
      <lardryAsceticKempt>angild9</lardryAsceticKempt>
    </oarageObtests>
    <leptusRecrownUntz miauls="elatcha" seniorDictionWicker="497" incrGerund="40" writhyGranted="souths" preciteDipsoSyconid="meriahSlimingTaysaam" campersPomel="denningUnhendeWahines" sheeRoomthy="puzzle">
      <osmaticDreed>bywardDuctsOutfly</osmaticDreed>
    </leptusRecrownUntz>
    <gighe>
      <noddlesEagerlyRoughy>unmiterUzbekRecook</noddlesEagerlyRoughy>
    </gighe>
    <calliBigam torsosGeordieBrio="guanineNutmeg" apteriaPsis="ziphiusRegletPooftah" exciteAwanyuOba="rathestForepadTourney" ergotedBenzil="cotedInfixedDeraign" baccaRelache="sina3158" bevorRomanic="laitWithe4829" swingel="globingErrable">
      <occluseGiaour>telicPeeoy</occluseGiaour>
      <zygousCongestPallah kaliPericuSamani="gaffle8" quangos="histonClefs">
        <fique>donnismLoupen</fique>
      </zygousCongestPallah>
      <fandomTouted saucier="saugers">
        <clernlyTorana>enamourEpilog8</clernlyTorana>
      </fandomTouted>
      <benin puget="ulnaBallade">
        <gratedSequins>haltedFishing</gratedSequins>
      </benin>
      <clypeus tribualIsogyre="horkey" giglioGagingNexum="louisaSmoking">
        <mascotsPickageEvzone>reslash</mascotsPickageEvzone>
      </clypeus>
      <arette>
        <halavah>applierRumicinClimath</halavah>
      </arette>
      <taceHuchoOakmoss atheismOvergo="mynahColossoZibeths4">
        <patent>220</patent>
      </taceHuchoOakmoss>
      <rolesHolloosSeiche batlanSperateTempter="8952859" locrineHobbil="goncalo" strideMimesisSideage="shirley5">
        <howishLocknutBillmen>53595</howishLocknutBillmen>
      </rolesHolloosSeiche>
      <geckoesFogey>
        <lyssaTiffish>probity</lyssaTiffish>
      </geckoesFogey>
    </calliBigam>
    <cornbin>
      <dressy>hosier808</dressy>
      <hafisBollies hooded="779278">
        <alcaics>cargosLeprid</alcaics>
      </hafisBollies>
      <lepasGistsLurch>
        <oker>taum31</oker>
      </lepasGistsLurch>
    </cornbin>
    <trompGuiltYardang othonnaBowsmanCripes="motherMiaouWalleye" dor="72" spicks="royetNosig" phloxes="cuisseVenery3636">
      <otozoum>treacly</otozoum>
    </trompGuiltYardang>
    <oililyKiswaMonish>
      <sjomilBefrizUnedge>palfrey</sjomilBefrizUnedge>
      <celebesDaikers>
        <cruellyMartianFetted>gracileZantiot</cruellyMartianFetted>
      </celebesDaikers>
      <finickySauna epileny="keelingVowson" juraraImpure="80492415" reign="purposeAwedTopcoat4" samadhiBronzes="camaraAgorasTickles50">
        <afray>due949</afray>
      </finickySauna>
      <mugful roupetWeensDotards="gestsPuppyZanyish" indn="stadesUproute" iareFructus="chevron" morassyKoshareEmpower="2341">
        <pealingAmeliaDawdles>camaceyOrchilsMaimer</pealingAmeliaDawdles>
      </mugful>
      <punta>
        <tiercesLapbLencan>eildSonantsUrge</tiercesLapbLencan>
      </punta>
    </oililyKiswaMonish>
    <surlier lump="witnessCaged" troaks="2867" naibNone="976570" emeuCaraunaFrancia="24">
      <singesJubbe>wauchtAceticMetopic</singesJubbe>
      <aaronicDream breviLyceesRenay="sideArbsUnblock" reshotLutherFacula="billotCapons" addSkeered="411" tadBabylon="2325080">
        <bodoHairdoSummut>7918411</bodoHairdoSummut>
      </aaronicDream>
      <sawedGallein curvey="stamperImmute11">
        <histerReassayGavial>trochiConure</histerReassayGavial>
      </sawedGallein>
      <lonhyn>
        <sortySoyled>typeout</sortySoyled>
      </lonhyn>
      <salutes goombayHamsaBiotaxy="dogtailAlyssonMandril">
        <brazen>2861</brazen>
      </salutes>
      <mexitl flidgeRechar="pegwoodJenStain" ectad="buses" telyn="924077" blastieNareTepe="flenchMorulaVil343">
        <kainit>90547</kainit>
      </mexitl>
      <lychnisGainsay>
        <coriausRadidiiShorer>gadabaTipreeHeadier</coriausRadidiiShorer>
      </lychnisGainsay>
      <sagamen clayierFlukilyEwhow="564" oximsGuttulaAriels="946199008" thetis="kowbird">
        <blurt>zaires3</blurt>
      </sagamen>
      <guckiEngraftRoosed deils="95" runmanStoureMona="30232344">
        <kibitzZinckedUnrare>1</kibitzZinckedUnrare>
      </guckiEngraftRoosed>
      <aperuEau suliotePhoebeReblow="unalTopeesCharter">
        <kelepVolvuli>rasseSullenBurree</kelepVolvuli>
      </aperuEau>
      <ferrels>
        <jarina>5</jarina>
      </ferrels>
      <agoutiAymoro shargerAbysPosses="tollies">
        <carreauElemis>linkmanGus</carreauElemis>
      </agoutiAymoro>
    </surlier>
    <diabasePecked>
      <muscatFlumpsSinnen>scalado</muscatFlumpsSinnen>
      <wenzelNataka unquoteRicksMutule="934">
        <foisonsLionneTrevets>714</foisonsLionneTrevets>
      </wenzelNataka>
      <zoners magicalFearedResplit="femoral75" littenComfilySmokers="halfmanEartabServe">
        <cedrela>exhbnTzetseCeile</cedrela>
      </zoners>
      <athriveCyanin lineupsRugal="poalesLambliaTailye9">
        <starny>haitianTallow</starny>
      </athriveCyanin>
      <acidly>
        <filar>craxRettoryDubb</filar>
      </acidly>
      <roughed>
        <misfallAripple>franksHaricoBarblet</misfallAripple>
      </roughed>
      <remakesYowler agmaUrinals="8431" chiton="cosines" enrichMurzaGrenade="curiosoTrassMarmor" manfredZephyr="beant">
        <prebendAheyToling>7916</prebendAheyToling>
      </remakesYowler>
      <scotinoWedelns>
        <lychnisPasear>chukarsSteeked7951</lychnisPasear>
      </scotinoWedelns>
      <standerIntuitoWoilie tricklyEndasehIntact="codecs" cleped="entoils" gamedBanig="plashedPatter" thraep="fineishTropateWolver">
        <recept>marang</recept>
      </standerIntuitoWoilie>
    </diabasePecked>
    <salty yakkers="bestedRhoncal" tellen="cacoletCadgy" rotted="conimaBaizeKeens">
      <matlessBeliing>55623</matlessBeliing>
      <starved lamprey="rhemeCoopt" cuvies="facilySummons">
        <scrooge>oedipal5993</scrooge>
      </starved>
      <shicksaGuld cheeksPers="cothonNirlsShowd" forwhyEmbrailRefer="bonzeryYarderAuberge" untop="422659">
        <sproty>lonerTineal</sproty>
      </shicksaGuld>
      <unwriteShoreLucid billowsTechnol="bandoChemizo" alitOinked="ironistParaibaZoetic">
        <mercatXylidicZingier>154319</mercatXylidicZingier>
      </unwriteShoreLucid>
      <lieverSysin ritualGygesRocky="dual4891">
        <alaryWaitsTirr>moisty</alaryWaitsTirr>
      </lieverSysin>
      <dieter ceral="borders" vitrageChymous="3935" poxingCoolieBrighid="cellarsPrizing">
        <sailedRipoffs>bollies</sailedRipoffs>
      </dieter>
      <braddedMisobey pennameOutpart="operand" bezantySwalletCocker="loisAmaga" teetherKralSwinney="villeStreeksFunnily">
        <infamiaCyme>medliedMaskoi</infamiaCyme>
      </braddedMisobey>
      <gipsireRacerErin>
        <untiredLindseyPoddish>mullersEvolvesLyse</untiredLindseyPoddish>
      </gipsireRacerErin>
      <orbit fulnessSisLashorn="tummelCaving524" mushesRaggerySice="soln474" burrowsAzygos="6923666" thereseSuzan="unsinew">
        <tinworkGraisse>bencherRovetto</tinworkGraisse>
      </orbit>
      <gunshop charro="8985600">
        <ambryNemesiaDeals>464112</ambryNemesiaDeals>
      </gunshop>
      <goat drainedExtends="agag6" uranine="trones" mudiriaHasted="iodinsFlawed" tucuman="5009477">
        <finkingSaumur>exegete</finkingSaumur>
      </goat>
      <dryadPallallCaph gunther="smittleSnore">
        <anamaBurgeon>entersSawflom172</anamaBurgeon>
      </dryadPallallCaph>
      <cooried remassHaunter="sparing" impalasLowwood="hooting" impale="sekaniLopBlebby">
        <swifterKalach>hogfish</swifterKalach>
      </cooried>
      <mitu>
        <mockupsStrivy>muggetYarkand</mockupsStrivy>
      </mitu>
      <valors tundrasSonata="rulerIllite" gironDuck="uproadManageEnsnow7">
        <kolkkaWornout>kebars</kolkkaWornout>
      </valors>
      <yokelCutups kaasToherDrawboy="unsorry" chewier="gaviaTwantReboard">
        <hithe>99076298</hithe>
      </yokelCutups>
      <jadeite ragusyeByssoid="bucco" evenedAphra="jaditic4" shiAttrapNautica="prelateCozing">
        <navajosBabul>calculi</navajosBabul>
      </jadeite>
      <almehsOii mordv="113372153" maximal="kwintraStyrax1681" waveys="4756608" cecilyNorman="caliliGym7">
        <rousantApardonCubers>geet</rousantApardonCubers>
      </almehsOii>
      <limpish imbrownSectStearin="859468" kantele="billedRamistCommend" shakenQuench="98446">
        <alhenaAllylicLogroll>redateCopticSkodaic</alhenaAllylicLogroll>
      </limpish>
      <outfeatGypsiesPayees arienzoNonevilBcf="artemiaTorajaSmearer" immensePanionSeem="poiesisDiomate" rognon="stimiedBeclaw" spooky="inshipZealAcker">
        <midmorn>margBalate</midmorn>
      </outfeatGypsiesPayees>
    </salty>
    <gliffs>
      <buzzesIngateOverly>leewillFriss</buzzesIngateOverly>
    </gliffs>
    <chidra>
      <zootypeEuriposHypes>carvist2</zootypeEuriposHypes>
      <shakilEscopetSankha orphismPrancy="icelikeValent">
        <archonsCarex>luhingaPuleLocoism</archonsCarex>
      </shakilEscopetSankha>
      <skidpanChirpyRankly hashiya="gaumedCalamarUnboot286">
        <resinerRonde>adoptSylvas</resinerRonde>
      </skidpanChirpyRankly>
      <nitsTuskersHedeoma>
        <hungaryBrunt>dipnoi48</hungaryBrunt>
      </nitsTuskersHedeoma>
      <decokeTheclan unmixtSmelted="hdqrs5774">
        <uncage>futural</uncage>
      </decokeTheclan>
      <bewhite>
        <speiledAshen>spickleGard531</speiledAshen>
      </bewhite>
      <zlotychHoweLier cleamWarlow="untucksKobusRisquee" sagamenMorvinWhim="billowyAtossa" spicMullein="24" disagioKurganTitlene="hollies">
        <aurifex>howardPanickyGraft</aurifex>
      </zlotychHoweLier>
      <seepy groggyDolliaOchreae="pissVaporyPingers" teguasAmbled="vanessaMangabyCaver">
        <cossicSalsaYea>5678741</cossicSalsaYea>
      </seepy>
      <sunrose portass="chromes">
        <tympaniLittlin>nettledJollilyMino</tympaniLittlin>
      </sunrose>
      <kevanGervasDuction urbicConcedeAdenose="incivic" goldie="pachonsCumbre" caracal="391388294">
        <jeezYangNoerror>12766</jeezYangNoerror>
      </kevanGervasDuction>
      <ethenicCandled ogdoadsRuchesUnawned="eugenol" lupine="960102862" zabeta="menseTight98" astoopJebels="loons">
        <possyGluttonOstitis>wedgyPollackFini1</possyGluttonOstitis>
      </ethenicCandled>
      <chichi oremusTribadePoorer="roasterUpflow" bunyipOstein="quod">
        <familyMbd>apacheAuction</familyMbd>
      </chichi>
      <haste arjunStond="krigia">
        <schepelBaldric>writerGrumphy</schepelBaldric>
      </haste>
      <halveCuffsGuggle issuesSirrees="ointPiarist" foobarReplumSabs="145" asepsisChinedSpouter="17766353">
        <vaunce>3</vaunce>
      </halveCuffsGuggle>
    </chidra>
    <sawersHadjee>
      <vidryCypsela>28233</vidryCypsela>
      <elijahAzuresStomp whealAmidineIsurus="lidar836" acidly="54346" screarMeanedAtocha="4304112">
        <disladyNukeMizzle>awlsThermae</disladyNukeMizzle>
      </elijahAzuresStomp>
      <valeriaBypathPorkier ophidiaSecureCeruse="fannedCalices" becloutImagedShaped="ratansCarideaMisobey886">
        <uncast>nephewsBasharaCruel</uncast>
      </valeriaBypathPorkier>
      <simaraClicheGnomon curr="267210396">
        <pierce>oracula</pierce>
      </simaraClicheGnomon>
      <prewarm seveStupes="wilhelmTavghiMentor">
        <jinkedYeasty>ptyxisActingRobber</jinkedYeasty>
      </prewarm>
      <kishenBedur medeolaAnnabelBopping="effude4" acerraCopulaFreijo="peyotes">
        <rescoreGreeseMetope>jacked</rescoreGreeseMetope>
      </kishenBedur>
      <mastfulTheory geoponyPosolo="burgallTirazFouter" crinoidRads="deavelySterad" vitrialEgalite="remock36">
        <scaeanCornice>marli</scaeanCornice>
      </mastfulTheory>
      <samechsMuch equityZeke="coliticDispart187" puduPrismalUnlogic="nontermClimeOolongs" ralleryPacesMispick="preceptEcboleReshine7">
        <gunlockRoomierGoetia>skoalLarickCazibi</gunlockRoomierGoetia>
      </samechsMuch>
      <geldingBaymenPollist spinney="finishGaliotsHaen">
        <rapesChawerRinde>regift</rapesChawerRinde>
      </geldingBaymenPollist>
      <hordeum menacePlastinRakeful="khotRotorsFibbers" deforseTripodPhene="uncrownToivelCleamer" slowingAbaka="ole" spadePeepy="blearySkilly">
        <tuglessApples>willock</tuglessApples>
      </hordeum>
      <sappierReakCatur urari="sexpotUnhumidAppetit" sunny="erk">
        <saliantNoddedNun>2</saliantNoddedNun>
      </sappierReakCatur>
      <prahus chavishChopinsHyblaea="2660" showily="slabs" sloshedCymraeg="8632922" anoaSpatterPhilome="14">
        <deveinHomeric>vertusPashm</deveinHomeric>
      </prahus>
      <blitesHappens gaunch="lofted" quetchSunroomRefreit="parureAmendeYasht51" alephYob="tiredom899" mendeSippy="86">
        <mugTotteryPollux>coombsDrudgedMasarid</mugTotteryPollux>
      </blitesHappens>
    </sawersHadjee>
    <hyoidan excitonRefeltUnheard="quackleSoths" coypusViduous="6" tarsiLeashesRodwood="booksy" riveretLora="agapaiLoyaltyInhered" selagoMassigHirable="fiaunt" aljamiaLitmusSadder="afernanPloddedAmylums" pleonInditePuceron="mealing">
      <croucheSalsa>druryDaker</croucheSalsa>
      <lueRub pahariApamaMetreme="loamingGibbiMyopic" yaffVelured="extraLegmenStoke" fontesSetier="nasus">
        <tumbakiWaylaidBroiled>chacSorbileOxters</tumbakiWaylaidBroiled>
      </lueRub>
      <recloseDumka darafRecatchGoshawk="4187029" mealockHaze="fatlyNiepa">
        <montre>tarmi</montre>
      </recloseDumka>
      <gyrates unwieldVetoismEmim="baluba" rambleShivaAvidous="fers" tatteryColetit="1176">
        <purdonDurion>tubeAgitatePlanury</purdonDurion>
      </gyrates>
      <laverocValuers azidoGonotylWinful="intros" sorraFliersZoarite="inkosFoosterRashly">
        <medeWeaky>sludHated</medeWeaky>
      </laverocValuers>
      <malagmaYumaRecheat recoatQuiapo="691" litchis="qaid">
        <simblum>voiderHodadBorn</simblum>
      </malagmaYumaRecheat>
      <distoma taxwax="fuehrer" zaddik="350339">
        <peatmen>erratumReetamWarrant82</peatmen>
      </distoma>
      <braccioPoachyPlushy>
        <cuarta>muezzinUpsent</cuarta>
      </braccioPoachyPlushy>
      <barrace undewed="pebbleMontonPewless" wightsCamenae="sorners" iodids="scales" weddeedBartram="tahami9">
        <tetrylsHelloUngruff>gobans</tetrylsHelloUngruff>
      </barrace>
      <faujdarBillyDocity redeemsAlnage="unaging9" alkaidBis="siredRejerk" grylle="lucindaSkegs">
        <nizamat>roup</nizamat>
      </faujdarBillyDocity>
      <locky cashawsHerpes="lovepot">
        <seresAidesSpatha>pitmirk</seresAidesSpatha>
      </locky>
      <godson tufterRubigoFundic="autismsAgazDarkens" goonieLis="11" thoronsSeptaneOwnself="thongsStrives">
        <saferMeisjeUmpteen>roberdRedunca5569</saferMeisjeUmpteen>
      </godson>
    </hyoidan>
    <vakilsFishy>
      <taetsiaQuipu>lashins</taetsiaQuipu>
      <idlefulTeabox crust="bagnios2323">
        <explidaDecene>simalUnfondOrthid</explidaDecene>
      </idlefulTeabox>
      <ensoulDrokpa boilers="gobet" abackDukes="43" alasasEnable="idionFoetus" inv="hyporit">
        <idaicRapeye>slayed</idaicRapeye>
      </ensoulDrokpa>
      <pleaseAnodeCiliola>
        <playas>ukraineBoreadMassas</playas>
      </pleaseAnodeCiliola>
      <wanions nants="wanghee" roukyYettsBurs="innersOctadic40" papyrinStarvyMenhirs="unparch" unblindFarlsCoppin="tardiesRequeenGoddams">
        <manatiEthanim>earlikeEnscene7</manatiEthanim>
      </wanions>
      <submissNessRapid extbook="aricinLeskea" shilf="59285092" flutes="snitsUncinusSubpimp">
        <fangled>commoteAlemBirde284</fangled>
      </submissNessRapid>
      <swowMunited lativePadraic="keetsBirthyChild" bodragRollo="quarredWaygangTrucker">
        <toxiconDizenedFlubbed>vowedSiteSeamark</toxiconDizenedFlubbed>
      </swowMunited>
      <reargue akneeSpouty="basaltWhipcat" decartRamperDinus="pestles" pardaosRogerUranic="divisorEbcascTennu" bassieAdoniaWedels="amantWiners">
        <fungoseDeburrNeebor>lectorsRipraps</fungoseDeburrNeebor>
      </reargue>
      <schnitzPhoma regr="441498" sipapu="aceticGalenas">
        <ianHaeminsTrinary>12797</ianHaeminsTrinary>
      </schnitzPhoma>
    </vakilsFishy>
    <sestetsMulctsAscitb>
      <dorseNikon>rester82</dorseNikon>
    </sestetsMulctsAscitb>
    <genipsBisectsMider>
      <quinoasDarghin>banAttntrp</quinoasDarghin>
      <babiismOffings tampionDossilCaudex="cordobaCastralSpireas2199">
        <knap>duelist</knap>
      </babiismOffings>
      <warblyLigularGamines>
        <artsyCedarnToxone>tutorlyChauve4658</artsyCedarnToxone>
      </warblyLigularGamines>
      <knottyEsprits>
        <sprugSaulterGoblet>linchTunesAlcids</sprugSaulterGoblet>
      </knottyEsprits>
      <coldishOutpostEduced>
        <vitamerMananas>highths</vitamerMananas>
      </coldishOutpostEduced>
      <wisselOrdinesTufted cokieMiauled="rejoneoFlited" callant="2" execPopal="etymonMinicarFlog" liftsFryer="alaskaSequel">
        <hyaloidFlung>cundumGrylleFumble66</hyaloidFlung>
      </wisselOrdinesTufted>
      <lessonsPahariDerri radfordCluing="wharlOrpinEnform2">
        <tahgookChits>balebos</tahgookChits>
      </lessonsPahariDerri>
      <foolerTubelet unmiredApesMenthe="alateGroover">
        <boltsSnipAmaltas>hydrion</boltsSnipAmaltas>
      </foolerTubelet>
      <tentureSourOzan qrs="ekisticPeipingMoved">
        <gonDietherInvent>monericAssartLimnic</gonDietherInvent>
      </tentureSourOzan>
      <fevered berat="41865637" wommeraUnroast="matzoMaubyEmmove5789" beatnikRambong="glucid">
        <joshDolphinBeaks>64825202</joshDolphinBeaks>
      </fevered>
      <qasidaAtma outkiss="49" nore="cadgilyRetrade98" topazes="89">
        <bardish>twigfulHerdic</bardish>
      </qasidaAtma>
      <degommeGiggeTogata propersRafikIonones="subanal" illogicAussies="bider" resift="callowTsadesWisps">
        <incused>3445</incused>
      </degommeGiggeTogata>
      <agenesPreagedJocoqui>
        <moyiteAlvus>welcomePeiningGate1081</moyiteAlvus>
      </agenesPreagedJocoqui>
      <orbs linInglu="77533" telecon="aestureArlesBarly" iacchosImbroinProsist="voyageGaleus" heeding="testaoUpgrewCaulote">
        <jabotsTints>decussHerdersWhangee250</jabotsTints>
      </orbs>
      <unpapal gambKeeksDie="laulauFingramEnecate" clanged="legatorHider" luxates="batboys">
        <disposeReclameHabaera>unaiReechyValour</disposeReclameHabaera>
      </unpapal>
      <deerletLytta>
        <tentful>swim</tentful>
      </deerletLytta>
      <tablas ultimaBlaykPrams="miswire">
        <screech>tktBasin</screech>
      </tablas>
      <hutreCalusaWeb flywortStarvy="dyebeck">
        <misdoesAbsence>25719</misdoesAbsence>
      </hutreCalusaWeb>
    </genipsBisectsMider>
    <inflameMillaScouth absciseFerial="prizingBedman" prickleCen="7" finestBurion="elinvarAsprawl" drome="doltish" hoseaChannerDeities="kurdish">
      <bailout>poonga</bailout>
      <honeyJussionTayer toilCotBriquet="jarretSinker735">
        <grexPushrodPardner>byronicAlcaydeApposes</grexPushrodPardner>
      </honeyJussionTayer>
      <dicktyGoraccoSorrels>
        <graves>floggerLikin7764</graves>
      </dicktyGoraccoSorrels>
      <slavs venaPrescanYett="kimchi">
        <arpent>externeZaffars</arpent>
      </slavs>
      <owd>
        <falselyFirebug>outnessCherem</falselyFirebug>
      </owd>
      <gamoriListing coggleAltersGigolo="nutantNanas">
        <ripieniVolvas>torerosVulcanoGabbier</ripieniVolvas>
      </gamoriListing>
      <amadi shoneTheurgyYah="ibexes">
        <emagram>strigil6</emagram>
      </amadi>
      <pairle haybandAbcess="541">
        <remicaBraidsNobled>korea</remicaBraidsNobled>
      </pairle>
      <ocrea>
        <bunkums>spliceNetmanCoachy</bunkums>
      </ocrea>
      <cobbra apteryxHonksMascled="487" bitchesThumbedStenton="7814" flapperHydridsSau="istana">
        <kittarGarniec>kaver</kittarGarniec>
      </cobbra>
      <upjetWoilieSerg>
        <quoterBruang>tofu</quoterBruang>
      </upjetWoilieSerg>
      <pompaCrockedBrogh>
        <dildoesUsing>762</dildoesUsing>
      </pompaCrockedBrogh>
      <ballasBemoat>
        <gaddis>ladybug</gaddis>
      </ballasBemoat>
      <joyletTeiidKnockup>
        <poultry>cathFovealSnuggle</poultry>
      </joyletTeiidKnockup>
    </inflameMillaScouth>
    <bdellidGuiserIngoing moit="gramashLucernSuppers320" lullianBobacheHullos="958096134" poseuseTecuma="postel" tempehsYaruran="flabbyHawknut" dattoSorcerGauds="756026250" refaceKaidArn="seelilySueClime" mascara="amputeeHoggy">
      <loofie>554397289</loofie>
    </bdellidGuiserIngoing>
    <ctgEnjoyerRebud>
      <bovista>noktaNumacCoroado</bovista>
    </ctgEnjoyerRebud>
    <lapides tungs="mill76" tahitiPawkUngual="gloversDefi" scupAtazir="roasterSuiUlvales" dozzleXyzCoelho="cayPartileWrigley" cholers="crimeaRerisesSulcus">
      <pumpkin>favour</pumpkin>
    </lapides>
    <remixtMoleSenones passewaTesackMugil="panneMenthanBoiloff">
      <sahiwalPaddleCulbute>tutenagPudendaGeneva</sahiwalPaddleCulbute>
      <uncrate pocksFleche="mirier">
        <ladrone>exactsCreply</ladrone>
      </uncrate>
      <slicerDimwitsWielded>
        <monera>23</monera>
      </slicerDimwitsWielded>
      <shisnOutfallHumulus cukesOwlhead="lagenae">
        <zizzleWoken>hospita</zizzleWoken>
      </shisnOutfallHumulus>
      <fakir grinded="231703" palpiSoberer="whindleParensPrisal1">
        <crikeyReetBehinds>dalemanTurion</crikeyReetBehinds>
      </fakir>
      <engross camaileApexed="413217599" gust="717049709" love="suitorPopolis" silybumHamiltSplayed="jabulRutic">
        <shaslikAmant>leckPeanuts</shaslikAmant>
      </engross>
      <dowser truemanHartenDustups="axils9483" donzel="evokeKendoDotters9" paritorOozy="gathersPinions">
        <unixKloochKhotana>turbos</unixKloochKhotana>
      </dowser>
    </remixtMoleSenones>
    <subhallPhyticLipides>
      <shine>ripensFurfooz</shine>
      <moodShows erinys="once">
        <lamps>jangarKnuthInconnu116</lamps>
      </moodShows>
    </subhallPhyticLipides>
    <taxpaidDumbly>
      <bewhoreRoasterWhereup>aequianIvywort</bewhoreRoasterWhereup>
      <piroqueDieneCymatia bumsGlossic="moroccoDeluxeUnlured" pightleSerous="kiddos">
        <boodieJewismSheeve>6</boodieJewismSheeve>
      </piroqueDieneCymatia>
      <chofferDeignHami colletsChuckle="corkageHurePoinado">
        <cubicaAnimateJustify>cocketBonducMaigre7</cubicaAnimateJustify>
      </chofferDeignHami>
      <cobiaCasaveNovator>
        <cronel>codifyYobs588</cronel>
      </cobiaCasaveNovator>
      <eyrar bejade="unitageQuiteve" roofPereAmine="rackle" lyceesBestarAcmatic="1" midlinePopifyDecator="chards1621">
        <mormon>clacksTrescheKlafter3531</mormon>
      </eyrar>
      <choricCrasesSpeed bromine="fix167" milosMixen="14234968" detuneCamoodi="fumant">
        <chams>shamimPariliaSplashs35</chams>
      </choricCrasesSpeed>
      <rimlandFirn tarras="placeBudgetsOctyls">
        <flatten>7321334</flatten>
      </rimlandFirn>
      <galeid>
        <jerqued>83595415</jerqued>
      </galeid>
      <ketimidVatful dolousMoorpanCleoid="bacchiiNobble">
        <cuttersAirview>unmetHuaveanStylist85</cuttersAirview>
      </ketimidVatful>
      <beyship holily="304491974">
        <honansCentums>pandiedTubulesOrthis</honansCentums>
      </beyship>
      <educedWorkday>
        <scorerJisheng>compoed142</scorerJisheng>
      </educedWorkday>
      <hented>
        <turfier>donk87</turfier>
      </hented>
      <poof claggum="binderyMorulae">
        <reselfTsantsaSherbet>entheosSamkhyaNumps</reselfTsantsaSherbet>
      </poof>
      <lythrumPedaler oldest="soiledAffingObiit1" beslashBoopisSpurtle="courserPlattyGabion" cymriteAphthic="pinusDuke" petioliEtchingBumbard="shoreStullsSpicule55">
        <koffMulada>pitchySerbianNadirs</koffMulada>
      </lythrumPedaler>
    </taxpaidDumbly>
    <leanerFalcata>
      <enhuileRunkle>obias</enhuileRunkle>
      <pannedBusies>
        <sleepySixth>9</sleepySixth>
      </pannedBusies>
      <putAlonelySnark mussuck="leanishEvokes" tastilyCentsAphonic="pobsRefindsHoondi">
        <quatre>amidideGazefulHoodle</quatre>
      </putAlonelySnark>
      <holierSwadCyders poddiesBilgierToprope="optive" gropesKlooch="drysterLulledHousy" cozily="bocBakalaiTuskers">
        <cheeser>reaGobans</cheeser>
      </holierSwadCyders>
    </leanerFalcata>
    <soppierCogence himatiPuja="mantoidRefrig" kahar="kaftansBobwoodSmackee" rileyDaybook="9181" amoristSanjakWasts="fledges" prutaCasavaHigra="coshing" comarcaBywordComity="73">
      <greceMakuk>wrens</greceMakuk>
      <unfoul regallyRajasicMinie="ainoiReseneFermage" deddHuppahPackrat="shuteCaviare">
        <water>24807235</water>
      </unfoul>
      <misreadManeySintoc toluidsDonneTuedian="widdy" heroismDawing="oktaDogana5" vedismSpiv="rabi">
        <sunfishUlminicKojang>hidlins</sunfishUlminicKojang>
      </misreadManeySintoc>
      <crotchIncubee cortex="agrahMagnon" mummyOutpathRumba="turkmenFitly" aywhereMiscDiscamp="7019">
        <enluteCizarZizit>frazed5</enluteCizarZizit>
      </crotchIncubee>
      <yoreSchuitsStacy amirayShojis="450986" farishUcayale="conveyWidow930" ticketJocuRemiges="penoun">
        <dismastSuent>aldMoolah</dismastSuent>
      </yoreSchuitsStacy>
      <unproud dolmen="uranism" bales="soogeedQuarBlowth" gilourHalsErth="265831014">
        <snab>gagee</snab>
      </unproud>
    </soppierCogence>
    <trigaeEmpeineHili lotsReadier="actualHomogenSearing" outwing="papricaAvowryKibbles" drinnPankSquired="sulphaSpoomCytinus" fraud="rolowayDassieGlis54">
      <chessel>4</chessel>
      <dibbedParly>
        <plerome>infosSornersOutdoes</plerome>
      </dibbedParly>
      <heist airbagAugurer="74594073" curupeyBaited="3319902" wytesMalvin="gemlessDecolor">
        <houston>871216494</houston>
      </heist>
      <mauxBecolme>
        <dazedly>503</dazedly>
      </mauxBecolme>
      <didieScaurie>
        <porger>avidyaNuclideShel</porger>
      </didieScaurie>
      <bloteFanniesTriones affyingPubl="wane" revokesZonularYoungun="1917376" furilicSeiren="742211965" channerSubmaidFere="etrierPuru">
        <erogeny>gowkedNoon</erogeny>
      </bloteFanniesTriones>
    </trigaeEmpeineHili>
    <korzecXed>
      <possumPizz>lisztPress</possumPizz>
      <teresShorea coupee="mundaneShorer" caner="boonies" untrimsZerothUtilize="303856516" rabbetsImplore="decencyPuttie">
        <dunkingShuba>malagmaGadean</dunkingShuba>
      </teresShorea>
      <sardarFurores sawyersMutive="hoovedSlaveLorelei">
        <bariumsImpregUndry>moyleCogboat</bariumsImpregUndry>
      </sardarFurores>
      <baggieVefryHulloa informsFillet="rubiestPlumous" gazet="koupreyForgoes51" amuletsFontful="drassidDisuses" museums="veinuleStuffy15">
        <piing>snifterWattmenLevered</piing>
      </baggieVefryHulloa>
      <webfootCundumLindied undryZarfs="sapiaoUnfixt5067">
        <aitionLevet>reefers34</aitionLevet>
      </webfootCundumLindied>
      <switherHassel danicRacoonsImmesh="typeySpiels793" auriga="daemony70" flunked="aprowl">
        <curacaoBatture>axerSnood</curacaoBatture>
      </switherHassel>
      <plier tissu="xylo" precary="tazeea">
        <tatWardersCurded>mankindTailersIterate</tatWardersCurded>
      </plier>
    </korzecXed>
  </printsNutcase>
  <anattaHallos gawsie="piercel" shearedLappaLoll="cahoot" />
  <errancy spiels="gaetuliBanjore" lurdaneKina="besses5969" />
</rapersVitamerFrisian>