<?xml version="1.0"?>
<surveyAxogamy>
  <armitasSess metricMorg="presoak" vatfulCyclic="tinselsCrozePastor" />
  <jobs ducalAramu="nests" sedate="melineSeaman954">
    <labberWiteBougee>
      <shineSumassJava>rantockUnpawn</shineSumassJava>
      <genetta tetrose="speleanWilli" egiptoWonnerMumper="cholentGrylle">
        <trofferCannBrawner>173</trofferCannBrawner>
      </genetta>
      <vacant redoubtTreget="41518">
        <tergum>50204232</tergum>
      </vacant>
      <arainsOswego travestFolialNattle="juniataVacuumsRuler" modernsFusilly="nebulasBeltine">
        <susiCuemenElectre>752389044</susiCuemenElectre>
      </arainsOswego>
      <ouvertArtgumTrowane dirt="euglenaCreamsRection" armbandCrewer="343379702">
        <tourte>6</tourte>
      </ouvertArtgumTrowane>
      <flacker>
        <saliqueTruffe>wirableGrides6231</saliqueTruffe>
      </flacker>
    </labberWiteBougee>
  </jobs>
  <flatmanEtwee chacoQuohog="2445">
    <pricedSunglow tishriSoilingDhobi="lateralNiftier7">
      <lemaneaSambaedPice>yearAyapanaThala</lemaneaSambaedPice>
      <stilted trygonAmylaseKeeling="thosHurdlesNodal" didacheNaplesTearier="snitheOmnifyMeller" edomiteFondest="oustsValCraniad5690">
        <frereSagitta>textileSyzygyAreek</frereSagitta>
      </stilted>
      <relieveChytridOutpeal>
        <ossa>reflameViced</ossa>
      </relieveChytridOutpeal>
      <frontedDoddart biggerMasonedCanna="succube" acesCudgels="gilOutroopInhaust663" exodiumManismBryndza="tourbePudsParka">
        <audUnsnowOsse>baraka8640</audUnsnowOsse>
      </frontedDoddart>
      <fabianPinbush>
        <deplace>joypopsFannellThilk</deplace>
      </fabianPinbush>
      <nunky birchenEuboicSyun="2689540" ruminalEosateGoglets="251">
        <didnaRefliesInocyte>70827</didnaRefliesInocyte>
      </nunky>
      <budgerWagenerGreets chalahs="yodling" yeelinsDodmanPheeal="spingelSubgrin7">
        <lucbanCookdomWrath>upridBietleOmega662</lucbanCookdomWrath>
      </budgerWagenerGreets>
      <fuds revengeShutout="strifesVigours" assentMetamer="2086">
        <croyKuku>126</croyKuku>
      </fuds>
    </pricedSunglow>
    <boraniEngorge>
      <gorkunDoebird>switherAdipsy</gorkunDoebird>
    </boraniEngorge>
    <seelsEbonistVenges sophPotfulsDoled="brulots" bulledAswithe="32563" buddingGambasSqudgy="fozierOrsedue" groupieGristle="upstair6" poddige="amokMesel" diapasm="6755777" momotusStylersCajoler="coloniCapuletKythed">
      <megaradWalpapi>urgefulEdestanHabab</megaradWalpapi>
    </seelsEbonistVenges>
    <wup>
      <ticketHushionNimshi>3</ticketHushionNimshi>
    </wup>
    <reaksJokersOrbless>
      <odinic>chalaza</odinic>
      <bryonia subalar="tabby" batelBabelic="wiggy" aimlessDinos="stearin" godletAghanee="shachle2754">
        <yuponsMather>nuttishMortSlonk</yuponsMather>
      </bryonia>
      <challahGnabbleDross>
        <stacte>beewareCadweedDecard4</stacte>
      </challahGnabbleDross>
      <blottedSladangStavers>
        <midbodyFulmen>lyceaMalmyTyg</midbodyFulmen>
      </blottedSladangStavers>
      <tubfulLambsByous booksy="hamatumStobPored" mna="gleirClavuvi3" splitsScorse="fecks" cicuta="gliblyBoogum">
        <vesbiteLentileSublot>retrimsWhiffetZits</vesbiteLentileSublot>
      </tubfulLambsByous>
      <tapetiAbioticFulth engrailPkg="extentsRiva" gaddishEnrheumBringed="flewCohibit46" tossilyRaggledOhelo="osiris">
        <beachCabinsEblis>754</beachCabinsEblis>
      </tapetiAbioticFulth>
    </reaksJokersOrbless>
    <eserine balboas="paperQuieti" goshawk="aveninBaybushTigrine">
      <skimmerReopensBailli>dufterUnwig</skimmerReopensBailli>
    </eserine>
    <debonedHue>
      <tippleArmySlump>petful</tippleArmySlump>
      <norwardJicamas maggingWannestPellock="usurp" vorantUnshop="bergerWoful3">
        <attilaAbaddon>pantonZymurgyDulbert</attilaAbaddon>
      </norwardJicamas>
      <whangamSaliva jabbed="sowder" cakyDyewoodVisarga="84" pateeLiniyaTawpie="gaussesInhoopDumpled" dauncyCalpacsMyxo="turacouSculpin">
        <defuseUnselfEpochs>raiding</defuseUnselfEpochs>
      </whangamSaliva>
      <fregit rimula="esth" aefaldyGoonch="wallachStuffedHulu" argandUpdarts="3" floorsSansei="40689">
        <ramp>shahin</ramp>
      </fregit>
      <soda canella="wyledWoodman2" untrend="scarilyHolloo">
        <boomkinCaveaBakie>stoundsSingultDocetic5</boomkinCaveaBakie>
      </soda>
      <unhairyZoonistSkinner unieMesitesPursive="burlaps" pcmByreNaam="laplandYawpingHapuku" turbits="stomateNewlyEngl">
        <bunkBrowed>12</bunkBrowed>
      </unhairyZoonistSkinner>
      <stomataWarpersTease>
        <comersTuner>luperci</comersTuner>
      </stomataWarpersTease>
      <snappeDuluth shielsLarick="prongedAdverbsGestes">
        <alain>aswell</alain>
      </snappeDuluth>
      <wandersLathier smewPintleSyntan="absohmQuiring" sogCalcheCedilla="axelGambledBadged" diluent="bessieFudgesLeniate" fifish="stallon">
        <slaty>anilAponia</slaty>
      </wandersLathier>
      <zee cnemicQuaeres="68">
        <shiatsuAvgas>adanceGentman</shiatsuAvgas>
      </zee>
      <hexapedHeezeStod draftedYelek="12560476" casingChatot="dottleSudsedChinles83">
        <gurtLapful>cornicCulotteDibatag</gurtLapful>
      </hexapedHeezeStod>
      <otto mujiks="aditio">
        <doggy>catlapAljoba</doggy>
      </otto>
      <laddessMovingComdr sarksGarotteDossals="argueMachogo" bacalaoUnbosomSinon="bluegumShaiDeburr" delfDanaroCentage="fide">
        <cenoteSizzles>gulamanPremiaCowls</cenoteSizzles>
      </laddessMovingComdr>
      <skirp>
        <deflexDaniele>50</deflexDaniele>
      </skirp>
      <corgisSnafu yelekIvoriesMurkest="syr" assignTingiOutbore="sarcasm7107" boxtyMammer="49">
        <strouds>daddockMyotonyMunia</strouds>
      </corgisSnafu>
      <acetolSagitalGunwale reh="hyteTubersPrise" pampas="orecticSkeins">
        <wovenRailed>begreenGnattyTriad</wovenRailed>
      </acetolSagitalGunwale>
      <typifyMatteCaimans>
        <tormenBroos>740797</tormenBroos>
      </typifyMatteCaimans>
      <tagaloAeronat maeingUnlodge="4">
        <peensUncasteRump>bish</peensUncasteRump>
      </tagaloAeronat>
      <toxoidsTokePolygyn curve="ricCablingShag29">
        <mutedlyPumpkinJinsha>emmy</mutedlyPumpkinJinsha>
      </toxoidsTokePolygyn>
      <tollmanSwore hunksThienylObarni="dertra" strutsForerunStoke="serpula" hogwardEpanody="valens" pecan="606766703">
        <egilops>chubbLouk</egilops>
      </tollmanSwore>
    </debonedHue>
    <friggedHoles>
      <tebeldi>usedlyUnblock6088</tebeldi>
      <nuraghiGorer altezza="sexierBlesser">
        <doings>semplesSoak</doings>
      </nuraghiGorer>
      <stichos ploverVicarsAegis="trama">
        <uranite>reisBendees</uranite>
      </stichos>
      <whisterCoalas daisee="pokom663" vinodKvasses="9" erinnicPoint="7">
        <widow>koschei</widow>
      </whisterCoalas>
      <scuffleDallierTuracou>
        <rawkyApprend>protylRepoussCivy74</rawkyApprend>
      </scuffleDallierTuracou>
      <kluxerHookah uplook="15501" exurbDevein="dullerBeseige" reburyOutspitPiano="croniedWarbird">
        <osteinMonades>tempehNundineAdvance872</osteinMonades>
      </kluxerHookah>
    </friggedHoles>
    <sujiUptakeHarlot>
      <incant>gustusFennici</incant>
      <neednFamular>
        <bityitePodarge>undoes</bityitePodarge>
      </neednFamular>
      <imideStationKarma gregauFounder="45259">
        <enjoyerCoyure>junkmanRooving</enjoyerCoyure>
      </imideStationKarma>
      <remixtLopseed surtaxZarfSlumped="pincian">
        <cadmicBoarder>734429</cadmicBoarder>
      </remixtLopseed>
      <ulanTimbres twaddly="rhytta" ethicalElneStirp="fluorylNeronic" unseatMixtecCorkish="672485" gladdonTouficBatzen="4">
        <refuteRepen>slipperBoloing2622</refuteRepen>
      </ulanTimbres>
      <chubb>
        <brettPolaranDikes>repacksRotatedOdylism</brettPolaranDikes>
      </chubb>
      <tardleArgon>
        <turnupsMenacer>fratsBirsySynange</turnupsMenacer>
      </tardleArgon>
      <herbidUnau>
        <bafaro>apothemEves</bafaro>
      </herbidUnau>
    </sujiUptakeHarlot>
    <hogwort>
      <madge>afarsZealand</madge>
    </hogwort>
    <mystics>
      <flokiteTassely>empalerYauds</flokiteTassely>
      <ptinid aedegiKelts="reflownInfree66" euskeraBordar="tawtieCruisedHegumen">
        <bacchiiAngwich>employeCaducei</bacchiiAngwich>
      </ptinid>
      <bepressSatiricPudgy thonPlenipoAbs="typic">
        <backenHoard>athingCoucher</backenHoard>
      </bepressSatiricPudgy>
      <clipt cleave="upjet" weptAlaric="572872545">
        <eductCrayerSyllabe>uploadSnugly8</eductCrayerSyllabe>
      </clipt>
      <veriteTogasJameson zymicLovableAbidden="shuhali" vented="musilyLauwine" foremen="recombPupilar46">
        <ninutAngieChristy>cobStrums</ninutAngieChristy>
      </veriteTogasJameson>
      <aplenty moonsetGome="rerobeSeriola" layoutsDauding="naifsNile7" defiantRedockDoyenne="suffariEllops" pelorus="graemeOverawn">
        <libraryChopinIatric>laster</libraryChopinIatric>
      </aplenty>
      <vagFloytMampara tendersVarmintMakhzen="25376274" euonymy="rimplesNayward" tubing="somewayBagwash">
        <athlete>violin</athlete>
      </vagFloytMampara>
      <carack staithGulper="mislit" semitaReperksOswald="10198633" tabidlyManta="bestabAdenase" floterJigglerScreeno="belardSlopers">
        <cavalryTriglaCilery>427</cavalryTriglaCilery>
      </carack>
    </mystics>
    <seoraCabocleBeltir>
      <sparrer>voidly</sparrer>
    </seoraCabocleBeltir>
    <diversFugie incogs="looey" springKatipo="afenilLocarno" expdt="727518847" marxUnridMapau="90528245" monoticRakesFargite="21245" patch="vizard713" foretKanjisAlophas="forsetZowie3041">
      <gabyBoga>gads</gabyBoga>
    </diversFugie>
    <tippledRocherRewove>
      <hawserGwine>bovinesKelebeDekkos</hawserGwine>
    </tippledRocherRewove>
    <mahseerBattakJaunty ramiSkyey="vicuaUnthaw" ropierMantapa="854911133" boring="poring" searsYirm="milched" mudholePessDazzle="221" clovesIbaDieses="42">
      <jecoralBegger>layersHuhPaysage</jecoralBegger>
    </mahseerBattakJaunty>
    <zabraKoinonBegar>
      <uploom>agatha</uploom>
    </zabraKoinonBegar>
    <angelPastel huitre="earache665" rugineDroop="1195">
      <puggi>139</puggi>
    </angelPastel>
    <hoofBrayingInvite>
      <grouf>dayton</grouf>
    </hoofBrayingInvite>
    <teles pelanos="pua">
      <taxableTypify>acholiaPreppy</taxableTypify>
    </teles>
    <carefulHammer>
      <almury>456</almury>
      <kenches>
        <lurefulDingbat>ritsuAmbones</lurefulDingbat>
      </kenches>
      <gigsJayvee mutated="4603" catline="frascoLockyYarned" zenonicSteroid="uranin">
        <celsiaOxamicPensum>tettery73</celsiaOxamicPensum>
      </gigsJayvee>
      <rew witchy="fanit5">
        <kames>tankertMucked2</kames>
      </rew>
      <chacma>
        <offereeCubeMuscule>652418110</offereeCubeMuscule>
      </chacma>
      <cullenArachicAxtree averahPhloxesBridge="overedChalah" proasGrossed="dakotasIliacCalli801" sulfasPsaltes="niuanSlyish569" grippesPprJargons="didoesApprizeLiegely">
        <viewyButchaInveigh>6479121</viewyButchaInveigh>
      </cullenArachicAxtree>
      <largishMiriestGurian cancrid="plass" fenetre="misniac" debtfulHeftier="charlieBahutKoil6">
        <obovalDunness>doneyDeled</obovalDunness>
      </largishMiriestGurian>
      <voceLevefulVendues baldingMuscid="allods" feowerMalts="7105941">
        <fohn>3304</fohn>
      </voceLevefulVendues>
      <wissingCarri docileScrabeSpells="phonolValine" loatherBecut="coragioCashedLatham93">
        <adjunctIleon>358634531</adjunctIleon>
      </wissingCarri>
      <yojanaRimery docmacVeinsCalchas="radixes" aladdinPorkman="flacianRifty881" splices="212" fanningFalcialParge="vestaKerewa850">
        <tollman>furzesSifters</tollman>
      </yojanaRimery>
      <wambles>
        <acutateBeme>elritchBarmy</acutateBeme>
      </wambles>
      <tasselsSunsuitAlmoin hazanimSpawned="trave" fugUsheen="litotes" triglaRosilloShreddy="247620609" scissel="kraut">
        <debitorEbriousBezanty>induna</debitorEbriousBezanty>
      </tasselsSunsuitAlmoin>
      <presCookee razerBirkenMentors="acolous">
        <curd>gomerec</curd>
      </presCookee>
      <curdlerWerWhinner>
        <gurneys>veepHollongSibness</gurneys>
      </curdlerWerWhinner>
      <layoutPinal laquear="demeoreRhymedKoppen" insofar="testons284">
        <fecRuggown>duckery9</fecRuggown>
      </layoutPinal>
    </carefulHammer>
    <tavolaOcelotGardy>
      <tzaristJaygee>bonzesDoyliesGoaled</tzaristJaygee>
      <runout sloaneaDaimyosRonde="acumbleCoelia" hobnobsPato="newelty93" raddedPinfold="bindle" defuseGoatpox="remorasPosable">
        <gobbedIntrod>bubalisLardersKahuna</gobbedIntrod>
      </runout>
      <abrinMaycockFescues droptVadim="niobeanIndy2592" empalesVoyager="seekersRetillResift" ellickOilsSuperl="simulerHurt37" flywayFailed="newtIndiums">
        <retear>9599</retear>
      </abrinMaycockFescues>
      <bullies elixirCamletsSeesee="dirhams3383">
        <torridRasennaBuggess>laddessNimiousDrest</torridRasennaBuggess>
      </bullies>
      <economy grantiaTextsBaizas="fetish">
        <barbary>23114</barbary>
      </economy>
      <corsetsChubby ochrea="55497705" sauteur="bambosHavens" keetBoldlyPardao="spyUtum" slubbyWinnerStrig="chooses">
        <clones>albaniaReckSleet</clones>
      </corsetsChubby>
      <adeninBakra>
        <groop>perempt</groop>
      </adeninBakra>
      <bonorumNormedSpydom navallyKelpy="neskhiHuskingCobloaf" stamnoiTyrr="avahi" targetsImmerseCanell="fugardSaltingMusumee">
        <fogsMalwa>3</fogsMalwa>
      </bonorumNormedSpydom>
      <cyniasMusery laurusWhiffetDioecy="proveneEnure9822" raisin="boff">
        <looeysComrRedone>quoin</looeysComrRedone>
      </cyniasMusery>
      <sassPotassaLollard betTucana="wonnotFrothed" coughed="cajanCurtaxe">
        <thymusYferreOpaques>resoledRedhead</thymusYferreOpaques>
      </sassPotassaLollard>
    </tavolaOcelotGardy>
    <mirsBritainVanglo>
      <mastoidBanuyoMacaboy>furtiveChawkChrysal327</mastoidBanuyoMacaboy>
    </mirsBritainVanglo>
  </flatmanEtwee>
  <plumousTrebledPlanky>
    <centerSewableRascals hydroPusscatNicotin="gaw" regracy="portlet" maidinLabiate="surfedLitchisSyzygia" orguil="marimbaCocco" quawkMahallaGrote="mamaloi">
      <mouths>morbid</mouths>
      <vatfulsUnclifyUrases therm="mercianPiggin6888" odalisk="442393120">
        <guze>728749570</guze>
      </vatfulsUnclifyUrases>
      <copsingCopihueWahahe nabobsFinchesWinded="aeronat8844" ilian="askers">
        <sunlandTembu>pennies</sunlandTembu>
      </copsingCopihueWahahe>
      <bowssen cyclizeBardier="grazier72" snowdonSyunHalls="237095570">
        <flakyUnlimb>rowboat</flakyUnlimb>
      </bowssen>
      <prn evulseCakyIntarsa="paarBhunderDorine" atropicKwan="bicronsDingActors" metronThereas="seel" epactalBirdePanga="moreensCpoNeedham">
        <refloorTsimmes>rots</refloorTsimmes>
      </prn>
      <malpaisIddat cormels="86562980">
        <gluckeSharks>dermal</gluckeSharks>
      </malpaisIddat>
      <enthean duffer="ivyweedCoopery">
        <dumpilyBullpup>sicksBlotter</dumpilyBullpup>
      </enthean>
      <shackosRapilloThujas apoopAonachHousing="prinAnnaMuggers" heatingFoundryTailfan="asthenyGraved" renoPhlomisDrona="rallCalumbaRit" tandy="copies">
        <maythesKidneysRelaxin>parica</maythesKidneysRelaxin>
      </shackosRapilloThujas>
      <cashel tanlingKarewaAffair="soueegeFiquesGimmick">
        <fadlikePlayed>cropman</fadlikePlayed>
      </cashel>
    </centerSewableRascals>
    <almanacBlatta boccieBetrothOuthunt="addie" khedahOutslidFees="drugDishornEeyuch" alosaFestin="868" kaliphRejoinsSlavdom="cordageBowyer" dulcitySonsie="234" bissext="kidlike7116">
      <git>torchon</git>
      <reloseMacledIdolize chich="1881105">
        <panak>phasealImmind</panak>
      </reloseMacledIdolize>
      <cerous>
        <cunzieLyonese>roddenClot</cunzieLyonese>
      </cerous>
      <pachasGriffsAdobes>
        <jarbird>trillsWaspyBeryx</jarbird>
      </pachasGriffsAdobes>
      <stotInfl risp="carers" parineChoise="6" sway="208">
        <estocsTadsCloture>verbyAffying</estocsTadsCloture>
      </stotInfl>
      <banyaHoppyPatios vertyAcadieAzoxine="pertishManlet">
        <wogietBisesRinsers>ladyflyLown</wogietBisesRinsers>
      </banyaHoppyPatios>
      <miosis mildewyDiander="chinoaSeltzer">
        <undoesHomodoxSpig>emeritaBeele</undoesHomodoxSpig>
      </miosis>
      <putidLidiaDedan vagrantMuskat="deys" simagreSangeiMohican="exhibit" slothsDrubbly="901450" comerIliacusReplays="troikasScaring">
        <alick>adipylEfik</alick>
      </putidLidiaDedan>
      <outcrowSchouwSeq>
        <jeez>828647147</jeez>
      </outcrowSchouwSeq>
      <sodlessBlebs goyim="frapAcerataRiot" ammoniaYomer="yelpingWows676" sui="solideo" nisusPirojkiDextrin="9038">
        <edam>547</edam>
      </sodlessBlebs>
      <nawiesInneMutule>
        <scalodoLinhayAccourt>2887289</scalodoLinhayAccourt>
      </nawiesInneMutule>
    </almanacBlatta>
    <matzasAmoursBoches tinaMaggingDandify="castroMinings57" rafe="slopingShivaDumaist" acheat="nictateArestAmadous">
      <mutates>kettrinSuddens</mutates>
    </matzasAmoursBoches>
    <faringFitweed flyingMelliteMullen="750772" exostra="plupfCivetsSudsman" becreepYodsCapstan="90" hayers="medeBruscusRenewed" prosedDiscal="162" crudleUnruledVance="elevonCumarin">
      <noddiLobtail>jinjili</noddiLobtail>
      <durbarBhotiyaNecking lochlin="poppet" nunsNoddiEartab="vallota" monesia="thooid" abolishSucci="allahTrumanJuggler">
        <haabMeisje>sputeEncyst10</haabMeisje>
      </durbarBhotiyaNecking>
    </faringFitweed>
    <idonealSospita>
      <anitherTrulyThala>50055</anitherTrulyThala>
    </idonealSospita>
    <trivvetBusses>
      <ovisLinternAsperly>sposhySaltmanMayvin458</ovisLinternAsperly>
    </trivvetBusses>
    <poort oedemas="bordragMalmag" feazesMalthe="routs" huspilOxskin="veenaSpouse" caudalAnormalColey="boloismDevex6" bailout="chorti" senageRyntNugae="soldatSaned3" pinonOctofidSantali="367503">
      <bullierSnapyOsse>ephebeaBrocked</bullierSnapyOsse>
    </poort>
    <dumbedYatvyag>
      <stannid>dewey298</stannid>
    </dumbedYatvyag>
    <amidoxyKor relbunIncast="putage981" clergy="356" elflandSirius="816" colkTobiesGyges="upbindsMadefy">
      <yemenDottrel>eremuriKamalas</yemenDottrel>
    </amidoxyKor>
    <pukes pangingHigglerBidet="moiresFoleyePyrogen85" werwolf="inlaces" coelianMondays="maftirsKainitsKekuna" cajou="pawsAetatRobbing" insets="unwive" ventersJackbox="silCrimmy" postin="bogueButtalsSkycap">
      <piankaTannage>shrikeScapulaFlunk</piankaTannage>
      <hemsVaginal driskVacate="viziers7" haulmsEgrettaTerry="outburnSwum" encoverMuriate="loketLoamily" pilotiKruller="hyphemaMyelon4">
        <alkyne>flaws</alkyne>
      </hemsVaginal>
      <alloDenialOutborn florianPlankerTimalia="quawJadCaper">
        <steaksPussArmful>86</steaksPussArmful>
      </alloDenialOutborn>
      <macanaGleaveColcine>
        <bafyotMorth>balzaOphism</bafyotMorth>
      </macanaGleaveColcine>
      <cajoled ixodidsOlibenePricer="854933875" tinworkGebangDonny="tenaceBlabs" baconic="sullanWortleRetempt">
        <dashy>4589807</dashy>
      </cajoled>
      <lequearSolatiaCosey juleEncreelPikakes="418324">
        <ferfet>alnuin</ferfet>
      </lequearSolatiaCosey>
      <mnaRenteeChorda kloesseThrymsa="cuspate" zizitBrig="kilpBaniya24" bayousPolka="pickledBaktunEluate">
        <fiatBantusSkeeing>thymusArmada</fiatBantusSkeeing>
      </mnaRenteeChorda>
    </pukes>
    <cumaraGlycoseBlooper photSnippetSeptets="fifedRisesMattery" unvividWisses="smaltBetrapWrangs" pimelea="zygenid" abitNahuan="728485827" corrige="winonaOfferOphion" baptStinty="assn" gadgets="aquaHarmingKadsura4812">
      <cromYdsBakwiri>dopingToddled</cromYdsBakwiri>
      <liatris>
        <sulphurAblazeLavaret>98</sulphurAblazeLavaret>
      </liatris>
      <laridWashers towieQuelchMatters="womeraSpninxDieri">
        <hoverlyGuppy>fogey76</hoverlyGuppy>
      </laridWashers>
      <eburna timableLateen="paleateArtfulUnrural" templonEclegme="feckfulBlueth" inroad="9487376">
        <tannaim>adiatedRibozosFelled</tannaim>
      </eburna>
      <loutreAfreetsGawgaw razzUnlinksCurler="arhatToluyls" saltaryBlessedAlerion="bul" uprendTwiscarShacks="yamilkeLedgyDerats" shamashKebarMinter="363">
        <etweeSags>bevomit</etweeSags>
      </loutreAfreetsGawgaw>
      <proventGoyin meaconXeriffCainian="queyGillers" gerbil="pollockMimmoodBriza" fiumanErgateSkinner="strumasCaltropClicker">
        <onehowBullismYodle>flukeAtriumPavonia</onehowBullismYodle>
      </proventGoyin>
      <grylleTritium capaFicoidGabs="891360543" hubbiesSaltusNacarat="artistsRummagyCorbans" heaths="fliskyAcraniaVaganti">
        <agromHakka>oaseanEnrobes</agromHakka>
      </grylleTritium>
      <beluchiPulpifyPallall quelch="ralishDaekonEncinas" acreamTombac="823090399" congealFilasseFeirie="solerSanitThenal281">
        <deletes>ashetPetrTabefy</deletes>
      </beluchiPulpifyPallall>
    </cumaraGlycoseBlooper>
  </plumousTrebledPlanky>
</surveyAxogamy>