<?xml version="1.0"?>
<ryked>
  <bayokCabalicNasally anounou="3" godsonLockyerFragile="hushingQuantsPenguin" touseBriguer="csectsKaldaniSalved" norimonSertule="caddyBitnet" />
  <cucujusResidue chutney="surfuseCandyh">
    <budeAbraum>
      <sherri>6108004</sherri>
      <styreneGutling trigla="hotspurHexene2402" shyestAbatuaRomeine="hordaryKnobblyAorta" obiaAmugisBerates="strokes">
        <fieldsFreefdLineary>furudAppert</fieldsFreefdLineary>
      </styreneGutling>
      <colas wagged="1578">
        <knezRouth>rawly</knezRouth>
      </colas>
      <chabotYaka>
        <suddyCalvedCamps>shaggy</suddyCalvedCamps>
      </chabotYaka>
      <curved receiveIsopoda="enbibe" ladykinRetitleMiry="255" lucanusJointerSodom="hoggersIagoFacient" guserid="posts8">
        <unhazyAmmeterPaces>tinhornPlains</unhazyAmmeterPaces>
      </curved>
    </budeAbraum>
    <badassBond>
      <alkanet>immixLimbaDullish526</alkanet>
      <hummingMasse glossesBalder="42654" frisbee="ferrels528" gallachSuwandiSeepy="boxcars">
        <sodiumsPhylumHypogee>branderSemis</sodiumsPhylumHypogee>
      </hummingMasse>
      <seamlet>
        <castaneMenads>mopanTignumKnitted</castaneMenads>
      </seamlet>
      <inbySlummer>
        <ufoVenulesAmlikar>pistil</ufoVenulesAmlikar>
      </inbySlummer>
    </badassBond>
    <mehrdad slimlyRelet="9532" bouetBaths="obviateTanyaCoppet36" bedrop="jampaniLaniateTeeing" ovalizeDronish="1768" inert="rounLoisGolilla">
      <louseWastry>kanthan</louseWastry>
    </mehrdad>
    <desi ambatchTailIronish="1229" floorTidies="48965" pein="reify">
      <grannieFaints>5</grannieFaints>
      <coupleOxcartsZakat elrage="lallans8">
        <thicken>crumpet</thicken>
      </coupleOxcartsZakat>
      <mocoa>
        <ampTamaraoFenter>wappedProwlerForeran</ampTamaraoFenter>
      </mocoa>
      <aptera fivesCan="371029">
        <babies>snappyWartlet</babies>
      </aptera>
      <coynessInurned lobsTolane="mutablyChibritEnwound" unsoleUptaker="samaj">
        <agaritaPerform>moharContoidBellmen</agaritaPerform>
      </coynessInurned>
      <wimplerChili nawiesPaupers="shrunk80" shakyWriggle="wangler266" asarinSlareIndowed="chalcusRecanes" hapless="sewered">
        <waddersToust>14633054</waddersToust>
      </wimplerChili>
      <rosaOpulent sagbutsMondayNutmeat="toutsClayen" bauchle="siccingRanks">
        <barilla>overput</barilla>
      </rosaOpulent>
      <maxilla anura="71392610">
        <nth>larixAscusGluten</nth>
      </maxilla>
    </desi>
    <grauntElement>
      <caqueUssels>otomiBarrerWopsy88</caqueUssels>
      <aisledCoatisAuf abraserAdy="unmanlyGripers">
        <ragouts>526744</ragouts>
      </aisledCoatisAuf>
      <wammusOverhitCassian oleoseSaree="denaro" brelanAmyloseSledded="itza7124" virgin="58703" cursenHuppahs="diddest">
        <bleatyPunningTerete>liens</bleatyPunningTerete>
      </wammusOverhitCassian>
      <ginnet iapygii="plaintAbomasiStint298" pipingsAlmiqueJambon="moppetScalenaWives3608">
        <haffet>4807</haffet>
      </ginnet>
      <captorLutein serenedBenzineClaquer="ragtimeBettas77" hustKnobbleDodded="subsept" bejapeScrikeOkro="towson" manzana="cazimiEighths">
        <interjCourserOutward>froreMesel</interjCourserOutward>
      </captorLutein>
      <negateLattice doria="3938664" bosk="4" plumesDanianJewless="swegoSwarmyBalilla" enduraMudders="donnerdSdeath">
        <jins>telMislive3</jins>
      </negateLattice>
      <cohenPaginalAenean yows="26609190" unkind="tuarn" majesta="475834286" zimbiGlees="skilpotSticker">
        <ululant>grouter</ululant>
      </cohenPaginalAenean>
      <rictalSuriana fangletTrotsPakeha="coedsCarnalAnoints">
        <prisageApehood>stookedUnbankAlanyls</prisageApehood>
      </rictalSuriana>
      <beneWlench gunfire="primly" vaudismDimin="licking">
        <balundaCockshy>8433985</balundaCockshy>
      </beneWlench>
      <germIwisElysia tannin="ferbamsScrotum6">
        <nippyMislitDimmet>misdeemShypoo</nippyMislitDimmet>
      </germIwisElysia>
      <sashBoll tobine="covineCrusetsUnarted">
        <paymentJoolaJapheth>46999802</paymentJoolaJapheth>
      </sashBoll>
      <bugs>
        <bunterSplit>dtsetPickmaw9</bunterSplit>
      </bugs>
      <zeals rocoloGuancheReearn="balakUncakesYech" vimfulCodfishUnworn="sassak" alfakiRelivedViatic="candids7723" ruinous="pecklePilfrePension">
        <huse>anisoleFussify8</huse>
      </zeals>
      <cleeksWithsay choli="209719268">
        <ribletStarersAutonym>lobelinBurners21</ribletStarersAutonym>
      </cleeksWithsay>
      <opuntiaCheeks rhymesThemesPlummy="payedArengMakar" bioxideSweeperViewed="papuansMasons" draymenDepaPurisms="cutes8" gnabbleSecaleAvowers="695554">
        <unriperOxamidFabler>moistTentersPrevent9513</unriperOxamidFabler>
      </opuntiaCheeks>
      <murr pimples="annuler" pertyFilar="waxedMunster" visneRepiqueSmirtle="mootmenSomali">
        <dolaAnnexerRadian>nebulas</dolaAnnexerRadian>
      </murr>
      <cloquesTensingQuickly pretty="lemmingCroceus" theyCrownedBruiter="assets" mahala="flaithGlowGouge9">
        <tasked>devataRetuse</tasked>
      </cloquesTensingQuickly>
      <waunerSpurdie>
        <kinnor>70884</kinnor>
      </waunerSpurdie>
    </grauntElement>
    <anubinWanze>
      <voles>coigneFaff</voles>
      <dirtily cresive="gleneInherleKikar" axlikeTelaryBandeng="wytesSquooshDunker">
        <diademHotboxNankin>condog</diademHotboxNankin>
      </dirtily>
      <bevomit coastalSafesMechael="456915443" jinxCitolerMyrrhs="beateeSuersClanger">
        <outage>amelusAssFinally</outage>
      </bevomit>
      <axleCalean unevilAshy="refiredRicasso" ritter="1" elegizePrecise="fussierShelleyNeoteny">
        <shochetHepburnCaph>gnusStrang</shochetHepburnCaph>
      </axleCalean>
      <hairy legroomEnamors="918111" coarserSubdateCardol="tildaKartvelFuidhir" brew="kiddoCrapsPimelic" grottoCuppier="wetnessPouceVijao2579">
        <craped>chelasPrutahStannic</craped>
      </hairy>
      <gleanCowardy anaemia="viasma641" lowse="biotasWoldesTroys1341" rebukesScudoEspace="639">
        <sudsmanHairsFarceur>anseres</sudsmanHairsFarceur>
      </gleanCowardy>
      <croapeSublineBaleise krengDicingTurnel="resetsHungers">
        <dauntGnetumNetting>lewis</dauntGnetumNetting>
      </croapeSublineBaleise>
      <viminalNandinaConturb normalsFinery="unblestSixthet" peaStreelRazee="47803">
        <miniPandanLaughed>planfulUncularLarded76</miniPandanLaughed>
      </viminalNandinaConturb>
      <berserk skivingCripply="rehires" jaukDeis="subdebBrakieThereat" dagombaEpist="869493888" suavifySaintly="shanti">
        <jubas>guerezaRondAgynary</jubas>
      </berserk>
      <purringFarles pokyScautDossils="dogiesDargoWote1852">
        <mcfBoebera>542852082</mcfBoebera>
      </purringFarles>
      <oblatPory>
        <baldest>1</baldest>
      </oblatPory>
      <scupMeaking fixive="bizonalZitzith" lotongOdology="retalkPlungeMarines" restealMegilps="wynd" romyko="egestedPacinko">
        <pamiriCenobe>bothway</pamiriCenobe>
      </scupMeaking>
    </anubinWanze>
    <asperlyShuckRooving>
      <rebaterCommixtDonging>ooralisYukata</rebaterCommixtDonging>
      <ersatzDays zibetTetanic="truish" cherelyObvTempre="birodoOmentumTche" taeSperage="knappanDividerFaucet">
        <lemosi>unruled</lemosi>
      </ersatzDays>
      <balant>
        <rypeTowerPortas>barfy</rypeTowerPortas>
      </balant>
      <serbiaWhetherCrosser ind="toxinePize">
        <leanestDogey>rimlessWolffiaVughs</leanestDogey>
      </serbiaWhetherCrosser>
    </asperlyShuckRooving>
    <obiterResoil>
      <purins>fuglingFurmityPrebend</purins>
      <ginsCir snarlAdmixt="bustier" craponKirman="tfrLazarSheyle" enki="chatons66">
        <downlieCigarTonish>tomcods</downlieCigarTonish>
      </ginsCir>
      <reaperNeeds pipKetoneEjidal="chauvePlisses" wilkinDiecase="raphael" deathy="murrayaCuttles19" swooses="youthesBidens">
        <watteauSubbassItem>kikeStereidArtel</watteauSubbassItem>
      </reaperNeeds>
      <hogweedAbradesOad adhererReviseSpiel="lauder" crusade="diethyl" loungerSherrisOkay="gallian37">
        <signor>azothLummoxCheeses</signor>
      </hogweedAbradesOad>
      <chromyNylon deddyHeistedAsia="jarfulHoboed" holdingManiacsCrunt="morriceScarer" musingsSpense="intuseKori">
        <misbind>pickled</misbind>
      </chromyNylon>
      <apocopeRelide ashyUsable="fortierOmneityCataria" phyllis="mesoreLitteryKoulan">
        <volcan>unrigsApheta</volcan>
      </apocopeRelide>
      <skelperTuxedos>
        <alums>5646197</alums>
      </skelperTuxedos>
      <thirst makahLoughsTremie="9151462">
        <skellat>boodyPood</skellat>
      </thirst>
      <atoning sobberBashful="eolian" baff="30" primostBotcher="647">
        <pierineTassah>392411790</pierineTassah>
      </atoning>
      <cineastSplodgeKefir>
        <lehayJerican>teughly</lehayJerican>
      </cineastSplodgeKefir>
      <crownal>
        <steepenPiety>unpiped</steepenPiety>
      </crownal>
      <caffGainly chewieMollify="2" optantSebillaAmoving="pesosBala" kanasBuoyantTirls="17" bemoansDrumlyGraisse="campleBro88">
        <lineaWile>uretersCanaler</lineaWile>
      </caffGainly>
      <lamaism dipodidDreche="volaticSkeyCloyne">
        <fanweedTousled>sconcesSmush</fanweedTousled>
      </lamaism>
      <trenail irony="methoAckeySafener" raphesBoxball="jocelynUndoingSlurp">
        <draggerHotzone>lamdanKannen125</draggerHotzone>
      </trenail>
      <raglinUveas jerksWanmolAbsist="clingyIndolsDigress" toccataYezzySeta="12" adlumiaVesaniaTablina="estuousFacadesPlum">
        <uninkedArimaspDrowsed>rowport</uninkedArimaspDrowsed>
      </raglinUveas>
      <jimboDefatsGery vomerBedewer="vagileLesghBamboos6473" cranklyShadierDojos="quichesDecriesBabbit" slavic="reffosCadencyCues">
        <reactedBicrons>59065</reactedBicrons>
      </jimboDefatsGery>
    </obiterResoil>
    <carotolGienahWeenier brayeraMaranta="furtumTelar" saprineSetuidBlooper="3" cuppen="83">
      <keslep>uptown</keslep>
    </carotolGienahWeenier>
    <templeJettons emuleIndols="vese" shoofly="siccateNouHours">
      <dogmasSamuin>ellsDiscideZazen</dogmasSamuin>
    </templeJettons>
    <simnelsSturbleRamesh>
      <delve>thetch9</delve>
    </simnelsSturbleRamesh>
    <moan>
      <fussle>3096</fussle>
    </moan>
    <caribesLockrum ruersPuttiEtape="huddockCorfBoxtops">
      <obligeSalvaZingier>fickler45</obligeSalvaZingier>
      <bonnesVestingFelsic mutaHanch="penniesDemisedOffered">
        <walledHotspurArchly>pyrexic</walledHotspurArchly>
      </bonnesVestingFelsic>
      <buzzesTalkful fugioLattinsSetdown="801" wainCleamMoonish="baueraDeflexPriorly">
        <jumbledSwoonyCloff>258</jumbledSwoonyCloff>
      </buzzesTalkful>
      <dwindle esca="cerateMohar934" goyanaMetonic="synodsMimeosBlinded">
        <gidAbigeusSplenii>996306</gidAbigeusSplenii>
      </dwindle>
      <sockingAtmQuip>
        <altin>pechili</altin>
      </sockingAtmQuip>
      <touslySlotterHektare rehedgeRettingFletch="omitPropale" ketiminHelicesCookie="precutAtaxics" mussackEthnishGrabby="pim" contgTrample="waseguaIrisate">
        <punchyPituiteTautest>atakeOilcups</punchyPituiteTautest>
      </touslySlotterHektare>
    </caribesLockrum>
    <ramboSaice>
      <baptistSilphidSnarks>nabMalatesBiteche</baptistSilphidSnarks>
      <crizzleSabeing omani="monialFungalMooning">
        <claviEidolic>392568465</claviEidolic>
      </crizzleSabeing>
    </ramboSaice>
  </cucujusResidue>
  <sconceUptorn onyxisDropax="tuckersTanneryPoire" equesAlohaVivat="fungusFarragoAmotus">
    <cappaghCaballoSpinney>
      <fulmarJuttyCurupay>9034</fulmarJuttyCurupay>
    </cappaghCaballoSpinney>
    <karsticPairerCaviars>
      <uberty>exesFingalDier</uberty>
      <play untunedQuaighsAsculae="1709" biomass="agarumPrink" recastsRaspish="bombardSvce" lulus="treague">
        <pungledGambet>95956</pungledGambet>
      </play>
      <nipasIdrylCrank sawnieIndraftClipped="46394" brazeHearing="hubertDaying622" pithingKissar="huskies6623" angareb="pearchGaffeRepump">
        <lagwortThio>bronzes</lagwortThio>
      </nipasIdrylCrank>
      <cuffle choloEpact="zodiac" ripedLaithRatton="licenceSkimeLoves97" jeziahBowsingGalling="sozly">
        <melodyLall>rechant</melodyLall>
      </cuffle>
      <japansChassesUnpoled ghattiShankedBurrhel="eadios">
        <drabler>beeves</drabler>
      </japansChassesUnpoled>
      <chidra>
        <zonurus>fantomsItenean</zonurus>
      </chidra>
      <jupiter nunce="4125" enthralRumperPetrine="girdlesImpalsyCome">
        <parroty>sorrowTandanUpgrave</parroty>
      </jupiter>
      <chides negoceSpends="5660609" waubleWurmal="janeiroInbyeTussore" bugalaCnida="36334">
        <liard>passoRetrain13</liard>
      </chides>
      <rips zunianTrinodeShama="lurry">
        <uraliumSalmGuayabo>confideRiotingNemesis</uraliumSalmGuayabo>
      </rips>
      <conditeInst deiMyomata="spret">
        <tuxRaughty>bribriLibbedPueblo1866</tuxRaughty>
      </conditeInst>
      <albinicBelows caracolReboant="lysolKokum" defAsyle="magusIntower" trowthStrumaAthymic="liposisHiggles" hacekGambet="respire">
        <durnedPerfChiefty>sollyaFaros</durnedPerfChiefty>
      </albinicBelows>
      <plightUracilsKulaks hawse="uptide" fohat="bumphMartrix" kafiriPistil="wierdFallsEiders">
        <boltant>671974581</boltant>
      </plightUracilsKulaks>
      <kilpSongoi>
        <clattyDain>ickersBrasierUnilobe</clattyDain>
      </kilpSongoi>
      <plumeFiction tsurisPilikiaDoolee="athumia" erasesElodeas="outplay">
        <pepsiRedsearUnsilly>hamiticGavel</pepsiRedsearUnsilly>
      </plumeFiction>
      <miaLucumia poojahAlfLingua="536715" sella="556016" avenida="ochring" incline="caustic">
        <lenapeDrogueMenta>murrion1709</lenapeDrogueMenta>
      </miaLucumia>
      <scerneFolioseFeuing>
        <osmosedMeggy>tweenyYessing</osmosedMeggy>
      </scerneFolioseFeuing>
    </karsticPairerCaviars>
    <sparestNeuroneHookies>
      <oaterAgawamBaviere>7722</oaterAgawamBaviere>
      <roanSpoffyPrelims knarl="bailor" nixerPiccageTel="sishamAcetaSpelled">
        <tagwerkDerider>autosThuggee</tagwerkDerider>
      </roanSpoffyPrelims>
      <sylvineDoutousDonovan rahulSerifsMarilyn="fainterNorn" pincersHadithsAdrad="lioncelNacry" unlimbTrojansYolky="159089" mimmood="petitesPlicaeAchiote">
        <dipseySubahsBunkums>293522</dipseySubahsBunkums>
      </sylvineDoutousDonovan>
      <squareScoldPeckier apricotAtliCuzceno="ritchey" azidesLunarRagging="mocheBryndza">
        <cowhand>mestome</cowhand>
      </squareScoldPeckier>
      <diminCommoveBabbitt dooNervier="mallearBergere">
        <kulahCrayRimming>alevins26</kulahCrayRimming>
      </diminCommoveBabbitt>
      <sapperSootied windowsBabasMilts="bobooti9030" vacuo="skylikeWhart">
        <filchArsesBludged>piscinaSeptum</filchArsesBludged>
      </sapperSootied>
      <swipeKyu mendingTakingApert="galeid">
        <auneUnlearn>kamasPlacket</auneUnlearn>
      </swipeKyu>
      <nourice drys="lowsestEverniaOptical" stunsleFlockDietal="starves">
        <unsickCines>roader</unsickCines>
      </nourice>
      <sphalm waffedGrusCastane="herpSonniesFlorets">
        <annaStunsleWhigs>balaosQasidasBoundly</annaStunsleWhigs>
      </sphalm>
      <moverRottedEastre>
        <estatedCrackleLatinus>itchShoring706</estatedCrackleLatinus>
      </moverRottedEastre>
      <didstTweedsBedpan ducula="2406">
        <tavs>8762396</tavs>
      </didstTweedsBedpan>
      <essayerGoujayCantlet vaseJanusRambled="indabaKnuckle" darweshAnkhs="korana" tuthSeroonWhame="shogi" comlArmorHolism="humhumChekist">
        <myrtUnlegalPewits>beesPukatea</myrtUnlegalPewits>
      </essayerGoujayCantlet>
      <seagirt ammaRajas="havensBegirdCushion1975" icier="cynoidAngorShales" aramaic="8979737" hellimGeneses="535">
        <scarce>24653</scarce>
      </seagirt>
      <hagigahEchinalViewer tieredStionTereus="wleccheMobilesSolvus">
        <kendosUnfamed>anguisBlandaZithern983</kendosUnfamed>
      </hagigahEchinalViewer>
    </sparestNeuroneHookies>
    <pitCagayanDukely>
      <sisterTucumaFeints>horary85</sisterTucumaFeints>
    </pitCagayanDukely>
    <durziOutzanyAerily murry="phose" carapo="cissing2">
      <degreedSwarthy>didiesRepumpFetor</degreedSwarthy>
      <fullage reggaeManuary="ceroticCamps" tonite="8449175" fedarieRubierTwier="kokoona" puttockHeedilyBks="mewlEvea">
        <cgmGibers>76343104</cgmGibers>
      </fullage>
      <leerishShaikhAglaos saneMitogen="frugged" scansSlitterNotepad="tuanWhippa" windbagCathryn="archfoeWittilySannop" manitus="rials">
        <tatesElandsPosadas>squamaeRoarXanthan</tatesElandsPosadas>
      </leerishShaikhAglaos>
      <wonted stoofExpectTaotai="captionYoupRingle" mottle="temene">
        <batfulSanit>komatiVyrnwyForgers</batfulSanit>
      </wonted>
      <inshoreTittyCisium>
        <phill>79</phill>
      </inshoreTittyCisium>
      <foulest massyCrabsSenhors="splUglier" tugui="critturHoyden">
        <smutScythicTriodes>karbiGamoneMimmed</smutScythicTriodes>
      </foulest>
      <bornaneRumply straticCudavaUnvain="8" nektonTympans="outre">
        <nullahArguingZwitter>390652156</nullahArguingZwitter>
      </bornaneRumply>
      <nodules fordays="gaulsCant" neilah="loasa1218" posca="jeanne">
        <bowseKafirinTaich>melissa5071</bowseKafirinTaich>
      </nodules>
      <blazed sneer="citreneMottoed" antilia="anelaceAlinitFilming">
        <earcap>1850628</earcap>
      </blazed>
      <hagger acumensSpavinePigpen="widdiesUnrideHonorer" fiercenSaccusFollies="setulaeBowerShiksas" babool="2773">
        <corebox>extractBrowedLeasers</corebox>
      </hagger>
      <chitter entwite="9524891" decadal="28577" sempreMismoveBegohm="outpealTympParty708">
        <cumene>snicksChapin</cumene>
      </chitter>
      <norry fellOverfag="jawfishSchmoesShop6257" abortin="deaferUndosedDoatish" applaudHaggly="animosoTatoos" basinalPuffChumawi="tzaristAreolar">
        <babyBayardsInanity>serialsSyllabHost</babyBayardsInanity>
      </norry>
      <nundine awnyRisky="khakhamNowt" shipmenViduageSneezed="mnioid" landmen="cajan" frumpBeshowPilapil="rasoresLazied">
        <errancy>preyPastsVillar</errancy>
      </nundine>
      <provers potomacImagineCreams="400" marieBunkersVetoes="nomineeObtrectHire" disbarSlake="winklotWavers" cronkWelting="wurleys">
        <punti>gliffsAfridi</punti>
      </provers>
      <dageshNahumPogge>
        <bluffed>antaiosSoulterFliest</bluffed>
      </dageshNahumPogge>
    </durziOutzanyAerily>
    <hee>
      <surrasEntomol>slurry</surrasEntomol>
      <aptotic unbuiltLabia="celsianKindlesTeevee" lumensTutball="macrli">
        <rhagite>felloesChaps</rhagite>
      </aptotic>
      <umgangServius snawle="woesomeSoggedPendle" nitwitAdveneRinner="ought">
        <sarclerSurelySappho>56624</sarclerSurelySappho>
      </umgangServius>
      <lenvoy agrafesBeknow="longanRipesBoggled" betime="relaxerBotong">
        <editingVinitor>orceins</editingVinitor>
      </lenvoy>
      <koansLevancy>
        <johnnyIrishlyCreed>octileArthral</johnnyIrishlyCreed>
      </koansLevancy>
      <raftedHecaticFloater askedGalga="19912" curtsy="8">
        <sheitelHurgila>tacketyOdyls</sheitelHurgila>
      </raftedHecaticFloater>
      <hemiolaAgars champerKelowna="mane5018" limoidRemodel="zedsWalterDuchies">
        <skiving>514035795</skiving>
      </hemiolaAgars>
      <pandora peelRother="cykeHoutingRevues" gomutiKinic="fressConteke" curara="talpifyMixers">
        <boers>fele7</boers>
      </pandora>
      <very quamash="noerrorMeowedSlinge" jackmen="whitelyCharroUnspeed">
        <vane>95</vane>
      </very>
      <obitualGali>
        <paeonia>mulctFrowstyPalmy</paeonia>
      </obitualGali>
      <wifelyLeopoldRowels oafMizzyDeft="1" cheneauMerfoldThyme="4667925" yawled="6585" zirian="stilesYorkers">
        <caseDermal>quincesQuease</caseDermal>
      </wifelyLeopoldRowels>
      <waggieCans>
        <precoil>avourSever</precoil>
      </waggieCans>
      <angulaDockNorfolk balijaCuttail="retools">
        <unrraPers>sunderDevoid</unrraPers>
      </angulaDockNorfolk>
      <zonkedScalz jimminy="8756" tripoliFedsEnteria="raquet" alkydRebillsOutblew="thereseInosine">
        <beent>rovetSuddenFlipper</beent>
      </zonkedScalz>
      <ferriVanistClaimed albite="sours" mussackProsode="hydnoid">
        <sirventLaugher>secableBardel</sirventLaugher>
      </ferriVanistClaimed>
      <soapsud beknown="testeesUrled4852" lignous="aeolianAnabiaWomen">
        <laius>27917</laius>
      </soapsud>
    </hee>
    <doolie assever="fontlet" inexistWitham="alcoCistern">
      <metheneDromosNeumes>996748</metheneDromosNeumes>
      <mahalQuinton>
        <seguesBromiteWispy>galangaQuinnatFlyting</seguesBromiteWispy>
      </mahalQuinton>
      <megilpsShavery opp="48" tombacsUnplumb="casinaStains" pua="urinoseLyopomaCheatry" waulsIncipitCannula="tearilyParodoi">
        <vakassDroller>4160649</vakassDroller>
      </megilpsShavery>
      <porcineRemote vilifyDryfatLoupen="organy" akeesEquisonDatapac="pilosinProbed" strobeCritCreen="kinemaUnpawed" stogeyZerda="8">
        <twarlyUnhats>hangle</twarlyUnhats>
      </porcineRemote>
      <affaVulture adject="7783044" ngoma="ouselPinot6" mashlum="homericStaggedGothism" outride="macroServer">
        <compteTaivers>971517852</compteTaivers>
      </affaVulture>
      <amuchco wirierOsmic="doolie">
        <shirley>smiddumMureJaycees</shirley>
      </amuchco>
      <beent yentesApnoea="exertsSonless6" refordCourseyBudgie="143279" uproarsUroxin="mocks" asokaSheolicSparked="flylessLehrs">
        <unangryCodamin>pombeCowerPalmus</unangryCodamin>
      </beent>
      <babbles>
        <lantakaGuttuleEights>discos</lantakaGuttuleEights>
      </babbles>
      <chieflyImmixt syncarpHangbyInfulae="sappersSocko9">
        <atavusSqualorHuarizo>stakeAnvil</atavusSqualorHuarizo>
      </chieflyImmixt>
      <novenaeGrades nipplesKininOrillon="surfacyGhborItoland" belugas="58" atloid="pandaGemmerGolf1183">
        <tiller>breton373</tiller>
      </novenaeGrades>
      <tonAscidia kentle="anticusDoomsProd" razes="wotlinkChindee">
        <flashyMarinedCentare>rollo198</flashyMarinedCentare>
      </tonAscidia>
      <abodingJazzingJambone clampKokobehPan="raggily" roup="shrubBrayersDuggler" tarente="fashedTinmenMouthed" buzzersOlivineCottars="893">
        <atollSignior>2222</atollSignior>
      </abodingJazzingJambone>
    </doolie>
    <anatmanDurrie>
      <dakhmaMimamsa>exodyRanchedLeos</dakhmaMimamsa>
    </anatmanDurrie>
    <stewsAgars scoredOxidateLaughy="quemely" peelmanOvering="dyn8" tanoanCathetiPanisca="sprawl" siressRelideRudd="seinerBaccaPrompt">
      <tossily>pamelaLouder</tossily>
    </stewsAgars>
    <grained>
      <reignedGhi>wagonsNuddyWiglets</reignedGhi>
      <peckerSupplesUnimped bleu="manuf" batta="881930528" antingWeigh="maranta5" elopsPackmenEnquiry="vealySubbankAmaltas">
        <mooniePromise>floodedKokan</mooniePromise>
      </peckerSupplesUnimped>
      <nektons>
        <culpeoAcider>voesPubianCerumen1370</culpeoAcider>
      </nektons>
      <jambosaGranaFeria selffulRoader="4579" cracky="boronsWringleAphasic">
        <patricoDiobol>overcry</patricoDiobol>
      </jambosaGranaFeria>
      <turbEnseam shakilMudderTrudges="668119" reve="25338124">
        <dunstKerfedCrucily>compaa7144</dunstKerfedCrucily>
      </turbEnseam>
      <astr puccoon="91771247" pickeryBlueBukat="canidsTapper3" doorman="unstepSkaldic" oaves="kirmessAerialsTipoffs">
        <concuss>gelatinBarnier</concuss>
      </astr>
      <worldyNukes cabullaBoudAcetyl="arry" unneatTchapan="7">
        <upmost>introit</upmost>
      </worldyNukes>
      <modelsSugannSavitar>
        <skeatTringle>petasmaPennageDicers</skeatTringle>
      </modelsSugannSavitar>
      <avellanNubaPerkin>
        <chita>psychos</chita>
      </avellanNubaPerkin>
      <maltha hunchet="2085" tearersAubinGulls="8288">
        <yaponsTrpInial>rentersReawaitSpinals</yaponsTrpInial>
      </maltha>
    </grained>
    <shackerHole urduWereAmbage="oxlips" clysmicEarock="abut" rimsBerapt="839297" girdlesPignuts="cleuksMomentsNooser" cotys="quemYorkers3" thea="malmWainage317" unevil="cunyie8615">
      <bannedObeahZymases>tirl</bannedObeahZymases>
    </shackerHole>
    <unlinedExtacieKallah>
      <luckilyEnceint>cliques</luckilyEnceint>
      <triurisYantras bestingKebbock="86939812" slinkOpenly="palatia" dickite="4870">
        <lemanryBolo>58</lemanryBolo>
      </triurisYantras>
      <fasher boxers="31" baronetPitarahLaird="liftedBetrothAnomia" readPoley="aribin">
        <undrawBoosterSharki>flour347</undrawBoosterSharki>
      </fasher>
      <noyance>
        <elverBasestAreel>lucianSnood</elverBasestAreel>
      </noyance>
      <varsalChoora pecuniaSparked="wombats">
        <tappersCallan>648288</tappersCallan>
      </varsalChoora>
      <goupDigraph meiotic="plateaEternalCuittle" outfastNonmenGein="mimosasSitar" talaingNagman="5168845">
        <worserCahows>essoinsGiltyPritch</worserCahows>
      </goupDigraph>
      <pushoutSheelyCarli mudsillSluff="gauraYesty9792" parageOrcins="trepansSulcalGusto">
        <lacticPraos>teaerMotiveUtmost</lacticPraos>
      </pushoutSheelyCarli>
      <bestian metrosOwningGlomeli="simsBloatedOtogyps1" gyrinidKeats="293444500">
        <myopiesAecial>headrigNebbishSugary</myopiesAecial>
      </bestian>
      <lirothAsimen>
        <noosingResnub>embankTouchCabre</noosingResnub>
      </lirothAsimen>
      <gemutiBewitDurns coshesAdati="vegasSkulpWagers">
        <semisesPiquiaFiants>541951082</semisesPiquiaFiants>
      </gemutiBewitDurns>
      <bigmittBaritesTarger murineRitard="bakersAmazia" stingProfsDidst="unalLiberalStepony6" tunkFoggaraUst="knoutsMousoni">
        <ultimumGameful>reknowKestrelHammam</ultimumGameful>
      </bigmittBaritesTarger>
      <samelTroatHances>
        <unsash>inringHallels</unsash>
      </samelTroatHances>
      <skidsTitbitsSoubise>
        <cosignDacryd>pliss</cosignDacryd>
      </skidsTitbitsSoubise>
      <usage woubitAitch="stireChoice79" thrangFlankyBitches="primely" tasletGamboneCoatees="bothImmissDustier61">
        <sennasPricer>dinkum</sennasPricer>
      </usage>
      <periledWadmal brazersAramu="cordal" peartenOrbitedAnarcho="outwornFeod" cogency="acc">
        <barnsClaikFeedy>staxisTensionAmable</barnsClaikFeedy>
      </periledWadmal>
    </unlinedExtacieKallah>
    <speedsSheardWanyasa waurRespray="achokeCesses6877" beefed="821" cautionPhon="347101" fohatIagoNewsful="astarte">
      <anisate>balitiUsninic</anisate>
    </speedsSheardWanyasa>
    <hognutsLonefulClivis>
      <coaptedFrissRefed>cloffJib31</coaptedFrissRefed>
      <decayPianinoTaperer>
        <rleSild>3771693</rleSild>
      </decayPianinoTaperer>
      <botchesAntasSamadh dtdEgretta="92964732" pamirNasticSolea="restant79" cubitiRubbers="zunisPeitrel">
        <simmonsBrandle>meadowsCalloo</simmonsBrandle>
      </botchesAntasSamadh>
      <sploshOhm mornsBantam="ondyInknotTrisalt" miggles="birmaTommed">
        <swims>drifterPah</swims>
      </sploshOhm>
      <kiefBambooVitreum salaryBuiltUndose="ingrossHellhagVisaed" cothonTsetsesRiffian="cantoonApiatorDamsons" kelkEngageeHider="scult" obolaryGlazyGrieves="72">
        <drovePickel>subvein</drovePickel>
      </kiefBambooVitreum>
      <racer whileenQuakyHackery="amindedPotomac">
        <newcal>vulvalArum</newcal>
      </racer>
      <audace earlishMarli="syllabiMeddler" pipkin="budwood1754" commentTubicenAlfakis="autoIntelSarawan" thoral="skilfulManchuFaced6">
        <chomps>vulvaeAdamite</chomps>
      </audace>
      <bemireKlutzy wrens="3474635" helbehErgs="rebbred">
        <slummedRagusye>uvic</slummedRagusye>
      </bemireKlutzy>
      <centersEmpireWaxings rerisesInsanerSconces="annuaryDiskery" siletz="fuseesCornrowWerecat3782">
        <lomentaJudger>etypicTiara</lomentaJudger>
      </centersEmpireWaxings>
      <allenPanScion reeksSoaperNyssa="576756162" cambaloErineum="shraddBela" nabbing="333607548">
        <danioCourilHaet>ithielCarian4</danioCourilHaet>
      </allenPanScion>
      <alibies smurks="viennaSturbleGaleres2">
        <tessera>quottLacatanAirlock</tessera>
      </alibies>
      <mahdiTypicalLactam theolog="feodumEnweb">
        <subcastStgTushs>66102862</subcastStgTushs>
      </mahdiTypicalLactam>
      <constat>
        <crankyAlgeria>squushyDiazinsPicoid</crankyAlgeria>
      </constat>
      <tole utileSondeli="incaicLegrope" crevis="7659">
        <gaolerTepalMastaba>60592</gaolerTepalMastaba>
      </tole>
    </hognutsLonefulClivis>
    <emeus>
      <troffer>15249</troffer>
    </emeus>
    <caranx>
      <dildosReshape>digressFatcake</dildosReshape>
    </caranx>
  </sconceUptorn>
  <riskful sharny="arayne" dentalThymine="filched" />
  <reifsLibertyFagotte />
  <cowslip scullogPodsolsSegued="16164" />
  <reboxMezo beefing="43363" baresSinkers="aspishSkyfte" servosFloreta="shuntedNewel" />
  <togaeAlumelLowers blooped="peiseAlepot" />
  <wizensRepaves casuaryWhilendGaulter="nonic" forsar="freefdBedfootAstert" scarce="begulfAstride99">
    <loamsSwattleAuriga>
      <souterAnoliPatu>sharerGhosty</souterAnoliPatu>
      <ladenedLentEthiops triaxalAguamasMishave="60968199" leptonsGazania="peerdomIncog" moralesPreenEtchers="dowmentUnnegroEvened2472" mullahsUnsevenKusam="foveaeSenor">
        <berendMutatorAdultly>villusCost</berendMutatorAdultly>
      </ladenedLentEthiops>
      <tuglike beadilyWristerGolee="imprese" reagree="6311024">
        <oroides>chalahSwiperFisetin</oroides>
      </tuglike>
      <bevenom elaidin="479596013" branner="9645" autota="coveysCatodonAnatox">
        <exsec>deesAphidesNills</exsec>
      </bevenom>
      <codgerTeleman>
        <taplashRarety>eroticsBetasEntally</taplashRarety>
      </codgerTeleman>
      <aquage phenyBodied="8150">
        <shoranBogsTavert>927217</shoranBogsTavert>
      </aquage>
      <sornsSharifsEcurie dashnakBaniwaJulio="nogginsHegemonGranose">
        <fierilyDonnertPalaic>jailedUnboat</fierilyDonnertPalaic>
      </sornsSharifsEcurie>
    </loamsSwattleAuriga>
    <nummary>
      <vildly>440178068</vildly>
    </nummary>
    <insertBuna genipa="dipheadLeskea" armsizeNemean="sliping" wholism="776850">
      <fader>woofy</fader>
      <cerealsSawflomRaft gibbers="huerPlatted9911" otocystLocaAbvolt="decanBanc">
        <scrufSeveryCafeneh>brackyWasatchShaving</scrufSeveryCafeneh>
      </cerealsSawflomRaft>
      <satiric pigsCowkineRangier="spuriesSlainAskoi2679" reesFleered="whiffetJagirJog" triariiMusjidSheriff="davoch" baftDislimb="brid">
        <sizemanRemusMizpah>squeasyKlieg</sizemanRemusMizpah>
      </satiric>
      <bemete>
        <valvaRoughy>espavel</valvaRoughy>
      </bemete>
      <spisulaDumbyUmbre dailyPyrrolePalaeic="viridin" impanelFoyersFrache="ketene" dampers="sayneteKhedah">
        <reft>823838411</reft>
      </spisulaDumbyUmbre>
      <engluteImplingCamelus>
        <earleHistrioForefin>fluent</earleHistrioForefin>
      </engluteImplingCamelus>
      <mordant amiasDisglut="maxwellUvular81" malopeDessert="upbuyAmigaStyan" hayeDefetCharted="alt">
        <nymphs>gleanedGowdnie</nymphs>
      </mordant>
      <sippy jovialCharvet="emuleAryanCanters" excerptRosserDeceive="carnac">
        <chorousTricksRevered>placketGaufferLoganin</chorousTricksRevered>
      </sippy>
      <gobbleBallotWhipper mpangwePagurus="watchetIricizeNonsuch" shrewlyCholeraRashers="cotsetVesta" refuseKeenest="lapdogsTiouRackan">
        <unadd>grippesRuswut</unadd>
      </gobbleBallotWhipper>
      <tankle radish="shebangCebellVinata" spangSawing="jorums2951">
        <reclassTyphonsHooky>geast</reclassTyphonsHooky>
      </tankle>
      <brasenManeh branialCyanic="tidbits" innardsAllowerFaille="gitterShihVeduis" donetStovies="ekesDading">
        <abushBewield>cautelaLaurus14</abushBewield>
      </brasenManeh>
      <bicarbsVibePact bossa="reink" slateIncubi="icing" canellaHagbornTaipei="congoesSaqibDharana" trisulKuphar="flirty">
        <fideliaUnshown>gruisBumpsBrizz</fideliaUnshown>
      </bicarbsVibePact>
      <leavenHows vigias="lea" clupeaJinksTerrace="rosaker" aflatusGrossen="rollixInfancyRefrig">
        <heroics>pawl</heroics>
      </leavenHows>
      <amydon refinedSexipedJuts="korAirthsChandul" merlons="votaryEntreeAwaking">
        <pilotDreaded>permuteCremor</pilotDreaded>
      </amydon>
      <possumsUngild filicesKeepsPutois="beylikGalenas">
        <albinicNepa>moyenneCoiled</albinicNepa>
      </possumsUngild>
    </insertBuna>
    <chikeeBeany banquoPolkasDentary="9" manger="coptis" actress="genys" vapidPaty="hexacePrincoxBending" cynodon="tomjohn4" topazy="plowmanCumalKinbote">
      <murexanRugbyStrad>63066</murexanRugbyStrad>
    </chikeeBeany>
    <untyped hurrockEnlure="vealingPardineSight" maun="fetis" levulicCherem="graterSays" mesion="taunPargedUtah">
      <disour>6040888</disour>
    </untyped>
    <bemixedScarphsWhussle planity="31459" unioCornoPunjabi="numen" otalgy="podetia">
      <uppuffToral>dorbugShoonYaru</uppuffToral>
    </bemixedScarphsWhussle>
    <pahouin>
      <bejesus>parkingAirthedConus</bejesus>
      <ooliteRigol>
        <crosetFitters>cwo</crosetFitters>
      </ooliteRigol>
      <boneyKirksGangan bumbelo="51" caunchBrisksSculker="ocreate">
        <finisToltecCymry>airview</finisToltecCymry>
      </boneyKirksGangan>
      <rya jesseanGlaiketLisper="88" soppier="cfiStendHoppled">
        <sadnessKale>railing</sadnessKale>
      </rya>
      <moggyHiems hennaedBiens="slides" acoria="plexorsRagfish">
        <bajanPotdar>moronryOrphreyGigback376</bajanPotdar>
      </moggyHiems>
      <bhdBegulfFume tozerBloatedTibbie="rellyanPrigger" bowyers="carajasPennate" bawtiesAfearedEscheat="obolusMezzos">
        <dibasic>porusTaihoaHulled</dibasic>
      </bhdBegulfFume>
      <striga trucks="encist" snipers="boucan" jufferHockedAdrowse="badgersDunchEtta" cheatryAlachaWallaba="rottanClaireCensure">
        <mohelsCointer>freyaPhonghiSycite526</mohelsCointer>
      </striga>
      <galipotKneelsLegally>
        <blooie>55547462</blooie>
      </galipotKneelsLegally>
      <panelaUlamas subericRevsRanula="shorls40" gabbyTod="112159" hirundoFumarin="8" camacan="herded">
        <squalm>8499</squalm>
      </panelaUlamas>
      <mazut wroCistusDeunam="aculeiPacay" galgaTelexedCarvy="senexPeteman">
        <dirkingToltRatch>vainlyChaiPuzzles314</dirkingToltRatch>
      </mazut>
      <merkJouked>
        <crawGatemen>elicitsExecReseda8</crawGatemen>
      </merkJouked>
      <aymoroAslope sabraBuffo="mamies">
        <stetch>synodal</stetch>
      </aymoroAslope>
      <keepsMuskishMarram>
        <floruitMulishLuteic>myrosinHowlInanity366</floruitMulishLuteic>
      </keepsMuskishMarram>
      <cadetBuritiUkes>
        <extolDecoys>upstair</extolDecoys>
      </cadetBuritiUkes>
      <jorumsBrins roseousTige="27488" ravened="ambaMygalidHammer">
        <duredTasten>barit</duredTasten>
      </jorumsBrins>
      <tzarinaGowdsPlasmic tythe="skatolsMonitor" curitisOekist="centile" plunderDjin="33774425">
        <pultost>mildly</pultost>
      </tzarinaGowdsPlasmic>
      <propyne cosmosScreelJud="75" croreCringedJusto="dolce" remeneHaffOctrois="cropmanBilayer" fervor="urbic">
        <seric>meowedHelena</seric>
      </propyne>
      <braise>
        <okiaSloth>sakkaraMadmen</okiaSloth>
      </braise>
      <lacetTumli butle="odicCravers" skegs="fairsFurore" coeAllicit="93117" availsWaggish="myelins756">
        <morendoFunaria>flneuse5</morendoFunaria>
      </lacetTumli>
      <onion>
        <varify>poorgaGoyimGneiss268</varify>
      </onion>
    </pahouin>
    <corodyAnimine dabblerPapless="166929">
      <icemenBranchiWooer>alainSiccanTything</icemenBranchiWooer>
      <hereon pulasBlattid="52" spaded="ukase" solingTacheExotery="84" fadingsSunrise="4085365">
        <bankyFen>multaniUntucks</bankyFen>
      </hereon>
      <berun discantHornEtagere="overestCimbriWhisker">
        <meetenBiblistSchoche>woneDeformsAlexine</meetenBiblistSchoche>
      </berun>
      <demarkInquestDraine italic="112055565" crea="7652269">
        <muggs>hobbianThurmus</muggs>
      </demarkInquestDraine>
      <steppeReglues dindle="dowmentMentionCoyness" suu="upframeTibiadTremie" osteomaBodrageEntries="8097">
        <cowbindCappyWagaun>harlemMero569</cowbindCappyWagaun>
      </steppeReglues>
      <chaetaeLarvaVolupte soilierTampersUpsteam="usninic8" guleChias="1">
        <miscast>97487</miscast>
      </chaetaeLarvaVolupte>
      <corrodyApis calefCoaly="prevot" duskyStylus="hypnic">
        <duper>3</duper>
      </corrodyApis>
      <ballismMorphonSoccage slobDemibobUptruss="sapiaoArchaiUrine" echarRewaveBakie="wealfulPart7172" waygateExpo="409">
        <noebcdGerimShris>726762</noebcdGerimShris>
      </ballismMorphonSoccage>
      <fugatosThysen ironer="4" fiancee="shabSmug1647" hoptree="photonsOutactPigeon" nobGalipotArain="moyoThir">
        <usnicRutchGuggle>duckpinCutsetGrampus</usnicRutchGuggle>
      </fugatosThysen>
      <bardeMachosDerive ashling="quiina" enright="732065436">
        <flairsPapionMiked>grides</flairsPapionMiked>
      </bardeMachosDerive>
      <canadaSawahBiped fossageDents="abiesGnarred" fundsFlywortGeelbek="yank">
        <chowses>cutchaBenthosCucurb</chowses>
      </canadaSawahBiped>
      <editionHaulers osseletSnash="chanceyAnopla">
        <voluntyNuncleEmulsic>fistWroBiset</voluntyNuncleEmulsic>
      </editionHaulers>
      <volvasBraxiesTenore whackLiveyerLadened="spoons" cottae="ijmaaEastlinSpermic1808" refootFuhrers="gaperAuraminPodtia1" forebowGrfSeaport="kinesesConfrDolores">
        <baconAequian>75644959</baconAequian>
      </volvasBraxiesTenore>
      <queenly attempt="semisesDotherAlpheus18" recoolNoxIsn="malikiSacrums3" goannaEnthealFauvist="kyrieCampana297">
        <mudeeValise>1583511</mudeeValise>
      </queenly>
      <hexone>
        <outpart>lythrumGilledStomack</outpart>
      </hexone>
      <sales baisakhFileted="chokeyInliersLasting" venturiBegallsSalma="shorans" vocatSley="humbleWhitey">
        <cosmismIntill>latahImpingeSparker</cosmismIntill>
      </sales>
      <bonking trigaeSuralWhift="frawnHache" pentail="150517725" sewableEtuve="28">
        <wrought>threshForoldTrin</wrought>
      </bonking>
      <fliped annary="soritesBrothel" sendalKenloreSunroof="philolSimonyScabine" dumble="outsPhrasy" upbrowAerials="fronsMogsTup">
        <enslaveTula>turkishLarvate</enslaveTula>
      </fliped>
    </corodyAnimine>
    <carriesResoil unbedAncien="bongsWauk">
      <tch>anlageAmlacra</tch>
      <soleyneMuxUpprops>
        <uncast>gadgets</uncast>
      </soleyneMuxUpprops>
      <bastsDonnertVixens oxime="parodoi">
        <visored>kahaIscoseWitneys</visored>
      </bastsDonnertVixens>
      <rantismVisonKegs huffingSneezedEnsuer="breastsFlavo8" gorcrowNeffyMaror="quetschGirdlerCarices" ordosBuduma="kanapNicks">
        <hauRipens>wrybillYawpersUplane59</hauRipens>
      </rantismVisonKegs>
      <untineUncos suborns="condueAbraum7" velella="john" marrer="wandleBeaufet" organdyMixableTackies="glirineModge">
        <pinulusSalletsBoatel>oddballCoalHulchy</pinulusSalletsBoatel>
      </untineUncos>
      <schemed molarsLupulus="dimwitSomnifyScars" rerise="ayinsCloopSpumy" bezetta="723">
        <amirsWacFolial>966967591</amirsWacFolial>
      </schemed>
      <capito slagsTosherEgence="ronnelsSchepen" amapaNagger="crubeenMamotyPhulwa" seaman="832919863" pushilyDarzeeTibial="birrusPundits">
        <hutchet>buckassEndevil</hutchet>
      </capito>
      <clariceLimuli>
        <lapsersYirkDrecks>colterDruseSedum62</lapsersYirkDrecks>
      </clariceLimuli>
      <abaisseTsonecaTrid falcialWagnerBulking="reiverIsodose" kenyanAetitesElaphe="soumakSpelder">
        <owns>addibleNovilloSceptry</owns>
      </abaisseTsonecaTrid>
      <odorousMoses unistLamaistDene="molalPua" desexJemidarHoopers="dodecylLayboyTimbrel2018">
        <oyeletPotmanPithos>6475</oyeletPotmanPithos>
      </odorousMoses>
      <churripFleshly lemur="seggioAbusionHunks7">
        <gannetLeads>agapeicOvicideSweepup</gannetLeads>
      </churripFleshly>
      <scant cressyNegrosStalace="poniesHogen">
        <greffeFreezes>mitrateHearsedPedagog</greffeFreezes>
      </scant>
      <noggin wouldn="haply12" rhabdomWonnerLipidic="lirasMinuendInorg" unshornHajjes="392664318" sneezy="lazingSteerer">
        <baginda>67662</baginda>
      </noggin>
      <kenyaErsh>
        <medle>weighin4</medle>
      </kenyaErsh>
      <cozesShekel phoenixSagiestIncivic="urfWrinklyTerpene" amendEspyTeacups="geminis" scranny="earnfulOrganyQuicked">
        <queered>cochero</queered>
      </cozesShekel>
      <peyotl mauriCharySecos="shrikesNotes" guaiolCowboysBrings="gitksanZaribasCourt">
        <whetsUnsnug>invoker</whetsUnsnug>
      </peyotl>
      <sporDioptry cepousWinevat="88268" lyssasSalade="typify" ethelWinking="waglingCoxiestAnti" mastyArrackJanner="masaisKoshaCredit">
        <yearned>brassia</yearned>
      </sporDioptry>
      <cinuranCilery palta="precavaVeined" theresa="iulidanMudded" jambosElecticAldea="spaddleDrutherKvases8083" maholi="601099">
        <garetta>9</garetta>
      </cinuranCilery>
      <vinta monomerMimbar="oxhealEchar" dunLixiveDazzles="zanoniaStogies54" geolSaveloyOmber="swiwetChappieGabert38" ablestHarshDecoyer="maidlyDosa7034">
        <unwary>pyla6610</unwary>
      </vinta>
    </carriesResoil>
    <pruigoDonnotGuarana rume="plasmonHomesMetonic" luluaiDazzledClothes="620349" err="phalanxMopederSquishy" bilgierDicktyPropped="ciseauxScalped5605">
      <ulusInhere>algeriaPuttoAouads</ulusInhere>
      <beblotAisling curnJibbonsFarrage="ziggedCalcarsCashbox">
        <revivesAdeptsCardia>wolffiaJakos</revivesAdeptsCardia>
      </beblotAisling>
      <mochica skulpTestao="enhanceUnionedNeiper" donaxExurbiaLoukoum="802" bigwigsXylemsItmo="hedgyProteusRelide" upplow="thimberPeggerSiricid">
        <whorleHoaxers>woofersSuccahPuget</whorleHoaxers>
      </mochica>
      <queries cainiteReferedAlkines="ecboleBangalaMeninx">
        <gothicIsotria>grindle</gothicIsotria>
      </queries>
      <tinnenWinnel>
        <rowerPeriwigQanat>agamidAldolsBingy</rowerPeriwigQanat>
      </tinnenWinnel>
      <zibethsCollaudEssie sneezesDronel="relais" coelomTracesGaits="novemHichu99" sirup="uptossSadly" asaphusBumbee="guayule">
        <whiles>spiersStony</whiles>
      </zibethsCollaudEssie>
      <exodistWelsom yuitChevreToilers="forebarChenier" dictum="koniga">
        <dorser>niobousLoselPiton</dorser>
      </exodistWelsom>
    </pruigoDonnotGuarana>
    <grewtWarve>
      <dowdilyGooney>maricaPucesKoali</dowdilyGooney>
      <beerierBindweb cele="flexionCampers">
        <lyresSpinnyPoss>crotchAvouter</lyresSpinnyPoss>
      </beerierBindweb>
      <nuttedSpruik stiffCaseate="disaAbsohmRebuts17" brendaGalv="stolonPandas" osmeticUnrainyRacker="818">
        <adurent>amicusMomzerJourno</adurent>
      </nuttedSpruik>
      <acidySocman callidAreoles="dornockDjellab" thyroidMisplayFoxfish="skaddle" heddlePonosKazi="repollWynris" halal="mopishSludSunland">
        <cuminylMaungy>magpies386</cuminylMaungy>
      </acidySocman>
      <bright foobarGradely="cosenBalanceRetrace451">
        <nectarsThick>reffedScrougeFulgour</nectarsThick>
      </bright>
      <goodbye flemingRetzian="wabster" seek="1">
        <hotelOrgiasmOrtet>phatAntum</hotelOrgiasmOrtet>
      </goodbye>
      <bedtime sprainsWhamsConduce="byworksCoonierSpored" wilhelmRoosingWro="klingLappEunomia" saccoonBewreckLupoid="bermOrigan">
        <tamalIctonyx>maimingIoniumVulg</tamalIctonyx>
      </bedtime>
      <starArchilsMedici dippy="mucificTiedogHotmelt">
        <spyholePeewees>womansEvulgeSegged5</spyholePeewees>
      </starArchilsMedici>
      <deitiesCierzosPadouks clamant="spilledLiveryNavete" bombax="80351" rhombiLintyKapa="6742">
        <formosePalank>louversRammageSeraw</formosePalank>
      </deitiesCierzosPadouks>
      <karatesForegutPailow>
        <jophiel>gluemanMollieEgers</jophiel>
      </karatesForegutPailow>
      <hia corbansSingfo="uttered64" luntAnnexZealand="demandsEntriaTerefah">
        <capingGanta>arearAculeaAccept</capingGanta>
      </hia>
      <vimfulSolipedSlops caveman="moonlitConus801" berchtaPellerSwiney="cleaverSwargaDelta">
        <mixy>27814</mixy>
      </vimfulSolipedSlops>
      <opaline rebated="octdraMousee">
        <sunbackCessionMahonia>scapula</sunbackCessionMahonia>
      </opaline>
      <ephydra fusilsTuracos="875670" towkayYowesThough="tawtieSheolicVentrad" cirrus="sirreeInlaces" howkitSpooferWoggle="pietImpaste">
        <minikin>escrodJawn</minikin>
      </ephydra>
      <restiveLoreleiNucleic piffFidges="cohortsKath" vastlyRedefer="tossing" wairedBirleAnsi="beautyLevanto" jervinGaet="3830969">
        <osiris>kemptsPeer</osiris>
      </restiveLoreleiNucleic>
      <tarpsCahoots assuadeTipi="bretons12">
        <pitmans>makopa</pitmans>
      </tarpsCahoots>
      <rayah troops="mantledKhakis">
        <cynipsEndarchGiust>oregano33</cynipsEndarchGiust>
      </rayah>
    </grewtWarve>
    <hiemal>
      <rotgeFab>afifi</rotgeFab>
      <croiseeCroutonMiasmal pope="phrasalCowbell">
        <byeman>requestKnot</byeman>
      </croiseeCroutonMiasmal>
      <doughCuddly truller="mirkilyManganaEarle" mellayDallyJasies="myelon" bimbil="meijiRawnessDhurna" puddySaimiri="octSangeiAxised">
        <gitoninStrouds>ratingsHealder5479</gitoninStrouds>
      </doughCuddly>
      <tyranniMedicoEsopgi ritards="tresPreveCowmen">
        <rommanyScorchs>carvedBeteExpose</rommanyScorchs>
      </tyranniMedicoEsopgi>
      <damnedBoers flitsCursorsDevolve="293512" chontaAccel="tuckOnline" weeze="2349646">
        <incasesScurvy>selvaGalways</incasesScurvy>
      </damnedBoers>
      <puniest gigBike="imbuesEvinced" eights="tauliTumli">
        <nappedReplod>knysnaTriones</nappedReplod>
      </puniest>
      <planxtyNonbook squatsAlgol="fabellaWabster">
        <stoffCooersForbled>saltenMaydaysTruced43</stoffCooersForbled>
      </planxtyNonbook>
      <naebodyCouch maidism="ranterKite6" sideboxShutoutGimblet="62308" seringaSpungeFremdly="pavinsRequiz3985">
        <fthSabiaSmethe>5488</fthSabiaSmethe>
      </naebodyCouch>
      <sparklyTarresFugling octile="sepsine9" aureateSippersSperate="nosismRentage">
        <daimons>dorpsBisects</daimons>
      </sparklyTarresFugling>
      <diehard leproseRentes="314189" softaShuhaliUnwinly="rubbledBreederAdatis2062" volensShawlStoled="hordeumNoosingMerit" veau="klutzyRinge">
        <hoggin>craneLampas</hoggin>
      </diehard>
    </hiemal>
    <exactasMotivoCulmen anabo="paulin" halibiuShaves="hade" slakes="56">
      <daalder>968</daalder>
    </exactasMotivoCulmen>
    <erlicheWaking>
      <lufberyInfarceWinced>dufter</lufberyInfarceWinced>
      <genepi ibidemResays="shallowPeek8862" barque="diaristFolksayOgrisms2" behelp="courtsStib" grayoutSherpaSubvein="chookStaple">
        <upbuoyPepsisWhilly>slender</upbuoyPepsisWhilly>
      </genepi>
      <dumple repelsSynuraSling="acerra">
        <rentee>ullaged</rentee>
      </dumple>
      <yaksTrevorBeinked vagrantIononesHophead="peptideCrojack" nothing="bellumDiamond4824" stion="sulfoneProfile">
        <tonitePrinos>103282</tonitePrinos>
      </yaksTrevorBeinked>
      <emeritaTendedSnored chenarClokies="wotMascot" reside="maftirsSyllabiDux" appt="bunger">
        <stodgesUllingBriquet>noyantSalchowCoscet</stodgesUllingBriquet>
      </emeritaTendedSnored>
      <judasCoenobe>
        <crenicToadiesLowball>unadaptSaetaTorsks</crenicToadiesLowball>
      </judasCoenobe>
    </erlicheWaking>
    <cupheadScient>
      <gurdyCorrel>4147018</gurdyCorrel>
      <glancedDeporte mulder="fliffusNoted" veranda="goralogPourer" waur="deepWinesapDenudes" guggle="dongsRodge">
        <caseumIwoundSturtan>greeve</caseumIwoundSturtan>
      </glancedDeporte>
      <enseat ziaraBiriani="dynamoAlytes" moco="linnPreludePacable" flotasRemodel="sealike" baiera="belcher5">
        <deairsOlchiCanful>lidoCloamen</deairsOlchiCanful>
      </enseat>
      <rombos cavdiaKamas="pellateUnfold" uprend="nanes" lomataTucking="kernishBotone">
        <judos>furivae</judos>
      </rombos>
      <solodiIgdyrTripara maghrib="demosPukuKnolly2" benesPyropes="rearUnstoicKamichi5" arointsCatechu="47747" acocotl="bereaveAitesis50">
        <knacksDesmineBugara>aldehol</knacksDesmineBugara>
      </solodiIgdyrTripara>
      <marsesCoggie uferClubmenTintype="refrozeDeclaim" algedoBoatlip="bummalo" doozy="confixDulcify">
        <tutsterSprainDouses>667897</tutsterSprainDouses>
      </marsesCoggie>
      <cessesRechuckCannot>
        <copihue>panicleWalachProbant96</copihue>
      </cessesRechuckCannot>
      <assisaSeniti quiltAmt="quipperResewUsenet">
        <freezesGentleCeded>ergotin</freezesGentleCeded>
      </assisaSeniti>
      <minhahHaydn sogaAloudTurdine="oxyacid" dallackAeriesDousing="unhumidPuisnyPeonies215">
        <dimersTordionDistain>lampBarling</dimersTordionDistain>
      </minhahHaydn>
      <amalakaPateeBluings shiresActious="43" annistMumboFlusker="1" tenezFanum="lacey">
        <luffa>beadyForge4</luffa>
      </amalakaPateeBluings>
      <tumpFooty prioral="laceSplurgeUnfolds31" kreilKralCzardas="60468075" sadhuBachReswill="133047">
        <tawdry>spintryMirledBatan9237</tawdry>
      </tumpFooty>
    </cupheadScient>
    <favoursNignyeFlours>
      <dewerPlayactAthrong>bignessReck</dewerPlayactAthrong>
      <padder bagsful="mhorrBushily5" bahama="mezo">
        <aguamasRaretyAlmondy>searRescorePeacoat</aguamasRaretyAlmondy>
      </padder>
      <eluxateDisbody miscuedThierrySatsuma="cementaJunkers" taihoaRalf="belchMyomere" camping="tidbits6">
        <carersWilter>fgnSchavFamelic</carersWilter>
      </eluxateDisbody>
      <novatorOutgang anticktUpdriesWhealed="owtPointelBeamy">
        <drabby>narcoseCartonSigill</drabby>
      </novatorOutgang>
      <peekFerrule>
        <metro>tannic</metro>
      </peekFerrule>
      <fetingChider hilch="butcha" gadgetMechCobbs="8064" heavily="booms" uncured="sphene">
        <topsailMazamaSmew>4977944</topsailMazamaSmew>
      </fetingChider>
      <sniffySquadsBircher firths="broncho">
        <poshly>dictaen</poshly>
      </sniffySquadsBircher>
      <realesLatria sewing="93" nitta="repugnLaxestWennish" exedra="darefulConfedAenach">
        <lehayWintle>jacketyArridge</lehayWintle>
      </realesLatria>
      <ment stopwayAtomicCivvy="eider" darrFeudum="coercesDartre" marsha="taringPlaysHolily" mestizoBasing="339">
        <frakenOversew>arrows</frakenOversew>
      </ment>
      <breachDemastsAtoning eclegmJoyceanFlukily="tubbist">
        <foliesAutoedItoism>marmite</foliesAutoedItoism>
      </breachDemastsAtoning>
      <ausonesSober sauf="violFungify2154" legbarNeckfulCrowd="21" stonyFulvene="tacksUsun" backlog="gliaEvites">
        <distent>mold8</distent>
      </ausonesSober>
      <zyzzyvaAmabelUji apiarySlabber="pilosisCosters" keckleClunchMsink="thiamid" jicaqueWatcherPeltae="smoosAbitibi">
        <tocherEan>2035</tocherEan>
      </zyzzyvaAmabelUji>
      <quichesOxidate hazards="coonierBalaenaFagine" ethanesBaggageCrit="canersNabk" conopid="orangs" stopes="kittiesHostryHerling">
        <knelledUpclimb>maltheUpstepAscared</knelledUpclimb>
      </quichesOxidate>
      <scapple hysons="gooierBerime">
        <gerbil>tapoaPuling</gerbil>
      </scapple>
      <lampadEnflameRedtops besoilEnzymicTouting="trotsBeelbowVices" falsies="geegawsRiggaldWebers" jundyDenverArabana="gutweed" finableOutspy="oysterChun6">
        <gourdedWapitiTanica>toruliGite</gourdedWapitiTanica>
      </lampadEnflameRedtops>
      <resWeeps acclaimEktene="6321" koranicKebbiesBrawn="tigraiDauniiEnigma">
        <jewelsKlopsPinons>groomCaricesBooboos</jewelsKlopsPinons>
      </resWeeps>
      <toxcatlLuetics mesonyx="misbornLaputa" unsad="dhikrsSur" maranaoScomm="mamaOkapia88">
        <exolveTallith>rekneadCould</exolveTallith>
      </toxcatlLuetics>
      <internsPedlarySunnas>
        <stingoTarsToddle>alepoleStibiumJinjili8</stingoTarsToddle>
      </internsPedlarySunnas>
      <trusserSolaces imcnt="azidePhyticExpirer9" ploima="potboilLedaHonors" quokkas="shamingRyotwar" hostie="6871499">
        <entoneUngoredSheolic>envois5</entoneUngoredSheolic>
      </trusserSolaces>
      <semidry sauty="aculeaPileupsRhoeo" crawlerTectumDieter="qindars" enabledApioid="9693">
        <sexism>sieve3</sexism>
      </semidry>
    </favoursNignyeFlours>
    <adonaiHouston>
      <casitasGeminid>alumic</casitasGeminid>
    </adonaiHouston>
    <tahsils paraspyOvulite="halosKansa" bolduRegraftIdyllia="eponymsOuvreOxfords" abasic="appel34" portioNoecho="piglike414" reune="eudaNation">
      <shiveryPaves>178776041</shiveryPaves>
    </tahsils>
    <ygerneFaking>
      <reatusNocent>742990276</reatusNocent>
    </ygerneFaking>
  </wizensRepaves>
  <rushedWatapsYardful bornane="acetumSnapperThyrses" evodiaGambir="4" cursus="failingWhimsic" myringaLibget="paellasCindie">
    <grainerGutty>
      <cawOlders>metrize</cawOlders>
    </grainerGutty>
    <jeziahViggle machair="biomass" bumf="779229">
      <corp>distaleDrekAcetyl</corp>
      <hiation chevySewageGpm="dasypus40" patmos="upflungSpudEducive9345">
        <defoilArenoid>yallaer</defoilArenoid>
      </hiation>
      <clompCorgiFloreat ourie="detergeLoveredShellak55" alloquyPartakeUndraw="ramassGeat156">
        <inbring>milkAvionic</inbring>
      </clompCorgiFloreat>
      <diptychFainestUnnest>
        <octoadCumuliRhymy>5</octoadCumuliRhymy>
      </diptychFainestUnnest>
      <donatedMononymElemis sabicuWickiup="1915123">
        <swagersSeel>76647</swagersSeel>
      </donatedMononymElemis>
      <panpipe colleyAlbinesTosses="apogamyTheriacAdela" yanan="fossesCalvin">
        <ostmen>60</ostmen>
      </panpipe>
      <ovisacsEuconeLumber gangePlagues="plotchKetuSpintry79" avocadoItacism="cop" suscite="manned">
        <abaftGoofah>galeaePoofOsmous</abaftGoofah>
      </ovisacsEuconeLumber>
      <jigsawnKiley gonged="sways">
        <dazingCinders>toucan</dazingCinders>
      </jigsawnKiley>
      <husheenArricciAthanor obeli="13380447" brakier="gaw">
        <uredineTamedRaphael>778097768</uredineTamedRaphael>
      </husheenArricciAthanor>
      <abohmsBrinnyLethy jettonSoucarsChain="cermet" feuingDolcanCanadol="6">
        <velcro>nignyeCustos</velcro>
      </abohmsBrinnyLethy>
      <unwilyChemic tennis="4422" daubsGripheCorsy="sabalo" unhappy="diazole" turshaFopshipOllas="kelpie">
        <rhombiKantismGunda>1</rhombiKantismGunda>
      </unwilyChemic>
      <scionRupees blatsTiltsDarkeys="24537" enzymesTwangy="colport" cerumenHandily="wally" lafite="lumpOvatelyTinters">
        <coitalCrips>yuapinAnti</coitalCrips>
      </scionRupees>
      <silicaGirkin daoShohjis="shaktis716">
        <nifties>wonned</nifties>
      </silicaGirkin>
      <milkierHales carinalCallidWitworm="bebloomMuzhik" navisMeanest="paiuteOutbend">
        <jokierPedlers>decorsSwattleGravy</jokierPedlers>
      </milkierHales>
      <biggin punka="36" irishMaquisCavus="atribleSandra7" patefy="734" burbled="hommackScuffleLinon">
        <wiggerDrow>dinning29</wiggerDrow>
      </biggin>
      <tactionDonec gallet="3">
        <squshyMontu>animSpeakVerist</squshyMontu>
      </tactionDonec>
      <orachesSlicing ped="outgrinWincedNiggly">
        <spenseDanker>acanthiDesmanFatigue4</spenseDanker>
      </orachesSlicing>
    </jeziahViggle>
    <phoning dumbyGhostlyFlocks="crookenTinsyMico" burlier="1095" jazeysMuysca="elephas" andPaussid="enserfsChagulLethes" mawmish="cuppinLizardShaly9" chalkySquawkyTriglid="kwachaCarbylSeecawk" lehay="nibblesEndwaysBronk">
      <reableNonman>nudeVicarii</reableNonman>
    </phoning>
    <marehanIgdyr huse="squeakyFoo">
      <tiffanyFamilicDemon>ceti</tiffanyFamilicDemon>
    </marehanIgdyr>
    <projetDeplane coropo="89" loculeTanger="agraniaTroche" hoodfulLoggatsUnclean="stanchTunicBambuk" adapidMoating="thewDevide" niguaBlousyRippled="nudie28">
      <piuriRemass>pimola</piuriRemass>
    </projetDeplane>
    <sawflomBitteOxcarts fenagleMauvesCopaene="663903" upbuoyFlytrap="yesty" utiliseDitingTragia="dillierCulpon">
      <anils>trpsetClings67</anils>
    </sawflomBitteOxcarts>
    <fitsAllylsUrtical>
      <newari>dismanAlazorConor</newari>
      <didicoy comicCrusherCharbon="trustedFuranPreset" dauphinMerodusShammos="cartingLouisVitita" sedaterAgraffe="padriJailingSpanule4563">
        <balneumNaggedNibby>pishing5352</balneumNaggedNibby>
      </didicoy>
      <discostEngaudZoonomy indults="aworkAucht" flamerValuta="2699" wailfulTourbeTrophy="marilynYielder23">
        <devcharAlcineMutagen>768</devcharAlcineMutagen>
      </discostEngaudZoonomy>
      <bumbler foxhole="mignonBakli948">
        <cleanup>madrid</cleanup>
      </bumbler>
      <daffyHaulse>
        <scouth>ramilie</scouth>
      </daffyHaulse>
      <settee adazzleJizyah="cushingParbake" toolmanEncoop="squabby">
        <linalolHafTrizoic>toadiedBizonalElevens</linalolHafTrizoic>
      </settee>
      <ofoArborea>
        <availsLawishOctavic>unshinyRilledDisease</availsLawishOctavic>
      </ofoArborea>
      <smockedCleadedHeros simialEmodinAegean="ganoidsLamingEyrant">
        <replaysShortieSubteen>59101496</replaysShortieSubteen>
      </smockedCleadedHeros>
      <safaviAurang judasesRingeye="6359997" vidonia="ribberWapiti" norkyn="liaises">
        <modest>9</modest>
      </safaviAurang>
    </fitsAllylsUrtical>
    <buddingShandry>
      <canosOxskinSharki>durbar5180</canosOxskinSharki>
      <sulfidsRaggingFlings cliquyDouser="295" woollyLurdane="assoilsDebat" tewtaw="feveryWeanoc" potboysAbsit="lugworm">
        <subericUrchinTsures>deciare</subericUrchinTsures>
      </sulfidsRaggingFlings>
      <bodying>
        <sweltyCagn>sapperPeavieBaskets</sweltyCagn>
      </bodying>
      <bloater affraysVersers="cuspateEmitted" nonfarm="19575892" folioBellic="congeryHirst5443" karnsYules="secutor3528">
        <seaportTraditeBrian>wishmayTualati8360</seaportTraditeBrian>
      </bloater>
      <hasheryAbroadRee>
        <moonierWeeble>skimeYeuked22</moonierWeeble>
      </hasheryAbroadRee>
    </buddingShandry>
    <muongGutterKlaxons>
      <olease>dragonStarerGumtree</olease>
    </muongGutterKlaxons>
    <kiowanShewersLigyda sluicerRhaphes="377" cotters="magog" rastik="jigsaws" chasersHolloos="cumins847">
      <papuanAyenPaul>riboses</papuanAyenPaul>
      <wheezle>
        <sterned>invoyDadoedTomtits690</sterned>
      </wheezle>
      <tuneupJudicaDrugged postieResteepThreave="curringPetraryHesper">
        <sivaistKerbaya>59185331</sivaistKerbaya>
      </tuneupJudicaDrugged>
      <knobbyHomishCappie>
        <apardonAgenesRotan>unusualAngsts</apardonAgenesRotan>
      </knobbyHomishCappie>
      <parquetSuttaFallals birddom="smells" sulfineSteelsOsiery="biviumScotomy">
        <chevres>outblot83</chevres>
      </parquetSuttaFallals>
      <amadouUnsheerDowdily>
        <orchatGiggit>santos</orchatGiggit>
      </amadouUnsheerDowdily>
      <katcina flaunt="kanasBowshot3988" pectize="bebumpSuspect" reedits="94093" splatBututs="911">
        <bertat>amanous</bertat>
      </katcina>
      <cleekyThringAkeake fetchedPediad="tourneSpoked">
        <blackedRemixed>countBulgarEmbain</blackedRemixed>
      </cleekyThringAkeake>
      <murlackPortly>
        <wuzu>precant</wuzu>
      </murlackPortly>
      <iwurcheOughtsDankali grocerEndeCongeed="casaque">
        <outdoLulus>fantodJilterLadik</outdoLulus>
      </iwurcheOughtsDankali>
      <flypastNycteaExciter move="bocasin" smeek="reredosSuiters56" veinery="8540">
        <dialsFullery>taxablyCoombe4714</dialsFullery>
      </flypastNycteaExciter>
      <alecVincaWeeze>
        <scapula>inshoeJustle158</scapula>
      </alecVincaWeeze>
      <saveloy teilRenetTaryba="sirkeer" slew="lumbarsMichielStat">
        <selsDairt>9185</selsDairt>
      </saveloy>
      <fiasco>
        <cristi>impies</cristi>
      </fiasco>
      <decus aregMoodilyPeroxyl="boarish">
        <vibioid>teabowl</vibioid>
      </decus>
      <clavesForfarRees philyra="camataBdellid" mimeosCholee="74804">
        <argling>embanksPoles3</argling>
      </clavesForfarRees>
      <fistedBlasiaMane opticsSettimo="iviedScoterStirrer" maidenMucket="novenaePuistie625" cueistMyrrholFortier="issuers3542">
        <yulanGigabitBursula>ziegerTeemfulUnclify</yulanGigabitBursula>
      </fistedBlasiaMane>
      <emmenic babuismBanjukeSpuke="prissMaoDifda" toyfulOlla="152329">
        <icelandThrimsa>482616337</icelandThrimsa>
      </emmenic>
      <parded gienahDinic="tigelle" yangsFistsBrosy="askesisMeril" elocutePearsEvadne="soyledTriodiaGrigs">
        <acocotl>minkopiEmprize2</acocotl>
      </parded>
    </kiowanShewersLigyda>
    <zoonalNonbase>
      <earbashEnvigorJacobin>kirkOwhereTipree</earbashEnvigorJacobin>
    </zoonalNonbase>
    <karenEntierSublid banagosElve="honiedAiledLeggier" nidifyBraws="chol">
      <jelibPalmula>untruth</jelibPalmula>
    </karenEntierSublid>
    <fleetsToea weald="betoya" dowmentEnlightIneunt="533897048" whiss="upwoundStade" thoriumCoinerDockets="plattyDubbingFuthorc" ambo="32129" bontokAcesOud="4641" jujus="16764">
      <linkmanGrandam>1</linkmanGrandam>
    </fleetsToea>
    <tubfuls opal="3211" pugmillTectalTetch="mutant" auxinicMenadic="xyridBemaim" remorse="slurpsBywordIridite" insipidBachKickee="jelled" girning="palaverAlisp" culpa="carlinoTimRightle">
      <genomeSadhaka>6944</genomeSadhaka>
    </tubfuls>
    <nuggar boite="3937431" chawerUnhealBummed="unaxled" carpiumFlexureTimbals="comptlyDifNing2" uraris="gooGravely">
      <zygaUncus>99450677</zygaUncus>
      <hyllusGalapeeTarpans eatenCyclasForwean="cocashDazed" stogaFowent="murlinSovrans">
        <dyn>medusalSchmoSinkbox</dyn>
      </hyllusGalapeeTarpans>
      <libbraDullardShik hoodlumRipier="moireIlamaQuader" arbelaAutere="26911">
        <warditeBrood>tonguerAzurean</warditeBrood>
      </libbraDullardShik>
      <buboes curtaysTempo="marosGlenoidBides" scionMoves="contexTaxesEnwrite" cotteKirghiz="piscinaSpann85" embryolGestor="lagnaSebkhaCauline613">
        <wrinklyDjin>limbsDefOrville</wrinklyDjin>
      </buboes>
      <culgeeBobfly stilbUruguay="trunZoboBradded53" decarch="halaka" gravat="agasDelveGreta" yepMusselsMohr="arisingOptic6">
        <vizierOecist>broomyBusket</vizierOecist>
      </culgeeBobfly>
      <skiviesMormyrClapped streamsCourts="reply">
        <injurerUplit>jocumSubsectScamps</injurerUplit>
      </skiviesMormyrClapped>
      <blawed boga="kafirsToatoa" tuluBahaistJarbird="3155853" rees="fondon" posherChiurm="pingerIncense70">
        <bogumMerism>whereer</bogumMerism>
      </blawed>
      <upgrownPookooRiginal djinnPaguma="graemeMesely" iracundDottlerAriidae="aterianMuggery" actinic="bosonicUneager496">
        <genealHagmena>shapoo</genealHagmena>
      </upgrownPookooRiginal>
      <encomy belieLuxuryWaffles="soffitsDyarchyFormyl" queersEmbruedCall="drowsy" karl="59692351">
        <buckedHemmelMoondog>4027</buckedHemmelMoondog>
      </encomy>
    </nuggar>
    <mayerNapa etc="19988" kebars="sippioYelpRepped" wrigCrepineUnbind="1" ilex="sliddry">
      <gretHulster>24124</gretHulster>
    </mayerNapa>
    <fordaysGladius>
      <bangedFlask>nonwarPerlidRfs</bangedFlask>
    </fordaysGladius>
    <loggat hapiPreplan="keck8" swankedEphas="67593" anopia="martynCrockerSengi6455" hiaKorakan="bodied">
      <victualHwyTartlet>ribletVorago7</victualHwyTartlet>
      <coplotsDouckerTwining>
        <vedette>moronicCest58</vedette>
      </coplotsDouckerTwining>
      <greyed tecumScorch="ephelisCullen" agamianWrokenMidst="furless" judases="orating533">
        <umbrelBonos>hastlerTectureRanny</umbrelBonos>
      </greyed>
      <milkmenGoolah waggingAuntish="inglutCreamsUnkind" spickUnlades="9428406">
        <funkersCrcao>imoniumSlitterTouzles</funkersCrcao>
      </milkmenGoolah>
      <trim cisium="serpensExclaveRiflery" unbold="nangaTernateLukely">
        <savitarOutplayKarch>armsizeDyeingEmf</savitarOutplayKarch>
      </trim>
      <gothish jagir="7398711" tiledWhortsAffable="krocket" cowalPortway="buskin" kakar="stionLabia">
        <samish>93061</samish>
      </gothish>
      <jowlishInputsRuntee tritPansyArchai="944" spinachAmoebidAdduced="stoolie" verek="296535921" lichts="unwiseVisualSesame">
        <guadua>62</guadua>
      </jowlishInputsRuntee>
      <infeoffMoselBridler madeiraCoalyEppie="767" azotesKindjal="whitinOunceStashes" bestuck="7">
        <simperOblataSourd>piwutSleepryTappa</simperOblataSourd>
      </infeoffMoselBridler>
      <hypnoidPaized>
        <wuzzy>divia</wuzzy>
      </hypnoidPaized>
      <nicolas susceptLwopKozuka="humoredRecipTalaje">
        <goatlyTenchesDrums>norite</goatlyTenchesDrums>
      </nicolas>
      <akeLichtlyFluemen pepsisSlagDumaist="aristol" fulvidTaws="frimCunitSory" culotAdipoid="enweb" aerosolGalleraQuippus="mtierLaydownLogily">
        <gyronsUnvoid>shreeDybbuk12</gyronsUnvoid>
      </akeLichtlyFluemen>
      <nectary frenchy="misallyTamilicCattier" luddite="bickern" trawleyHackmen="avarishChitted" samvat="6528">
        <clarty>chippyGyvesWaiwode</clarty>
      </nectary>
      <orihonTruckieAbbott decourtNewtBdls="baggit" cineolsCurfs="sibilus">
        <hyp>5</hyp>
      </orihonTruckieAbbott>
      <solingSquelch scritchModena="katipoBalkilyExtatic" carstenLochusHoubara="zoonaOpined">
        <nags>compassFerv</nags>
      </solingSquelch>
      <caiteMaulvi ketoseKalSesamum="veluresRues8" benimSomal="diebVinalsHantles" unai="greceSubsistProsing" canamoKadis="locoism">
        <embolusTiling>latchedAscaredCode</embolusTiling>
      </caiteMaulvi>
      <doyley tanbarkNotusBogbean="koodooConjurySidemen" nudnikOffend="devonsSiresStigmal">
        <felsiteUpsent>oasesAbaised82</felsiteUpsent>
      </doyley>
      <contoStoping sith="genual">
        <cutcher>kelchyn</cutcher>
      </contoStoping>
      <fuzzle action="peakingNunnery" angelesMarishy="rosatedNecia" uppowocBaggily="4">
        <quillon>2</quillon>
      </fuzzle>
    </loggat>
    <pennisBesoilPook>
      <abattueBien>forest</abattueBien>
      <canuck lanelyTiffs="39951" tighter="reekRokeyReclose349" switchTisarEmbryo="eucaineCodo">
        <picoNonport>chesilSlidder</picoNonport>
      </canuck>
      <sickerFrisks binodalJerrid="616082173">
        <tabus>furredLicenseDrawly</tabus>
      </sickerFrisks>
      <coseyVanned terreneHarre="tannideEcesicArdoise7176">
        <linkage>eructedCavity2</linkage>
      </coseyVanned>
      <repone pretrySachetsCraal="redact">
        <pikyBrutaMelamin>aquateRonionSkibobs</pikyBrutaMelamin>
      </repone>
      <arbutinCavatedRucking liwanMouldy="4" imponesSleighsGrozet="scolb" howadji="546700337" reaver="hodden">
        <guiac>vandasAbolete</guiac>
      </arbutinCavatedRucking>
      <natallyMuriel awristContra="59514673" automa="readierStoutlyWhoopla">
        <cixiidPortailBodikin>cowweed</cixiidPortailBodikin>
      </natallyMuriel>
      <otaries eltrot="602757" linagesFurlTomish="ronyonsSpangle" airthedToughtLemmus="tortileTussis217">
        <giveyHubshi>grubbed561</giveyHubshi>
      </otaries>
      <bamoth caranda="2978" misbode="721028" pargos="fonoJulep">
        <liernes>kissarBeguard</liernes>
      </bamoth>
      <disuseJagraFoziest acquietElshin="39473">
        <mondaysBoyhood>gableNochtAxogamy</mondaysBoyhood>
      </disuseJagraFoziest>
    </pennisBesoilPook>
    <piaroaCis>
      <triblet>sintoAgoneNapooh</triblet>
    </piaroaCis>
    <remeets>
      <slouchEclair>seisingPoachyNongame</slouchEclair>
    </remeets>
    <queeryWrokenLivid wheesht="portyStrokes355" thirstyCimaise="unpavedChoryosDepthen" carga="brei66" sauriaInbound="saccosHelldogPatin" sexierUpbound="ninthsSpewsAttal" unais="46" cassataPadauk="updrinkJerquer">
      <metroGooding>lindyBorshts</metroGooding>
    </queeryWrokenLivid>
    <molttenDemagog lochyStormerMoriori="pluries" gemmary="giddapPhenylDegged" naiviteRiftingMarling="2896">
      <sawarraHuave>glaucus</sawarraHuave>
      <panctia fatnessUnbayGliosa="pauxiAlarumTaste" ligan="bogwayInfuser" mastmenJaspersExcel="blupLappic" satisLeaveBrephic="alcippeJianyunOzena">
        <lorgnonSpinule>chuanaRill</lorgnonSpinule>
      </panctia>
      <dukelyBuda monkdomHoltUnstern="pimped5869" waggleGoldcupSaw="29436449" advowryAsaprolMedics="fleerBorax" spadesLifewayShoots="shrank">
        <antedUnebbedUnbe>epigyneSombreAywhere</antedUnebbedUnbe>
      </dukelyBuda>
      <enaliteSlosherSorbic coucherJokersBebat="acmaticWochua">
        <cloudyMiscueJot>knelledRavenry624</cloudyMiscueJot>
      </enaliteSlosherSorbic>
      <wair foisonVenuesLeets="235">
        <fausenBlokeEaster>dianoiaDirge</fausenBlokeEaster>
      </wair>
      <bardeFibrinGaine theming="229" genros="unrayed">
        <pipericMixups>melasma</pipericMixups>
      </bardeFibrinGaine>
      <jusltedLiard>
        <gamsReginalCaracol>misdoneGrawlsRozener</gamsReginalCaracol>
      </jusltedLiard>
      <xoanonaInform cosmo="duc" rookieBeweep="dione">
        <boysEme>earingsSicced</boysEme>
      </xoanonaInform>
      <peaces beehive="cloyerWooden" teeteeToledan="facings" peisingProkerAnyhow="noctuaHendlyChoga" hegariLambastEthic="16730778">
        <choesWhim>60386</choesWhim>
      </peaces>
      <aniceBromals gregorDiopterCuspule="1">
        <cuffHoumous>arist</cuffHoumous>
      </aniceBromals>
      <impone cyanFirmaWonnot="575233053" ppbGerefa="47684">
        <bananasVerstAdela>3</bananasVerstAdela>
      </impone>
      <claiver hashed="udishBeglewBrails" bartram="hated" phrasedRoars="hechtHeadmenPinups">
        <sasheryBuglers>illegal</sasheryBuglers>
      </claiver>
      <unlist vilSoilage="crabberDildoesAnglify66" phasicWadis="3523109" catskinPost="gelosieKorin">
        <cornellAffied>2874334</cornellAffied>
      </unlist>
      <matacan solsCulches="alvinRoset7" norman="cuveLoyally">
        <cizarLewnite>glazes4821</cizarLewnite>
      </matacan>
      <brayers>
        <bichosBoleteEtch>liminaAugetAgger90</bichosBoleteEtch>
      </brayers>
      <snogaSharada subdualTrowLatcher="peahensThumberScouth7306" nankinPugsAchtel="349" astralsLunatedClowned="mystesAttend" wasirRobotsBiggy="meldsFilasse">
        <untime>musardPinkyAgreers</untime>
      </snogaSharada>
      <khirkah paladin="terzet" yfereMountVarmint="76">
        <cuteyAnisicEasily>hayersTomfool4</cuteyAnisicEasily>
      </khirkah>
      <coartRegimes>
        <bewail>scolite</bewail>
      </coartRegimes>
    </molttenDemagog>
    <tootledArriage muzzled="harderOvercow">
      <propeneArmletsUnshowy>sornJimDilate4</propeneArmletsUnshowy>
    </tootledArriage>
    <diacopeHeedersGalways cadded="mouserVateriaConnie56" cussed="thermCevicheAmorist" orseduePateria="tallows" rarietySizyAsdic="bouncesTapuyo" cajoleWolves="venice" metsColumba="atheous" mildly="95732581">
      <wavicle>darningRabiousDwell</wavicle>
      <sequa usentLyomeriCrawlie="copularBantuInliers" dwamishDulcian="marathaPastsBodegon560" kmetBindletLis="regimeAccraKachcha" dynamWhimbleArced="emes">
        <kidded>uplaidAwasteFormers</kidded>
      </sequa>
      <fasciaeShowyAube friskinDismastWoon="tolanesAmiablyHatpins" mogador="sootilyCheetulLinseed">
        <calamusCorcassAyes>dulcid</calamusCorcassAyes>
      </fasciaeShowyAube>
      <clat outmate="asem" nautica="492531" inflect="lysatesBemercyKthibh4868">
        <unhoist>tholi</unhoist>
      </clat>
      <enolatePuererHedebo scaldic="palazzo" molasSieve="exhedra">
        <sedgy>flabel</sedgy>
      </enolatePuererHedebo>
      <hacker clotterGoen="glodCatgutsSeamier" myelineWhangs="averrerSneersWenonah" marque="lucumiaPirootCriddle" shakesWeldorIntake="jarnutSunwiseClawk">
        <perigonLevisCellae>diurnalSolonic</perigonLevisCellae>
      </hacker>
      <pauserSpinyKopjes wrings="whippetIstlesEdison" caltrapEbenCully="reestedPushpinKantele1684" cardia="burbles" spyrosTunnelPoint="erbia">
        <villousUnmanArea>aminishIllogic</villousUnmanArea>
      </pauserSpinyKopjes>
      <aryl>
        <discina>kanoon4714</discina>
      </aryl>
      <soccagePuredeeUnnerve lioncelWeinerRedbuds="hoodleHyenine">
        <stacksScarabsBeshlik>aphoriaApozemKickout</stacksScarabsBeshlik>
      </soccagePuredeeUnnerve>
      <actaeonBachedNawab shriftSouffleGraphed="setsPlutusVerdite" cuteIbota="9">
        <emotive>poxArdoise</emotive>
      </actaeonBachedNawab>
      <cryst pholcusBanters="xeroxed7406" syrup="woolert" mensUrbifyMulley="calvousUnquoteUnspike">
        <hotbedInset>itemFoliary</hotbedInset>
      </cryst>
      <oasiticMettled uplinksDinaric="pipiriWaysideBiddie" khajurUnlofty="bowlikeMuskie" empanel="callersPrickle" coalpit="pufferyDwalmChola">
        <whiffInvileAmulet>caeomas</whiffInvileAmulet>
      </oasiticMettled>
      <tiaraed>
        <phobiesCoosifyBagasse>177279</phobiesCoosifyBagasse>
      </tiaraed>
      <ponders>
        <gauricMoorTetrane>mirklyFlits</gauricMoorTetrane>
      </ponders>
      <glutael>
        <nappier>dispose7865</nappier>
      </glutael>
      <exustGoumier anchor="babes" hailersBused="472535907" priestVeddoid="bilithSlateRewayle">
        <nauseas>866</nauseas>
      </exustGoumier>
      <terzio wristerSakeber="salay" comediaPaniscaCharted="401">
        <sublongNivalVavasor>speaveCandyAccum</sublongNivalVavasor>
      </terzio>
      <rimlessOlioFlossa respadeMadhabChack="mutineDarnelGlaucic" chillHexoneUpseal="slodgerGessoes" tangueExode="shaftsNoctis" liatrisMinikinFaulter="nauseumTopaz">
        <uncinus>46</uncinus>
      </rimlessOlioFlossa>
      <sakiApplaud abrazosBolledImbauba="thrope" bogueDicolon="grasp883">
        <reraiseDeraign>jymoldIntil6801</reraiseDeraign>
      </sakiApplaud>
    </diacopeHeedersGalways>
    <bengAsci jokedRochet="diapersLimping" untipsyFreath="precantKumhar5" emitterWelched="pollentNeaten1921">
      <keyseatFrenalExacts>bullaeSimples</keyseatFrenalExacts>
      <yowledCobbed cormelGuttar="tame93" encycMummery="kappImportFaq" redfootFemurs="vepsHurterTimider">
        <swatsPravityArrow>vowelsDuctal</swatsPravityArrow>
      </yowledCobbed>
      <gleekedSuboxid gaelsAsks="bateteNashUru" heftilyScissel="pigmyStyloidKnapper" cliverUnhelerJocker="kaharRobedEndjunk">
        <okesPyxis>stachysCabRipoffs</okesPyxis>
      </gleekedSuboxid>
      <stripy foisted="curniesFlouterLagune" tengu="gorePashm" cazibi="5176">
        <aesirBumbo>hoarseSensiveKraaled</aesirBumbo>
      </stripy>
      <desand tway="woozilySwartlyExoner">
        <rotonde>dakoityRailerGipser</rotonde>
      </desand>
    </bengAsci>
    <malm cutelyBable="174403040" shoots="updriedAnahao" reckingWoggleTedders="accableLilacky" fluffyFacileDumpily="weevilJoannes" peda="bembexPedatedAbilla" gorgonAwave="notitiaBises">
      <kwelaHinniedNeigh>disbuds</kwelaHinniedNeigh>
      <hiverCaravelMincing chicerPayolaHacky="threePiratic4">
        <subbedBuccaSpecify>geniesNegates</subbedBuccaSpecify>
      </hiverCaravelMincing>
    </malm>
    <tittupsUncored faunalCatlinHibachi="minksProems" meninx="drupesAlgas" refallEnragedSciapod="debunksTiribaDeadest8020">
      <sabers>scape</sabers>
      <nomapRotos>
        <fillingStereomFairish>idalianMugho</fillingStereomFairish>
      </nomapRotos>
      <lightBrattyMalty keyedSquidgy="guasaEclat" fulleryArgalaKindler="havesHaloTalis2785" strobed="ketimin41" centena="bolters">
        <brinks>sicani</brinks>
      </lightBrattyMalty>
      <treadsKendalMaenad dedalFraterJoggler="23">
        <rammageSate>abuzzAtumble</rammageSate>
      </treadsKendalMaenad>
      <perishCoySlid>
        <retains>47741517</retains>
      </perishCoySlid>
      <jerksDaubier myocoel="wangheeBellonScrewy">
        <indwell>polygarPooderGraith</indwell>
      </jerksDaubier>
      <jackpot ditesIngiverRecount="mirfak6" resiantProxiesArrives="weekwamTrpset">
        <tubaeAminize>3529134</tubaeAminize>
      </jackpot>
      <jitters upspeed="sonderKnar" whicker="atleeJusting" poppean="mohicanShavese">
        <myotome>druggyTriedly</myotome>
      </jitters>
      <unbarsScarolaBandora>
        <foyUphold>stroveOpacus98</foyUphold>
      </unbarsScarolaBandora>
      <mestiza clink="coccalFligged">
        <kenchesReusing>haddoAntship</kenchesReusing>
      </mestiza>
      <factorSaumont headFhrerLythe="dorsalCimbricDaikon" campyBlaasop="phymaLoatherSnoops" reliersProcyon="boltinMange">
        <negrineDaphnisSuccuss>jimplyDupioniFrisure</negrineDaphnisSuccuss>
      </factorSaumont>
      <spendBumperDunites youpEntireBedkey="chan" stuccos="3" exiteHoared="sorbile" psiNematic="eryops">
        <pseudAurigidRoseine>setousTagulaMetepa</pseudAurigidRoseine>
      </spendBumperDunites>
      <shingonClinker acoineNudityProgged="6452546" lettedUnsureEfph="77718" duet="weepyBananas" demalBulgyCanners="heavers">
        <mimidaeVolar>viablyPeart</mimidaeVolar>
      </shingonClinker>
      <typyHuileCourty duffTutelaeDonis="seawantInshaveCollada" bomberEnseTucking="6">
        <electraLootiePannag>ranks</electraLootiePannag>
      </typyHuileCourty>
      <mudResellMelodic jocelinFistedSniddle="144320" formbyReallyZingier="feria3" souled="902" apolog="abjunctAnchaCreches">
        <pebrineChackerWraggle>fucoid</pebrineChackerWraggle>
      </mudResellMelodic>
      <peakerWang pattiesWetlandAbaton="302021" strivenSpumose="drovedWiener">
        <enchaseSmote>uprisenApotypeTenaim</enchaseSmote>
      </peakerWang>
      <dowd>
        <gye>chirrsSpoons</gye>
      </dowd>
      <cacaosTessel dangersFarcingSaccage="outbudStogiesSleech57" shyUmbrelQuest="5528">
        <yaccaNincom>2518</yaccaNincom>
      </cacaosTessel>
      <bright ooecia="581853214">
        <dierDroguet>axungeDiether</dierDroguet>
      </bright>
      <drisselMeaniesBuddh eutaxie="acraze">
        <throuAnemiasMatrix>centiChait</throuAnemiasMatrix>
      </drisselMeaniesBuddh>
    </tittupsUncored>
  </rushedWatapsYardful>
</ryked>