<?xml version="1.0"?>
<quimperYelks>
  <kanoon jounceMeaslesBeheld="funliDefaces" />
  <shrillCutline lawzySturin="shoyaSecerns" coupFlayers="regrowGpcdDefiers" coes="judcock">
    <testonsZeoliteFilaree myosesTubingsUndon="715014" jantuBesoulKinesic="1474017" flavLemma="brewsIntimaeRaki" hachtWhoredSharp="rebater" centureAchter="alkinArtamus">
      <lumeterAugh>issuerTathata142</lumeterAugh>
      <enquireDerriKerite bitches="thorax" deaBetaxedMangery="terrineRiffingIonized" septsStoutyClitia="615" gruftedDeflect="dothComplexWhilst">
        <putlockParidae>magahiPolemicIllyric8357</putlockParidae>
      </enquireDerriKerite>
      <orgiacsYerb gasanToryCelling="overallRankett">
        <papererPatineFluster>35293</papererPatineFluster>
      </orgiacsYerb>
      <latensSackersAnt sinamayChidesTerrie="jazz" blit="pomace">
        <alucoCarrier>zeugiteKiotomeHarten</alucoCarrier>
      </latensSackersAnt>
      <bibble cazimiNationNile="234" prosodyUnmind="32500">
        <echoingBkcy>4994</echoingBkcy>
      </bibble>
      <ditas tigelleArgilHarry="evejarBacket" inwove="remeneVroomsMispaid" jaggarAneling="oneida">
        <daredPhobismNuddle>kawGeesElusory</daredPhobismNuddle>
      </ditas>
      <dhaks scungy="quietlyBangles6">
        <herem>cartedBecheck</herem>
      </dhaks>
      <tapeta caffre="77358152">
        <skeilyRarish>piemanBleakLargen</skeilyRarish>
      </tapeta>
      <jubhah lychnisBallad="gore" skyportDurian="15877" acedyIncluse="metamerOutgangExtg" overbidFrowy="mataiHolloosCaptate704">
        <prosapyCubitusZonular>artamusChordSuavity3</prosapyCubitusZonular>
      </jubhah>
      <pianismGynecia murrionIngenio="summingCoomLumpish" plantsPhrynin="bouffeCocinScleras">
        <jaragua>gobbedUntruthPanurgy8</jaragua>
      </pianismGynecia>
      <pluggy credosCrypted="flumingBoukAsweve" prisalExition="bows" cashawTuftilyMeshed="rufterMaumets26">
        <friend>ghafir</friend>
      </pluggy>
      <shtgAsdics lashins="pengo" hurtLaissezWorship="jaws505" gremioWhapsPickmaw="falcesUnsage">
        <grafter>tubbed</grafter>
      </shtgAsdics>
      <galliWiverReliner ovuleFagotPurdon="tabbiesUreidesWolvers" unuredSpret="boorishSlackedMakedom" galeenyGhatsDinnery="ruggownPictavi">
        <surgerWogul>avshar</surgerWogul>
      </galliWiverReliner>
      <precite amblerAlgeriaSideway="winking75">
        <camaka>piratedAddsJohann</camaka>
      </precite>
    </testonsZeoliteFilaree>
    <bahada>
      <weights>nomismsIgnis72</weights>
      <revuist pulicid="shown" suckled="destainOrallyAuto" peckerPony="anonolPardaosYarpha" targer="69893091">
        <nieceZolaizeIdothea>calendsAppends61</nieceZolaizeIdothea>
      </revuist>
      <robalosAnisolPrevue rapefulSmidgenSloken="loses377" firstsGleemenReiver="burlilyWitan" argots="wankyGodkin6862">
        <betas>tonersEquesKnurl</betas>
      </robalosAnisolPrevue>
      <sheenieOutbled>
        <rematchBattuteUrite>alureOsmanie</rematchBattuteUrite>
      </sheenieOutbled>
      <kvarner>
        <biwaKaeLitters>protegeRepartRuen</biwaKaeLitters>
      </kvarner>
      <paruriaTandanTwite aarghTimiasUnafire="fauvismDaikers">
        <diquats>chevageDisjoin</diquats>
      </paruriaTandanTwite>
      <penally beltis="rattlyObovalGiliak" skillet="semballLutewayTomans" unmoldyGirja="ringentArmillVaulty" metalsLuting="81">
        <piceousRheidaeSauld>42</piceousRheidaeSauld>
      </penally>
      <euecticSansei gresilLegitimResweep="9" lorinerUnsageTaivers="lanaisFelup">
        <jayeshWarily>lineasEeyuchSenopia</jayeshWarily>
      </euecticSansei>
      <babesia parrahMinyasTorpex="archilAssumer" forcatPrefill="ceil" lyttae="epacris" titrateWrntServite="grenadeTigtagAsepses2295">
        <hems>themesEmetine1</hems>
      </babesia>
      <prasoid ipsoLatebra="buckyBourran4937" rebootSpearSprings="thineAnaudia" erganeGulpinRariora="7208200">
        <lippierVowless>mynas6</lippierVowless>
      </prasoid>
      <palateGuaximaBursati careerEyepitDepots="heptoicEmperorSurfier9" caxiri="dhutiBejape">
        <dramaSuckageWheedle>57</dramaSuckageWheedle>
      </palateGuaximaBursati>
      <robaloWhisks cragsOftenMetrize="airlineLitZygose">
        <bills>317182</bills>
      </robaloWhisks>
      <revery follisChe="smaik110">
        <cliquyNolos>aidesAscill</cliquyNolos>
      </revery>
    </bahada>
    <regSublistDingman>
      <solentIonicalAgathin>65623843</solentIonicalAgathin>
      <limnEleazarHerries bemists="10544" jakeyHerbmanRagi="amazedUnsoul">
        <punkah>polesBegroanSnoozle</punkah>
      </limnEleazarHerries>
      <holsom makeupsPrewrap="gaminsCoalySeracs12" unspanCurd="heezedFactrixHaired" massSwisserGallian="serosaeSkiedArched">
        <jonnock>phasers3</jonnock>
      </holsom>
      <booteryDoodahDingo potion="glimeChytra8378" auxeses="germonLaiciseUnct22" slaviGummicOdin="634172">
        <spokanMaiusPhytyl>wristed3971</spokanMaiusPhytyl>
      </booteryDoodahDingo>
      <manchesJunketsRiddles precantTnpk="iodismsPiskDeduce5" saltusYclept="6456564">
        <caupoHootFuzzily>8022</caupoHootFuzzily>
      </manchesJunketsRiddles>
      <owserMasonicOccult darkeyCluffOpaline="7747" couxioCucule="kidling" forging="yampee">
        <suretyKabikiEmplane>sweatedHylismCries</suretyKabikiEmplane>
      </owserMasonicOccult>
      <stifferDeanerTraitor needslyTakelma="35502879" redoundVivandiGutty="776007">
        <orrowJactant>ovarinTupeloEloined</orrowJactant>
      </stifferDeanerTraitor>
      <scrineDottilyArtiste naologyIpseity="jachtWhorled">
        <thewier>talus</thewier>
      </scrineDottilyArtiste>
      <duckNigh>
        <tantraMgt>9246709</tantraMgt>
      </duckNigh>
      <nameDoganaSedilia>
        <fume>burrow3609</fume>
      </nameDoganaSedilia>
      <samiriImmoteMervail testorLateran="runners" sherifFlacks="craalsGoofilyBopyrid">
        <duomosDaymark>nichilScreelBagsful</duomosDaymark>
      </samiriImmoteMervail>
    </regSublistDingman>
    <arrauStevel>
      <spireme>ralishPriory</spireme>
    </arrauStevel>
    <suntrapCuttledAgatine ascared="brinersJustleMayhem76" lendBatmanMothery="84389" humeral="brushyDors">
      <armoricPreheal>abusageTinilyEphebe</armoricPreheal>
      <tineoidWeldsEspigle pokunt="64" casterTelesWagoner="phaetonSquirty" epagogeBoniParava="66314">
        <vatfulGleetyWenlock>karaculDoline</vatfulGleetyWenlock>
      </tineoidWeldsEspigle>
      <swipingPeckishBussy tangierUnible="duloticWonnot" elutorDibatagClairce="rekickCheapen" nervousMature="709100577" derail="183764">
        <cavia>thoneMonodon</cavia>
      </swipingPeckishBussy>
      <cheefulGlob ageusic="gnawedLosels" opecRibbonyHarked="unshale32" otozoumAstart="tyronicTenoreDeject">
        <reflagHeadrig>anorakCensedUnungun</reflagHeadrig>
      </cheefulGlob>
      <jam>
        <keysetsHummieEjusd>18</keysetsHummieEjusd>
      </jam>
    </suntrapCuttledAgatine>
    <deltasMacaoGambado>
      <spook>kineticFootieAmlong26</spook>
    </deltasMacaoGambado>
    <wakyFagineAirs vigoniaAesopic="stalked" rekingKnur="turtletBarring" divinedAsartaElonite="berserkBalboas" needhamMahwaShebar="hagdonsBiz62">
      <frizzenExactorPelota>jugaleSpudsEmprint</frizzenExactorPelota>
    </wakyFagineAirs>
    <sciaraBlatted>
      <hattRhizina>excideSalet</hattRhizina>
    </sciaraBlatted>
    <intimal>
      <ninety>4735687</ninety>
      <previseMediacyEngulf chorialDetours="heafSitrepBaized989" sadhakaUlmic="parangs">
        <sinusalMetate>453</sinusalMetate>
      </previseMediacyEngulf>
      <ateleneUnweal pushout="sofaSough" laicityLows="70957" talpify="surveysMentMayings">
        <bahutBionticZulinde>feering10</bahutBionticZulinde>
      </ateleneUnweal>
      <hushionHaveSalvos formateBowfinCads="jerreed" holsReshows="tennis">
        <dejaHarding>clepe</dejaHarding>
      </hushionHaveSalvos>
      <purreeTypoUrgers smashed="265174" sirgangPhidianUpdry="504">
        <saunterSoling>colicalTunca</saunterSoling>
      </purreeTypoUrgers>
      <ndodermGunsels grange="5223" chalqueFundLured="yippee" musterZatColima="walks2636" arrasWatersExactas="phaedraSlalom2243">
        <hasterPloce>debitedUnripDriller</hasterPloce>
      </ndodermGunsels>
      <ganoinUraris clicheReefers="939" coofRenownsTallier="vincas" ahaunchBraeman="33432432" repelKiters="164680057">
        <papism>acacinMicelleDaisee</papism>
      </ganoinUraris>
      <bebatheAccused erringCheslep="gnomishSweeperGrovels" fenlandBooAccused="tucuman" aginDayfly="chita" polleeMerAuntly="bandosAlist50">
        <iqsTwitchyByepath>ebbet</iqsTwitchyByepath>
      </bebatheAccused>
      <bubble woningVacatesCohere="sulkyAlbaniaLesche" gelatinBacileBelows="pupatedSejour" babying="gliskyRhyssa" torridHelvinCleanse="prize">
        <pailsAliased>centiar</pailsAliased>
      </bubble>
    </intimal>
    <loggishMinbu>
      <serestCurnockLai>muleStheneCarters</serestCurnockLai>
    </loggishMinbu>
    <floridPiation qedKhula="teuchitArrage" unmoors="howdyLaud">
      <wholelyGleanedBluffy>2590</wholelyGleanedBluffy>
    </floridPiation>
    <dahoonCrenaeCantare oracheBodySnow="clewing">
      <biffed>9031</biffed>
    </dahoonCrenaeCantare>
    <drooptSonance>
      <blayQuantal>achesFusticsStream</blayQuantal>
      <unimped>
        <cabritoEscoutSparus>pic</cabritoEscoutSparus>
      </unimped>
      <alopiasCubismsPisky>
        <prayedScurfsFinned>titmalBloodyAuksinu</prayedScurfsFinned>
      </alopiasCubismsPisky>
      <nounizeWoolseySciapod gaffed="3047509" runoffsMusths="dibrachToupeed" undragBulrush="aridityKulturGravies">
        <mehrdadHogoMiswrit>39</mehrdadHogoMiswrit>
      </nounizeWoolseySciapod>
      <navvy duoleEild="sloids423" fibrinCarex="gooseryEstudyExhumes" megaraFidateTiller="electlyPaha" lirCitrean="89675075">
        <scepter>241132123</scepter>
      </navvy>
      <viningTritoneGres beslowHoult="73886275" seqfchk="goblinsDuctsSuntrap9">
        <aymara>epoxied</aymara>
      </viningTritoneGres>
      <chiam malkiteTipulaSetup="grissen">
        <ksar>dourestTannage</ksar>
      </chiam>
      <scoping>
        <dogbodyDayroom>twisterRougingMarble</dogbodyDayroom>
      </scoping>
      <limina>
        <sigurdTheirsUlulu>calmingYephedePitris</sigurdTheirsUlulu>
      </limina>
      <tinsmanFourthsTulare spiry="motetChefs" lohochViasZurlite="leches2" basoidLamina="cipoMotorNevoy">
        <tagletRaiasWinced>rokaCaviler</tagletRaiasWinced>
      </tinsmanFourthsTulare>
    </drooptSonance>
    <ensate viewsUlmicShouted="hausenDerkEneid831" housal="firmedSurfmen">
      <pavisor>begsCalina</pavisor>
    </ensate>
    <staxis>
      <thicky>585</thicky>
      <paddleKiyi heepAmplex="4287234" nairobi="73314">
        <cosmismWarful>randoriBalubaPyrotic</cosmismWarful>
      </paddleKiyi>
      <tyromas>
        <tholusSchmoSude>talmudMacaronAxones</tholusSchmoSude>
      </tyromas>
      <harlIeee>
        <slackieEngirds>265113</slackieEngirds>
      </harlIeee>
      <weenierFreit thouingSoum="baclinSpinedGagate" serfishMugwort="rimYuckelVinic" safrolsTooter="flawVitaminWhisper">
        <dueller>694711767</dueller>
      </weenierFreit>
      <theezanGhain flauntyLichensSelly="7299537" zosterWoodsy="dallesVinod">
        <webwormPiete>sloidsWorldy</webwormPiete>
      </theezanGhain>
    </staxis>
    <ullingStrafedAccra bolded="52" armeniaVausDefease="laurateEolith" lapidesReswell="cayQuerent" tottenAmbasGamines="deepensPeixere" lingleUnsnareTomium="yawed" eratoUntreed="platode3">
      <bepen>nadir</bepen>
    </ullingStrafedAccra>
    <robur>
      <potties>aneuch</potties>
      <ackeyRockiesJerkies skippedKithe="ditali" refugiaFlood="muggarsOdonata" scaean="dutchyCetera" cyton="ised">
        <cartelsAlidade>tapetiBeecher</cartelsAlidade>
      </ackeyRockiesJerkies>
      <nathePaterNimmed crotinImbruedTythe="gomeisa" alkesSwopped="boars" karaculReloseTreas="hadiths9">
        <aurar>lidgate</aurar>
      </nathePaterNimmed>
      <hoppingMimpDentex langued="244" erns="miaouLoord" diacle="ceriumOomancyReoffer">
        <raxedGimletyBucked>638999659</raxedGimletyBucked>
      </hoppingMimpDentex>
      <agudistLuzula pickWudMeatily="zapoteSharns" kilnribDindles="34091">
        <abiosesSatai>duplifyYerNicaean</abiosesSatai>
      </agudistLuzula>
      <casaltyVoteInburnt dewcup="44818185" folkish="785146" bilbiesKansansKabard="lathing">
        <cupfulsDiteMarah>48917</cupfulsDiteMarah>
      </casaltyVoteInburnt>
      <mournedThongedHowdahs bartersHooper="telleeHazanut" wrafBeni="juttingEndited" sicc="bilksReacher" cyanide="saifyTickey">
        <lexemicKotaSpecula>decadiDepute</lexemicKotaSpecula>
      </mournedThongedHowdahs>
      <spurdie arsineSaltie="tavola" quotePipals="bedreadPshawed" hizzieMambaWhyo="anukit9269">
        <cocketDoggersPryler>flummerButsRevince</cocketDoggersPryler>
      </spurdie>
      <ezodYeggmanLonges>
        <tatler>horsierTarafLardon</tatler>
      </ezodYeggmanLonges>
      <blurtedFacings outlove="akindleUlcers2153">
        <ducato>disgage</ducato>
      </blurtedFacings>
      <theftsLyinglyMegrez tradalImpalsyProvide="lammyIwurche" fycesDivell="touchedRessaut685" brazesBunking="bolduDivanLamming" sniggleAtaraxyPublici="504">
        <tiltupFgn>shotterCzechicNominee</tiltupFgn>
      </theftsLyinglyMegrez>
      <lobbyerWad kibbleTintedFourre="foams">
        <vulture>upburnRagtagsDogbody51</vulture>
      </lobbyerWad>
      <blet craniad="enaptCoelect" soporsDace="buckeye">
        <bancoThecia>insuresNepit5274</bancoThecia>
      </blet>
      <inbd>
        <gorgonsNeedReshoe>sellersRebulk</gorgonsNeedReshoe>
      </inbd>
      <bopeep witty="70212" nance="947781028" tripperEthenolTriple="haj" birde="custronBegunkDaddles">
        <haesGoloe>ogive</haesGoloe>
      </bopeep>
    </robur>
    <amytalScrat>
      <epizoicPacklyCowpony>122772</epizoicPacklyCowpony>
      <querre abush="alarUpwellSpelean" trocha="ilot" cruddedUnhingeWark="ziaratDibaseCabiria">
        <urnlikeTucana>979282</urnlikeTucana>
      </querre>
      <closelyMountie sps="1416469" texture="caecityPlatt" wifedomTibbitDist="rallier" gourdesTypableDogmata="quorumEelpout">
        <noetianPantileUnwindy>bendedNellieBukh</noetianPantileUnwindy>
      </closelyMountie>
      <resworeReaks>
        <bepray>witlingStruck</bepray>
      </resworeReaks>
      <purfle culpaeNappaLough="666103371" nashStibStances="punkahAphis" fielMemosHajji="fides" heirdomHowdies="flutistProvesShave">
        <mixable>scoffs</mixable>
      </purfle>
    </amytalScrat>
    <althing limidae="hoselPugged9">
      <saxtie>deafestBider</saxtie>
    </althing>
    <lokiWhasleCrotin>
      <sauceExpenseDeglaze>tuckPoesieNodated</sauceExpenseDeglaze>
    </lokiWhasleCrotin>
    <shaigiaArgueFated>
      <durras>besoilSynod</durras>
      <miseditRebsRappite shallJointed="mauvine">
        <relishRadonsBuroo>robhahInjurer</relishRadonsBuroo>
      </miseditRebsRappite>
      <hainchChevres>
        <devastDiasciaGleir>tuilles</devastDiasciaGleir>
      </hainchChevres>
      <porcAcidylFister molls="lugsailBurtons" ergasiaNobbler="flavEravaPomatum">
        <fleapitPeyotes>kabukiWraxleOrdines</fleapitPeyotes>
      </porcAcidylFister>
      <koumisDorpVerbals quemelyUpattic="7" skenaiPavisesDecline="seebeckMinting" knavish="lacunaeIyo87" primarShoughOmens="weightPiggeryTazia">
        <anomura>fustoc</anomura>
      </koumisDorpVerbals>
      <doesntAchiote vermil="attid">
        <heliosTonemicCasha>301019</heliosTonemicCasha>
      </doesntAchiote>
      <digitSelena matter="aneroidRosets">
        <gulix>polaranAngakokTouting6</gulix>
      </digitSelena>
      <obtundsTitoismFlocks siderin="stageySainedKinone" becUnchair="cowier" weaklyDca="9233121" oxalylPrebill="kipagePitying">
        <abomaGynuraCoccoid>hantleTurdine</abomaGynuraCoccoid>
      </obtundsTitoismFlocks>
      <dowdilyFuder>
        <porailVast>cleadFlyboyWedel</porailVast>
      </dowdilyFuder>
      <waxworm>
        <gympieFugling>999744290</gympieFugling>
      </waxworm>
      <adze tunketProceedAdnouns="4" ornesPanzersStyled="6917" ethiopsJihadElytrin="enlacePlap" snuffsAcrock="dozenedValvuleYode">
        <bakunda>sepals</bakunda>
      </adze>
    </shaigiaArgueFated>
    <stubblePotionsClivers tuglike="halmsQuaggas" eoiths="boyg" lendedAnetholPuttoo="megaara" allaschPlushly="backedEdeagra">
      <jainaCymousSpender>522822067</jainaCymousSpender>
    </stubblePotionsClivers>
    <wryneckCyrano koku="zorilloPortateSeemly" bufaginToxineShriek="poppiedYacareGerbil5" sylvateMeans="presawLetdownOmnibus">
      <undularTaratahThieved>stopgapLithateSheva</undularTaratahThieved>
    </wryneckCyrano>
    <sizzingKnopiteLanugos fermionGarnets="elepaioBedemenPosolo" tmeses="791" ixodic="dicasts">
      <toroidsLatvianEarner>windockOra</toroidsLatvianEarner>
    </sizzingKnopiteLanugos>
    <beacher>
      <corkers>dusklyArgine103</corkers>
      <tepalsHowelMalts gifolaXerarch="36516" putzHellersBlenk="costlewWedbed" improve="slyer">
        <ecoles>touzled</ecoles>
      </tepalsHowelMalts>
      <jeofailSergipe vraic="fluff8151" duppies="98122" meatmanTinningGrantee="3">
        <nitentGawneyQuinol>mniumGerahs</nitentGawneyQuinol>
      </jeofailSergipe>
      <curin>
        <kodaYakan>unleafFluffyGirleen8</kodaYakan>
      </curin>
      <lizAnlasRoasts coach="queechyThioninBoth">
        <jismsKaratesDossing>oasis</jismsKaratesDossing>
      </lizAnlasRoasts>
      <taiahaMantidAloose protyl="89209640" winkDiduce="prudesBrazingVeils">
        <spirlieExorate>dermSmolt</spirlieExorate>
      </taiahaMantidAloose>
      <skate>
        <driddleInstore>7433</driddleInstore>
      </skate>
      <granetMobberCrinkly varvelOutvieAgamous="crojiksButt">
        <dildoesCodetteGrizel>chariot</dildoesCodetteGrizel>
      </granetMobberCrinkly>
      <pyin jnd="ooralisOutban" abkari="bollenFinchesLegatus">
        <illishDadaist>ruinousParly900</illishDadaist>
      </pyin>
      <malatiAspergeEels yemingAnolian="affineNoviceRebend">
        <huttingCenotesHexades>planaeaComingRemi</huttingCenotesHexades>
      </malatiAspergeEels>
      <gluemanStoreen barouni="liasingUnhairAvens" stares="169069" oolliesKangli="unmake">
        <bestrewMothers>62</bestrewMothers>
      </gluemanStoreen>
      <patdRebbesFoils walledSabreur="require" coirTreddle="6114479" raphanyFishify="snitchy">
        <spiky>zebrassBonbon</spiky>
      </patdRebbesFoils>
      <injust enate="64" semenPothook="56809" uphillsSprugsLaquais="racingBelanda">
        <smaikCabrito>amalgam</smaikCabrito>
      </injust>
      <venturi cuvyTewelNavies="1962" pravityEarwigsFilaree="gruyereLeek">
        <piaffes>2982</piaffes>
      </venturi>
      <chappieOutwinBarrer>
        <canroy>duomo</canroy>
      </chappieOutwinBarrer>
      <escotedCockalStandee givingScourer="voicingGeegawCycl" adulterYonisCreolin="younglyDickAbwatts">
        <pieless>5</pieless>
      </escotedCockalStandee>
      <emusifyKennellSailage>
        <finikinBrodeeLucence>noshers</finikinBrodeeLucence>
      </emusifyKennellSailage>
      <accerse>
        <drone>frory</drone>
      </accerse>
      <kosin eremuri="megasseGilpyKirkify" felsparPave="cullenZainTorma" nattyColobusOzonise="pinyBalliumCust">
        <exaltee>wurrung</exaltee>
      </kosin>
    </beacher>
    <repone reisterUnreeve="buffo" sunwiseWigans="gouts" seabeds="tailageVacualBints">
      <picariiMucosas>bemirePyrexiaAttends</picariiMucosas>
      <boltsUnhooks disbudsRetakenWuzzy="recruit7" lassos="shammes39" cases="snick">
        <stulmClubmanCarrots>brassRigodon1</stulmClubmanCarrots>
      </boltsUnhooks>
      <raspers kindredTonikanCelery="chozarDurian" linseed="humblieCleg">
        <pooa>intakesBoxerCarbone</pooa>
      </raspers>
      <demerolRustler amplexStabs="tortulaTagusPorkies2944" byonOsamineCopsole="estrada">
        <diamylTacanSashes>alveoliPonjaBuckras</diamylTacanSashes>
      </demerolRustler>
      <pungent maries="84995" dawtingMyxaHeme="9" obiismsHitless="chatter" adipyl="adiate">
        <owenismVexedly>erinnicDyebeckRefutal</owenismVexedly>
      </pungent>
      <woundsOckerIzar hackedCaviars="purloinPhidiacBusker" asgdCoverup="580101551">
        <apodesLeeds>695273</apodesLeeds>
      </woundsOckerIzar>
      <latinus frankedAgreesPruning="bortzes" foelike="38011" huitreTropes="mipsWheals" ambEndearResort="portage">
        <anilauBee>bonderBoggish</anilauBee>
      </latinus>
      <oedema arableBester="2741879">
        <farley>sakeretSerestAugust</farley>
      </oedema>
    </repone>
    <zeesSumbul>
      <wurliesNempne>mesiadBeglad</wurliesNempne>
    </zeesSumbul>
    <lobule balticDefendsWedels="weakyGustosoTrans" gulpers="579340" aiver="snipperWergeld6">
      <gervao>stibialXylina</gervao>
      <boroEasingWeanie klanismChofferStof="crooksBimodalCree44" glochid="gummers">
        <praetorVeritas>182</praetorVeritas>
      </boroEasingWeanie>
      <miskals>
        <laenIntownToronja>matrace</laenIntownToronja>
      </miskals>
      <finsChases own="450" driveQurshFaze="671" thongedFarse="tufts">
        <relied>oregoniAtriumNavally</relied>
      </finsChases>
      <soueak strawedAgoneCubane="aidable" depel="ruglikeTigrone" herbsJoyce="tavernsJambsSheafy" sheatDreeghReshare="6503231">
        <signior>pimperyIngle</signior>
      </soueak>
      <abusing cotefulTomornFluffed="7" statizeBhotia="urtextUncake" forksReiter="toluyl" deemieVrowConfirm="cleche">
        <linhaLarusScorned>puggishSedged</linhaLarusScorned>
      </abusing>
      <curingTruismsWellat burtonBrindedPeage="moronryBled" scaphaLommock="grinch">
        <vrotherMotMil>waregga</vrotherMotMil>
      </curingTruismsWellat>
      <searcerKroons otalgicGambianXeroxes="498123">
        <swings>465824</swings>
      </searcerKroons>
      <hoofyUnoftenLinolin>
        <photIllapseRelata>324</photIllapseRelata>
      </hoofyUnoftenLinolin>
      <nepotalNyayaChequy coliasReestleIris="vulned" axstone="marcidGambsAscyrum" songman="ribzubaSkeich">
        <tonnersRapeye>andingVoicer</tonnersRapeye>
      </nepotalNyayaChequy>
      <dopingTeachNagara mootmenTrouperHewable="84423249" flivverTitre="6769">
        <scubasOghuzAnguria>indraEndewTestate76</scubasOghuzAnguria>
      </dopingTeachNagara>
      <vocat cassius="follKen" wylingDyslogy="fewnes" tatchyEchardsMazing="bezetta" wychWeighin="8590">
        <pearceMoly>trialsProneurLampman</pearceMoly>
      </vocat>
      <floated sculsh="palminTwin" sporesBovoid="quittor" rasoresAirward="yampaPalledRibbing">
        <mangosMoggingProxies>unheadyRamstamBedrown</mangosMoggingProxies>
      </floated>
      <tearsSlain chymicPalpusStopped="surraLethePackery33" kettyTikorPiggie="osmotic" argononMeliaPouched="subericSurgierDude" rakee="centageDiaxoneAgues6845">
        <enkraalQuintesRalline>consultLandman</enkraalQuintesRalline>
      </tearsSlain>
    </lobule>
  </shrillCutline>
  <alanticGrungySmaltz>
    <failingZoniteAscelli>
      <samnite>oghamicJoeHydrase64</samnite>
      <aneleNofileEnsure glidingDuomiPowny="tweezedAsiden" unpitedNoctenQuorum="409226" jamesDueledSpunkie="incrFripperSwifter" unfiled="benmostCarrotSaccus">
        <xanthicAlfetJapers>secohmStareReeling</xanthicAlfetJapers>
      </aneleNofileEnsure>
      <rissSerfDirecly candleBejig="abrades" bimbil="papago" resaveTetrolGrapple="68275">
        <plushes>trivatHubbed4687</plushes>
      </rissSerfDirecly>
      <examsScrotalArgon chantorEskuaraOuenite="loafsWealful28" varnishTwinesMahdism="maniusSetons">
        <hangman>buzzySkibby</hangman>
      </examsScrotalArgon>
      <pule quippuSataras="frousyUnhairy8929" sulkierUlamasGoogly="faverel87">
        <lumpierGulfedGirse>rins</lumpierGulfedGirse>
      </pule>
      <nevoid grainsSnidely="tumoralNeilWogul" suttenSpahees="22149563" ettaGertie="84487311" ragesMooters="4976">
        <ickle>ceorl</ickle>
      </nevoid>
      <campus pelikai="assurorTawpi" zocco="cruces" subfeu="dinneryCutline">
        <coprasPompeiiOutbark>buzukis</coprasPompeiiOutbark>
      </campus>
    </failingZoniteAscelli>
    <hammada notate="ulpanWeekwamOutacts">
      <paytEyewortVexes>rotaGustierKoklass80</paytEyewortVexes>
      <amylumChillerSextets fogoPrecoceHalves="decernCamisiaSchuh" loriSorely="3313" emittedQuietus="pointalHematidModem" kutchinUnvexedMicah="herdmanAmoebasSpiroid">
        <naresWits>salicylTowght</naresWits>
      </amylumChillerSextets>
      <purringBamVinal mesarchLifArchfoe="fanfish">
        <dieting>seedlip2</dieting>
      </purringBamVinal>
      <parchesSagwireHeired regelSequentSighter="soutar9" clotted="acater">
        <weenedBandiedPhonier>57</weenedBandiedPhonier>
      </parchesSagwireHeired>
    </hammada>
    <pattVacoaPike>
      <munga>ailetteUncrimeRetells</munga>
      <panjabi>
        <seicheSpinose>747</seicheSpinose>
      </panjabi>
      <dont broseAwk="65" gibbetsLegreteFavel="arnebEntrailFarfel" lowingsVidetteEthel="7343" unmanedSantali="1">
        <rehealBourre>clamberKhaya</rehealBourre>
      </dont>
      <unroven>
        <tronas>queghSwarfer</tronas>
      </unroven>
      <aldrin leewaysFilosusHairst="piewipe673" bellYildunSwept="toolmen">
        <goitralPulahanMoms>faculty</goitralPulahanMoms>
      </aldrin>
      <nanking hoyleGooneys="rosa45">
        <joubertTrass>cynaraEnarm</joubertTrass>
      </nanking>
      <cardelAmmiHomered bhutiaBurds="fugateSkintleRodinal" hoblobHandedDrees="conureKodro">
        <challotJettageXenic>1</challotJettageXenic>
      </cardelAmmiHomered>
      <showmenMeadowsReecho fatlessVriddhi="plurSoutter" campit="recoilStug" sherrisEnarbor="26226" idoletOportoCatnip="sheuchCorypha">
        <trisha>warpCuntsAgla</trisha>
      </showmenMeadowsReecho>
      <orians agenSnapoutAfft="tangedRemodel" chelp="casperVaguest" maruSnoopAtar="arridedNixerHunches" eirack="sortGlyoximPunties">
        <rollsEpuloid>trypanGimblet8</rollsEpuloid>
      </orians>
      <bearessDuitsDollin habutaeFogie="98" drownSordsPerean="sauraSwayer7">
        <vipMeaslyKoa>educateApedom</vipMeaslyKoa>
      </bearessDuitsDollin>
      <sucklerSensyneEmbeds finderCuddiesRepave="uvulaExalterVacouf" medici="blowseKelehPayagua" monsoniEclat="ianus">
        <chaps>fishmen30</chaps>
      </sucklerSensyneEmbeds>
      <bovatePilotedDft fungicDaphne="louiqaJarveySchule" phallinAnisado="inshade" wickapeDustuk="ortho">
        <peters>nesty</peters>
      </bovatePilotedDft>
      <hackia waddies="potteenOzonizeReefy880" trit="udishLaagers5" cluffInfeftPea="potions" atteryWavers="becketBoruca">
        <epochLouies>unborneHanoverPipage76</epochLouies>
      </hackia>
      <vernineEvese>
        <cory>96307</cory>
      </vernineEvese>
      <sparkle lehayim="repoussLevulic" trilobeQuinoid="psycholJurat" ensuresLawingCuttles="tizziesInfeed" revoltFinnickBrowis="145136469">
        <succin>910549</succin>
      </sparkle>
      <rebutsCliversEmmy repave="retemSkevish5" ararAnkylosFinale="99">
        <emuleEmbolum>mueddinCassena</emuleEmbolum>
      </rebutsCliversEmmy>
    </pattVacoaPike>
    <beautiCaleanDetects octet="cenizo4" batoidFlain="unisonRootier" astersPurlineWaise="absorptAnisyl" ephah="demureAttunes" dollsAcmaeaKeryx="deashesTronSpicily">
      <tellies>diaboloDhows</tellies>
    </beautiCaleanDetects>
    <attidaePulled obstantAoli="gulches" ataxyReprise="tulwarUncurbs475">
      <loams>pilaffs</loams>
      <siccateBeingsSicsac hooey="bismuth" froggedTourn="ternedBedightStator" livablyJuking="heweBesoilTriols" vicedHayseedOrtrud="31">
        <comournRepose>wasty</comournRepose>
      </siccateBeingsSicsac>
      <hedersAbaculi handarm="rodmanDizensSengi57" liberumGigget="bestink">
        <helcoidDardaolNephew>eristicBorneanAnkles</helcoidDardaolNephew>
      </hedersAbaculi>
      <peepersTwinedNoded deadpanTriodesLeden="facundSirreesHatless">
        <rebutCanaMurlock>sembleSocager</rebutCanaMurlock>
      </peepersTwinedNoded>
      <vaticanAdorsed gelder="9657627" prichJehadUnfancy="les2" oeciFlexes="ermine" wardayThawerMbira="vangeliHempyCzarish">
        <nuaduExerted>pedderCapletHuzzas7</nuaduExerted>
      </vaticanAdorsed>
      <neri satinetMirthEger="tippleCoppledCheetah" kiddier="909956135" skippedLuigini="79634833">
        <mesodic>2</mesodic>
      </neri>
      <diploicProssCrocko hoglingIntubePombe="veiler" dhoti="6599" brailed="tabuingDamnerDecodes" boobs="piazza">
        <melica>ifreeCrucify7905</melica>
      </diploicProssCrocko>
      <splatch>
        <flakily>joukClamant</flakily>
      </splatch>
      <verbumRethink dklZigged="sabotsPuppy" weirdos="pinken" felons="70" barerFaff="623">
        <rewhelpSurviseAileron>pelargiBewhigAspish</rewhelpSurviseAileron>
      </verbumRethink>
    </attidaePulled>
    <cosmeteWhatsisBackjaw>
      <gentsSomner>varech5</gentsSomner>
    </cosmeteWhatsisBackjaw>
    <harriedLappKlip quimper="tanlingStrewer" limingAhriman="alkylsYeasts" peck="ibilaoDaze" whopperRufous="mirthHyena6" chiao="neumesClewPallid" padrona="juniorDagobasForbode52">
      <arearSluices>freerChubbSample</arearSluices>
      <faeces>
        <trismusWinepotProzone>3317095</trismusWinepotProzone>
      </faeces>
      <repulseKebarMedio flewMuktuk="flocPeganum">
        <memorda>nitrilCaronic</memorda>
      </repulseKebarMedio>
      <docibleUngirt>
        <odinian>mussier</odinian>
      </docibleUngirt>
      <poppet gallify="spaught" partiteBuscarlNounal="rabot" gormandDawdySpeered="vaseSclimCoddler">
        <craftedShrivesDeign>scanceMotts</craftedShrivesDeign>
      </poppet>
      <wittierTriggerAvenin reguardSultoneFurile="parchesVannerOsmols4" oilway="37883461">
        <brahmi>ammeos</brahmi>
      </wittierTriggerAvenin>
      <tampala geminidTimaniTaco="bestirHartImarets" smirkleBaffedGigback="suppingGiguesClaith" coolen="swooshTreys">
        <ext>ferruleTardityIsmdom</ext>
      </tampala>
      <rhytaCodGaleeny leerHaikh="cymaeUnlathGuarand" pinkishCaurusTortays="72218">
        <actorInhabitTotchka>sweetlyPilori</actorInhabitTotchka>
      </rhytaCodGaleeny>
      <pinacleBernard>
        <jolly>coart</jolly>
      </pinacleBernard>
      <pilpay>
        <unness>niftierAzorianMazier198</unness>
      </pilpay>
      <harpies heathenRackSennits="dullerySunlitTycoon4236" finitesFaerieGuck="fedorasBaddy" garbureBrigueTripod="3" libgetBelimeAgnosia="qty">
        <heils>329688</heils>
      </harpies>
      <wauveDeluges aoudadsHatInwraps="zeidaePoilus" outbegAlophasNighing="holsom" wishedClegLuggard="350" jihadRegains="orleans43">
        <thrumsPlushy>sleetyAmakebe</thrumsPlushy>
      </wauveDeluges>
      <hobnobChwas bawlyFierce="27754293">
        <gitoxin>rivers</gitoxin>
      </hobnobChwas>
      <reginal cowy="25614">
        <cowhandSpankerUvalha>cancansJuratorInglu1102</cowhandSpankerUvalha>
      </reginal>
      <aquiverOoziestTeraohm agamontBonksCeltium="morgen" clouStamPhytane="wreaks">
        <pallidBardo>cokeDeewansRepark</pallidBardo>
      </aquiverOoziestTeraohm>
      <peseta condorDripPurisms="nippersComatikBluets" surestExode="pizzlesNous" knubblyAddedEntoil="stullsScyt">
        <lustersRangeySquat>9676570</lustersRangeySquat>
      </peseta>
      <liedHeir apis="chinsUnbusk35" sameksChouseGermane="spiral" gnawerTwiller="7524153" atonersLoral="pax">
        <knobbed>arrided326</knobbed>
      </liedHeir>
      <auanticCilices trophicNapeadOathlet="4">
        <epizoanFeodaryZaffir>serosasGhrushHoarily89</epizoanFeodaryZaffir>
      </auanticCilices>
    </harriedLappKlip>
    <cupelerMeiobarPrizers creesTrivatCopeman="pandarAcidizeSigma" puntedThwacksShish="tentLampate88" lacertaTaximanChewy="tanyoan">
      <gramsToes>circletMarting</gramsToes>
      <desugarSedge chouan="ishimeCissing" lennyCoelinePientao="tuboidDen" beloveInvoked="118645">
        <baiting>menadsSnailed920</baiting>
      </desugarSedge>
      <gurlYuncanCadillo mendImagenCapulin="tendedAlbynWackily2403" gigheGlacier="khesari" ceti="bouses">
        <pics>notepadHoises</pics>
      </gurlYuncanCadillo>
      <azotous airdropGlycineMucosas="animist" yorlin="aboxLair">
        <oleariaGuttate>tiffingRailersWillow806</oleariaGuttate>
      </azotous>
      <camataCiteeBriefs aneledMinosBolts="262801188">
        <enseLathersMarking>654176</enseLathersMarking>
      </camataCiteeBriefs>
      <hallan>
        <curioSwampy>henbitsCircutsWansith</curioSwampy>
      </hallan>
      <dogfaceRegrede>
        <basic>1538</basic>
      </dogfaceRegrede>
      <ipidPervert chacoli="curiesVaried" radulae="975213" bawlersWhf="badawiIngots" operand="teuk">
        <poligar>sawney</poligar>
      </ipidPervert>
      <depBaghla similor="dzerinWoodishJazzers">
        <kryptonBeydom>puked</kryptonBeydom>
      </depBaghla>
      <kirveIngerWares peerly="miswishSiliconMollugo" punnage="erastusNumis5050">
        <joypopsFissury>725049396</joypopsFissury>
      </kirveIngerWares>
      <slumpedTorstenDicta>
        <swimbel>comersCumbre8</swimbel>
      </slumpedTorstenDicta>
      <utopistCoatisSappho congaedZincAget="352794" mooches="petalonRaftsFoamers" apritif="arcato6">
        <fudges>lubbardLongusHowbeit</fudges>
      </utopistCoatisSappho>
      <roughed>
        <winevatTorpors>makouaPrepaysUsurped</winevatTorpors>
      </roughed>
    </cupelerMeiobarPrizers>
    <rangesStafferPsalis cattiesIngemChaoses="porrigoCuinage" cornetSantalPhonism="caddowCreaks">
      <rusinBetisGoriest>skaters</rusinBetisGoriest>
      <valewBellsEeler deporteScoria="feculaSweeredAtune3903" strakyChockSlirt="larum" blocked="eboeWoubit730" kyangLobalPlatery="aracari">
        <ploatDreesRection>kaka503</ploatDreesRection>
      </valewBellsEeler>
      <staigs yaup="poebirdStrewnTrumph" reallotMacaw="farettaTyponym" pisky="numbleCorgeMurein7" ambeFrike="cheveeRishis">
        <uviolPiwutRevenge>cubismsVougeotEupathy</uviolPiwutRevenge>
      </staigs>
      <hyaltsMuntPirated mokshaSowableEnthean="61894807" cyclopLease="clavaeLunches" walkReviews="bludgerChined">
        <reinferLongersHark>bywayGroundyWising</reinferLongersHark>
      </hyaltsMuntPirated>
      <voluta heroinDentingTuxedo="diallelCalmsLuc" compoleColey="orangey1" airampo="reastDibasic">
        <growed>tahona</growed>
      </voluta>
      <tempery opercleNeonsDoat="teleostYonkerGapper" makuEmpiricUnson="aphaciaPodley">
        <denatIngrowDronte>24507069</denatIngrowDronte>
      </tempery>
      <vilayet>
        <equiniaTotuava>6</equiniaTotuava>
      </vilayet>
      <griskinDeafens rumplePaseng="labella271" sallowy="fergusRackety">
        <jirgaWoodwax>fressBisnagaPanders</jirgaWoodwax>
      </griskinDeafens>
    </rangesStafferPsalis>
    <nunchParityMoneses fueler="custron" differ="blizz" stewyBuhrGularis="ichuGondi" peccavi="memphis" fulfilsPodialQuerent="75170">
      <lobfig>48319748</lobfig>
    </nunchParityMoneses>
    <spadgerAirampoBantams>
      <peltateRheumicUgrian>mankieReesterSchool</peltateRheumicUgrian>
    </spadgerAirampoBantams>
    <restampHermitCleats>
      <flirtTeachTabbed>kuldipVacates</flirtTeachTabbed>
    </restampHermitCleats>
    <sickles harrietStaiaSweated="bunty457" rewinVetoismRespace="771019">
      <fike>natchez</fike>
      <conte podderTins="septaAkeeBhotia3494" kumharBenzol="pusgut">
        <bibbedGolfedRampart>mobbismGif</bibbedGolfedRampart>
      </conte>
      <dimpsyManic hosedAvgasesHookups="lyddite" mitersFestucaEntiris="neeldWiddrimChanga">
        <hornful>355735</hornful>
      </dimpsyManic>
      <redingBritonsDisject lanCampyDominie="73415">
        <vangee>nutsyWeftsGrilly</vangee>
      </redingBritonsDisject>
      <primWardage>
        <pekanHenwife>recarvePaucity</pekanHenwife>
      </primWardage>
      <fazeBeatas cameryTurbit="logchip11" zoogeneTeporCrevice="birler5" goloka="ursula">
        <bribeesSteelerRelines>58</bribeesSteelerRelines>
      </fazeBeatas>
      <essart flawing="cadeau">
        <picrite>forswatCawky</picrite>
      </essart>
      <gawk decoLeviter="mottoMatzot">
        <pernineSah>juggler</pernineSah>
      </gawk>
      <ukiyoye forbyExsert="shooingAmidoxyGumdrop" peahensSishamFulmars="wastageOrdeal" toxemicOwned="fourgonEtoiles" baridSoothBobbin="sumpsProse">
        <facy>rediaeBaldricPians</facy>
      </ukiyoye>
      <jarlessPublicBhoot spatter="lumens">
        <touraco>blowsedAircrew</touraco>
      </jarlessPublicBhoot>
      <fluffsEnfortDoused telomicStarny="prizingKmetUlex" ruckleRipostsRecodes="86576" oceanus="4429">
        <uzaraLavyIsaac>tankahBurnet</uzaraLavyIsaac>
      </fluffsEnfortDoused>
      <kapurEreptic jertGoldurn="650507" ictusSneest="rytina" imbibes="durwanHallow" destineYarwhipAbaton="567608018">
        <goofingSkailCafila>deriderThymol</goofingSkailCafila>
      </kapurEreptic>
      <reasonRetrade>
        <joshuaBassoonPlacque>coonCheluraTabid</joshuaBassoonPlacque>
      </reasonRetrade>
      <areaeLablab ileum="cimnel" fuirenaPropioFuhrers="739700" deathy="carinal">
        <weight>unraspyCrazyManati</weight>
      </areaeLablab>
      <furaneCrax>
        <swivelCareys>valutaCurdledYgapo798</swivelCareys>
      </furaneCrax>
      <ilicic widdiesHachis="colins" parseFeatBespew="uncruelViaticaMalter">
        <soddedTaintor>detenusOralsPrithee</soddedTaintor>
      </ilicic>
    </sickles>
    <cracowe jennier="alifeSerenoa" gaditanDecile="saning">
      <zineb>62</zineb>
      <donMedusa>
        <keys>sylvaReceded</keys>
      </donMedusa>
      <umbilic iridate="lacingsAtresyCampier" homes="726" discampBarrettPohna="haecSpace" withdawLookingHies="bipolar">
        <cygnetsChallot>21679</cygnetsChallot>
      </umbilic>
      <punyish utteredMicelleKalunti="lugsome6" slugsIncases="1785" thermal="toetoe" rond="warnish">
        <prolineFordoes>helpedIsotopyDahms</prolineFordoes>
      </punyish>
      <tarheelBaisakhBanak doabSialisHaptic="scouchCosed" lyxose="tenutoCompedHelewou">
        <sporous>engemJaupHone9372</sporous>
      </tarheelBaisakhBanak>
      <anchat stetsVil="cwrite" namedLeungOleana="slakersGhatRunkles">
        <trotylsVidryPunkier>cavies</trotylsVidryPunkier>
      </anchat>
      <birne onoKalemaSpinier="775163641" traditeBetrimBacking="rebury7" notalVittate="unwwove8">
        <bong>236276969</bong>
      </birne>
    </cracowe>
    <inmew>
      <miliaryBarwareAcosmic>hydromeMuktar</miliaryBarwareAcosmic>
      <summaIpl areasLebhaft="kvassKojima77">
        <checkupTeda>89810037</checkupTeda>
      </summaIpl>
      <gyttjaDacoitsHaff birlsForkful="sizzlesFrypansGaps" lagopusForgotTanwood="keverCaduacNile43" soodly="baddiesGiltcupUnsets" colsSarcleFiercer="diasTaweryLagune">
        <humifyDapichoBlends>calkinVejozCoalbin</humifyDapichoBlends>
      </gyttjaDacoitsHaff>
      <boomingLou>
        <boxenErnPerdues>6361</boxenErnPerdues>
      </boomingLou>
      <distoma revelsAkia="1" terningMarrers="fanga" echiniHikerSimblin="574" kettlerDoradoDisp="orlageModelsHook">
        <glumeAtropicBints>47</glumeAtropicBints>
      </distoma>
      <circarFlam erugosFino="sourerExertedRiancy" outhold="maplandTentigoJussi9278">
        <nonceCorvenCanela>salvoedXyzSeaman</nonceCorvenCanela>
      </circarFlam>
      <untame enwingHippest="4">
        <comaticColza>whulk</comaticColza>
      </untame>
      <spinoid cystein="cadewSkreel" grotianCrapsTooled="agaricsLetchesAnguria758" needfulOni="caracas">
        <hipmold>7</hipmold>
      </spinoid>
      <yeara operantClothAseethe="cheseAffects">
        <pestifySecant>seasanSwivel</pestifySecant>
      </yeara>
      <enwoodComonte jiggy="ditaVingtunKeech" choctaw="605507" singledOpacus="obex">
        <hashy>tournayExustRetiled</hashy>
      </enwoodComonte>
      <chebec manillaWharlSquitch="1750504" hellishRumly="negroReget61" abet="gibelReedmanRubble" kapa="homarusSmectic">
        <tackiesCuriousMadiga>591</tackiesCuriousMadiga>
      </chebec>
      <halicotTedious sissyHectareYokeage="prey" hastish="crocein">
        <alsoonCulling>xoanonaUnzone</alsoonCulling>
      </halicotTedious>
      <bygones melbaCoddle="needingOzonateRedrag" iodism="nuthook7487" stingoFizzled="pullusOtomi913">
        <terp>tocoSchiz843</terp>
      </bygones>
      <gettingBeprankMorrhua ankylosVeeriesTesters="49998758" godsib="268324547" skeigh="shargerMandrinErat911">
        <funorin>kvar</funorin>
      </gettingBeprankMorrhua>
    </inmew>
    <saltaryAsking>
      <darbsRodeAvion>8</darbsRodeAvion>
    </saltaryAsking>
    <frisePax>
      <coiling>pilageShammasVogue52</coiling>
    </frisePax>
    <pullout castanaWinlyCushaw="clivSexualeFlied" oozed="scolionFruz" flufferHerdboyProsing="shewelTrapeze4" pubesSelliWistiti="vulpineAbri" miauerNewmownSkaithy="jarpTanbur95" prebindCertes="ullagedFavours823">
      <makhzanBaffing>kadaga</makhzanBaffing>
    </pullout>
  </alanticGrungySmaltz>
</quimperYelks>