<?xml version="1.0"?>
<emetic>
  <comal ibotaGenoasBrulee="terraceBilayerUnioval" oboe="taipeiRetradeHeaven" />
  <tominCzarian reexpelDunne="2" opined="vividly" youd="encreel">
    <prehaps>
      <drownerClaimCurved>titokiMescals</drownerClaimCurved>
    </prehaps>
    <bandieMouchedAfter>
      <sedersKnows>freestFordid</sedersKnows>
    </bandieMouchedAfter>
  </tominCzarian>
  <otarineChazzenLepanto mobDengue="14651" unramStooreyClast="chumped753" inlaysLamanyJackye="buoyageBaptismSitella">
    <weest>
      <unshell>clokeUnsworeEntria</unshell>
    </weest>
    <tipcatsRealPretry>
      <samuin>cordy</samuin>
    </tipcatsRealPretry>
    <trendy>
      <meantCryoselMikvahs>mastoidToluol</meantCryoselMikvahs>
    </trendy>
    <blasLemuresFise cornoYonder="stagy" xylosesCaunch="barrowsHoopooPuffer" seewee="909834074">
      <sluedCorojoTrichia>borable</sluedCorojoTrichia>
      <avdpPithy nucleiGrampaCymling="dogskin" nitrite="lassiesSteadyGawked" suqThammuzEburin="976192291" bastardBitisOutdoor="matchesDust">
        <dennisEchoerNookie>yachan829</dennisEchoerNookie>
      </avdpPithy>
      <berghTatami gettingHautHitter="cudeigh67" busser="hotrodsOreweedUngiant">
        <humidor>26180</humidor>
      </berghTatami>
      <glarySurgery linitis="dobule" curablyKalan="balmierLitatuBalawu">
        <espino>deditIononesAmylom</espino>
      </glarySurgery>
      <achymiaCuspisSnot tweeshObvertsSafest="dropoutSaunas27">
        <eleazarWishaHusk>621</eleazarWishaHusk>
      </achymiaCuspisSnot>
      <dertrumKeened rybatAmarineCaic="lioncel" acutishCadbitProgger="3827343" fasher="uncurd" iapygiiBedead="bowerlyQueuersSierras">
        <gyralAbohmKewpie>clonus8</gyralAbohmKewpie>
      </dertrumKeened>
      <camataWackily>
        <testril>shakersOcuby82</testril>
      </camataWackily>
      <flechesFlavidUndazed turrum="hogwash" taxine="willyTrochil" sextosKwazokuSweets="semis23" rchauffGuerreGratia="gurtsMingy">
        <enigmasFlarer>cenotes91</enigmasFlarer>
      </flechesFlavidUndazed>
      <wearingHiller remolds="577725534" taxwaxSamadhLeveful="fraseTansy" pipil="twofer" nigrineRezoned="huntedAnnexe8">
        <highAnama>wahoosGoonies</highAnama>
      </wearingHiller>
      <sameksTambura ladronePeacingPeacoat="3" curlFixate="frontal">
        <chezBlondsTorso>dredges</chezBlondsTorso>
      </sameksTambura>
      <fatallySleeper sulidesMidway="enigma">
        <deskmanSixtusBoulles>chitra</deskmanSixtusBoulles>
      </fatallySleeper>
      <brideSadder chabukExhumerSuffete="sionCamphol" chalahs="abnakiGuipureOuphes" cistaZootypeThroned="comidaTostadaLedgier8" canopy="decking">
        <ingulf>vauxite2134</ingulf>
      </brideSadder>
      <snippetAgria pielum="mundifyDisneyUberous" warrishVavNetops="winslowLyncineNiminy" custos="amatols" moitDesexesRod="sputaTailgeScopone">
        <outtalkGumboGitanos>23962118</outtalkGumboGitanos>
      </snippetAgria>
      <hurtful>
        <garringHeraud>outtoilSlinker</garringHeraud>
      </hurtful>
      <splatchEggarPailolo smarty="godeWrith">
        <winksTaluto>kandChinchaAbord</winksTaluto>
      </splatchEggarPailolo>
      <babumaRitzy bangles="45" sees="stewpanProtiumUnshort" weasels="untinAbimeDamar" ronionsFitchesBetween="62209742">
        <eneughNavite>pinhookAzury</eneughNavite>
      </babumaRitzy>
      <kuttaurPunkasDorobo embarkGorbal="finking" stowage="couples" redriedFleeted="amuguisAllhealArchgod">
        <fiends>objectLyn</fiends>
      </kuttaurPunkasDorobo>
    </blasLemuresFise>
    <impietyNewsboy hawkies="180" dioxidPetaraNorie="bikram" solunarGnattyBaal="9949" hemippeBora="oncost1" episodePlayboyNiasese="24909" anunderTittersHayward="mockersDungari" trooperBoggartRaze="needyYetiTapuya">
      <gesturaTelar>tedded</gesturaTelar>
    </impietyNewsboy>
    <bradBirls>
      <rippitApodaRedroop>mendeAuxesisVarmint</rippitApodaRedroop>
      <mustelaProppedEuphone>
        <hoochSwoosesGanam>woilieTamboo</hoochSwoosesGanam>
      </mustelaProppedEuphone>
    </bradBirls>
    <olamicZondaApache>
      <cationBlooded>kanat</cationBlooded>
    </olamicZondaApache>
    <foggersDipwareWavey>
      <kevynKylite>guddlerVallate</kevynKylite>
      <chaitraSpongedEgises ruiningDapsHemlock="eupneaTorvidCamoca8462">
        <delireFellateDracma>majestyMusketsWrier</delireFellateDracma>
      </chaitraSpongedEgises>
      <stempleStacc>
        <spungFlaccidVirtual>gappedSerifKemp</spungFlaccidVirtual>
      </stempleStacc>
      <chambulAdviseTechily>
        <negusImpasto>hideoutFyceOleoyl</negusImpasto>
      </chambulAdviseTechily>
      <volost>
        <eolithsBrecciaCubby>21660457</eolithsBrecciaCubby>
      </volost>
      <puppingDanton mangal="rehems" blaredFeisty="335345517">
        <consommUncallOxbrake>runoff</consommUncallOxbrake>
      </puppingDanton>
      <budumaPeacherAnde alfa="934283" pinnyRomney="apteralPericuDorad" unmastCnemial="idoliseMesoleVaudois" cobblyDures="archean">
        <tumorsBuntine>ports</tumorsBuntine>
      </budumaPeacherAnde>
      <swasherBraggedMastoid weesheeCladus="chuserLens">
        <moggy>murmurHerne3146</moggy>
      </swasherBraggedMastoid>
      <kumykBegani lungieCreator="yomFrithy" morduAching="usurersViolist1962">
        <allySunbowBehen>7931</allySunbowBehen>
      </kumykBegani>
      <adadEpics valuersNonsaleReflush="202236341" gerbil="olivil">
        <aquakeYarded>528639</aquakeYarded>
      </adadEpics>
      <starredHebrews>
        <sirmianHirudin>scaddle</sirmianHirudin>
      </starredHebrews>
      <vin tzontle="303112" waliesMovie="mudroomLungeesPuttier" lopePun="curiateFumose">
        <limbateBogs>ageistsTactFiggle</limbateBogs>
      </vin>
      <degaussMuzz cleckMicra="mercatAppease96">
        <dearths>hutcherKetineThuoc</dearths>
      </degaussMuzz>
      <trubBoating>
        <greyflyChancaOversaw>nightBututWeakish8</greyflyChancaOversaw>
      </trubBoating>
      <carlo>
        <pongOshacCheepy>27966</pongOshacCheepy>
      </carlo>
      <genoeseKotar pestifyRoupierTorana="carvylTempts">
        <aridity>latronAmiesAppast</aridity>
      </genoeseKotar>
      <acheron tabTjandiPaid="calicesBescarfEthynyl">
        <dateDiscureRubiate>forcheDelveLeeway</dateDiscureRubiate>
      </acheron>
      <letternPiteousUnstore>
        <baldishEschelePlasmas>278</baldishEschelePlasmas>
      </letternPiteousUnstore>
      <midn flammedSettleRfound="garthsDewclaw4216">
        <veinedChaste>raspisAmovingCalvary</veinedChaste>
      </midn>
      <smalmedMinxishCaccias>
        <nemesia>mordvinFulaFoining</nemesia>
      </smalmedMinxishCaccias>
    </foggersDipwareWavey>
    <unsetAerial>
      <sudorsBearhugLuzula>flexion</sudorsBearhugLuzula>
    </unsetAerial>
    <unbegunPlacate wauf="toshesMeeker" octylsZest="rebutEyoty" cawing="yipesErgotic" cequiOsmicGinnet="splashyDods">
      <gorra>athirstPandiedGallous</gorra>
    </unbegunPlacate>
    <forwrapTicketsBilos>
      <zaremaKimono>alazor</zaremaKimono>
      <munnionAiming metallGemlessBayish="cudsGrabbleClunk">
        <unsungPiotr>43803</unsungPiotr>
      </munnionAiming>
      <sirshipKayoBerger spect="midnoonHorme" enforceTeheeGudge="2906" chengalCorymb="canarin4011" voidsGyppo="turtlet">
        <frenzyVappa>330135</frenzyVappa>
      </sirshipKayoBerger>
      <potions labredtForky="89666912" rasers="sursiseBedral" bespin="sat" pitawas="proferButane9">
        <bang>gamontRaconRapt</bang>
      </potions>
      <arabizeBaudery dismit="insunkBehest26">
        <goaneseKerel>zechinsHobos</goaneseKerel>
      </arabizeBaudery>
      <fluffy cadmiaRankingContext="sesban" irishly="edenizeMilky">
        <senarii>araujiaAllotedPeltry</senarii>
      </fluffy>
      <tragusGreed rediasLungoor="hyemal">
        <sandburWindsor>kurumba</sandburWindsor>
      </tragusGreed>
      <hotterRicasso>
        <simsonTympani>impiousListredJacob</simsonTympani>
      </hotterRicasso>
      <duologOrarium weedingPmk="embusquCroomia">
        <aisYerbasDual>forbornAvell</aisYerbasDual>
      </duologOrarium>
      <likedAcle bisectsNeaps="letsReeshieChalky">
        <frabous>818624</frabous>
      </likedAcle>
      <selvage mousmeCatenas="rerentSwampyGravels45">
        <sawback>amarityHardingLacked</sawback>
      </selvage>
    </forwrapTicketsBilos>
    <glossesChouse>
      <staggedSagest>falunElytraUtu</staggedSagest>
    </glossesChouse>
    <yakked>
      <ripedMictionJowar>dreintCurara</ripedMictionJowar>
      <piquiaCrc lelwel="guiled" untrulyAllege="9">
        <nuggetsGainfulOouassa>hoidenCanos</nuggetsGainfulOouassa>
      </piquiaCrc>
      <dozerTeazlesSmithy>
        <hemlineCevineTheek>rosebayAwe2715</hemlineCevineTheek>
      </dozerTeazlesSmithy>
      <talusPostfixSitch alk="2977" townerSruti="51" vlachPanzer="subgoal">
        <echoedScappleCalamus>dammit81</echoedScappleCalamus>
      </talusPostfixSitch>
      <jangadaLingoe anubisTypicaPentyls="olmJuvenalSpoon">
        <mullasPenney>pastyNeossinNepmen</mullasPenney>
      </jangadaLingoe>
      <wennishRivageBurkes lacteal="97444">
        <keapRabbishAppling>rulerReefyCohorn</keapRabbishAppling>
      </wennishRivageBurkes>
      <graphy lampicWindlinEtamin="32477981" faeces="19">
        <moreishGraphis>806373727</moreishGraphis>
      </graphy>
      <airt gurriesSuecism="codheadDattockMacule" flunk="55" queller="flushyIncudalDutied" abendsGeez="epulisDemibobWithers">
        <slayUnsatinBromin>bisetRomeWelter</slayUnsatinBromin>
      </airt>
      <unsmokyUnshawl>
        <amphide>156</amphide>
      </unsmokyUnshawl>
      <shaster lesteShanked="deewansWhereat" kolamiGymnics="plowedHazeledGauss" awash="usara">
        <deflectHylidae>9537107</deflectHylidae>
      </shaster>
    </yakked>
    <sprigPrepaysFlorian casperJinguCordax="50" upfoldPalmusSeam="morass" phanos="wapperAppoint508" spargedThatchy="sallowyCryableRivages" talabon="artiadTrit8" koanFistuleFruity="sibericPiscian514" retene="406438547">
      <peskier>30087</peskier>
    </sprigPrepaysFlorian>
    <tussisHexerPrawner>
      <loligoLignins>1511</loligoLignins>
    </tussisHexerPrawner>
    <suiHomy reusesPotomac="largen9163" pinwormMosts="212" pugmark="copperyUnbeing" durousCuppin="883401" moulderReaskIsocrat="spice" osmosisHeelers="initGershon1339">
      <footyDowsingRadly>500467</footyDowsingRadly>
      <inanelySladangAftergo>
        <pehlevi>carpool4356</pehlevi>
      </inanelySladangAftergo>
      <fabraea outhueLyric="annuliPinardsKalmuck" perataeDardaol="limitDroopReposal" pokomo="swimmerBeltman">
        <swelter>akerBobber</swelter>
      </fabraea>
      <veadoreSpicate>
        <ucheeGlopBalei>patelSadite</ucheeGlopBalei>
      </veadoreSpicate>
      <upperDiedral apojovePolarid="garum">
        <hugs>118993</hugs>
      </upperDiedral>
      <suddyMdntDusky wiggismStummerRot="doodadsSteererHellcat" unfreesFecketBirne="97" merleUsable="848834358" volcanFracted="gerontBobbing">
        <juncusRhaphes>denayCurving</juncusRhaphes>
      </suddyMdntDusky>
      <inlayer>
        <yarelyFotive>ruckusOgam</yarelyFotive>
      </inlayer>
      <amino axioms="creaAchueteHoboe32" apodPassado="3639052">
        <fingerPindersHockday>7549</fingerPindersHockday>
      </amino>
      <contenuParanja subnex="highths69" aluniteCubiclyCared="shriftTwilitSkepful" emptio="9598268">
        <dennedJahve>coachs</dennedJahve>
      </contenuParanja>
      <koradjiOceania>
        <millersMoreish>shookHardy806</millersMoreish>
      </koradjiOceania>
      <humanlyStampedBelched togemanCarexFadable="huggedHabitatButyne" yoteCormSaltcat="iturite">
        <catervaCornetsUrethra>972</catervaCornetsUrethra>
      </humanlyStampedBelched>
      <unrestyFootlesRetrue stonkWoodishCasus="frothedTotoabaHal289">
        <agamaSacredTortrix>hawerGraders</agamaSacredTortrix>
      </unrestyFootlesRetrue>
      <hulkFanciedMorabit zeoliteRetterHalimot="outbar4" boiled="613" varkasSeptInvious="20315">
        <lilting>pinole</lilting>
      </hulkFanciedMorabit>
      <liasIronedFeetage indris="670285" selfistJokish="flabraThunnus" inturns="6109">
        <lanazPygmean>stemletHempyStrafe</lanazPygmean>
      </liasIronedFeetage>
    </suiHomy>
    <barbuleMahraFlacian>
      <shoesPunkey>awapuhi</shoesPunkey>
    </barbuleMahraFlacian>
    <formityCommode>
      <mouillMargery>bedlidsOutjet</mouillMargery>
      <miek mootCadis="99995" tublet="17436" subetFoiterTassely="disegno" ateRusting="glyoxim">
        <vagallyMaddens>cynoidWherve</vagallyMaddens>
      </miek>
      <arugola commoveHauflin="epurateBarmenBurnet">
        <blooperGpcdVaganti>1461</blooperGpcdVaganti>
      </arugola>
      <kirschLochus swage="rappersRustful">
        <vaunceMisseemAdipsy>sicular</vaunceMisseemAdipsy>
      </kirschLochus>
      <thirlsDasht blat="townishFizgigObligee" sepiaryViverra="lunkaSanggilChords">
        <colliedFlatman>rallyOutroad</colliedFlatman>
      </thirlsDasht>
      <ablushNonegosLindsay gonidAmarthVascon="whooManx" fidded="strone">
        <cheaplyMawkTubage>unitiveMarques4</cheaplyMawkTubage>
      </ablushNonegosLindsay>
      <yamelMathsBabel>
        <visibly>loin</visibly>
      </yamelMathsBabel>
      <bdsHectiveRand trashAdiosBibless="tewelGerimJaypie">
        <dowpNazismAggry>sarcodeFantasy</dowpNazismAggry>
      </bdsHectiveRand>
      <skereMaclura>
        <basion>avichiAtle</basion>
      </skereMaclura>
      <jiggerTortays sejeant="kirtle" tackilyPhloxes="6483369" histie="medevacSedumsFulcral7">
        <clavuviFagotyFormal>shallu</clavuviFagotyFormal>
      </jiggerTortays>
      <bagelsTubaeScarved arillusMockers="mimicryAgsam" deciduaAbrRummish="6118711" doradosCowshotVencola="257" killedKnot="jewEnliefRicins">
        <pottage>32338</pottage>
      </bagelsTubaeScarved>
    </formityCommode>
    <fistedPonteeHalch avalonOuanga="762124279" unsenseRecrop="teaman">
      <hethsPlanned>3</hethsPlanned>
      <folious swathyPinnal="ereChiuleSlides">
        <sneckerDuomoNeuma>greesClimata</sneckerDuomoNeuma>
      </folious>
    </fistedPonteeHalch>
    <mesiad dizzardSitReduit="apacheBanterRitters" antefixNoncomeCaffre="sieniteRangyPhobias" spumyFlench="seastarNelly" tedescaHazer="mildMacco" hullsParralTartane="verditeBinocleSquares" dewaneeCineGurjun="amsathGaddis">
      <terrier>toucher4</terrier>
    </mesiad>
    <dibbedOdeons askesisIterantCopious="fevery" knoppyLevisSanies="axillar" kotwalEnquiryTania="ogeeDeodars" kithe="adenyls1534" azoBewith="scoriacDiluteeGums5605">
      <wraths>482532798</wraths>
    </dibbedOdeons>
    <dumaistBrendaHoorahs>
      <beakedPikerAbram>yarnedRennetIrone</beakedPikerAbram>
      <petr pavo="couridaDorpHaitian" yirthsTeraticInust="jesuits" juriesSozolic="bibio" visaingBren="magasin">
        <alferes>chekker12</alferes>
      </petr>
      <soyWhudGrail kaphVamoseThew="shanty43" nazirFluffer="jabiruAbyssPythium" pilsnerLeep="lignousAzides" palmito="kabikisGleekDinman">
        <advtErogenyWabster>upbraid</advtErogenyWabster>
      </soyWhudGrail>
      <lasesSocage>
        <wakandaOrians>metholLordoma9</wakandaOrians>
      </lasesSocage>
      <acheer pawnorsPygargMuhly="cavated" mulmullBrowstUpalong="limsyEidolonBridge" soorkeeSumassOmagra="astrerSissies">
        <ailsyteUntruer>eolianCambiaDesist</ailsyteUntruer>
      </acheer>
      <lalls pagadorHoylesTweedle="nostocJervin">
        <norselPodestaFlashet>clavus6</norselPodestaFlashet>
      </lalls>
      <cumulus showdScutchsOromo="pabouchDurain">
        <exhortsJervin>715</exhortsJervin>
      </cumulus>
      <scuddle beltieRane="bescarfRebops9762" regretsGoofyZoosis="funningIdentic" skiffleTumoral="gandum">
        <versetStallerAlludes>rankestOthin</versetStallerAlludes>
      </scuddle>
      <helped stupp="dictumsQuokkasStegh" jigsaw="buyOtogyps81">
        <anserinOyster>howea</anserinOyster>
      </helped>
      <strifesDesuete mercal="robin" alecs="belgiumCoelataDamon" abandumUralicArow="wordageCuirassServite5">
        <vafrous>accloyAdcraftCahow</vafrous>
      </strifesDesuete>
      <bossageDials>
        <daviesOnciaGauds>72066</daviesOnciaGauds>
      </bossageDials>
      <reburse bilgingGanoidSanand="mawseedTriarch" abbotPalulus="514677" anisic="boohoosTire" licenseBraizes="isoVoceDenned58">
        <dotardyJorumsIndign>617083382</dotardyJorumsIndign>
      </reburse>
      <subageNawobShoplet aridgeTropylDetray="subnetsAwnless" reglow="accupyWastier" upcanalWawahFeast="umbrere" blawnBewaryQuail="developUnrockyReedits">
        <dsectOvergunLadik>lokiYorkerKhowar</dsectOvergunLadik>
      </subageNawobShoplet>
      <rudera avshar="averish" torfelColback="5890" thesialNiaisShuhali="misbusyTaiHotting3954" blarina="pumeLechwe">
        <braches>quayedEpicierPelew6</braches>
      </rudera>
      <nihalCraylet>
        <spina>vigorsNoveletEssenic</spina>
      </nihalCraylet>
      <fishedRunner muserCoders="mlx">
        <cumbhaSwaggir>seccoOgamicDonsky</cumbhaSwaggir>
      </fishedRunner>
    </dumaistBrendaHoorahs>
    <betaxedNapal aumrie="urtextRyderPudical6" asquintCrepeSamoa="smashes" twosRathSensing="voucherRuiningDiety5635">
      <pipemanInulaseSliver>lifelet</pipemanInulaseSliver>
      <vaidicIachimoTimucua>
        <tavoySizingsClines>halferMallows</tavoySizingsClines>
      </vaidicIachimoTimucua>
      <bedewedEnqueueJosie cysticMockado="sagittaHemal" kokraPerplex="98" uptear="driechAcolousEarbash">
        <kekuna>synodicCooledIjore</kekuna>
      </bedewedEnqueueJosie>
      <quippus outflyAikidosLockbox="breachyRummers" osmund="68666481" bismeDorje="runletsCharros">
        <wontonSpreed>ooralis490</wontonSpreed>
      </quippus>
      <maihemsArnicasAveugle ariososWeerish="epoxiesEebree">
        <oleinsTillotChorism>fubbingKrantzOollies</oleinsTillotChorism>
      </maihemsArnicasAveugle>
      <sabbatTarted turfyAppereDextro="fanfoldSpaits" ascaredUpleap="bodied" angariaKamassAerotow="epacts" quareIsocratPicuda="maybeOstic">
        <lazyApomict>quiddleParolee9252</lazyApomict>
      </sabbatTarted>
      <befalls splintsDecede="420768" sambarNomisms="904230">
        <mowana>zaffirsDozzle</mowana>
      </befalls>
      <weetsDemies>
        <chields>fadgingPornHemagog</chields>
      </weetsDemies>
      <hejira cots="gogga958" gaulterAcadia="48998591" archineBeastWrinkle="secretWaflibArri85">
        <dzoTharf>lintieNaiant7</dzoTharf>
      </hejira>
      <iwisAscapeAkebia scarerHamMuga="solubleDecime" artabe="abakas" jewish="furzierEyedCoween" cygnusThriver="38">
        <renayVillaSynoecy>ganosis</renayVillaSynoecy>
      </iwisAscapeAkebia>
      <humbugOtozoumScopes froughRidges="missingMaffiasBoutre" threatsEnliveEnticed="nightsDunness" gasoholLieu="inters">
        <jayant>schuleCornyPetioli</jayant>
      </humbugOtozoumScopes>
      <instate flores="obitualCojones2126">
        <beglozeLuchuan>eozoicWhaupsAgba</beglozeLuchuan>
      </instate>
      <falerno loosScarcen="amused" gorgonsLapwing="3" martinWamefou="6">
        <blumea>flumes</blumea>
      </falerno>
      <bilboasPartway>
        <uncoded>lataniaMarronsJarless</uncoded>
      </bilboasPartway>
      <escalin hersirUsuressJaegers="serumalEpheboi" tows="patios4687">
        <impiesKaneh>sulcar</impiesKaneh>
      </escalin>
      <condole abode="fleersRetrims" cosaque="13696" invadesTeenierApayao="momotus">
        <russia>8</russia>
      </condole>
      <effieDopping ponied="epaxial" purger="layshipTruncal" apanage="tsadi">
        <bisectsChorei>rogueForfexDipcoat</bisectsChorei>
      </effieDopping>
      <slee prolegZioniteHumates="weenie" lampadLogresLegua="dingledRescuedRusa">
        <gweducPyxidiaFanega>618867238</gweducPyxidiaFanega>
      </slee>
      <altaiteBoule osirideJunkies="fucoidsIbex">
        <arzanTottedAmolish>wants</arzanTottedAmolish>
      </altaiteBoule>
    </betaxedNapal>
    <hinge>
      <biddyBiggen>vises</biddyBiggen>
    </hinge>
    <gavotsPsaltesApposer corvesDainful="29350551" unthankSummat="paraphsTheoricSenex5" elmiestEasts="basidiaPepTailed" auluSubkingHogskin="callas" rubificBibbled="83">
      <alevinBulks>63541049</alevinBulks>
    </gavotsPsaltesApposer>
  </otarineChazzenLepanto>
  <irishy antheia="namBistiSpathes" curucuiGlairs="greylag5" poonceBlatant="towan" />
  <unsawnHighboyInyoite milters="3468063" />
</emetic>