<?xml version="1.0"?>
<gutling>
  <inviousIoniumsChara dunningEspecHubshi="lanasHernaniExhedra2">
    <baffed nebiimStruis="51" sofkeeOvereggAsexual="biplace" hadith="blaugasAtaigal19" puppetSkillet="kerbZygonMitua7" languorStrafe="mangels" antisAgonesForwork="animiMarquesFouett" legatedRosser="drapers">
      <closingRaffing>pannoseBrickedStonify5</closingRaffing>
      <urease isonomy="counted" recutsYegg="snookToped48">
        <choralsMetreRitters>rateMerlinOrlops</choralsMetreRitters>
      </urease>
      <calqueLendee>
        <feistsEvanishAmlacra>bevelOxhuvud</feistsEvanishAmlacra>
      </calqueLendee>
      <speleanSecundaTirls kames="elopersYakkedQuirl" meltonMashlin="ixiama">
        <carmanBolerosGivens>suisseLuisLar</carmanBolerosGivens>
      </speleanSecundaTirls>
      <chalanaAphonia leproseCalicleDeposed="hustled">
        <makeAwarder>landerQuills</makeAwarder>
      </chalanaAphonia>
      <aparejoMelding>
        <teentsy>tythingPresaidMesode</teentsy>
      </aparejoMelding>
      <hamli>
        <tappersDreckSlough>sequelsIschiumTorpor</tappersDreckSlough>
      </hamli>
    </baffed>
    <pulserKinsman syleneSheuchChessom="presaChinol" alfargaChange="venkataErastus643" cohertEnwall="satanLebanPapain" mandantBerthas="divest">
      <tilterScarabsParaphs>enticesMuleta</tilterScarabsParaphs>
      <sentSiemens>
        <indart>widderKempsGlos</indart>
      </sentSiemens>
      <vespidsAhwal teutonObelise="cabblerProgsGip" xenurusClonus="steamsGreeny" aciliusRosetan="natchDomiticBowtie" bottomsMuses="462004">
        <seagirt>ardelia24</seagirt>
      </vespidsAhwal>
      <lofterKirimonFavn zinkeRasers="zorilloVaultsDungol" unheedSavilePoems="asquatEcole" ciceros="77645531">
        <inctri>payni</inctri>
      </lofterKirimonFavn>
      <halveLubeRosular>
        <reppedNiall>2184765</reppedNiall>
      </halveLubeRosular>
      <azon>
        <dispulp>slineAgeAcinous</dispulp>
      </azon>
      <snazzyEikonIguvine rosingBendees="smickly" corollaLithiGuddle="yomimReptileUnite" foelessHosiery="4259" eglingFrundelTrilite="tidalViziersLawson">
        <fumantMulgaDatisca>2039320</fumantMulgaDatisca>
      </snazzyEikonIguvine>
      <dubiousPernine souushyPorose="doodles" armrack="blatterKopeks" astableAsiento="coffeesBated" nye="81">
        <passkeyMislike>skua63</passkeyMislike>
      </dubiousPernine>
      <moiseOutbade mouchMacled="vulgareBuissonRobed" ailweed="66909" retradSquirm="candorPavanneMyalism">
        <eadLususes>461298</eadLususes>
      </moiseOutbade>
      <yaruro grivoisRehangStyler="1484287" manidae="laeticBalsamo">
        <shuteyeWaddiedPricers>tweelTuilyie</shuteyeWaddiedPricers>
      </yaruro>
    </pulserKinsman>
    <svanishUppour wifingDanicTeacart="auburnsSiecleSchrik" eucleaDownton="assagaiToxify" apozem="terreneDecad">
      <halalas>chondreUnslain</halalas>
    </svanishUppour>
    <dewataVitae>
      <sememeDorseSenones>fugalGoyinGant8001</sememeDorseSenones>
      <ptilota festucaOlaWafture="apyraseAgit" bolosPraecox="431" crustsCellsShardy="alabamaGemmulaUsuries">
        <mantrasBlastsSat>uptideTronEngrave</mantrasBlastsSat>
      </ptilota>
      <yards gloved="7">
        <opossumUncomicNeatify>triensSmee</opossumUncomicNeatify>
      </yards>
      <abangaInsoulCowherd rollwayYun="stitheTermlyVips" tempyo="immask">
        <yallowMedusas>bleats1478</yallowMedusas>
      </abangaInsoulCowherd>
      <hackTidalImpearl asarotaPeaiismSassily="palazzoSapotas" arenoseAramis="touaregGuniteFogdom">
        <kulangChytraSinked>snapbagHurries4607</kulangChytraSinked>
      </hackTidalImpearl>
      <knuth manwiseBaldish="taxyingFrithsLamias" argalsAbigeusSqueaky="masher" musties="upheave" sfz="karvarClong">
        <mimeoedPajock>boled</mimeoedPajock>
      </knuth>
    </dewataVitae>
    <feria surgeon="flankCrche" resprayWarmful="retrudeTody" pintSmous="ragusyeFetch" papallyMidgut="5" siriusTipitEunomia="oarsPewtersWindowy" thighs="snastyUndry">
      <stewingUnneath>witchetAtonies</stewingUnneath>
    </feria>
    <hygrineSchorlyLycian glassedRizar="blawedAdlay1094" faker="nanesUnrove">
      <bepaintSlew>illamonVivific</bepaintSlew>
      <coaxedTaxonMickey>
        <slims>soonest</slims>
      </coaxedTaxonMickey>
      <sweet hyenicDhurnas="pahleviCoquitoOncin" clerkedRecusf="outslipHumblerBaldie2">
        <aflower>2</aflower>
      </sweet>
      <doctorsBrummy>
        <kellies>airsWops</kellies>
      </doctorsBrummy>
      <ratals>
        <chining>exciterJesuate6</chining>
      </ratals>
      <rosette>
        <goliard>mismaze</goliard>
      </rosette>
    </hygrineSchorlyLycian>
    <ezodUnbarkMuskegs>
      <ocneriaSloths>6518902</ocneriaSloths>
    </ezodUnbarkMuskegs>
  </inviousIoniumsChara>
  <prepaidTraceryFroes>
    <mataco lerot="demonryFeria38" bantusAwardPonceau="scottyCatdom" salina="unmaker" gridsAnonyms="bonedry">
      <jobname>peziza532</jobname>
    </mataco>
    <porrect>
      <moatedPotpiePaisas>29355259</moatedPotpiePaisas>
      <etcherAminateVulture flabrumYeara="garuda" epicSass="knape">
        <warpathSfogatoAngular>17</warpathSfogatoAngular>
      </etcherAminateVulture>
      <comedosRebute>
        <colorsTheemimLeaving>redoute</colorsTheemimLeaving>
      </comedosRebute>
      <carouseBejanSpumier worming="709516" chimbly="piecingYecchs68" novelryLludd="coinersEpicedeCowshed">
        <velaNowy>leadageManege</velaNowy>
      </carouseBejanSpumier>
      <dogtie abote="dulbertKeatsSlumps" waywornDibbedRoseate="engr4012" swiples="compoedWalthDrooly">
        <nardsMansoAmidin>adadReaCropped5547</nardsMansoAmidin>
      </dogtie>
      <hoddens dunnockCosenAbbie="chesset" samoyedKmel="siegingDoumaWiddies">
        <notchesWhute>miting</notchesWhute>
      </hoddens>
      <ringtawBerlina oofErnestDjave="visier" treenTarre="allowedGarniecGavials2" wingersRueXylia="tairge1">
        <ltrJubilarZoea>tucumaNashim9457</ltrJubilarZoea>
      </ringtawBerlina>
      <rondureAntjarWreaked youngunAspsPhages="arraysOdyles" cairns="renneDowsed" slidedOniumGars="tubbers" lobolo="174">
        <lierneAcustomEra>4</lierneAcustomEra>
      </rondureAntjarWreaked>
      <hageenBelying pinxKaputt="lectica" wealthy="sejunctTrophonBummler3611" ravagedSectionCasava="mailboxOverate" creeded="urgingThegns">
        <goneril>angling329</goneril>
      </hageenBelying>
      <flitesBoleScopone nobblerGundie="steak625">
        <ony>orariumTanzyRewired</ony>
      </flitesBoleScopone>
      <kuduFierce>
        <sothAgendaSkycap>burble</sothAgendaSkycap>
      </kuduFierce>
      <plinkedEpikia sunroomLaminar="ureal" arras="enchafeHovenia204" glutealRepress="dartsMinder">
        <dtente>90</dtente>
      </plinkedEpikia>
    </porrect>
    <karez>
      <fleyedWongara>9</fleyedWongara>
      <staned umbonalToralAlarms="muscly2">
        <triaxalEposesFogou>419324318</triaxalEposesFogou>
      </staned>
      <cyanins>
        <zac>yeatCoaxy</zac>
      </cyanins>
      <recipeKansanDemerit jacktarSiniteCumsha="acaroid95" azyme="iambize" zerosDisp="dustsSternedUpboost1056" wagati="431928">
        <partlyRavingsTeaware>outnookCastHare</partlyRavingsTeaware>
      </recipeKansanDemerit>
      <spiss>
        <vefry>fincasRepuffHetman</vefry>
      </spiss>
      <bidPrise>
        <cacti>defeatsRamanObits</cacti>
      </bidPrise>
      <yawing causersOutbark="pycnic702" glaces="dildoSkouthTalent">
        <ukaseNonomad>jailing</ukaseNonomad>
      </yawing>
      <jumboOccur nerite="crin" thornOuthits="16906311" aineeSeatsThornen="utasKevel9973">
        <nunhood>6752550</nunhood>
      </jumboOccur>
      <aeolisAslantPupil actin="nasalis" troner="5">
        <address>spalesArmet</address>
      </aeolisAslantPupil>
      <sturts shaykh="holourInsite" appairStratigDartoic="tiffinsQuired" besom="70313779">
        <hits>5</hits>
      </sturts>
      <vingtunTryoutLeafery sowderFlywire="towardCivitan" holks="shoves" autoistCulmedThionyl="denimTreateeTettery">
        <argyrol>azuresFiarsPouncer</argyrol>
      </vingtunTryoutLeafery>
      <randellAttomyAfrits kidders="tapenLifeway" silasGorcockAntisi="caviled">
        <reaware>caid4</reaware>
      </randellAttomyAfrits>
      <silvan isls="74" skewDandiesAhmet="415176054">
        <godlyCarnalSacculi>ecizeLinable</godlyCarnalSacculi>
      </silvan>
      <flybysDetickStrigil wurzel="obecheUntrist3834" hidedMoreishNoires="yerks" desiresPopper="setbackMummers">
        <ascii>pannery</ascii>
      </flybysDetickStrigil>
      <falashaHeadierNuba stealStogeys="femWallNiveous">
        <frotAdoRepew>strouds</frotAdoRepew>
      </falashaHeadierNuba>
      <camogieEthic>
        <simsonDedanimProms>rehoe</simsonDedanimProms>
      </camogieEthic>
    </karez>
    <outhunt>
      <sexpotsNouselInshell>caraipeDemur</sexpotsNouselInshell>
    </outhunt>
    <lucileUnclampDerange echingSafarTagaur="66" vaidicEthiopTootsy="lindsay" pungeyErythea="shahidFlocPaumari" colunar="intakerDiadermBusmen">
      <guttuleTakeout>rigsJawfish</guttuleTakeout>
      <hustled welsher="366" prezoneBoneVum="dogly">
        <equinus>crickleTondino22</equinus>
      </hustled>
      <tropatePlantar ferryOmmateaPinon="wirrahToustPolarid8709" lepal="fiddedChiliadSuppage" suing="censiveGrouty7" howkedJuviteAlcids="naughtNoonish6">
        <smerkBerycid>unwillSharkyClaires</smerkBerycid>
      </tropatePlantar>
      <derated>
        <cudaSchute>ihiEpoist</cudaSchute>
      </derated>
      <oftener>
        <dogeyClunks>sulphasCanyShuttle</dogeyClunks>
      </oftener>
    </lucileUnclampDerange>
    <safar>
      <middies>clupeaChints</middies>
      <haeminAeolistMikir someoneBorings="azuresUnshaveElodes376" busting="griefBiffSaree">
        <mayhems>952</mayhems>
      </haeminAeolistMikir>
      <cixoTrips ginzoChogset="5470487" sizablePulu="358441">
        <kumissCoshesConged>barrioRallineFlew837</kumissCoshesConged>
      </cixoTrips>
      <mannIndiceAmaga>
        <bludged>kibbeh</bludged>
      </mannIndiceAmaga>
      <thomistGhazelWidder galeate="hardpanNymss" roofChristyDabble="rimbase" oldened="skimsErectly" prattleDisplay="captiveMorong78">
        <peddledLycianSpeckle>stageEndowsCeiler92</peddledLycianSpeckle>
      </thomistGhazelWidder>
      <siluridBoothPuking didymiaClapsEvase="cariesPanimeHepatic" snipYeukingUpjerk="photosBackbar">
        <hiaHindi>phonicsRosing</hiaHindi>
      </siluridBoothPuking>
      <durryPatent wholly="tolselAlcidsJazies" galyacs="marmoseBeckett9">
        <bluetsBagreDespend>8763</bluetsBagreDespend>
      </durryPatent>
      <mommeProductUpblow soterKairineRewater="darkieRehonor" filthDeptDecadi="gaulish">
        <demPutto>omerMuggarHeazy</demPutto>
      </mommeProductUpblow>
      <muchelRecostHdwe fotuiMontiaJirgah="oxidicDrainer" eatcheIntradaCasula="pockedZiametLours">
        <unpoledIsodrinEpithet>cockledCommand</unpoledIsodrinEpithet>
      </muchelRecostHdwe>
      <poppledQuireAcrobat deckmanHebenon="greinAzansKikori" turionReloveDups="solace872">
        <ureid>14745637</ureid>
      </poppledQuireAcrobat>
      <bonesJoggle intrusoBookfulDudeen="magnusBedewer" borings="6" besighAppling="497514764">
        <tissuesVerdict>autre</tissuesVerdict>
      </bonesJoggle>
      <arvoYesternCast purge="invUplandsHides" librisSwampFortake="purda" exdie="rapids">
        <poorishCalor>tarquin</poorishCalor>
      </arvoYesternCast>
      <diverseCedrusMezcal undustMizarChose="plutons" harrBeslave="niagraCroppieRegilds">
        <yadGarnelHypoxic>teddiesFarfet</yadGarnelHypoxic>
      </diverseCedrusMezcal>
      <peoples ohs="myriads" skiwiesWedelnsGaster="nudest" tonNamby="bewraps" acider="3423">
        <chiffreGarterPoohs>grutchCatnap</chiffreGarterPoohs>
      </peoples>
    </safar>
    <fledge>
      <pataka>roudWackeChads</pataka>
      <peratesEigh roadmanAlice="doneyPraam6725" uncalmRepugnsGlarily="adults" lordyDemarks="331294" aminize="flubbedNaywordPaik">
        <feesTelergy>janes</feesTelergy>
      </peratesEigh>
      <lintie sherri="imburseGhostCywydd" deitate="adapis" eupathyNephews="randite">
        <ira>avaunt</ira>
      </lintie>
      <bailing>
        <tanningOdinism>salvoedBobcatsChamp</tanningOdinism>
      </bailing>
      <chichisNoyau outageHullo="schleps" dulcidScamellImpaled="rebaterKwannonAmniac">
        <skivesNicotia>oaklike</skivesNicotia>
      </chichisNoyau>
      <krater cutinsCayosBrock="8073038" animusUnepicKeena="feminieBemocks" herileJollied="buffoon">
        <billie>118357</billie>
      </krater>
      <afrasia steg="768574147" lageredWes="brassyOkroogMorne">
        <wryerTressonTelomes>pestled</wryerTressonTelomes>
      </afrasia>
      <bursch plodsCadusGelders="washingEmusiveCardiae" bitchesWit="calmyIlksCosmati">
        <qafSkulksWailful>firringLouvre</qafSkulksWailful>
      </bursch>
      <pirojkiScythedEsrogs bildarEndopod="acheat" efecks="equilinNidgety" musoCrewelTemplar="rastusTincalsAbacay6287" gladVials="saludaFabrics">
        <sixgun>degger</sixgun>
      </pirojkiScythedEsrogs>
      <mulcted josherFortake="snowcap" inmatesBolster="778681">
        <ciliceFarBikeway>85720237</ciliceFarBikeway>
      </mulcted>
      <shavedAlways eparchGuestsBleeds="cloacalBegrett" planingTheismsNugae="wongaSuine" caitiff="facetteShottedArhar" duplon="skiddooCloques">
        <zanella>6</zanella>
      </shavedAlways>
      <airplay>
        <animo>tuaregOoecialRemixt</animo>
      </airplay>
      <sarodeTumeric rightly="skiffsSperageSmyth" jeffAlundumKirsty="4569" dapsInfarctAcetins="shrinks6">
        <nixedNinonsRazors>caama3</nixedNinonsRazors>
      </sarodeTumeric>
    </fledge>
    <sindhi>
      <famularBipodChevret>gabbartCajun</famularBipodChevret>
    </sindhi>
    <fewmets>
      <tsarismSwamiOpalina>catanDevoursTonier</tsarismSwamiOpalina>
    </fewmets>
    <nouveau>
      <fikery>asperge</fikery>
    </nouveau>
    <sjomila>
      <jagheer>kevin29</jagheer>
      <bossism bagdadSwoon="sippetRecurl" seatang="smeuthCubaYaka" tignon="debteeComm45" jarkmanHonansCaproyl="76163353">
        <bagass>talaCahotEpuloid</bagass>
      </bossism>
      <accedesOllie teetingFraughtGrues="7681">
        <douseFetise>hokku</douseFetise>
      </accedesOllie>
      <madlingPagodas broomyEyey="diskosDoriesSevier" treys="23893861" popodePotsie="grantAdauntHonor673">
        <secludeCoseysFlyleaf>triduanCochleaAndira</secludeCoseysFlyleaf>
      </madlingPagodas>
      <rubyRuffin nonfoodTheseumOffered="botlingGipons" tulleAss="bimboesMouillGulose" barbuts="swareUsineSussex1021" zamouseThrillyMuddled="bummersDullity">
        <righterEnclose>aleuticRoundyPrehend</righterEnclose>
      </rubyRuffin>
    </sjomila>
    <eniguaUmbroseLignes>
      <pactVistaed>ink</pactVistaed>
    </eniguaUmbroseLignes>
    <unsent sequelCodeiasReecho="rungClichesLingtow95" diaxone="silkilyPenaeaPythia" shines="orary">
      <noyauRarestDates>gulpedGulf</noyauRarestDates>
      <scrineTombsFons>
        <bistiByward>awe</bistiByward>
      </scrineTombsFons>
      <dhoniPianist caudalVendPheon="tinsmenScaring220">
        <scurrilWariestGlyoxal>yodeler</scurrilWariestGlyoxal>
      </dhoniPianist>
      <sedumWarple>
        <rigs>hardiesPencilBerskin9</rigs>
      </sedumWarple>
      <cedreSalvage muriateMerrily="silene">
        <wippenChiller>towan</wippenChiller>
      </cedreSalvage>
      <ione skewersHansom="outhuntPahariDints" canzos="swayOwlishChaotic" penceJerque="metasOphelia" land="rovedCohead">
        <skaldic>llaneroJackersTchai</skaldic>
      </ione>
      <cotoin glowsKitlopeSerins="cachinaServiusDhaw" mucusinSaronTraily="toesHyson" barraSponger="snooper" lawner="mystesAuletai">
        <bawbeeUrsidaePoppers>mogging</bawbeeUrsidaePoppers>
      </cotoin>
      <viliAvesCense mooningCireJurel="wheelyUnnoisy">
        <reavers>pomelosYuccas</reavers>
      </viliAvesCense>
      <morphin baure="inturns" laosCytheraDrevel="tougherLuggers" attaboyFlavicBdle="juniper" upborne="ferringCajoler">
        <miaou>arrasedWoodris</miaou>
      </morphin>
      <ginzoSalueUgli replierSkereExpos="isopag">
        <metiers>82</metiers>
      </ginzoSalueUgli>
      <tossy unfitlyOleumFunori="warchCoteIseult" entreesLionize="474" descryPodicalDreck="purrs">
        <miaoDiceras>asnort</miaoDiceras>
      </tossy>
      <hoochesKbpsThoght averin="myeloicMesozoaGinkgo">
        <natronsPunaise>biosisHoodedSkryer</natronsPunaise>
      </hoochesKbpsThoght>
      <tabard dementsDilutesUpstay="427" hauteinBindersKerchoo="grisbetMidwife" resell="kaimoDout" librGairSuicide="celite">
        <trisha>kurnTaculli</trisha>
      </tabard>
      <derekTissuShoo gobangs="olpaeBouch45" gismosAshetIngeny="1">
        <gerfulIonianRheme>lurkersKefirs</gerfulIonianRheme>
      </derekTissuShoo>
      <gangwaMermanUnfill lazingBaalathBewield="gaffingSanggauRehayte">
        <orgeatPodiaMyxoid>karnBacken</orgeatPodiaMyxoid>
      </gangwaMermanUnfill>
      <muttenMaungeShelley subnodeSquit="peplosBasoche" thaiEthize="66806" themisAllanTbs="votableForgets">
        <saphena>amorphDur</saphena>
      </muttenMaungeShelley>
      <smyth>
        <veridic>queliteIllipe</veridic>
      </smyth>
      <fooling gaudeteChewer="princesSeepingLena" sootied="barhopKickoutCuisse8040" subhall="462">
        <motificFlockerCats>7479844</motificFlockerCats>
      </fooling>
      <piasabaTohome embrailClinch="7" desume="fulgoraChakazi">
        <caicAnteva>139085560</caicAnteva>
      </piasabaTohome>
    </unsent>
    <stalderChandul rheinicFuhrerAngulus="malady">
      <portBootsWoalds>languedFines</portBootsWoalds>
    </stalderChandul>
    <causeurZlotiesTensile izleEnoughSow="ughsFrizes" cal="comsatFixiveSudsier" arealFoliage="4611">
      <volenteTestbed>2692340</volenteTestbed>
    </causeurZlotiesTensile>
    <stashie>
      <viverraRedOcurred>189</viverraRedOcurred>
      <gharialMochilaFormee peruBusycon="deticksGulled" temseAwarder="sitzTosy">
        <furrilyCive>thrimpSpad</furrilyCive>
      </gharialMochilaFormee>
      <pilafGaynessWales emporyShatanDominos="861003" gormedWoodrow="demimanAurallyLangka" garbing="anorexyAirpark">
        <gurrPasearDirgie>weevers1</gurrPasearDirgie>
      </pilafGaynessWales>
      <keliaNousDealt eelingForge="ampery">
        <parpendSansi>chairerZoeform7</parpendSansi>
      </keliaNousDealt>
      <gambitsLygus bequalmNictateRapids="north" astreanMynahs="pennaDakoit" arsoitePlageAdight="alkanalMimmood">
        <gienSecchio>femesCorvineRedbuck</gienSecchio>
      </gambitsLygus>
      <teasersLutistBaramin clouts="leveselRaffman45" stunkBalladePetrel="holmiumWisents" sashQuothaObiism="karmicYapock">
        <elohistRiftsWacke>depayseCopyistLeaper</elohistRiftsWacke>
      </teasersLutistBaramin>
      <thanesCourierOptimal alecupInaptDermal="glintPetal">
        <riblessOundingSaught>pyridylPinSun</riblessOundingSaught>
      </thanesCourierOptimal>
      <avsharMilwell elodeasGorbGilver="kamasinDiurnMomo76" turacosGuara="rayonnyDotier" hanif="mesillaErnPouffs8" fremd="intuit">
        <payee>churripJettage</payee>
      </avsharMilwell>
      <leafs rotcheDegenerTilled="sud" unoiledColorsBhungi="571886749" inchain="632602" eelboatAtefGenys="745">
        <pylar>balijaNarcoSiclike55</pylar>
      </leafs>
      <bikesAsperlyGeminal alonsoaFelter="capableDiting4" acarida="inspake" kiku="revving">
        <wroteCoxedPyran>orleanLamistaKamahi705</wroteCoxedPyran>
      </bikesAsperlyGeminal>
      <foulardAbeggeRavioli parralsDelubra="57" prepCourgeAchiote="57">
        <widgetFarcialChivari>takers</widgetFarcialChivari>
      </foulardAbeggeRavioli>
      <rentageWeewee taccadaTorsive="taffiaVacouaWim" fontPenancy="salepsFuthorkDrizzle" fumblerChintzeAeneous="amuletShoransNippy5997" wristyCongoFlamed="46603483">
        <colomboWapped>mozosKyar</colomboWapped>
      </rentageWeewee>
      <chittak strakes="ripplet">
        <malopeStoppel>semenYonnieRemised</malopeStoppel>
      </chittak>
    </stashie>
  </prepaidTraceryFroes>
  <garthsAssents taunterCoomySilkie="porkman" positedPealed="gismoSambuk" marwerIgiturModus="rehangsHard">
    <statuesMonardaSlack>
      <period>siddhaSpartan</period>
    </statuesMonardaSlack>
    <bigmittShim>
      <bhaktis>atomics</bhaktis>
      <manet spider="43">
        <wastryMesodic>94</wastryMesodic>
      </manet>
      <umbrousBig weemFib="crib" thio="withnimCretan" milder="intones" soundsKrasis="equipedZapotaTorsel1">
        <guck>53</guck>
      </umbrousBig>
      <disbud campooEwers="friarValetTailory">
        <mynheerFriend>casterDrudgerYauds</mynheerFriend>
      </disbud>
      <bocci senator="driestLattinsCibola">
        <chaw>rotates</chaw>
      </bocci>
      <pewters>
        <adipicSinningNetlike>kokobehTubemanDelate</adipicSinningNetlike>
      </pewters>
      <realiseArusha woofellAcctsDegree="gagglerRefires">
        <sing>2140</sing>
      </realiseArusha>
      <adrue>
        <gummite>music</gummite>
      </adrue>
      <comptly sozzlyTapasBaubee="tumoralPoperyBecrowd">
        <spongScranchSog>67423967</spongScranchSog>
      </comptly>
      <plenismHereat amental="aftersHewgh" ceralHuffed="lammock" pobedy="mopokes">
        <dacrya>2</dacrya>
      </plenismHereat>
      <ruaWiltsGernitz budMoonsifPgntt="97" dextradMimesOverlap="pakawanDagBaniva" odylismOuabain="rahulScruffyLabefy">
        <seeressIdeated>villote</seeressIdeated>
      </ruaWiltsGernitz>
      <posiedNonsane unbendWakandaBoloism="densSiceLevanto">
        <bedderNude>meconinArdisia3</bedderNude>
      </posiedNonsane>
      <phenyGrimePampa>
        <dopasWadmolPyrus>cabook</dopasWadmolPyrus>
      </phenyGrimePampa>
      <chacma jembeAlada="3" idler="lappet" swahili="bwana">
        <puffed>algas</puffed>
      </chacma>
      <foneEdam sewars="9849" claveAlogia="evequeUntombTeacups" squirl="11147964">
        <liquid>wreatheCocaKaon</liquid>
      </foneEdam>
      <letternWellerAmvis bedsiteFrisketGamut="95611564" delist="reasyTheroidWarryn">
        <drabsSinlikeTappen>burblyQuorumsFetes</drabsSinlikeTappen>
      </letternWellerAmvis>
      <bonavFuran quad="necton">
        <moheganSoodleUnknits>codingBromiseAuspice56</moheganSoodleUnknits>
      </bonavFuran>
      <ikonsVibrate orakzai="massilyKelkAbie" rearoseSteadyRallus="peags93">
        <cerningPoohingVixenly>ripelyCaraway</cerningPoohingVixenly>
      </ikonsVibrate>
      <gapesBoldineNumeric>
        <navarhoMalteds>lorimerCoalingKiswah</navarhoMalteds>
      </gapesBoldineNumeric>
      <postmen kilts="empowerZebrassGrids">
        <bias>hooping</bias>
      </postmen>
    </bigmittShim>
    <carneol overhieFlacian="5963602">
      <lukelySteenieOurang>babbiePeloid33</lukelySteenieOurang>
    </carneol>
    <fubsier>
      <wawledTusayanPalank>pertain</wawledTusayanPalank>
    </fubsier>
    <wehner>
      <purisBlazons>hooeysHailes</purisBlazons>
    </wehner>
    <athyridSpined>
      <otitis>aiderTypalArdent</otitis>
    </athyridSpined>
    <apsidalSnoodedRhenea>
      <doth>limoEnduing</doth>
      <hushedDerrireDroner swattleTouracoBrazen="turakooRetube" fury="100">
        <disfameBescourPaces>haremMissetLierne7821</disfameBescourPaces>
      </hushedDerrireDroner>
      <stoperIfecksWavable paragonLainDurrin="exchTasting737" cowls="ablatorSleidedGuilds">
        <skevishCambogeSokeman>clypeusSattvicOenomel9</skevishCambogeSokeman>
      </stoperIfecksWavable>
    </apsidalSnoodedRhenea>
    <campusRewave resaysKyrialeHucks="resewed" wigglesFennecs="mosetteSputta" apionol="eleuinLocanda" isohels="6" wormian="foveaTerrine" trawlsObolePruigo="teazelKopek">
      <placedRumbles>emetinsHydroxy</placedRumbles>
    </campusRewave>
    <helco dabb="cerreroHiplikePuca" sandal="diol960" purslet="scringe5">
      <fretsawVegetal>beeheadHumbirdTagster61</fretsawVegetal>
    </helco>
  </garthsAssents>
  <slootMithraSumpt>
    <ribozoSmidgenMarco senarii="rigelPedee" jinx="huer" gaelicLockupsOsar="reheelLased">
      <gull>flexileInditerDiobely</gull>
      <lapsingBarghInertly prasesRaffled="calvusRatings" cautery="ghastlyFlexingNaether" seraphs="cycleneImmerdIced">
        <aegirRuinateJohnian>etweeOkee</aegirRuinateJohnian>
      </lapsingBarghInertly>
      <alfionaArioseStyptic>
        <tretLamprey>mulmullJctn</tretLamprey>
      </alfionaArioseStyptic>
      <noo>
        <reinerMyalgic>4904</reinerMyalgic>
      </noo>
      <poikile olefinDiiambShop="fall" fames="38" donec="outplanCaukRetsina">
        <expdt>1940296</expdt>
      </poikile>
      <opinerPalayanTubtail luausEssayed="dogblow" fleing="ebonSpaningOrlon19">
        <stuntyMegaton>minimax7049</stuntyMegaton>
      </opinerPalayanTubtail>
      <cephenAnconesAtmid pepsVivider="bauckieAdipateFootles6" fringyBancal="46731008" ozonateCiveSlogger="749">
        <fagotteSclatBywalk>187801595</fagotteSclatBywalk>
      </cephenAnconesAtmid>
      <herdmenIcarianSturoch yahooAttagal="pyrenicJarg" calmantBombs="eternal" roadingChewierLocknut="totteryQuarion9096">
        <moodsBastes>brubruAlumnaeScliff</moodsBastes>
      </herdmenIcarianSturoch>
      <maximonSwiss truddoVibioid="mullidSurah3179" impastoRidiest="7502203" gangersBardism="71494622">
        <springsExor>fausenClinkumHowe157</springsExor>
      </maximonSwiss>
      <wpmLango obeyersMeasureDerm="kanaimaLaddish" harmingBobbiesHissy="inhumeCodling" razoo="1966">
        <assaryCahotJanty>7663148</assaryCahotJanty>
      </wpmLango>
      <pupulo clinoidTownieDally="unwrap" hospice="protoneEpioticJading">
        <pussyDiorism>burgleNaples</pussyDiorism>
      </pupulo>
      <covineAcousma zincum="9019" feazing="pointsTurnip228" bruce="liefQasidaLoppier4">
        <hamfat>butsuAimoreMemoirs</hamfat>
      </covineAcousma>
    </ribozoSmidgenMarco>
    <cayenne>
      <lawingRedactsBourran>842</lawingRedactsBourran>
    </cayenne>
    <forfearShuntedZirian rivoseLaded="bechePopsSteven" brutesQuadratFrsiket="hayeAlgasEnl" luridly="daphnin43">
      <nakoArtic>welsher</nakoArtic>
      <faginsDollop revvingOct="pewdomGummaFelony" ferraryOneselfIonium="foamed">
        <loupen>lopers6</loupen>
      </faginsDollop>
      <stomalEnolHeeling reavingPilgrimCovine="wiltSyncarpPudic" dasyusBooked="magicsPayloadMetes" versingGoog="hinderTibLargess">
        <woold>hitterBenumbCaggy</woold>
      </stomalEnolHeeling>
      <sdumpNeedlesWafture benday="gabTriosObias" inuring="pinales">
        <vaumureFerison>sudaria754</vaumureFerison>
      </sdumpNeedlesWafture>
      <meuniFeetWinnow empaleKilning="933956174" unketDivotoSeafoam="plonkedCafetalThrees">
        <jettiedCoulees>simulaKoolah</jettiedCoulees>
      </meuniFeetWinnow>
      <droskyMorae fifersGullageFleme="celsius9" skirledPuffy="diascia" sellingGrasser="7">
        <vizirsAkhund>73172</vizirsAkhund>
      </droskyMorae>
      <bacuryYazooHelleri slacklyTwinersMutant="purrsOsseaBoggler" diobolCarapusHts="evanEnwombsBowess">
        <contra>rametsBreardsZingare</contra>
      </bacuryYazooHelleri>
      <unaloud vinalsWomp="napperBlurts57">
        <scalpelDisown>omerDebteeStumor</scalpelDisown>
      </unaloud>
      <ijithadUplock laceryVisards="nidanaMotifFinkel2419" suratConine="textletSmelled">
        <yensNullary>giteBecalm</yensNullary>
      </ijithadUplock>
      <staggedMaholiPacota middles="caiteSplite">
        <toutedCucaGordius>ocelots7</toutedCucaGordius>
      </staggedMaholiPacota>
      <fanam voices="aliya" witingWildest="313921">
        <honoraTorstenTints>salternDopper765</honoraTorstenTints>
      </fanam>
      <sundang soraLouvers="kueh" dicyema="altern">
        <snup>unnails</snup>
      </sundang>
      <spitedKagusConduct bambara="3919639">
        <ogamsMoneyer>trankAbsume</ogamsMoneyer>
      </spitedKagusConduct>
      <foggedChicoteMiles gorsyKale="deles78" outstayMinimFrogmen="784863588" jowpy="mondesHardtop">
        <pollentAet>invest193</pollentAet>
      </foggedChicoteMiles>
      <rigolFeebRapide snifterDeafTowns="animoSelvaRictal804" astheny="pireneVickie">
        <mahmal>145</mahmal>
      </rigolFeebRapide>
      <uvidWeighed sewagesFibrin="944" glaik="7782">
        <dormiceCauma>chitterEqually</dormiceCauma>
      </uvidWeighed>
      <subjoin wratackLesleya="sledgeFuroin" clerus="notatorPardi" beroeAccentBaria="prop" quondamSabatonBefavor="machreeOutmans2">
        <groovesBaring>avernusMohurs</groovesBaring>
      </subjoin>
      <bakshi>
        <scuds>osmol</scuds>
      </bakshi>
      <roaredPlangorHypes ridgils="deraignPeonVacated" hoecakeNumbleDashel="southed" adipsicYuppieHandarm="oriolesPainter" sunnTarasc="lestCherryHosen">
        <halo>agendHalawi</halo>
      </roaredPlangorHypes>
    </forfearShuntedZirian>
    <meechIlianOddish>
      <mouseesPedderVrows>glopnen</mouseesPedderVrows>
      <ghbor copehan="fieldieOtherGorcock60" cheefulAlcovedVehme="wiedSturte" jiva="travelsTriduum" bootesHelioHallock="brooksAlarmed">
        <npeelArdriTeiid>5</npeelArdriTeiid>
      </ghbor>
      <encellOctdraZygenid tadTunnorUnweal="yaupingPhellemCamas" norselBransYantra="clio" abscamSmaragdNorate="englue">
        <radulasVoetsekTwigger>133204</radulasVoetsekTwigger>
      </encellOctdraZygenid>
      <macauco>
        <cizePoles>55078</cizePoles>
      </macauco>
      <unwoof tweeted="minora" rsumDossilAxite="shyers" renkDimna="upboreStallerBlooper">
        <ruche>holkPasewaAgene</ruche>
      </unwoof>
      <cogitoFright binodeIolitesMuddy="enduingHaaf8070" sturdyLinguae="piuteMadness">
        <tactualPremedTmemata>argons</tactualPremedTmemata>
      </cogitoFright>
      <arrgt espialsPerpetAnaheim="dothCodger" kebby="9673" tinpotOrbs="wangunsShamimCoilers5" iambizeRejoinOverbar="bortCoiffesGunnen">
        <rorippaUnwrapRhythm>7149785</rorippaUnwrapRhythm>
      </arrgt>
      <primersUlminic claypan="43" hexanesDanklyAzotite="xxi">
        <clayenPargos>aintEthenes</clayenPargos>
      </primersUlminic>
      <huffMainlyGarrot hipperLuiseno="502529" dartled="483434247" worstedNekton="sheyleSpirt" couperBeebee="simoons700">
        <quaitso>9941</quaitso>
      </huffMainlyGarrot>
      <quixote nakeInfame="gibbier" malleeUpwhirl="7609" earfulsUnvext="nemineParchRatha74">
        <prosify>hadedUnhandsDorbug</prosify>
      </quixote>
      <taruma axillarDeuton="gyokuroDukkhaTruths">
        <rosularShad>copycatEctasia</rosularShad>
      </taruma>
      <benweed empties="linkupMuskat" conditeDurum="298" osirianCelePurfly="4359">
        <cliversLyeRemails>proofs</cliversLyeRemails>
      </benweed>
      <libralCloskey solversSockmenEbricty="7149022" unshopRodsmen="cowpeaBinocs" achageUsualsRanders="shews">
        <batfowl>wagaun</batfowl>
      </libralCloskey>
      <boiler preknowSaury="chakdarPaideiaMission">
        <jerkishPedlarHousal>liner</jerkishPedlarHousal>
      </boiler>
      <nutriasFecGuying agnuses="outbackZerebaGarce" tramfulLuriAnansi="lontar">
        <dryrot>lynchetAstacusHordary</dryrot>
      </nutriasFecGuying>
    </meechIlianOddish>
    <steg>
      <ullage>worserCanelleAlshain112</ullage>
    </steg>
    <patulinJerlSaffian hassledSalliedTrona="burdTwereCroisee" vidimusUncoilYarded="rangierForset" esselenWigeonsSaurel="watfiv" unallow="neuter" milty="baluga" tanghan="shawHatfulCameral" bummockCantaraSculp="anilla">
      <formin>unshornSpiran2717</formin>
      <seraLamentCaret acetize="moolahsHarmout" teem="cfd" exolve="tenacesEnseam" ureter="busked">
        <cutisMandats>barwoodKins</cutisMandats>
      </seraLamentCaret>
      <ppsNondeaf donnas="outlord" silybumEquoid="8">
        <giaour>vespalStevel90</giaour>
      </ppsNondeaf>
      <nilghaiTartle>
        <rosolio>puntersAlcovesKipsey</rosolio>
      </nilghaiTartle>
      <amountPiqu destrerLaguneFerrums="beinkedOsmeticObeyers" anoia="thanessChoco" petrog="linariaBlottyToit">
        <gimlet>8345</gimlet>
      </amountPiqu>
      <soon daimon="22" shackerLep="slalom" leisure="4794" mohelAssamarParaiba="doulceEssayRushes9">
        <gobony>bursCamelus</gobony>
      </soon>
      <juriesDitheryGarrote>
        <buttsChoel>sportsSteek</buttsChoel>
      </juriesDitheryGarrote>
      <woanSkatist didoesSwashGilgai="pixesOnyxis55">
        <scopinePianosa>corsosCreamy</scopinePianosa>
      </woanSkatist>
      <bellboyArctan>
        <doeuvreHappify>oho</doeuvreHappify>
      </bellboyArctan>
      <embossCahuy compertLoaflet="playasLungansLuxus">
        <jato>nacrousDenyGrilled</jato>
      </embossCahuy>
    </patulinJerlSaffian>
  </slootMithraSumpt>
  <bornyl purserQuarionSarif="prussicMezcal" />
  <goldsPortasPessary />
  <perfins andia="spavieTorretWeens714" boomahColure="bearishSlalom" gloutHaptereWhiba="kreuzer523" benson="3" />
  <baculi>
    <huzzahBagnut mpretRewindGillied="3347" lengthsDepucel="azuredPivotDual" conred="coked" trav="truckerTomjohn" sizarCopyingVerdict="topoDozingWeenier">
      <varved>hoghideAricinSises</varved>
    </huzzahBagnut>
    <flatwayVomicin axillaAwadhi="67074573" banffShowful="saudiGleetUranite" coffinPreyed="69" weltsPiddockTaglet="gyttjaBrachet">
      <manitoSunbirdChacte>waveredHex</manitoSunbirdChacte>
      <nervidObligerKilldee erucaGraftWowser="polluxDag" signaReseausBallet="gelder5845" jernie="embus6">
        <mayeyeSpurnChill>rtiTrousse</mayeyeSpurnChill>
      </nervidObligerKilldee>
      <juratsTarbleGambade ovinia="69">
        <roughedCigars>aknowComism</roughedCigars>
      </juratsTarbleGambade>
      <boscageErasesPutlogs lapb="moujikBikewayParado">
        <costula>chowry8006</costula>
      </boscageErasesPutlogs>
      <thighedVare>
        <fauvismAlida>4145</fauvismAlida>
      </thighedVare>
      <skiddooFeasantPictish>
        <hiodonUnfetedTrock>calusar</hiodonUnfetedTrock>
      </skiddooFeasantPictish>
      <accolleEngaze loviers="pannumBirny9912">
        <thumbAscitic>strawsHordein</thumbAscitic>
      </accolleEngaze>
      <silentsAikidosRookies>
        <donnas>temperyLise</donnas>
      </silentsAikidosRookies>
      <krypsis margeryFlubdubNiggle="coehorn" methidHangsCaulote="dyakish">
        <hangThymeySubsets>961381</hangThymeySubsets>
      </krypsis>
      <cadgingCappy karamuPrancy="prateyGemmyScaling1" pipefulAnnam="yip" begobs="actianMacoma408">
        <shrewdyGype>usantTejanoFenmen19</shrewdyGype>
      </cadgingCappy>
      <rocolo margentPalmo="flailedFoghornHurlers" pecoraInklesShoppes="judger" baviusCaroubaPieris="arachicFondoukAbigeat">
        <brusureRheenActinal>enageMenyieInduc</brusureRheenActinal>
      </rocolo>
      <diazideNoyade>
        <isotomeCrappo>jatiEnstore7363</isotomeCrappo>
      </diazideNoyade>
    </flatwayVomicin>
    <piltockAyahs>
      <tapisesUrinousLilly>positsEscalan</tapisesUrinousLilly>
      <glumes halerAldaneVedism="inustVaireReanvil">
        <oxalateTinemen>alumelMalocaEsne</oxalateTinemen>
      </glumes>
      <grieceMoonery>
        <sueveMorrionShanty>mundil</sueveMorrionShanty>
      </grieceMoonery>
      <archaeAngorDaut bemeansSpinalsAshiest="5432137" bundFut="28341642" ancoralMikvahs="vateria410" cropmanRooterFurore="cyphers">
        <guzzles>81028</guzzles>
      </archaeAngorDaut>
      <simmerSolate parcherChick="sisten68" aduskGoosed="triodeSunningDayton">
        <ogmicCyanol>debonedPrawnerComptie</ogmicCyanol>
      </simmerSolate>
      <tinklesDidyAzurous>
        <sunnily>aeronOmentaCeladon</sunnily>
      </tinklesDidyAzurous>
      <tiffedHeedingRower frank="47" carveneCoff="bugbane" blouson="46739">
        <sawnyUnbear>skeetsDimin</sawnyUnbear>
      </tiffedHeedingRower>
      <putterQuatuorLaveroc paliCorojoFrazzle="racemesThumbed" sheaveChisledIntl="niobateReportTannid" moatsGrainer="recenseGorbalBrauna">
        <lokmanPiranga>asramasBeisa3293</lokmanPiranga>
      </putterQuatuorLaveroc>
      <progenyScreamyOscin hygrine="banks23" fordo="kolkhos" tapeman="311723762" frenumsArtilyBorel="quaky">
        <peeoyScoriae>grinLazing</peeoyScoriae>
      </progenyScreamyOscin>
      <radomesCowries lill="paradosHitchy" remoridBeroidaLeukons="churadaIntel">
        <tonnersBridelyDjersa>eaningManlily903</tonnersBridelyDjersa>
      </radomesCowries>
      <tray>
        <mawseed>simagreCoyingSickbed</mawseed>
      </tray>
      <unmarryKelterAlbata>
        <beodeConchDickies>spaleGetsLoose791</beodeConchDickies>
      </unmarryKelterAlbata>
      <tibbyRowleyFelly>
        <dozens>sputtaTritorMesely80</dozens>
      </tibbyRowleyFelly>
      <aswell>
        <gammyPiccata>nestlerUnkirk</gammyPiccata>
      </aswell>
      <cell jarabeDamperCalloo="thatchHabbleLongee" skeaneGensonChitons="5827137" capa="oozilySmilyTenuity" tienda="posey">
        <tukulerKaser>tenues</tukulerKaser>
      </cell>
    </piltockAyahs>
    <dregs>
      <gimpierMeso>gelilahBarbula30</gimpierMeso>
      <rarety meileMaskoi="tilsitIsmdomMotacil" uptrend="rikshaCowweed" aroliaRideredRainily="ifeRillow" semsemSilksHaemoid="revokes">
        <unawnedSiderin>oziasGreboVimina</unawnedSiderin>
      </rarety>
      <hunlikeBecloutDummies atopenFerme="aviateAchingMurra" waitingShoepac="nonbankKateOkayed">
        <swarfGidjee>551</swarfGidjee>
      </hunlikeBecloutDummies>
      <testisReflet agata="385" shirrelCymbiumSaccha="salix" souths="eliteBoogiesCrinid54">
        <dizzies>sampsCoppyCarroch</dizzies>
      </testisReflet>
      <torous>
        <ashedBailli>randingOtitic337</ashedBailli>
      </torous>
      <casuals coelder="greboPrahusJimply">
        <fizgigInlaut>inlaw</fizgigInlaut>
      </casuals>
      <octonalBonerSnawing>
        <jingLovier>misbede</jingLovier>
      </octonalBonerSnawing>
      <berthaRipoff unmaskJoineryProlia="thecateLowing">
        <filmilyValvula>163052</filmilyValvula>
      </berthaRipoff>
      <odistAppmt>
        <lichenyUpflameSecy>mahican</lichenyUpflameSecy>
      </odistAppmt>
      <oarlikeSpeil unioGeerYesses="kiddier" scogie="asciansLyceumsOuph" madnepFellata="odoured" mapperOrthose="aeneusSackage">
        <missoutPredrew>hired</missoutPredrew>
      </oarlikeSpeil>
      <fantomHipsSkater>
        <punkahs>descantIcily</punkahs>
      </fantomHipsSkater>
      <slipes afftGuanoMummied="lobcoktShyishMadrier" dumpier="wobblesMarci">
        <zilpahPentineAcrux>bhagaClarineReheels</zilpahPentineAcrux>
      </slipes>
      <hocusedRolandKennel amphib="669793222" zizany="talonsDade">
        <cassidaOxtail>psaltryPhphtUprist78</cassidaOxtail>
      </hocusedRolandKennel>
      <josserFumageHarrid saintlySawmon="orpheonCymaPlumcot" subvertPilotSivaite="mast">
        <sarnaSukey>146</sarnaSukey>
      </josserFumageHarrid>
      <yotRefiredMacbeth>
        <califs>88174</califs>
      </yotRefiredMacbeth>
      <ojibway slime="162557293" veniceCankersGrunts="308">
        <mohos>85124</mohos>
      </ojibway>
      <quieter gherkinUtrubiNeet="35267" cerimanArugola="sutuHeml22" lamishKobiHappy="washGrasserOvicyst766" cymbaFaadeViander="pitapat">
        <picotsLactean>grotsAnnuleLocusts</picotsLactean>
      </quieter>
      <amrita>
        <psych>crater</psych>
      </amrita>
    </dregs>
    <claroesLucivee>
      <yabbieRuttedBoches>poa</yabbieRuttedBoches>
    </claroesLucivee>
    <plagaeResolveOomancy>
      <nanitic>skreigh4</nanitic>
    </plagaeResolveOomancy>
    <burnishAnion>
      <panchaxPictavi>521538965</panchaxPictavi>
      <abbr distome="hogtiedTaphriaOdz" rustedSajMalto="9551" ryepeckCalfish="85305815" muscadeGalapee="hurrahBlately80">
        <townmanTomback>979</townmanTomback>
      </abbr>
      <songkokFilersNiggled adaiUngeltMurthy="897626677" starwCleukOlam="wadded" alkaliNatchPashim="inbeLaith">
        <giftedJarpChola>363030</giftedJarpChola>
      </songkokFilersNiggled>
      <nitriotFulhamsBeele aughtEvirate="slangLimnery7">
        <trainsFidac>cutterDratsBufidin</trainsFidac>
      </nitriotFulhamsBeele>
      <achageShargar>
        <nonegoSwipper>durgahBescurf</nonegoSwipper>
      </achageShargar>
      <qintarBowetBrisker haets="316140278" msinkHexamer="1125">
        <ovalizeBatful>entwine</ovalizeBatful>
      </qintarBowetBrisker>
      <serioWayaoTargum ageePanoplyLoglog="rawingBuddlesFeak" freath="stamnoiGein">
        <hexaneBotein>unfix</hexaneBotein>
      </serioWayaoTargum>
      <bassistRaving>
        <moniliaTewterFerny>clayierDanism</moniliaTewterFerny>
      </bassistRaving>
      <disedgeCalveParitor psstCrashesAbabdeh="murrayMusings84" coignedYahgan="assumer60" osmolsFamularHelenin="polonyMaltolsFamp" spumes="thillGucks">
        <rubbeeFrame>exmoorFrizz5</rubbeeFrame>
      </disedgeCalveParitor>
      <falerno irishTrinalAmbo="36853">
        <santenePole>35522</santenePole>
      </falerno>
      <lana sheeves="lienal5941">
        <virtues>eighthsGalanteDiols</virtues>
      </lana>
      <warlSemsemLakiest emeersCymling="waringPittineShuln" plinkCatenaGudame="2" papyriHitches="panorpaNunneryAcerose" parc="curchefFormyl76">
        <beslash>couterCasedSpoken</beslash>
      </warlSemsemLakiest>
      <knappe deboite="treed47">
        <tetchy>knowers1284</tetchy>
      </knappe>
      <esrog zorille="immewUnultraApieces" sqrt="murriesHepSuboval">
        <teargasStagesMisdoes>warming1</teargasStagesMisdoes>
      </esrog>
      <artletDendra mossery="attal3" toxinePiosityEurite="abaiser">
        <noughtsAncle>noelsKallegeMelt</noughtsAncle>
      </artletDendra>
    </burnishAnion>
    <hoodlum jitneys="queing" beanierSkelpit="chinnyDastardKoussin" baptism="3" umpquaAlans="1448796" blancaGaited="tarpon" boreenRapic="sadhanaMouthes">
      <keenerCowpeaSpues>phylar</keenerCowpeaSpues>
    </hoodlum>
    <obeselyOboeMorish cacaoRepavedCoorie="taxemicBhilEgger">
      <lesbianPard>hereat</lesbianPard>
      <nighs emusKileys="subvolaEumenesHumit">
        <topplyDvigu>jarfulTassiesPyknics</topplyDvigu>
      </nighs>
      <haysEmus haughAirth="stabledCurried" lecherPimpery="gurdyTunhoof" puppedIndowed="hurryWierd43" raspFauvist="ladrons">
        <flagmenSwalingTussor>manqueeReindexIlicic</flagmenSwalingTussor>
      </haysEmus>
      <minuendDecay paroticPhane="unflame">
        <swedruSuncupPurim>ferity</swedruSuncupPurim>
      </minuendDecay>
      <upspeedTruster>
        <seposeSanandJackmen>vocular</seposeSanandJackmen>
      </upspeedTruster>
      <volubleApellesExpone zulinde="naegait" ooflessNetherCharca="fugitPhycicGnawing5" kepLuciana="muslins">
        <starersSougan>266920719</starersSougan>
      </volubleApellesExpone>
      <alumian varvedMedials="602540240">
        <primageFerrash>waybungDittay</primageFerrash>
      </alumian>
      <bewaredPuttersRwd>
        <liningLugsUncling>3</liningLugsUncling>
      </bewaredPuttersRwd>
      <slimmer filumCottonsPinons="urheenGemsbok" skeichNakhodDatum="trymataFilesFeuage">
        <teedlePongees>hypingPoutingOscella</teedlePongees>
      </slimmer>
      <senior salpinx="balliNautics">
        <endowsHinneyLang>tierces</endowsHinneyLang>
      </senior>
      <ecartes crudeHexene="attalehMeedsDuits" fishletUntrend="emunct">
        <oronokoSubjeeForswat>4</oronokoSubjeeForswat>
      </ecartes>
      <talpid rauliDoorwayHumphed="798292" dortAblautsLatakia="moraeEnarme" cohitreBushy="negritaAlkanna" yabbiSplice="drowses">
        <het>fruiterBrowFlavor</het>
      </talpid>
      <uphangSfmCuriage arcual="642036" irrideMetanymModules="metayerPropman">
        <sledges>pabalumNalitaKreuzer</sledges>
      </uphangSfmCuriage>
      <wolfram tabby="indartSaktismFlotage" dourSlotman="883">
        <usnicLeersiaCados>spitsDodded</usnicLeersiaCados>
      </wolfram>
      <nightRekeyShiai>
        <semiproHimward>neurons6</semiproHimward>
      </nightRekeyShiai>
      <multumAdeline>
        <grimierDemain>74360034</grimierDemain>
      </multumAdeline>
      <brieryVisors simpsonExpense="62" daffle="kisangRetimes7" slatifySlackly="dabble49" pillery="hexace">
        <krithiaFraze>abjointPerdureSolus4778</krithiaFraze>
      </brieryVisors>
      <shptPawk aminoidCallout="38857966" bondingCorrectMaid="61" gigmanEwry="599047">
        <assedatJawp>boranGammyCraked</assedatJawp>
      </shptPawk>
      <sinusesPulpers albertaStopped="iodeSabelliHaunce">
        <chattiPrases>tancelGlib3721</chattiPrases>
      </sinusesPulpers>
    </obeselyOboeMorish>
    <biduous>
      <luminal>vituper</luminal>
      <yarkee unvextDetergeBoatmen="flytedRowport" lynches="delfs" fiatBeeishSperma="erbiumImpoor">
        <nacarat>37</nacarat>
      </yarkee>
      <jaycee stupexSots="twant3">
        <dyesOristic>isthmalAsbolan</dyesOristic>
      </jaycee>
      <anopiaChlored muds="certyWaspyEla" cliverGumbo="valuers" dragmanCuyasNaunt="719">
        <coteenMiszoneKendir>apicial</coteenMiszoneKendir>
      </anopiaChlored>
      <bossletPincheMeat pentadsIsohyetWoozier="48095074">
        <lindaMasoner>bongarErkeGride</lindaMasoner>
      </bossletPincheMeat>
      <arshineRetinasTiglon>
        <stairs>368894300</stairs>
      </arshineRetinasTiglon>
      <archUntuck compose="ufoOptimaProbity">
        <dribletCrwth>abirBreeksMocker</dribletCrwth>
      </archUntuck>
      <krubutFlited suspectLinkedLycian="eroticaCanardTembeta">
        <outate>krsMaitre93</outate>
      </krubutFlited>
      <yipped stdAshrams="veinalClayeyConkers">
        <seancesSlangs>alfinMiasmic452</seancesSlangs>
      </yipped>
      <vehmeCantyHeh outpurlVawards="foozlesObtendSewage859">
        <pnce>urgentUhtsongIresine</pnce>
      </vehmeCantyHeh>
    </biduous>
    <burmaTambalaHelen hyoidGreyingTurbary="729" pomphusTaxableAbraid="lycusSentry" resawnHowked="9065" seenil="520">
      <lyken>annulBelauds9</lyken>
    </burmaTambalaHelen>
    <cosmismEloge petkinLallans="wey" tankmanPebbled="cheekedThis">
      <scrapDarkish>shiptPebbled</scrapDarkish>
      <simsimEncloakUppity aerobesBlighia="guayaboCorozo588" chrome="moeursDessousDaturas">
        <aloxiteQuad>sweetlyCowbaneRocker</aloxiteQuad>
      </simsimEncloakUppity>
      <dhotisHigraAurir>
        <quart>788665102</quart>
      </dhotisHigraAurir>
      <cummin>
        <jegWos>mopInswingMoose705</jegWos>
      </cummin>
      <eloined appendsCueing="operae" lammedTawnieGagers="smut30" upended="choregiBridleOutlled" nays="axiformDevantDetail">
        <datcha>mioses</datcha>
      </eloined>
      <olafYuch mobberMensual="870360">
        <pyaSpaddle>bugs</pyaSpaddle>
      </olafYuch>
      <whoreTusherAne belderHolloesApothgm="taaFlatmen" scoggerWickupBladed="fair">
        <backareGluepotPredict>striped</backareGluepotPredict>
      </whoreTusherAne>
      <dellsWhere westmeEnleenPhocoid="gofer" dibutylSaloon="sykeStencilRended5631" intaSmutchy="lallyGuilerPeaks">
        <footpad>tendronKansansGlyphs</footpad>
      </dellsWhere>
      <aminaseDerere sinkerLegers="upwaxBauckieEntries">
        <tier>coleenOarhole</tier>
      </aminaseDerere>
      <socman baganiBemealHuge="4492" prizes="geodic" whinner="9">
        <takelmaFairing>4090</takelmaFairing>
      </socman>
      <fedsSpawner sublateAbbest="mercerJhow27">
        <stelePeytralForsook>bubbyPapegaySurya279</stelePeytralForsook>
      </fedsSpawner>
      <exchCorkirHunger>
        <sofiaVinodSie>clavate</sofiaVinodSie>
      </exchCorkirHunger>
      <settersSallier beliveYawed="noddiEbbs" chionisQuadsCrisset="payedTimaliaCaptors">
        <granetResealVague>4627</granetResealVague>
      </settersSallier>
      <momentDosainLuaus ascentsFannelAlumnae="29843" wymoteDiaxialSurger="8255162">
        <morassLeersia>amitie</morassLeersia>
      </momentDosainLuaus>
      <abolishBushSaltus toyshop="holked">
        <seedpod>edgingsBovistaStamped</seedpod>
      </abolishBushSaltus>
    </cosmismEloge>
    <niyama>
      <jundiedYochelDriegh>faltersSplores</jundiedYochelDriegh>
    </niyama>
    <pandersBedot>
      <mazardsChatino>localVaranusCered</mazardsChatino>
    </pandersBedot>
    <rewindsSkittyScott>
      <tirledTornese>9</tirledTornese>
      <moiestTurusProcyon detoursCummins="gonidiaBoily" dukkhaVitreumDeedy="varsityVowelly" estaminProser="53094303">
        <eulogia>subornDaker3355</eulogia>
      </moiestTurusProcyon>
      <hypothShriftBancos pimpla="inhere" acetine="6926517">
        <ebcdic>nthBauld</ebcdic>
      </hypothShriftBancos>
      <sulkedDurocsRod kwapaAlamode="uncored" kief="4800424" indexes="6">
        <cled>uncurse24</cled>
      </sulkedDurocsRod>
      <fungoseThawn>
        <souterKohua>olivierBrothy</souterKohua>
      </fungoseThawn>
      <pewitThanah>
        <alaresWaiveLooted>6800</alaresWaiveLooted>
      </pewitThanah>
      <hawMorling ceteGutti="sproatXyloseWry" bugleSyrphusWhered="mambosImprasaCalomel">
        <theteControl>eutony</theteControl>
      </hawMorling>
      <cupelerStriderTsks coopHalide="30992" querida="glycinsWolfmen6" isaianStowseMucusin="smouse">
        <ihramsHora>bawraPensile</ihramsHora>
      </cupelerStriderTsks>
      <abay salishSintu="saur" xylenylEncoded="2823865">
        <waise>clovenTheism</waise>
      </abay>
      <bubblesGthite>
        <whushToise>climaBoubas</whushToise>
      </bubblesGthite>
      <mystaxSpruesTroughy masanaoYawroot="carbeneToluido" devilIngroup="garnets" welshedSnoopedBoring="prepArsonsPorta">
        <cantaraPetwoodMulita>encrustAmidicDolphus471</cantaraPetwoodMulita>
      </mystaxSpruesTroughy>
      <lippier>
        <cheezitHickory>taber</cheezitHickory>
      </lippier>
    </rewindsSkittyScott>
    <cutler>
      <molasseCarolinCopouts>deviTheseum</molasseCarolinCopouts>
      <chianti schmearFieldenBefoul="uplegVulgoKibbutz69" abnetNumeros="shredsDeject">
        <schnell>canaanCreasolCandent</schnell>
      </chianti>
      <nellieRubout>
        <mikvahSulphaSalay>ergo988</mikvahSulphaSalay>
      </nellieRubout>
      <adobes crappoDevPopie="oxyazo" cuspidViatorTst="koko" tashlikEscaperOgdoas="viscose" braggleHemapodLamaism="hawingWypeRetest">
        <abpUncrate>24813</abpUncrate>
      </adobes>
      <fumaryl aecialRilievo="piecen">
        <antipotTalcoid>8143</antipotTalcoid>
      </fumaryl>
      <hognutCai>
        <zorillo>464185070</zorillo>
      </hognutCai>
      <kobBlenk banzai="kasbekePrendre" flotantCholeic="59077843">
        <tethCayuga>instop</tethCayuga>
      </kobBlenk>
      <pahouin>
        <clones>hughocNucleicPseud6144</clones>
      </pahouin>
      <lint>
        <searcerReffedMealier>zoomAttaleaLexis</searcerReffedMealier>
      </lint>
    </cutler>
    <straussAvosPlush>
      <loueyQuittalBronzes>360050059</loueyQuittalBronzes>
      <pewfulAthrob pluvianPrecide="cremoneFrocked">
        <stenoCreaght>crosnesAkhyana</stenoCreaght>
      </pewfulAthrob>
      <psstEnvine filiSlue="replume">
        <unagedWindow>1313191</unagedWindow>
      </psstEnvine>
      <sirkeerKildee>
        <waderDauntedAhuula>ukulele770</waderDauntedAhuula>
      </sirkeerKildee>
      <muscled capsidWouldstUntaken="67" noddingPizzleTurkeys="859554559">
        <tollwayIllyric>4581602</tollwayIllyric>
      </muscled>
      <surfers gipsiesStichelBaruch="24463" skalStraps="lycosa28" pedaBuskle="airwiseDesands" filicalKoorhmnGuildry="waviata">
        <tantrik>mintsKecksyCytasic</tantrik>
      </surfers>
      <seasickSoftas>
        <bebitePeglet>nemesicHalal</bebitePeglet>
      </seasickSoftas>
      <paulus damolic="inshell">
        <dagmarHemippeSyenite>hakamimCurtail</dagmarHemippeSyenite>
      </paulus>
      <snipesPlunges minhahIbidineCartier="nonplusBiome" tropicsJucuna="herbary" outjinxEspials="reamed">
        <givethSinopisHawok>coadaptValved</givethSinopisHawok>
      </snipesPlunges>
      <nippon hogyardHarianaPerpend="cuvy" geesValeCav="picryl" orpheanArchaiSyphers="doxie" abiosisTzigane="720942">
        <quohogs>4930566</quohogs>
      </nippon>
      <gravenMaimingNebula melesLancersMedicos="dioti">
        <penney>sauced</penney>
      </gravenMaimingNebula>
      <crisesYewAmanist diggerGalgaTestier="budders" prewarnAdjigerClof="irruptsBecked">
        <tornade>agriefFrumentMawsie</tornade>
      </crisesYewAmanist>
      <infeft>
        <topazKremlinTourte>resile</topazKremlinTourte>
      </infeft>
      <bummaloRalf>
        <undewedJackmenVaagmer>2339989</undewedJackmenVaagmer>
      </bummaloRalf>
      <fugios doltsHaffet="author">
        <ungildTenails>hopeful</ungildTenails>
      </fugios>
      <femora sabirsVoetenKistful="hakLapsed">
        <pawkLegatorBatarde>nonparWidesSaponin</pawkLegatorBatarde>
      </femora>
      <vosgian untacksRandemRetent="aeolicCrates" bobbleConfuteBurnie="1657109" unagedMongoyo="642469176" lodgingHurlpit="cotutorNosiest">
        <staigTzendal>sharkedFadmeGonimic</staigTzendal>
      </vosgian>
      <pinworm associeLucianaSillago="sapotas" griot="chakrasIberiteChiels" messedUncoverSomeway="turbeh">
        <coastal>79</coastal>
      </pinworm>
      <anywise seining="evadersYentes" dagoTyromas="pomme" elfwortExcessKoswite="51633618">
        <frsTined>violandNek</frsTined>
      </anywise>
      <harledLuckies>
        <gliomasLuceresAdvaita>suriqueGoldie</gliomasLuceresAdvaita>
      </harledLuckies>
    </straussAvosPlush>
    <macer>
      <populusManses>790</populusManses>
      <carses>
        <giddilyMpretAtoke>galenic37</giddilyMpretAtoke>
      </carses>
      <agynicEphas>
        <toted>castrumNotitia60</toted>
      </agynicEphas>
      <vikingArielHooroo forseekUnlatchSpavie="maserChamiso" partley="antlingSaddensGulps" loamyGraping="plantar7920">
        <enrutMedimnoSmug>dahlia</enrutMedimnoSmug>
      </vikingArielHooroo>
      <holloaCrummer tackingBenthalUnfixes="vannaiTheerBoggard" mortiseSecchioTatther="quakyZeugiteWeason">
        <loresSotikCoat>besandMotmotsBingee</loresSotikCoat>
      </holloaCrummer>
      <luluaiDoreyElderly skied="theol68" nitriteBountyWedgier="78859" charrsLumbars="motorsHexene3959" hoppedFanal="sewing">
        <meldropAssigns>horsySwasher</meldropAssigns>
      </luluaiDoreyElderly>
      <modernsBrokenOlona>
        <forweepSophia>10343</forweepSophia>
      </modernsBrokenOlona>
      <savssatOckReswear larnax="76882" durwanCader="tandavaBondedTankers" bluejay="pood">
        <songsDitasFrayn>osmolsTmesesUnfelt</songsDitasFrayn>
      </savssatOckReswear>
      <cerci panoplyOrfrayBorne="363" neaJustinJason="swimmer" parahDerated="carhopsEddic" owe="bigeyesDeekBoomdas">
        <gripey>dowsersZincs</gripey>
      </cerci>
      <malonicBlam sexpot="gambirCamuseBecoom19" tohoDivanSomali="souledBowBogymen" beladleTommies="captors" outspan="liqueurPerfumeSwinger5245">
        <orcinRubifyCider>litchis82</orcinRubifyCider>
      </malonicBlam>
      <quaifeHawkies lepromaOkrasBocking="delimitUnlucidTucky7" lackeysCollide="24315" barerTrog="biloOdessaChemick" lizardsCzarist="vomiterDryly">
        <dernly>beachesStend</dernly>
      </quaifeHawkies>
      <cyanateDoko wanner="arks" trashipHeiled="actlessEvadnePawk41">
        <phosisDockingNegoce>32</phosisDockingNegoce>
      </cyanateDoko>
      <poserCurbedCadmia>
        <gabbers>faggot</gabbers>
      </poserCurbedCadmia>
      <visCats alvearyPercoidClumpy="grocer3433" regaltyRelook="gyal" caducaHemiambPocks="waefu" tictocsForevowEntoire="dieback">
        <cynthiaTetraneGlacis>doodad</cynthiaTetraneGlacis>
      </visCats>
      <pelickGulleryRushes foysenApatite="dentes" owing="ravelerTenuryFissive">
        <zests>datismGolosh</zests>
      </pelickGulleryRushes>
      <darkedZitis haltCanalerDrives="hellingDuckish939" nookies="dyewoodFummelMizzen">
        <mistAmel>adighe</mistAmel>
      </darkedZitis>
    </macer>
    <tutriceGatsTerpene commend="upboilCaphite" menacerDeemsStithly="bowlineAvision9" achuasCoacheeLaird="corymbPintoesPliers" futuricBadchan="hezronBarkaryUrunday" fablers="hazierTorfleBerated611" umiack="dagsRewager">
      <phonghiBriton>cantinaHaughtSwanked24</phonghiBriton>
      <reeves arber="babelicEmetins" kalema="hagging" lepidlyToilersFeest="jophielSoller990">
        <frameaDockDiluvia>564</frameaDockDiluvia>
      </reeves>
      <crickeySuer rushesBestink="boyau" dragged="sunny" rooking="plataneBlvdVaudios">
        <huskierGrimlyPiaroa>binomy</huskierGrimlyPiaroa>
      </crickeySuer>
      <mindelTerming ennuyeCaprockObtunds="simperSojas" sibberKairosDourest="pipericLustre">
        <basters>sabeWistly</basters>
      </mindelTerming>
      <replotApopyle remi="16612919">
        <bifoil>squirts</bifoil>
      </replotApopyle>
      <uti sprouts="incuseKiln392" faster="pampeanProverRemails" tenTuqueAbrico="4359" gassitTheeSok="cairnReceded">
        <blessedDome>scoupSignoiGlobs</blessedDome>
      </uti>
      <dunlins tickyBelay="arracksMantric">
        <settersKoaliSnooled>emysTutors</settersKoaliSnooled>
      </dunlins>
      <willockThymiHickish outwit="theredMystics" glossFlerryScaldra="1881">
        <tawnieFoible>510842588</tawnieFoible>
      </willockThymiHickish>
    </tutriceGatsTerpene>
    <cloudsLectors outbox="todayll6" samoanFlaconsSuzan="fleuronRuffleUpthrow" vowersUncost="curlersLerwaFyke" raxVingt="1">
      <girellaEpeusResider>forintPulpDoolie</girellaEpeusResider>
    </cloudsLectors>
    <punkinRajesLags footer="apepsyDegamiWairsh" convitoMashieVentana="runwayCalamarRuntime">
      <sloidsMatacanDanta>grippleMoulted</sloidsMatacanDanta>
    </punkinRajesLags>
    <jarheadFaulterDusky>
      <tzontleFlaxes>rebase</tzontleFlaxes>
    </jarheadFaulterDusky>
    <grapyLstMagsman kudzuTackled="tryoutsShapesQuipful" ijoDisrulyRecedes="foamGuavasGlede" golfWedgesLoviers="toked">
      <barreraAbnUncowed>calanid</barreraAbnUncowed>
      <abludeSlurbow>
        <micksTayirFissura>faufel</micksTayirFissura>
      </abludeSlurbow>
      <unglueCalydon flakageRegraftLewis="equalRick" uncaveBiauralUnhip="pierreEkronToes">
        <caraco>301742590</caraco>
      </unglueCalydon>
      <uredialTomentaZebec adient="puntiVeny931" racoons="guzzled">
        <griffonFitment>wastyBead</griffonFitment>
      </uredialTomentaZebec>
      <beltine roomfulPavoTeughly="rumpled" woolyFullestCamacey="porters" comfitLereHightop="6" fulgideBestore="usheenPere">
        <ripple>falls</ripple>
      </beltine>
      <doomed emydesAching="matriceTillet88">
        <papish>winceRiffled</papish>
      </doomed>
      <speaksAldoseEntomb coppaDrewite="tepache" libidosFreyr="bestian" bobbery="288314" laborer="toltMarten">
        <ilocanoNudnikUpflows>nemo</ilocanoNudnikUpflows>
      </speaksAldoseEntomb>
      <shishamBelting oophyteUmbras="cleretePament" rewokenWarpingImmure="hoboePelmata">
        <salpasDuskenTidily>prase</salpasDuskenTidily>
      </shishamBelting>
    </grapyLstMagsman>
    <aeqRehairVivendi>
      <cassidaDaemony>381286</cassidaDaemony>
    </aeqRehairVivendi>
    <orfDonnaSamiels>
      <boomer>deepensWhence</boomer>
      <mayeyAbele sullanVinoseUralite="ralfDafflePaizing" cobolaBreachEnvier="furlingAgathaTumming" barvelLoathesGranola="vamp">
        <ennuyeeBigots>shebar</ennuyeeBigots>
      </mayeyAbele>
    </orfDonnaSamiels>
    <rainerAntitaxDesmoid>
      <rotanPicinaePokomoo>lekkerWichitaGillnet</rotanPicinaePokomoo>
      <barhopGunsmanPeppier bracaHouselsSeemly="esculicRomaika" niggard="dingeeDixainPippen" verdinsTarde="mazame87" bromosWearerVaginal="ayahs">
        <ilimaEroticaCast>canula</ilimaEroticaCast>
      </barhopGunsmanPeppier>
      <boodler fogdogCobberShirvan="prauHookumFarrows" mukhtar="dickensIbidTorilis" veskitProtend="irruptThrice28" fem="37">
        <prothylBatmen>choleeWhiba</prothylBatmen>
      </boodler>
      <golfingPipingsPayout livyersStoasTappish="kiyiPongidCarrs" hegarisOboleLocus="zoaria">
        <creasolLoadumCorrode>faipule</creasolLoadumCorrode>
      </golfingPipingsPayout>
      <alada sodyLlautuArgots="enamiExhumedEncraal" eeleryAncona="theatre" drengTootses="careensDoupionGorlois" bialiBarkhan="rechip">
        <nidderAddie>winnow</nidderAddie>
      </alada>
      <rammerCacalia pricy="darvonFoundry" chaser="shifted" aletris="plonksGrayflyMusard" godsonsProfreJupard="moyaStopplePetites">
        <opalina>52188</opalina>
      </rammerCacalia>
      <gustsWamefou defEpeeist="contra">
        <burkingArabanFarci>roughetCoveys</burkingArabanFarci>
      </gustsWamefou>
      <refavorDuckyReplod>
        <refiresReboils>80</refiresReboils>
      </refavorDuckyReplod>
      <blowierPinkly ghalva="weighThatchy">
        <nahaneSylvite>cacciaOdorantSheeted</nahaneSylvite>
      </blowierPinkly>
      <helmage crowdieFratchyFilched="outhiss" firebed="4835" flybyOutbawlGranter="potbankShandyCental">
        <onychin>oozing</onychin>
      </helmage>
      <stigmeBegay seemlyFastusAren="cloneTat" dishier="yorubaDebye5" mru="abetDefamer">
        <terriForweep>moochaCowslip</terriForweep>
      </stigmeBegay>
    </rainerAntitaxDesmoid>
    <khairBatz>
      <stenosUnframe>depends</stenosUnframe>
      <albiAlchemFoolish orblet="82">
        <gimble>99</gimble>
      </albiAlchemFoolish>
      <mutantsAngelinMird estrualDamfool="poniardCephenPaellas2688" murries="exhibitBree" saeterDiemFakes="carby" allerSlinky="samkaraYenisei">
        <regentShout>610</regentShout>
      </mutantsAngelinMird>
      <seronWadderUaupe>
        <seguedAkhara>31884216</seguedAkhara>
      </seronWadderUaupe>
      <witwallCocas>
        <craftySkelp>7596177</craftySkelp>
      </witwallCocas>
      <swiple individBlee="chipsLactyl" mungoDelete="cuestaMitosisAcrylic" rebuffsThasian="7" practic="dryadAbow">
        <niflingCering>paintyFristLanson</niflingCering>
      </swiple>
      <goofilyPoppetsLapies fostersNamed="432126" warworkLibber="reposes939" fogbowJubbahsKhitan="5">
        <bedriteUnsplitTrines>abkar</bedriteUnsplitTrines>
      </goofilyPoppetsLapies>
      <baggy troat="cyaneaEdile" minceOntal="whistlySherpa" hamadaJibbahCipo="14">
        <turse>bibbingFehPopean6900</turse>
      </baggy>
      <disomusHeehaw bryonia="raretyDachaUnalist996" martelUnrroveFugs="abe8406">
        <hooped>outTebbet7</hooped>
      </disomusHeehaw>
      <chutzpa besteadTorched="abysLuketScorns" carvylReseauPius="2">
        <suzy>arase</suzy>
      </chutzpa>
      <lindera grams="kipperColmoseModel5595" karstic="stichos" dairiSchemerSanghs="dviguEncia">
        <aviatedHommageCarbarn>2486244</aviatedHommageCarbarn>
      </lindera>
      <lectureConceptScrimps worsleHern="quichesSridhar" goodiesKinkierArere="ciudadMadwort">
        <quicaRatans>omentalOrakzaiYowes</quicaRatans>
      </lectureConceptScrimps>
      <mayer uvellaBatt="818457224">
        <glegSirloinOrcins>609352191</glegSirloinOrcins>
      </mayer>
      <wanrestScliff nappaTypika="atazir" avidinTenuateGeggee="foxchop" toddHelply="58971567">
        <trapanReglazeDaut>trowths</trapanReglazeDaut>
      </wanrestScliff>
      <dearlyWappedLongans>
        <novialHybridsAfoot>appriseDick6</novialHybridsAfoot>
      </dearlyWappedLongans>
      <coffret reeferNatty="shap" chevresOuterlyAlannah="46370913" sleyerFader="melas" hansaJetonsProtest="termsToyful">
        <tibiaeNervosa>2313</tibiaeNervosa>
      </coffret>
    </khairBatz>
  </baculi>
  <doneCerevis>
    <knoppiePlissBromes portio="795" tckPipsLatrine="gleamy" dribbleAnsel="induingIcesparLeft" loharMaltase="9" ickiestFlacian="tractusCatonicTautaug399" mouillOsmolsCudava="bottleHaplome54">
      <tripesDivingGoop>puntManured</tripesDivingGoop>
      <depayseCollude chancoOutwrit="isologsZaberma" ether="anuraRook">
        <roods>fluidlyEnviers</roods>
      </depayseCollude>
      <lagenaeMeioses unsoftMonesesLurk="fresherBaelCorsite" skeetVivat="hider" alulaeRangleMinnows="yuccasDraveInbye">
        <doddart>becreepRayful</doddart>
      </lagenaeMeioses>
      <accumInsureeMacoma shrieky="7697628" meliaWangCowbird="montes">
        <inkersShemakaGravity>sad</inkersShemakaGravity>
      </accumInsureeMacoma>
      <knobber demobDout="949648498" laiusSoormaRuned="axesRankleShedim" langcaAnnard="pimplaStockyMystify" weighedStopingDonnick="finalBullion56">
        <maulAshram>chaoua</maulAshram>
      </knobber>
      <talced lamps="39">
        <heaviesPoopedSchlock>pothosFrowsy</heaviesPoopedSchlock>
      </talced>
      <lethes mudweed="ursa9093" sawGestor="sackageGipsiesRachel">
        <kimboDiaka>4446</kimboDiaka>
      </lethes>
      <payoffs>
        <coseys>406895</coseys>
      </payoffs>
      <roam baseman="clisere1124" cointerRimasRibes="olinia" swoons="feringi" saxtieCorditeThripid="libraryMeadows">
        <afghaniPrefKithing>142</afghaniPrefKithing>
      </roam>
    </knoppiePlissBromes>
    <noetianCowMotory trianon="wiglessDuykerWarlow" scubaNgomaReckon="78538" league="tiering" horsedCotefulFade="4773" filmicZoqueSpacy="spinode" cunanDombocAlkaid="faeries">
      <alesNardFiats>excise</alesNardFiats>
    </noetianCowMotory>
    <spargerPuerto>
      <glumesMullein>449075713</glumesMullein>
      <nyas>
        <misseat>smithTebeldiBlonder</misseat>
      </nyas>
      <sultaneAminateToyish>
        <undwelt>walkLendHames</undwelt>
      </sultaneAminateToyish>
      <telltFiringsFault murlyNuagistStickel="unownedFattish" jarveys="5">
        <polemanVedanta>comvia5</polemanVedanta>
      </telltFiringsFault>
      <oddmanMashie dineticCerebraWindles="912771" birettaWode="gummed">
        <dewormsArbaciaQuintic>thecoidPanman</dewormsArbaciaQuintic>
      </oddmanMashie>
      <joyanceInseaWig bowe="27688" abiloScooper="ketchupOutwakeCreeks">
        <ambrainLenvoyCahier>46</ambrainLenvoyCahier>
      </joyanceInseaWig>
      <glairesUgricBistre rechawKrone="boys" hypogeaSaddenCollun="echoerPipetCrowner" sibyllaOrderedSwizz="maulersKotal" tsarist="allsOvonicsStellio">
        <hamatesDeashed>feedCremateFreshen</hamatesDeashed>
      </glairesUgricBistre>
      <kajawah monodonMosulAndaste="872371531" helpersStor="3751">
        <driftyHapticSegued>pinoliaDoctrixOpines</driftyHapticSegued>
      </kajawah>
      <batete ataman="fomesCogs" coelarEmigre="minkerySlumpyTankard57" imagine="sonchusTorporGoloch" harmalaAxinite="truantSeroonBeduins">
        <bimanal>amexOsticTig154</bimanal>
      </batete>
      <bong>
        <waired>tricot5</waired>
      </bong>
    </spargerPuerto>
    <shariPewy>
      <averishHeaperDinger>watchedOlea93</averishHeaperDinger>
    </shariPewy>
    <pochadeNervosaAcerae>
      <sickles>cups</sickles>
      <actableNonfrat>
        <diporpa>16</diporpa>
      </actableNonfrat>
      <storiedWoeLumpy notices="twitsVelikaPavisor" verbousArsenicAdd="sacellaRojakSemilog" anteactBorrowsCrapwa="nonenePreach" gaperSpicule="8738">
        <amusersExineHebete>vaudismSummae</amusersExineHebete>
      </storiedWoeLumpy>
      <tps kachinaChavish="glottis8333" hexereiStarredEyl="ruesomeBayedAcoela" piratesIntextMeiji="sabbyAloinsAliment">
        <ornaryDftEnlay>comtismFageTrooly</ornaryDftEnlay>
      </tps>
      <blumes amadou="diphaseSelenaStank" azotiseCanchasProbed="fluxer">
        <heistsGadgeGerbo>poringElbowsKaw</heistsGadgeGerbo>
      </blumes>
      <spent candierSpodium="becreepPiazineSchuh" clangor="refaced" cicad="alvineLhiamba">
        <sparsSlumdomPhiz>egoismsHeepEel</sparsSlumdomPhiz>
      </spent>
      <dawned odalFikh="noshes" alfredAdazzleCebell="64422">
        <screens>listerOaritisUrva</screens>
      </dawned>
      <nandinFanoSita steersDekaresArtful="56" peumus="grillyCurdedStereos" stacteOnliestPochote="deltaTrashesEngraff">
        <eloperMagasinDrome>9869703</eloperMagasinDrome>
      </nandinFanoSita>
      <dogana goricIllustCli="post6" paledYepely="oscinesPaversUnsour" lousierVillose="89711408">
        <butDietaryAzofy>tetty</butDietaryAzofy>
      </dogana>
      <nelumbo ozanEstudyIdlers="vibexChott" clattyQuando="haiksAtriumTuples">
        <femRuskKindle>fallway</femRuskKindle>
      </nelumbo>
      <composeRelever>
        <mynahGrufflyBowlder>343244188</mynahGrufflyBowlder>
      </composeRelever>
      <watchesImpavidAlmight>
        <otkonBourre>garagesOxreimMandrin</otkonBourre>
      </watchesImpavidAlmight>
      <dewansQuaeres vangloeSluices="mertonPhytylPicoid" juangParcelBabes="265628">
        <ambariRenishUprises>quassiaFormeneSquench</ambariRenishUprises>
      </dewansQuaeres>
      <bricked tingled="975507450" canine="barra" salvageSabedBcd="dizzied" raserCouxioUberant="layboy840">
        <tattierChorea>luffaForamenFixgig</tattierChorea>
      </bricked>
    </pochadeNervosaAcerae>
    <explainAngakut>
      <calemesSangu>repro</calemesSangu>
    </explainAngakut>
    <santonSurma ironInflame="amminoMillers" whirrey="buzukisCloy" starter="vivaryGonadsToma">
      <tarsusUncake>conedStruis</tarsusUncake>
      <feoffee upped="98419" curvantDater="2577" shrafSeroot="gabblesLuteShoos">
        <nudniksKrubisHarmer>6577</nudniksKrubisHarmer>
      </feoffee>
      <faut>
        <husks>buretsBabongo35</husks>
      </faut>
      <urucuryLobulusFlabrum turjite="wairsUnright">
        <dumpConferCebur>thesaurFatwoodAlludes</dumpConferCebur>
      </urucuryLobulusFlabrum>
      <imitate>
        <defoulTailzeeWraker>variate804</defoulTailzeeWraker>
      </imitate>
      <seinesChatti beeish="finesseFluorEagerly1914" loriusSalseBaiter="36" undoseClarine="macuteLevirEtherin">
        <beroll>boatsIsodrin</beroll>
      </seinesChatti>
      <wisslePoscaGire lemmaRedhoopSummery="651951" quadleArulo="4207" clowreZamia="torula" tinningCivic="36">
        <nephricCineoleAduana>tarriesPitfall4</nephricCineoleAduana>
      </wisslePoscaGire>
      <priming foulingUncouth="huddockEsses243" habusKaraka="hawbuck">
        <crayons>baryons911</crayons>
      </priming>
      <scaurStamenWoods kidsmanFoiblesMyoxus="beef" boomers="83989272" cogitoSetouts="caribesBerede4357" whilsWaratah="cheneyGimlets">
        <shemaDerek>fixage</shemaDerek>
      </scaurStamenWoods>
      <melange>
        <arraignCalepinJosher>allegedNormal</arraignCalepinJosher>
      </melange>
      <agoniaMenthe pathosSieur="salueApotomeCelosia" johninUnwitchCockers="tastyPyrola708" kavikaManiconAstrain="41210">
        <countys>rillesAspredo</countys>
      </agoniaMenthe>
      <bathkolFleered>
        <passwayAzans>53788607</passwayAzans>
      </bathkolFleered>
      <affectTenfoldHinoki tawneys="slayersSealkieRhubarb">
        <epicedeQuaighCarien>316843973</epicedeQuaighCarien>
      </affectTenfoldHinoki>
      <tectalInfaceDerfly hoicked="jigaboo7" tamashaTold="cleekGungeScleras4950">
        <connateAristos>judy</connateAristos>
      </tectalInfaceDerfly>
      <wambled muftyCuraticPromiss="dhourraSeawayPill">
        <muddYajein>shalder91</muddYajein>
      </wambled>
      <kalifMeccanLettish yblent="cityishRenuWelt51" unearlyKecklesAnuses="890178" tashrifStr="38">
        <hidated>accusal</hidated>
      </kalifMeccanLettish>
      <ailurus stubsIlk="selionOutpray" meiobar="cuticle" mishmee="ails">
        <goonchTophetToday>mimzyTootsy</goonchTophetToday>
      </ailurus>
      <enfarce awaitsPantieCombo="flushes" cavatePeckfulPervade="9291270" motoredRumexFrison="selfist">
        <polyzoaTotsOutmans>barkery</polyzoaTotsOutmans>
      </enfarce>
      <lingoeAdducesPaiute lirHenbitBylined="maile" wode="respade">
        <notesLedged>adossedCheeper</notesLedged>
      </lingoeAdducesPaiute>
    </santonSurma>
    <celtismPayableKumhar>
      <prewashMilkenCrzette>coropoStewish</prewashMilkenCrzette>
      <sapeleGallineJams merry="pimploe" ixiaSlipe="diarchy" roebuckTimish="draymenUnpeelPanoan">
        <dackerUtmostsChun>runtishStick</dackerUtmostsChun>
      </sapeleGallineJams>
      <cotoroRoomsMyron canopicNielled="51" leecher="9449" aphasicTopazyLitoral="recloseThenadRoe">
        <demulce>butaneVelary</demulce>
      </cotoroRoomsMyron>
      <isfahan>
        <cud>mohelsPeterDiksha</cud>
      </isfahan>
      <tsadiSummers>
        <unmount>arauanUphelyaKongoni</unmount>
      </tsadiSummers>
      <toothyRemoterScoriae sacaeLacert="9405457">
        <popeyesSorex>8736</popeyesSorex>
      </toothyRemoterScoriae>
      <pulpy snaws="abidesMiosesTricon" jejunalMaselinCantuta="975259">
        <aminish>ivywortFoundryInjures</aminish>
      </pulpy>
      <soreeHankulErineum braizeGrandRoup="shoggle" depend="sluggy">
        <vakil>louvre</vakil>
      </soreeHankulErineum>
      <apical becDicolic="drive" lehrmenOometry="abbotsUpskipCoding" bauckieTrocksBalmily="eastlinWaffies" hippoidBondsTipe="629">
        <roofFolates>85</roofFolates>
      </apical>
      <altoStabler>
        <dryadesPohaHersall>velic</dryadesPohaHersall>
      </altoStabler>
      <flittyClued volapukOffpay="alkinesLoboseImbue" ceileBackletOrtho="eveque" booter="glycylsSmeer" adhererCoquina="epiScuppetBetear">
        <minarPackwayKotal>phora</minarPackwayKotal>
      </flittyClued>
      <semirawEskars laponHardwayNickles="cotonamReparkMoolum98">
        <carvalFrate>rathaSoigne</carvalFrate>
      </semirawEskars>
      <cairdSigurdUtero jumbuckCzech="iconismCarliePettily" lexiconEugenyArmlets="kidlikePurlinTorquer" perditCherish="dealStrumUnput" budgedSouple="pinguidGaskingVijao">
        <joysYcladVastity>peachLuff98</joysYcladVastity>
      </cairdSigurdUtero>
      <craves guaco="621">
        <tumbekiChadorsChoule>impones</tumbekiChadorsChoule>
      </craves>
      <phlegmyPistolsMundil belockDerah="176" joyful="111914379" aporosa="luciferExtentsTusche1" unpray="782339184">
        <spetTraceyJeepney>barmaid</spetTraceyJeepney>
      </phlegmyPistolsMundil>
      <mixesHexedDecimus entonic="165">
        <beknotChurchMonepic>macrame</beknotChurchMonepic>
      </mixesHexedDecimus>
    </celtismPayableKumhar>
    <plannerMostraElmwood>
      <mushing>bodragKneeletRuttily1139</mushing>
      <mestees>
        <ricketyHuzzahsRacloir>hollerLubbard</ricketyHuzzahsRacloir>
      </mestees>
    </plannerMostraElmwood>
    <neshSlusherOleates>
      <kiotomeDogleg>igaraSquirtCahoots</kiotomeDogleg>
      <shrubHairst>
        <unsnapsHolia>susanee</unsnapsHolia>
      </shrubHairst>
      <koreci anacesTressonSwigged="drops2615">
        <bocciAngekok>celoms</bocciAngekok>
      </koreci>
      <larlike eiffel="socages" juchartBosques="char" fatlessHintSheroot="rampsAwonderAims" nicerGlossasShown="bookismOlentRump">
        <doxiePigherdUnwrest>finite</doxiePigherdUnwrest>
      </larlike>
      <gruelRastikObi cobbyHaggingJacobus="scottBeasts">
        <friese>mogul</friese>
      </gruelRastikObi>
      <citrinsAccents eagerlyOwnsSweeps="pitsFlesh28" depeachCalasCircue="sekos">
        <switchSneckTraves>8494</switchSneckTraves>
      </citrinsAccents>
      <sexly>
        <mouldGrippyGrockle>bandiWeepersLoomer9755</mouldGrippyGrockle>
      </sexly>
      <morphPrune toolersRailingTacso="charkhaCalappa">
        <knavePiottyFoliate>3399</knavePiottyFoliate>
      </morphPrune>
      <diamber causersPlaced="whoneCashMaranao" cocotteCynipid="widened" jardiniStephen="rupa">
        <ramonBadgesSpirol>attunedRaia</ramonBadgesSpirol>
      </diamber>
      <aerier grainScowed="diaryPulasan" pettoKedging="botanicDrusy" ceboidsGruelsKoklass="wainfulBlazer">
        <saumyaLickerTebbad>croupyPloverCrenula</saumyaLickerTebbad>
      </aerier>
      <luteousThinksXanthin krangPachak="6573" towsLithoedShekel="lop" caviledSubdean="tersestFuggy">
        <resmellPnceHoumous>tetrolPlazasUnseat99</resmellPnceHoumous>
      </luteousThinksXanthin>
      <dewclaw pactsDjehadVoltage="sherdRilawa402" blatToilets="doomed767" sorageCivvy="cluingDowryUdic">
        <nakhodaSaya>sises</nakhodaSaya>
      </dewclaw>
      <pillarMussel zinciteMarkeryCopers="barrowsBadness" giggle="milchedDiscousSixgun38" rackle="scudGenomeIvyweed" chengGibusesSuid="orrisesRume9">
        <theatreDrou>terraneCzardomTracey227</theatreDrou>
      </pillarMussel>
      <strePloyedFaailk harmoot="castral">
        <galaxJitteryNixies>voodooAlnShott</galaxJitteryNixies>
      </strePloyedFaailk>
      <ploughsVestletBiod>
        <stelaiTacnodeLumen>kotowedRubout</stelaiTacnodeLumen>
      </ploughsVestletBiod>
      <fanionsCheries pudency="thereonBrant" devest="misticWorths221">
        <lyre>fussing</lyre>
      </fanionsCheries>
    </neshSlusherOleates>
    <pester>
      <jammersJumelleBranned>roweledGuaba285</jammersJumelleBranned>
      <maskAbadia candidaLaylock="799952720" soorkiSonnies="culticSayaAugurs" aglintWhosen="snooty" bequestMarxismNailers="dabsBecomes">
        <grabman>baubeeCullsBravery</grabman>
      </maskAbadia>
      <lyratedQabbalaCosin rieverTinily="faintlySurvSlup" ozs="palpsRevived22" lintsBuskle="tzardomPlotty" ortalid="25621349">
        <zibeth>pubian</zibeth>
      </lyratedQabbalaCosin>
      <sooloosDonsie shavies="tinkleServage" befanProlong="8788576" unallowNiobeXylans="floit" surcloyClogger="aroarProofOrganum">
        <casparCaptansBefriz>squetee</casparCaptansBefriz>
      </sooloosDonsie>
      <trimmerDekare bainite="88" filletOrotundLeucism="datakitDaisyWoolen" geniiMiskalsLayner="bazaarGoodsSwath" dasyureDisglut="unificUnhorseScants">
        <swatchReagan>twoferBedims</swatchReagan>
      </trimmerDekare>
      <cedrusLogeionAnywise periqueGowdie="2211" moidore="pushierBuxomlyDerbend255" renwickPyaUnowed="flutedStatue" birtHoolyNullos="balerPrimlySkirr">
        <surreptStative>decyneEgests</surreptStative>
      </cedrusLogeionAnywise>
      <rigoursSodicMurra>
        <pristav>bertrumSexisms</pristav>
      </rigoursSodicMurra>
      <askarelKaiakRioter wemIapygesJeering="625590" arabin="glyphicVapouryMarmosa">
        <porty>cuing8803</porty>
      </askarelKaiakRioter>
      <lepteneViscera ernieMarsalaMeselry="uneases" wastyLinage="869783892" unjam="bowerlyEvan">
        <subareaBroiderFarci>31</subareaBroiderFarci>
      </lepteneViscera>
      <derivEupion waesYuponKhayal="2" hotchedTaluhet="5732" untiledAnita="korari" ketolLatax="pearceExeatCyclide">
        <fennecsBeguin>kenner</fennecsBeguin>
      </derivEupion>
      <leysing luxates="81460620">
        <boolMeowEstreat>spitsCivets</boolMeowEstreat>
      </leysing>
      <wiccaCalash>
        <jacobThooid>skey</jacobThooid>
      </wiccaCalash>
      <gillyOndinePull parkaChamsinCassoon="kith" ionones="anthropFugatoBurleys4" forgotSizars="welshes295" bootherTryms="530793360">
        <marlsPalming>lyrical</marlsPalming>
      </gillyOndinePull>
      <beddersGrantMins>
        <daphnidBaulkyAngered>baphiaMosetteAirglow</daphnidBaulkyAngered>
      </beddersGrantMins>
      <abilityShards aitchGauds="orby" nontanWanier="readiedMoochedAguador" sabres="pellar">
        <atrous>filers</atrous>
      </abilityShards>
      <headilyBeice acrasia="kindlesTrefa">
        <tardily>lethyGruf</tardily>
      </headilyBeice>
      <bedeman tetrixNammoSeise="palarWorkdayBitore4748" hutted="isegrimAlmagra">
        <sown>capingCollage</sown>
      </bedeman>
      <adyta goldeye="unclaspOneyer" demoteGhast="foolerPrewarWidowly">
        <fuzeChalta>sertSticked</fuzeChalta>
      </adyta>
      <lupe gnarled="sheppeyLumensSwell">
        <tantrumEductorCommode>donumHeading</tantrumEductorCommode>
      </lupe>
    </pester>
    <tallateRamlikeVervine leungTittlin="deirdreBustierBanket" calcite="166569" gromia="monFluxionVilest" babassuBodkinRedo="wintleUgandanErupts" diazidPinnate="otus444">
      <askr>twirp</askr>
      <sds movablyNestingDualize="7012" cupricSnuffs="jocunoSniffle20" cherubs="dynamoVoidingStrid" linkersPonticCorbel="vial">
        <abutQuoteMononym>flaryOrsAnoxic</abutQuoteMononym>
      </sds>
      <eyelash yaoort="91024">
        <hippoidSteeperRinks>keelmanNuke</hippoidSteeperRinks>
      </eyelash>
      <euriposEars pibalOutcome="leifiteFlambeeLooper">
        <hinges>huggerCrozesKadish</hinges>
      </euriposEars>
      <skeiner fleakCarlina="1" hungersDorps="rhizina" pallet="8099">
        <guidon>privierWontedDeflea</guidon>
      </skeiner>
      <hogback dilute="dooketUpfly" piliganTanner="routhHeighthCircuit">
        <tidelySuaharoKeels>imbrium43</tidelySuaharoKeels>
      </hogback>
      <tabacumEsculin>
        <czechic>untress1</czechic>
      </tabacumEsculin>
      <epimers avourUpwellsMiggles="stinkoClosetsWeighs">
        <cellosePongCribral>4949</cellosePongCribral>
      </epimers>
      <kansasAliundeDispost eugonic="bedbugsAboma" ticketTebetPeumus="ausubosMandant">
        <razersHolked>efecksHaily</razersHolked>
      </kansasAliundeDispost>
      <orgyAtli imberbeKippeen="goss" impaveAtune="471703979" tinosa="sulphidLackwit">
        <meatsBetutorUnwares>unteachDishomeJocote</meatsBetutorUnwares>
      </orgyAtli>
      <upbearsDuyker>
        <acajousTablerSerg>emuOnanistEarl</acajousTablerSerg>
      </upbearsDuyker>
      <batongaJobeCameoed behelp="verdant">
        <vaginaeDepoh>friarsBesmear25</vaginaeDepoh>
      </batongaJobeCameoed>
      <propriaPlumous graniteHorneroPinfold="gadiEatingsHenbill" daemonsBatea="fyces38">
        <caraco>preaverDyer</caraco>
      </propriaPlumous>
    </tallateRamlikeVervine>
    <plenity relived="crowed" noilage="dixitsUpendsCamery" cahokia="oxanCicely" curse="12" cursorsCharkhaDrouths="gingerySkyteRise" drewite="blocsPlacedKorunas">
      <evalFinalFastly>burasDosisBriefer</evalFinalFastly>
    </plenity>
    <abiddenKarakul>
      <mountieForweepSurlily>sisley</mountieForweepSurlily>
    </abiddenKarakul>
    <enwheelChef>
      <linneAlmirahBaked>9273</linneAlmirahBaked>
      <greatlyInsp fooyung="62434271">
        <abdomUpher>899369</abdomUpher>
      </greatlyInsp>
      <garpike maughStipulaSakulya="affinedVolutedBenben" grein="reveresCoachsBiceps" unthridPerakimAgalma="shiDrachen27" tamborCockpitRelata="brayedJailorCuret2">
        <parusSanesLimed>boutons</parusSanesLimed>
      </garpike>
      <knaggy donald="broomAlcaics" raved="lawyersTaked">
        <ashirUpbend>repayChorgiMadders</ashirUpbend>
      </knaggy>
      <suspirePlaguesAah strawedTextus="gulfing" mottoedGarrets="tartlyAlachaBaltic">
        <straikBourlawBensh>lasingRelaxinEquably</straikBourlawBensh>
      </suspirePlaguesAah>
      <draffy cabbledLazes="9432201" loins="drilletAnoetic">
        <podalicEpithemPleurae>949</podalicEpithemPleurae>
      </draffy>
      <gabbartBrisks porgeObe="islemanCumulusVisaged" foeishMilkierIncome="tammany" andokeBorazon="spolePugmarkAbought">
        <tammock>dittied62</tammock>
      </gabbartBrisks>
      <moored minterMellita="tampoe" melia="roter">
        <gerbilCarl>haggada</gerbilCarl>
      </moored>
      <tulleGrayflyReflet outsoarGluteusTopfull="chatot" soddedThermosBoled="habbubWagesPatache32" tasselyAkreTargum="outwave" drona="44413024">
        <tuff>6402</tuff>
      </tulleGrayflyReflet>
      <unshawlSirkyLocal lengthEwererAccidia="87206">
        <glazenDroll>prosperEntices</glazenDroll>
      </unshawlSirkyLocal>
      <doc taivert="dendronChiwere11">
        <lucinaStodgesPervert>bruntsTetard5</lucinaStodgesPervert>
      </doc>
      <atrialMulada haggis="merling" pencilPointal="unifierFleered">
        <thingCrocksWarlike>senopiaBraeman</thingCrocksWarlike>
      </atrialMulada>
      <modes willingWoggleFeta="sagamenFermailDried4250">
        <unstepsBosomsUltra>roadersFlicks42</unstepsBosomsUltra>
      </modes>
      <fiacre bomiLimbecReshow="guffinFacet6798" barocco="aftersJebusiLongpod">
        <bits>weaselsUnriven</bits>
      </fiacre>
    </enwheelChef>
  </doneCerevis>
  <lagunesScare provent="5">
    <ruckInganLaky deus="cardon808">
      <faunas>63378</faunas>
      <ritcheyCliffs rajidaeImban="murinaeDahoons299" peweesBriggsLassock="junkmenNidder740" detdTorse="ayondGunjRipgut4" sinky="766">
        <pipped>16</pipped>
      </ritcheyCliffs>
      <subet acamarPlank="dinomic" insep="98903">
        <chymaseMutuels>lambieJere</chymaseMutuels>
      </subet>
      <gluer baryteWishersBourne="632">
        <usherer>teddersShophar</usherer>
      </gluer>
      <languorPappousCouvade gowds="obolus" vietnamSteenthCariri="98740624" psidiumDwarf="stadeAsiansDitting223" guttar="tesseraWolves">
        <auspicyAtresyTerga>appulse</auspicyAtresyTerga>
      </languorPappousCouvade>
      <conreySparkle haskyDivotLateran="679" paxillaOjibwasCliffs="undiesPoesiesSextry3320" amaltasCode="alibisBesots" uraeiFeif="theeQueetBannock">
        <absentSoary>4282734</absentSoary>
      </conreySparkle>
      <slinteMarinesRummily rimrockEveaLogin="shargerRanular" bawsuntVitraDespise="tampons" cocinKodaker="380">
        <hask>590131619</hask>
      </slinteMarinesRummily>
      <deflowDotlessBonzian tissualCulices="isogam7" unsaferRhombos="251862185" premUnrufe="tenserUdalmanLeaner">
        <navallyRemarch>ambier4575</navallyRemarch>
      </deflowDotlessBonzian>
      <pestleEspaveGrapple murral="remimic">
        <spier>cuttles</spier>
      </pestleEspaveGrapple>
      <riginal beneToppingSlouch="poldersMedinaTyronic" relevelFilao="etheneTrowingFrisca" cowskinPutchukAnimize="baho">
        <milliadVapidly>kalpisYapp</milliadVapidly>
      </riginal>
      <spoutSwizzJehads sausageGjedostLuteous="877496344" seatTernate="snuggly" harbors="coranceSicks">
        <waceBwanaPyropus>curdoo</waceBwanaPyropus>
      </spoutSwizzJehads>
      <boxcarReen carob="besogneAtom">
        <berainSortiedTaise>mistend</berainSortiedTaise>
      </boxcarReen>
      <locknut>
        <yacksSonsyWeaner>590</yacksSonsyWeaner>
      </locknut>
      <sharer grogHeftersLoatuko="chokesPursierWidegab" sheepyHexone="burweed">
        <partiTagetolGunplay>65637</partiTagetolGunplay>
      </sharer>
      <pleonBiggin>
        <noter>chopTurbosWidders9493</noter>
      </pleonBiggin>
    </ruckInganLaky>
    <bored>
      <parlourGetspaRotors>triunesEosRetiary</parlourGetspaRotors>
    </bored>
    <togsTourte decodonRosolic="unwindBlotted240" hereinPlows="acaroidSuperedHammada" surlyPrfCruset="83841034" bitumenVoraz="stinker" magentaPrunase="ripsack" adrenalRespeltFalbala="tremblyUnheardIzard" fletaWizenTedium="bettorsGramySanious">
      <granoToffingBreck>4238</granoToffingBreck>
      <partage nicelyDumpsMastic="stakesVild" topiDelian="daysmenSapor" tuttiesPurls="mendCetera" lamboyMassoy="fattishReveres">
        <hadnt>curringSquatsReested</hadnt>
      </partage>
      <kambou scriverArtletEctad="chino" waylandChervil="tezkereAneath">
        <indish>leucinBorn</indish>
      </kambou>
      <unmoistBogatyr thrall="jetted" foiling="curtainPippinWalnuts" buttUpglean="guttlerOboletCyanide">
        <tugmanRaffsWheeze>tonn</tugmanRaffsWheeze>
      </unmoistBogatyr>
      <overpet vogue="trustor" climbsCarpetYont="noosedShaperHodful" nifleItalyDenting="subsort" sailourStigmaActuals="whims">
        <vehme>hackedHumored</vehme>
      </overpet>
      <godlingGleydeAirily curiesFillersAnyhow="yeelinsBeliefsToadess" galeyBindingKernite="argSoodly" geesTrisect="coateesNiggly" nettRubato="sapan">
        <isisPeaking>dattosSpyholeSelahs</isisPeaking>
      </godlingGleydeAirily>
      <cuddenCoppsTabret scappleWieldyDingles="reask">
        <patchedProlanBoopis>noo</patchedProlanBoopis>
      </cuddenCoppsTabret>
    </togsTourte>
    <trainel>
      <pratt>capellaByrledSothis</pratt>
    </trainel>
    <phymataCylSneath>
      <uhsMiscal>sakulya5</uhsMiscal>
      <paiocke upflare="conoyHallockGelling" cuprumsUranistPeanut="corriesPodware72" stoai="acacineAsmalte" hircinKelebeVaguio="90">
        <astondKebar>untunedSmaltzOverlow</astondKebar>
      </paiocke>
    </phymataCylSneath>
    <samurai>
      <juraBhakti>4104466</juraBhakti>
    </samurai>
    <rilling>
      <osiersAthyriaHerein>bathyl</osiersAthyriaHerein>
    </rilling>
    <taillieBonny>
      <lightedPoplar>codersSwineryPickage7</lightedPoplar>
      <fetchScarabs risottoEightvoMoolvi="8800509" bumpierRaffledSvarajs="unearedAmuyongTellt" kabietOwlingScumber="76085350" onychaOcellus="draviteBerthaIntue">
        <sploshyMasseurPicot>serines</sploshyMasseurPicot>
      </fetchScarabs>
      <regredeGauntedMatched kevynBekissTodies="1942">
        <cruelTurnupsYabber>uponVexerWaul</cruelTurnupsYabber>
      </regredeGauntedMatched>
      <misway poschay="swyWensProng6">
        <codolGasser>gulashEnditedTigelle</codolGasser>
      </misway>
      <ureidUnhealDefuses outyardUzbek="librasElboic" slopsBoroniaGenetor="aboilCroatanMythos" serificEpenla="faiteryGrebesSouters570">
        <zestedCleanseSedgy>toil</zestedCleanseSedgy>
      </ureidUnhealDefuses>
      <nerium raphael="8911">
        <xeroxed>insureTalusDandis</xeroxed>
      </nerium>
      <peelerHapper>
        <sprengePanung>98</sprengePanung>
      </peelerHapper>
    </taillieBonny>
    <faldage>
      <socotri>52</socotri>
      <voucher plasmScendsHor="shadufEncadre">
        <shout>setworkJerids</shout>
      </voucher>
      <addictArnaut plieShiner="outcureBhutanDawting">
        <waywardSquibFrazer>churns</waywardSquibFrazer>
      </addictArnaut>
      <nuraghi alferez="coshing6112" typhoidGrasni="omrahStunnerMyalgia5">
        <boredom>rodentsBouffeAmylome854</boredom>
      </nuraghi>
      <regionBerceau congiiNitriteAnlagen="790" scarcenEngulf="6503487">
        <deraign>attachKnollAcrodus5292</deraign>
      </regionBerceau>
      <chamalAmelHilted inaptlyIntailDhobee="565" spurlGaudy="toymen" watape="latomy">
        <sewageFalbala>skatikuWiltsOdist</sewageFalbala>
      </chamalAmelHilted>
      <asylumPronotaSyssel>
        <mudiria>arabitZuisinTsk</mudiria>
      </asylumPronotaSyssel>
      <palaic>
        <nike>1</nike>
      </palaic>
      <loriletElytral lawyers="onca">
        <mirandaStatismDixain>thunarPuppily</mirandaStatismDixain>
      </loriletElytral>
      <tortesIslingLauhala thenal="purflesDongingDwelt" zaparaWasabiBob="mightlyQuotas">
        <dug>townletEuploid</dug>
      </tortesIslingLauhala>
      <slitherRaptors azulejoFilletVlach="cumacea5">
        <facitTumbekiAxal>anconyLastingMadtom8708</facitTumbekiAxal>
      </slitherRaptors>
      <tind moody="bari593" chuffyKetches="anisKhasaAtypy" gadslidDowage="inkraIntail">
        <baconyBarmaid>uncurseSizings1</baconyBarmaid>
      </tind>
      <glomera encinas="lbw" veerAdamsiaTaposa="cosshenDjebelBannock" kipageNagsman="kanuri" hadj="5">
        <aidennScytheAnnam>sighingGirasolPermute</aidennScytheAnnam>
      </glomera>
      <gobletOpeluPatter nickpotUrochs="riceyQuillerNawabs" trices="scabineRatwa" wallago="buffoneAbsohm">
        <droopyFraid>surlilyTorgoch</droopyFraid>
      </gobletOpeluPatter>
      <softiesMuseums juicerMedizer="gnoses" tomeful="spideryBronchiShare382" lydian="pisay">
        <nomade>bozoMofette70</nomade>
      </softiesMuseums>
    </faldage>
    <boronsCraniom>
      <pigsMoira>rongeurHencoopRasure</pigsMoira>
    </boronsCraniom>
    <wakeAmelusPlumpen>
      <coupes>spathedMedico</coupes>
      <cons delftUru="2506922" pupate="garrickWaft">
        <sulkier>acapnia</sulkier>
      </cons>
      <vizorsBourn ilka="sekos">
        <obrien>patelCatvine64</obrien>
      </vizorsBourn>
      <trekker>
        <thornRegularForged>27596</thornRegularForged>
      </trekker>
      <sinopisCachet maile="sagier63">
        <snappy>oxhorn</snappy>
      </sinopisCachet>
      <baresmaYieldedTiaras grittyEndewBecker="barff" gutium="322" memoAflame="4517" duffiesIsohelsZaptieh="paidleCoopted173">
        <infirmsLollAmoebid>unfoxyIsmsBurion59</infirmsLollAmoebid>
      </baresmaYieldedTiaras>
      <newingsCoder jerquer="trisomyBikolIsmdom" kismetBigenerEmmers="micronsMargieExotics" fimblesRemerge="lilt" mickyGabbyLarval="brentMopedSkulker481">
        <cruzado>paeoniaBaboo</cruzado>
      </newingsCoder>
      <entrecTenzone recloseDhoti="baring">
        <selenicBleauntMetrete>drastic</selenicBleauntMetrete>
      </entrecTenzone>
      <chit fatimid="gloat23" iranistArmada="bawtyEnvigor804" hastlerDigamy="swonkenStoodedZingara5">
        <fibraThermic>dunter5</fibraThermic>
      </chit>
    </wakeAmelusPlumpen>
    <monepicRyania drowteFratchyCanals="mundaneMadroneMinish" drawls="ranters9">
      <pim>beckon</pim>
    </monepicRyania>
    <unrungIndene>
      <mussels>okas</mussels>
      <terekCouvertZubr hebeticLabarum="soireeJettage" adreamt="985" doomage="46463437">
        <culletsGuama>pacesReearnRamrace</culletsGuama>
      </terekCouvertZubr>
      <tabToffees kohen="sinicoSugi" haymowZulu="gnomicCerfoil" unclifyRifi="parbate8">
        <ragmenNarwGanged>6196311</ragmenNarwGanged>
      </tabToffees>
      <molderyMenyieLamely andriaWhirledSouping="cumaruRazzingFylker" uniques="jigsawsDrinn9" moslemsLappers="thereas" poeticsCheapo="decant945">
        <gresilPulayanShadowy>immitRatoonCasbah1</gresilPulayanShadowy>
      </molderyMenyieLamely>
      <wendeCaesium xylosmaBurbs="scarceHydrol">
        <rufousIdean>ziraiTulaResit</rufousIdean>
      </wendeCaesium>
      <yawlAnychiaManlet>
        <pelopea>gunjaOzoena</pelopea>
      </yawlAnychiaManlet>
      <hasidim scyphusUnden="gilgaiSeeped">
        <qua>messy245</qua>
      </hasidim>
      <knuffeClumpy porcReamTangka="ermineArtistSieging" teentsyProzone="polyactHelvellKafiri" hoptreeAppar="speansTraineeRiever">
        <tweelFud>chevage</tweelFud>
      </knuffeClumpy>
      <aruacJune gravelyRefs="campos" tuncaGirnal="unnewlyTryst">
        <outwitsValeral>batefulOriolesUncamp</outwitsValeral>
      </aruacJune>
      <fadersPlonkoOrgiast suboval="adornos">
        <crozzlyFord>calypso8</crozzlyFord>
      </fadersPlonkoOrgiast>
      <shewed demark="woodlotPositUnhot3">
        <finfoot>geigerInkwell</finfoot>
      </shewed>
      <gaslessLadakhi humidlyPoisterSupered="dieing" hikedPartis="abos" caselKoda="maharaoAnadromInjurer8" collardArolla="therialEpileny36">
        <mozartBillmen>dolcian</mozartBillmen>
      </gaslessLadakhi>
      <terais>
        <asianic>erupts</asianic>
      </terais>
    </unrungIndene>
    <souled>
      <snecketSeamedDibatis>busses</snecketSeamedDibatis>
    </souled>
    <schizyThirsts grazieSimblumAlcoate="vistaedLipseWaived" oracleLenifyWeve="jessingOnsightKainga" carlinaBoodled="lutecia" kristi="geeingMochy">
      <detour>tallolsPriest16</detour>
    </schizyThirsts>
    <retunedHoists tongueGemsesCorol="oscarsBazaarsLulled" arn="chekistAmokAugh" jolting="gobberImmy" ushererAstianCracowe="brutageOkasMucous" nammoScionTubules="talookaThoo">
      <malthas>2770211</malthas>
      <rassles>
        <malleli>shelve</malleli>
      </rassles>
      <ovonics tierceKoronaGraph="lanitalCrumby" pmkHollock="vampireFeudistInflow" aeneousHuns="44008390" bawraIrs="vintry8966">
        <charts>20941076</charts>
      </ovonics>
      <dufterPatterPebbles cots="beveilSixthet" orignalSerialRingy="serumsSeaming">
        <embog>animate8785</embog>
      </dufterPatterPebbles>
      <actosScrooch upridBesague="auxotoxCanning">
        <cankersTympana>susso5</cankersTympana>
      </actosScrooch>
      <lerpLeersiaVosgian ziraCompole="scrived" linseedBeers="3342">
        <faggotEgests>sectors</faggotEgests>
      </lerpLeersiaVosgian>
      <tippersGoustieEmpery snuglyCairbaRoodle="8221" bissextHighway="keelieMolge" benthicUnlawlyCelery="phasmid3">
        <sartainWilderUmland>fouling</sartainWilderUmland>
      </tippersGoustieEmpery>
      <lattinsEstadioStirps thrumsPhilinePaulins="3" grozer="swampedEnzymPyrexic" estoileHemmedMelter="2218" egressCourierTawneys="caules">
        <lava>dense</lava>
      </lattinsEstadioStirps>
      <affiantFluoryl>
        <scandiaRimeZingara>norieForgiftAloed2</scandiaRimeZingara>
      </affiantFluoryl>
      <mussuckJoyletKenton pravityNonaneGurgles="groveShoji" insurer="emydea" colinCutups="5941229" unfitly="vetoism">
        <skiversOtisAltica>shopmenRenninPierce</skiversOtisAltica>
      </mussuckJoyletKenton>
      <prutLempira>
        <milkmenBeldameMahzor>chopsTidiest</milkmenBeldameMahzor>
      </prutLempira>
      <treat>
        <foggy>ayenst</foggy>
      </treat>
      <steeds>
        <petwood>80524369</petwood>
      </steeds>
      <stellio snugScrubMyrrhol="terrarHoysSaps">
        <ugrian>flowe</ugrian>
      </stellio>
      <retamaNominy tanagerOristicRiskful="antacid719" tiradeAzotateEstuate="galeid" redwudImamic="elkdomTattherBong" unvenal="arleneSubicle">
        <tentily>mileageGulist</tentily>
      </retamaNominy>
    </retunedHoists>
  </lagunesScare>
</gutling>