<?xml version="1.0"?>
<bemoat>
  <limettaRenwickKanchil fabularApachesPythian="12305" vendeeDrailedImpeyan="elbertaLlanos" />
  <utrubiPhoresyOrnis tolstoyArgive="7">
    <goofilyAbettedPesach manist="8">
      <monied>barye</monied>
      <hwtSlockerGorra strettiWherebyActa="annulet4" miloBacksaw="221597047" urinantMoulLampron="bubba" jimjumsCustardCosey="combs">
        <priapicCopse>aracana6</priapicCopse>
      </hwtSlockerGorra>
      <grizard cipayeProturaPlectra="infamedMormaer" wachagaPageant="53" savoysForelayTipcart="tacking7533">
        <rezonesAlyssum>uncusVin</rezonesAlyssum>
      </grizard>
      <mayanceStolonSheaf jink="fimblesBeingStyryl" haveageTypic="sonder128" burdiesChevauxMasker="26934" slavinMacabi="73767">
        <searsUncrookVacant>elisor</searsUncrookVacant>
      </mayanceStolonSheaf>
      <eclated>
        <ftnerrCannilyGirders>saccli</ftnerrCannilyGirders>
      </eclated>
      <catsMaistsConsent chok="lemmonFarmostHorim" invokesClad="advtCurverCarves" frutifyCoxingFrumps="42358312" hastiveMusksLoath="58">
        <exodoiSynnemaStubby>adnounsFundiInwit</exodoiSynnemaStubby>
      </catsMaistsConsent>
      <unbran obvolve="yawpUptight">
        <ruefulContoidAlepot>17422423</ruefulContoidAlepot>
      </unbran>
      <kickoutWinds ebbets="taskitNicolsUnegal2" nutcase="vis" higglerSecalin="sclerasNyalasDhoti">
        <recodesJuniorSaner>myriadsKafilaEsteros</recodesJuniorSaner>
      </kickoutWinds>
    </goofilyAbettedPesach>
  </utrubiPhoresyOrnis>
</bemoat>