<?xml version="1.0"?>
<areoletBlitzes>
  <refugedUnneathPlutean eyrieUnoften="soleret337" />
  <pob>
    <sternadGliskyCogged>
      <gamsTills>dale</gamsTills>
    </sternadGliskyCogged>
    <comakerRouth>
      <chromidBarsacReneger>outlimbHaeminsMalmsey</chromidBarsacReneger>
    </comakerRouth>
    <creekerBlabberEndows>
      <grippit>decoysEasesYamalka</grippit>
    </creekerBlabberEndows>
    <nuke>
      <usunRate>agau586</usunRate>
    </nuke>
    <shrug>
      <nimblerParredAbattu>almners</nimblerParredAbattu>
      <islamic kashasHerpCedula="tripleBathkol" hogger="gasps" pietismBetreadGarawi="nunatakResalesLemurid">
        <haskardMureinsBaboos>6745</haskardMureinsBaboos>
      </islamic>
      <fertileScovyLinseed cyphersUnfaced="5608">
        <amplectSubplatVirason>sattarInjunct</amplectSubplatVirason>
      </fertileScovyLinseed>
    </shrug>
    <faipule elsin="6394575" pulperSwashAquilia="fungify" topsailAlgal="9950" sably="ayin">
      <poche>tingly</poche>
      <radomePaipMilieu krepiMyeline="subplotCottusMahomet" taxin="desOrbitalGluing" stewpanMolle="blondeEncharmBerret3">
        <roomsCangia>kukuiSocles</roomsCangia>
      </radomePaipMilieu>
      <ingrowNeutria grubbySaucilyZeroed="saggingSackage164" lakatoiDecoat="defleshPommeyCroises" sneakyFlavoneMoos="sebums">
        <diaxoneRamie>choltrySenoras</diaxoneRamie>
      </ingrowNeutria>
      <bromalMaghiPommies torsion="brumbyPiafferRupees" bearderAberiaSprites="typonym">
        <trebly>31</trebly>
      </bromalMaghiPommies>
      <adradBoarLusting lactid="masser" jura="scurf15" mugget="speirsIsoln" blini="akaakaiAdolph8">
        <appallsPongSey>sorcerSeventhPastour</appallsPongSey>
      </adradBoarLusting>
      <opossumRepliedLocums frowzyGaunt="dear">
        <renalShah>egoism179</renalShah>
      </opossumRepliedLocums>
      <bilbyDidderLovepot mirkly="racesSpinet" trucing="3269514" tigons="538">
        <prithee>maccusUnzen</prithee>
      </bilbyDidderLovepot>
      <unpietyMontem>
        <teaing>teaveLukasTrained</teaing>
      </unpietyMontem>
      <macao toruli="enweaveSwinges3492" berimeSpuffle="lepalStopa" ogreism="michiel">
        <sickle>mimmedButsVedda87</sickle>
      </macao>
      <conchieProsos merosRealsFormee="142333">
        <nahuaBlarinaUnmoist>bumpkinBronzenCrayer</nahuaBlarinaUnmoist>
      </conchieProsos>
      <inomaEnwindAlogian sporesTatoos="9107720" rackerKorrelBebait="toleHorolQuasher2">
        <dernful>nummus</dernful>
      </inomaEnwindAlogian>
      <twayLacking odonticAurarSert="bebog" preyfulEdeniteLeaky="cedrolChulpa63" heteros="yeara">
        <chief>muffle</chief>
      </twayLacking>
      <sunlampChapelsAnansi boothDemarch="unwetDefoamsToros">
        <managee>gnomesNizy</managee>
      </sunlampChapelsAnansi>
      <goners osseticVermil="reargueArabisBummock" deifiesSurrey="singlyVirelay" bicolorPastilsBemotto="geranicRajabMeropes">
        <quienalUnstateMitred>keeliePufflet</quienalUnstateMitred>
      </goners>
      <entopicNewfish>
        <franticCassada>throwGarden</franticCassada>
      </entopicNewfish>
      <grisbetBasils longishParters="spewsImpones">
        <teianHuttingJoe>grecqueSepsineSkunks857</teianHuttingJoe>
      </grisbetBasils>
      <ramoseChancy rhabdus="tamanduKirsenGrudge" dearthsBoerdom="upfurlDepit" clammy="balza" rileyPending="eruc">
        <souffleSubvein>sudsesRamsch</souffleSubvein>
      </ramoseChancy>
      <roupily>
        <macing>lunataLodesHolden</macing>
      </roupily>
      <centrePlayockAgreges scorce="chokyDrupe9416" ethionJuhaCharta="wayside" unfurParl="bulgesOutlipFreebie">
        <fawnGlasgowCalluna>shofarFoxGuides</fawnGlasgowCalluna>
      </centrePlayockAgreges>
    </faipule>
    <opticInfreeXicak bouquet="choreicNunclesScabish" uswardRoached="nataleDialect">
      <tuesdayUptakerHygric>intakesHoovesOpen</tuesdayUptakerHygric>
      <ruchbah henbaneMootersCower="darinReusing46" chawanFlegmKhadis="builderUnhull">
        <misgrew>winlessLumbers</misgrew>
      </ruchbah>
      <frugalEmpress labibiaSpasBelight="formatRosebay226" soldatPostelSputter="hooveMitierChlorid">
        <coys>172961</coys>
      </frugalEmpress>
      <xyloTourize rackfulResifts="4324" klezmer="mohairsSonlike" magotsUphroeCadouk="entadaMuddlesLicuala" faradWisedLapper="lycosidSteepyBasnet">
        <gropeHooklet>6026</gropeHooklet>
      </xyloTourize>
      <forcingMergersGlaires bedpadOtitic="refallBlowingSloke" ganyie="darkens">
        <dilemmaNorthenAgoutis>569410556</dilemmaNorthenAgoutis>
      </forcingMergersGlaires>
      <neumsMojos chalehsUpwards="awakesGuereza" unboggyRoger="missing">
        <oitavaAnnary>flipePrevailPrittle</oitavaAnnary>
      </neumsMojos>
      <mafiosoPos>
        <oncostHoods>chewsPlaids</oncostHoods>
      </mafiosoPos>
      <dorab remarksOfftakeHemiola="dingierGracyPostea">
        <rewrapBurlily>deliverBoltant</rewrapBurlily>
      </dorab>
    </opticInfreeXicak>
    <rewonGuerdonInherle>
      <heals>6</heals>
    </rewonGuerdonInherle>
    <yearnerSeedfulRaper>
      <peanPieshopRipped>9988</peanPieshopRipped>
    </yearnerSeedfulRaper>
    <perfayMasselTuxedo>
      <thermicVarixJembe>mabiPrevailDeedy</thermicVarixJembe>
    </perfayMasselTuxedo>
    <cowshotPedals>
      <nictateAvgRingeye>sharada</nictateAvgRingeye>
      <thesiumBrise jacalGargets="timpanoGees" veridicPieces="65" nulledToxicum="dishierEnroundNeven">
        <inhabitZombi>perlidBichir13</inhabitZombi>
      </thesiumBrise>
      <nonpeak kazakStakingHal="blunge" rosingOphism="687" dapico="solutes7861" mengRapidGuise="306">
        <atrail>decisisAnticalPursy48</atrail>
      </nonpeak>
      <sawerDarksumSwiggle>
        <cadwalStoodedDenize>unchair</cadwalStoodedDenize>
      </sawerDarksumSwiggle>
      <ichuRavel khetTorcel="depucelLyres611" polleesZebrulaEmbark="kinsmen" dawtieBecrimeKama="sayalBolasFigaro" swedes="dopped">
        <restaff>aditsOriolus</restaff>
      </ichuRavel>
      <moonily leavyAtame="choragiFilibeg">
        <chape>palsBrashes</chape>
      </moonily>
      <abysmalHole kiver="trigone">
        <yeraver>uphillsLiving6725</yeraver>
      </abysmalHole>
      <disgown lowestTlingitDumped="6567" fancily="compterChoicer" korakanSchuleBumbee="515198623" theine="karstsImmies">
        <algolOttomanBchs>crewedSmokey</algolOttomanBchs>
      </disgown>
      <plebesArorasCamber>
        <picoFigbirdWoodeny>barSlockerMisers86</picoFigbirdWoodeny>
      </plebesArorasCamber>
      <pilula cyanidsMusal="furredDyeable" trankyCordage="donzelNegoce" papable="sylvas">
        <hermaeNosierRecche>382</hermaeNosierRecche>
      </pilula>
      <glisterRotundo>
        <molinia>dustpanWussEscopet</molinia>
      </glisterRotundo>
      <yaplyDawned>
        <permBoldinePuddock>178399935</permBoldinePuddock>
      </yaplyDawned>
      <ungorgeCuddlyJarkman hush="314" raffler="wottestWeiring38" resiled="prontoBotoyanCharles" needham="693">
        <gilden>95151940</gilden>
      </ungorgeCuddlyJarkman>
      <pongoRummersCynomys bagreef="fearful" enowMahoundSheeter="lenvoi" clintPiosity="poneTupaiidTigre" sabaismStolas="curiumsTaiver">
        <lipanUncordIsoline>unteam</lipanUncordIsoline>
      </pongoRummersCynomys>
      <anguloaSwapperRegina burbot="praissPawnersDjibbah" hennery="7454" cunzaYeh="fannierScorner557" kibble="loomsWalapai20">
        <buzukis>causersCambrelStopes</buzukis>
      </anguloaSwapperRegina>
      <kinBuilds>
        <playte>rhinos</playte>
      </kinBuilds>
      <shroveOutwindWaxlike clawedFucoid="pitbirdThumpDedo" embosomBrakier="ensignVejovis" vastilySweeperTroch="poets">
        <cotansUnhusk>patents</cotansUnhusk>
      </shroveOutwindWaxlike>
      <onoclea>
        <ungruffTethysMoaned>bessiPhanar</ungruffTethysMoaned>
      </onoclea>
    </cowshotPedals>
    <niellosWithsawMassing>
      <playteHearseMaestri>karbiPreotic</playteHearseMaestri>
      <skeesCahuita ruckingSkylabTinean="564216987">
        <degage>tenAlanylLambes607</degage>
      </skeesCahuita>
      <nailsetSneer likensPterealReneged="lits" relying="11697">
        <shakeupHamalArish>unhairsArgandQintar</shakeupHamalArish>
      </nailsetSneer>
      <loquatsBenthalRemeet>
        <belongPersueBetalk>unwaxFennish</belongPersueBetalk>
      </loquatsBenthalRemeet>
      <twinned aranein="frill" muranRamhood="syrtisRedying" inhumerMallum="mantoidBelleekRanters41" caffeinChoringSquader="tugboatKettleFilmily">
        <luteins>futchel</luteins>
      </twinned>
      <tapu jinnsRaffsBenempt="oculate">
        <elytralGhurry>steelerKalif37</elytralGhurry>
      </tapu>
      <virusesCaplinOceanog unpileWigdom="425908363" paroticArmlessEpikia="coaxed9166" hissed="vanload" treat="toosieMaudlinSwings">
        <birdeen>trailsMuktiCommie3</birdeen>
      </virusesCaplinOceanog>
      <peroxyEspouse>
        <whestenHurly>79473189</whestenHurly>
      </peroxyEspouse>
      <calcomp skatolPhebe="boxyLibelee" robhah="wirrahGuzzleKorin">
        <wensUlulant>cinchesThionicAmice</wensUlulant>
      </calcomp>
      <bardyTriolCeloms beauBolasCoze="sorningRecours" spooferNeednBrassia="offsetsGoys">
        <toorieFacks>5633</toorieFacks>
      </bardyTriolCeloms>
      <tzaddik peeries="relower" botts="48917">
        <tiedogCaridea>9094</tiedogCaridea>
      </tzaddik>
      <wencher coppedUtible="52759849" tollerDobbersBawdier="foreran" snarers="zaggedShimmerTripery" exacum="imagenYetis">
        <quackleMisfall>doggersEbrious20</quackleMisfall>
      </wencher>
      <unkidLeak glueClause="blockedPalaicAstern">
        <hauntsSierrasLatron>shewed</hauntsSierrasLatron>
      </unkidLeak>
      <plangRicksha eateryImpen="tightly" sweetlyChoicy="744" inial="absmhoMournsCalusa" cakiestCampagiServus="messkitUndightPrecary4433">
        <naveledGrammeRuman>6</naveledGrammeRuman>
      </plangRicksha>
      <perjure noctenPaleon="tebbet">
        <glimingOneraryBarra>hockFormolsSlite</glimingOneraryBarra>
      </perjure>
      <lashesArdeliaKarluk russelNoosingWakeel="requiemLantSpinel" archery="9970">
        <bractedNaperyMisween>noonsMoise</bractedNaperyMisween>
      </lashesArdeliaKarluk>
    </niellosWithsawMassing>
    <upriserSunbackNeskhi bassaraTicking="muzzleSqq" uparmRebreed="trocharSponsalCrooch" teemsHallels="soe" cornage="eobiontJocantCassoon" trophy="68088244" joyingIntuse="recludeTiglonsAcapnia">
      <wigwagsEssedBragget>olefinsRoboticApasote</wigwagsEssedBragget>
      <nonairEgest picricSprucedDuennas="54079">
        <cheval>cayuga</cheval>
      </nonairEgest>
      <cowards>
        <pouletKowhai>9134</pouletKowhai>
      </cowards>
      <injointTenent hellcat="torpifyWincingHobbian">
        <celling>82</celling>
      </injointTenent>
      <writher>
        <patefyTabi>lazesArcaceaDsects</patefyTabi>
      </writher>
      <yun billbugRooterRuths="flair">
        <hective>abpInia</hective>
      </yun>
      <slicersMilsie>
        <swived>murkerAuraBatwa</swived>
      </slicersMilsie>
      <loselryMeward luxScincid="59">
        <sundangHammedWhisket>familySkilledSnaring</sundangHammedWhisket>
      </loselryMeward>
      <austinCoroaJudases>
        <subring>gnatStaplerBleaky</subring>
      </austinCoroaJudases>
      <crusetsTanoan shoeman="loverly72" bibioKrsVanity="58" slum="456608">
        <ice>uncrib</ice>
      </crusetsTanoan>
      <leapt jobbersSmyrna="sambouk" mortar="poodsGeebongEnsiled">
        <runfishPenibleDisseat>kulturChinolHolly</runfishPenibleDisseat>
      </leapt>
      <acrinylMollahs outrush="929461" borlasePlugman="teca">
        <enlureTasbih>kiotomy2</enlureTasbih>
      </acrinylMollahs>
    </upriserSunbackNeskhi>
    <wangara updraw="boorSpikSheel" beemen="obiasCruised" oologicTanan="22" picKubachiBracted="plott" maiaccaMainour="colorinPhotogsRooker">
      <pailles>snoozesSerifsIngot</pailles>
    </wangara>
    <therialOutr karaite="gimpingAlishSkeens" teleconBedlam="crassis" comalesStria="boltAxlesCroquet">
      <refool>rootedSesamum</refool>
      <coxing subjectBabootWishy="ipsCypseliAnsa" sapiensZabermaUfos="spoons">
        <kye>austria</kye>
      </coxing>
      <inlacesSoccers mowra="abthain" oreweedCruiser="shaws" worder="peepy">
        <juraDagmarSlakier>sallDentateSchultz1549</juraDagmarSlakier>
      </inlacesSoccers>
      <wiedKabiet murkestGaumed="epauletWittierWinced">
        <anitherSalomeBandon>1503894</anitherSalomeBandon>
      </wiedKabiet>
      <zincid>
        <recorkLownlyOfter>logways</recorkLownlyOfter>
      </zincid>
      <abasersBoccia rowans="osiersTiswin">
        <requotePullen>fideles</requotePullen>
      </abasersBoccia>
      <zink>
        <acoma>pontMastage</acoma>
      </zink>
      <mangonaMaulerChuff grubPhylae="myocdiaChaff" farceGlances="tarting" sothsBallata="1604752">
        <angora>wanned</angora>
      </mangonaMaulerChuff>
      <redbudUnwormy sikerlyCizeJetware="4586">
        <kawLaymenAttires>cornageBucksawPeises3</kawLaymenAttires>
      </redbudUnwormy>
      <stubbVirgo ouiBoredomHetty="trichySolutesCorse" objectsEngs="mimsyCommits">
        <gaslockOrgia>505277740</gaslockOrgia>
      </stubbVirgo>
      <noily wirersMacruraHairy="keenlySellaBacule826" overfarTragia="meiniesLightlyBallota31">
        <cozedStamensSlotted>66022</cozedStamensSlotted>
      </noily>
      <playactBrowzer danceryCornin="hamalsHatcher">
        <agrotePentyl>caturJasmins6336</agrotePentyl>
      </playactBrowzer>
      <girdledUpsent priapiFridaysBecurse="cawnieRettoreAffairs" corsacs="cintreAmadou">
        <fetid>volventSalian</fetid>
      </girdledUpsent>
      <kermisTuitionGadean fikie="alang" booberySimiaDaphne="septalAchylia" whooplaVenomer="stuboy" hashishIthiel="westlawAbscessTuberin">
        <iotizeWaumleSeniory>ivan7008</iotizeWaumleSeniory>
      </kermisTuitionGadean>
    </therialOutr>
    <infaresMediant sarsaChapinSprugs="soral4" fraenaByemanFohns="bolitaUndazedClinium" unnailsAntara="fowlPedary26" jiggyChoughs="vanirPatiaArbutes" unsewsTwierTurrum="4176425" unmarch="geyserJaunerArches" sememeUnknotPomelos="morally">
      <thosWadsetSchelly>trouper</thosWadsetSchelly>
    </infaresMediant>
    <tewelRyepeck>
      <banduraRevs>ctfCitricAmazing35</banduraRevs>
    </tewelRyepeck>
    <yappishPlanaru surtaxVulpicAlraun="spasBatlingFarmery" sergeiSikhraMonkey="mfd5825" latrede="leasers">
      <nonsaleAdvoyer>kelpedGoliard</nonsaleAdvoyer>
      <hereticPwca ripPossyFairs="teedAurorae" wither="boomerFrimAsculae2" twat="kislevUpflow989">
        <ziffs>pullmanGested</ziffs>
      </hereticPwca>
      <dacoityTindery>
        <zoundsFaufelOrtive>handleMoolsSetula</zoundsFaufelOrtive>
      </dacoityTindery>
      <asgardDatives stertorIsodont="agaricPocheCardita" saxhorn="ayesPhalanxRedeify" swelth="duenas" duykerOceanogAppeals="errhineDitches">
        <rarer>droving</rarer>
      </asgardDatives>
      <speckedLapdog weiPadded="anklung" hazzans="cuonBelfry">
        <mommy>6595521</mommy>
      </speckedLapdog>
      <cornierNonsuch>
        <budumaSpilerCyathia>pastedPatola7</budumaSpilerCyathia>
      </cornierNonsuch>
      <gibusAsarotaBattak wagnerGuaza="36147360">
        <summing>colkArrows</summing>
      </gibusAsarotaBattak>
      <espy pownyCashew="physa1282">
        <surdityDhutisGoers>takedOpinant</surdityDhutisGoers>
      </espy>
    </yappishPlanaru>
    <wopsCruor millken="plinthsAzofierMatched" juteBotherWillers="wazirReddlesPrana" duple="rangerFurmintFifty536" pintid="serging6" stewed="knolls" unbraceSubah="wussWidowCayapo" hirable="educingCageot">
      <umbrielMoiledHath>49</umbrielMoiledHath>
      <pranky torridItems="8073" cuppaFibbers="tossilyBulwandEjidos" bajoire="thanesHillmanFamed">
        <sprinkFrousy>63216528</sprinkFrousy>
      </pranky>
      <crazedWingedMoyo>
        <pundits>finialCytomaCapful</pundits>
      </crazedWingedMoyo>
      <granmaImpofoTourism panmixyFunicle="bifacesBottler" coralsTannateGlaga="kneecap" tarri="hodful" lodhaAcquits="4331917">
        <gemlichMarverCatti>upfloodBabishPodsol</gemlichMarverCatti>
      </granmaImpofoTourism>
      <gomerilKiln predarkDownier="salver7817">
        <axleStrayerTrends>babyingAsleepSteeds</axleStrayerTrends>
      </gomerilKiln>
      <ansarFitche hiddelsGramyGalaxes="pupal" peaveysUrning="443" wended="tailory" fiancee="87176791">
        <loadsNervismIota>taroks</loadsNervismIota>
      </ansarFitche>
      <serdabs wolfer="25562" recusedFeirie="nooky" wadded="mailleWeetedPlans">
        <wrig>alumniJoistedBeydom</wrig>
      </serdabs>
      <nytrilEurekaCarses clechy="9805502">
        <pangaraRidley>portureBambucoVends39</pangaraRidley>
      </nytrilEurekaCarses>
      <finesse displatShortsHyraces="rameshSwarfer" mulleys="17067" chgTopsailSophene="eniacNaebodyGays">
        <apalitLiggat>outslipDhundiaFeeless</apalitLiggat>
      </finesse>
      <carhopComices embrakeDungol="lapped143">
        <tuilzie>tattlerEfforts5237</tuilzie>
      </carhopComices>
      <sinapic>
        <decree>abraum</decree>
      </sinapic>
      <greenth spuesThecialAmosite="drover" anamnia="9243">
        <bainiteLamest>whidder</bainiteLamest>
      </greenth>
      <hel boohoos="cimicid">
        <bowmenTackiesLarine>bungaBestrid581</bowmenTackiesLarine>
      </hel>
    </wopsCruor>
    <feases>
      <trashesSubtillCanker>lecideaNotice</trashesSubtillCanker>
    </feases>
    <voilePsocidIncurs paunchBedust="juttedTinchel" motacilUnwan="bishopsDissue" toyerMusclesEuclid="lysinesRedding" bingo="laical" greeds="whewsDoyens" hangtag="settima">
      <birkQantarPalikar>unsatedTitPants</birkQantarPalikar>
    </voilePsocidIncurs>
    <hobblerQuandySinitic inlaidAnourHunched="delatePozJoyrode" sorted="95677056" anayComfily="divesKnavish" beloutMollahs="97365906" imposerCoccidCeltish="whinesSpurdieUnrural48">
      <tootingAldmBoonk>64139372</tootingAldmBoonk>
      <colds motley="liftoffHalest" biosomeAroxyl="veniteAnukitGinnle">
        <beguile>93056597</beguile>
      </colds>
      <oblatedEvase kniveAstiteExhorts="cathari">
        <cushilyBegot>plumet8096</cushilyBegot>
      </oblatedEvase>
      <capsaZingano mensae="13">
        <phloemDeplumpTouting>15</phloemDeplumpTouting>
      </capsaZingano>
      <costarSynop slidingHelmetsPhospho="alamothZonicAimak" bullose="131" tinmanGangingWashier="forsake4" halmsElbowed="tamers">
        <suzAlgodonDsnames>unprimeCueBullish</suzAlgodonDsnames>
      </costarSynop>
      <paucal regaldVrouwsByssin="chefdomSawed">
        <biod>pyrosisLowySynchs</biod>
      </paucal>
      <fabianOdonticFeckly precoxStepheScarth="15784">
        <aniDoublerDipsey>flatcapFosses</aniDoublerDipsey>
      </fabianOdonticFeckly>
      <emeus>
        <potmenGrecismKalema>polaron</potmenGrecismKalema>
      </emeus>
      <genoiseGarrot>
        <swingy>urbicDcolletBlurbs</swingy>
      </genoiseGarrot>
      <misdeedDigynia shintai="jeed" mints="sulcal" erasmus="exactasYquemMerisis">
        <malusDudineBurins>satinyBooteeShrew3843</malusDudineBurins>
      </misdeedDigynia>
      <tarrockUrledUptilt parvuliTupiks="sassily" use="tenuisElute" adient="kotyleYirkUnb" raguly="shittenPreamp">
        <pamhyLujula>mitvothNet</pamhyLujula>
      </tarrockUrledUptilt>
      <espaceTrun kerogen="unsnaky" noritoFactice="toxin3" chimpManuf="sentineMattinQuipful">
        <cornule>315363</cornule>
      </espaceTrun>
    </hobblerQuandySinitic>
    <pilersMonocle desistSooloos="7614" lungersAnottaHoodmen="surerGarners" noucheAddictsSairve="ascrive" joinGhiblisSaunas="unopted315" ibaditeDoko="swingel" hydra="peauderVenlinTlaco">
      <snafusHeirdom>widdledTimet</snafusHeirdom>
    </pilersMonocle>
    <samucuGroynes icework="sanfordSuchHooktip127" auscultSavage="windowyVainKid48" trinkleMadcapsAndine="wedgedAntics2770" japing="flabelShirkedHusho" etatismImperil="voice">
      <gurglet>884</gurglet>
    </samucuGroynes>
    <beaner>
      <pawns>focused34</pawns>
    </beaner>
    <neutriaRinka>
      <swansDarst>injelly</swansDarst>
      <misbias limaceaImpendsKirombo="cycled" euphuesCrapped="crotonsZorisShuff" equerryBipedal="zonersThermit">
        <dinnedFikery>pimaricIsomerClout80</dinnedFikery>
      </misbias>
      <disard>
        <crashedGarbSaves>orkeyGreenuk</crashedGarbSaves>
      </disard>
      <axonia>
        <topplerTineasAspirer>engrid</topplerTineasAspirer>
      </axonia>
      <crappedAlgalRanter>
        <wasel>unclaspCriddle</wasel>
      </crappedAlgalRanter>
      <panagiaJudgeRipener sungarStolonCedent="alloxyHaflin639">
        <bemoleIndigen>copters40</bemoleIndigen>
      </panagiaJudgeRipener>
      <peoplesPollan>
        <laving>geniiHisserCordies1</laving>
      </peoplesPollan>
      <idrisid auxeses="moothSlobberMilkier6692" upburstPlainlySubport="dingee">
        <bushingMaar>earth</bushingMaar>
      </idrisid>
      <droobCadetCroose walty="whizzle" climbsLeftBoget="firyTrotol">
        <nagmanEstiveHydrome>cassoonTurner</nagmanEstiveHydrome>
      </droobCadetCroose>
      <guttaeObovoidBludged nichtUrbsHwy="shapedStruck4405" hallan="moricheBoucheeHarking" brusklyCalicut="73236504" almeryCoyerLigable="510633">
        <dixy>perfuse2</dixy>
      </guttaeObovoidBludged>
      <jarhead widowy="18015" macheerMushruSaltly="yankeePomade" snarerPadsawSpolium="stewishParodosScrogie1">
        <windlesVacuome>tesselNectronSubfusk</windlesVacuome>
      </jarhead>
      <prosit wapperStambha="length" jaunted="chakaPhysciaLeucon" elytronHans="gyratedAirlock">
        <canopusSpeedyIsoster>kooks</canopusSpeedyIsoster>
      </prosit>
      <cladoseToddles dueled="deboitePetlingHeifers">
        <plowmanHallaliCapitol>sockerLaputan</plowmanHallaliCapitol>
      </cladoseToddles>
    </neutriaRinka>
    <medaledMustySumoist>
      <saltireTrunksHandel>wouldntWorkbox</saltireTrunksHandel>
    </medaledMustySumoist>
    <foxiestKedgeSuerte tacker="toop">
      <testao>wineSmegmaSinaean</testao>
      <lulavsDishleyToppy>
        <abris>redroopDecuria</abris>
      </lulavsDishleyToppy>
      <craftLoess tilakPycheGiddied="lithiGuaiol" farragoNbg="folioedHolmosPetary">
        <jessed>interimLecythTabus</jessed>
      </craftLoess>
      <inuresDirhamGangan noritoGlout="forge9366" flued="furze" moonackMela="2" khodjaDossierRayful="quarredGuardeeDedans">
        <axonemePardesi>chorizoGinkSorning386</axonemePardesi>
      </inuresDirhamGangan>
      <thyselPitwood sabotsCarats="veleta" blatsTikesRhyptic="6057">
        <pungent>kanzuPlotsPanisic</pungent>
      </thyselPitwood>
      <recrownCirsoidDecart>
        <bostonHaptics>depitFiord</bostonHaptics>
      </recrownCirsoidDecart>
      <brutingBskt>
        <nomancyFlipsFeridji>verbumNapooRecheck902</nomancyFlipsFeridji>
      </brutingBskt>
    </foxiestKedgeSuerte>
  </pob>
</areoletBlitzes>