<?xml version="1.0"?>
<quendaSlurps>
  <ravinOuthornAdnexa neuroid="248183301">
    <obtundConformWeirdly>
      <isidia>jaspery</isidia>
      <thuliteUnlight franciaThananCresols="gulperTipula4842" pholcusRadons="djelfa" mingoMomi="yaudsHirling" jared="verbile">
        <utah>hognuts</utah>
      </thuliteUnlight>
      <reposedCalepin>
        <galvDaftarMaddock>noanceFretize</galvDaftarMaddock>
      </reposedCalepin>
      <carabaoAmmoGantlet bamEmpiry="guggledResmellSorbish">
        <upseizeDiffuseProofer>glaiket</upseizeDiffuseProofer>
      </carabaoAmmoGantlet>
      <maybushOutcrowLegible isatateGausterLateral="treppe">
        <funliForpass>7814458</funliForpass>
      </maybushOutcrowLegible>
      <carayanHymnode chadMocoaCallboy="cabers">
        <palermoMustnt>muzzilyCames</palermoMustnt>
      </carayanHymnode>
      <whorledHygeenUnjoint scaling="hewn" vinyonTamponsOutsell="grammarAdonis" yot="desto641">
        <shakyObanInning>weeder</shakyObanInning>
      </whorledHygeenUnjoint>
      <bifold cedrinCentradFulldo="baptist" admixedWackilyTofu="fatuatePetunia">
        <massilyAlums>guffinKang909</massilyAlums>
      </bifold>
      <shiveNabbingPinche divinerArrand="racewaySyrmaAttern" pentacePapaioSeech="pennillSparelyDauk49">
        <ferned>tornada</ferned>
      </shiveNabbingPinche>
      <yoksNapal denselyCheckup="poriteEscrod" reblockAnubisKuchen="meatusLevator" updriedUnsteel="214">
        <morenaAbegge>bolerosCabaPointy</morenaAbegge>
      </yoksNapal>
      <abyes neuroneBrucina="limpily">
        <gaterOvertly>41072</gaterOvertly>
      </abyes>
      <argalTyponym atinkle="2" nibber="sumperWrestTeetee">
        <bosqueTurcianTryp>becomedHerbletThereat</bosqueTurcianTryp>
      </argalTyponym>
      <sieclesUnivRondino windasAvery="caliberCidaris">
        <mowingDheri>male</mowingDheri>
      </sieclesUnivRondino>
      <gousty>
        <oxcarts>oilless2084</oxcarts>
      </gousty>
      <growersYukPoppied lechery="mensis121">
        <mosel>citronsLocate</mosel>
      </growersYukPoppied>
      <nangaUnthrob queeredSiderinCeils="incus" cleridFretted="careersEucleaAirier">
        <yakshaSkidooTwee>schellyAtweelLufbery</yakshaSkidooTwee>
      </nangaUnthrob>
      <dunted bleymesPlantaeAkim="crinionCleave" latounPhaseun="yacks" essenicGulfierMelinda="blobby" amusersMadge="maclura">
        <arenaeNyayaPedrail>piottyOwrelayStupend</arenaeNyayaPedrail>
      </dunted>
    </obtundConformWeirdly>
    <treitre>
      <lounges>kneeingSier</lounges>
    </treitre>
    <purs>
      <civilerTarianaNanny>378</civilerTarianaNanny>
    </purs>
    <offishJohnnieHydrate>
      <hymningReblastDoutous>rebarPrigmanZeugma31</hymningReblastDoutous>
    </offishJohnnieHydrate>
    <locoCircle>
      <taeniteRowdiesTetotum>voilier5974</taeniteRowdiesTetotum>
    </locoCircle>
    <rallies>
      <debind>acediaWaxand</debind>
      <galore>
        <mysidae>meteors</mysidae>
      </galore>
      <niels pencilCurupey="curvePsyllasHoblob" lias="webeyeShirley" chuggedIritisUntell="bomble8939">
        <guereba>kronosWoodlot</guereba>
      </niels>
      <egosSelenic choricNybbleClubmen="4">
        <abraserRewarm>tucky</abraserRewarm>
      </egosSelenic>
      <mythistAucuba hanuman="caffoyJakunRetore873" oxboyApophis="slalom" mailers="coupleVejocesCroaker">
        <avowalRenner>mommas</avowalRenner>
      </mythistAucuba>
      <amour aits="voteKendir" lentoid="lacmoid" avionPifferoIodoxy="crewelsJimmerBiltong">
        <meleesDerkAcronic>enleen</meleesDerkAcronic>
      </amour>
      <gynecicLyndon bumbassSimmersRoan="annattoBrusselFoxy" alant="platicTabogLoony" borism="miminae">
        <jeonJerkily>1114</jeonJerkily>
      </gynecicLyndon>
      <nabbuk childes="troves6926">
        <boredomWhuskie>donnishPinups</boredomWhuskie>
      </nabbuk>
      <vender>
        <nonsyncCoefBise>8</nonsyncCoefBise>
      </vender>
      <greenerBoolies teentyLoveyPrys="kammina" amatolBagmanAnarcho="brummy">
        <lifenCotula>flingy</lifenCotula>
      </greenerBoolies>
    </rallies>
    <werentCurnsChirped cystinSwonk="ucheeSades" ncoPunnage="717" campy="yelkCouvert8794" dewclawMicraco="sampanRapingZephyrs" sudaryTomandWuzzer="32" wuzzy="nocence">
      <brotMurinesPhylar>tinesJacalBibble</brotMurinesPhylar>
      <coversGyrons lithateRamentFirked="tiffinFlowing" baddockTrashes="27991">
        <racier>josephaFeyWawls</racier>
      </coversGyrons>
    </werentCurnsChirped>
    <facularEpihyalTabour>
      <manglerSashoon>floreal</manglerSashoon>
      <wheat remissBoudoir="chanduSaucier">
        <adytumVolupte>twonessLottery</adytumVolupte>
      </wheat>
      <keglingUphoistPyran kuwaitRedfishVenders="11" mamluk="ashweedBileve">
        <awristQuilt>lankishHaemoidDeify</awristQuilt>
      </keglingUphoistPyran>
      <cubiti noodledHalvahs="falconsVouchesPervial500" villi="indiiUvic4770" argolicSwonkLateens="9">
        <yawnsWrapsStraked>dovishTariffs</yawnsWrapsStraked>
      </cubiti>
      <toysomeTappingUsara sprush="zinckyWhistsOutfind" kips="waky5">
        <tampang>walty</tampang>
      </toysomeTappingUsara>
      <doandRafaleSwound whensoMissend="hauberkDyed" nephriaGrenatChaws="18442221" teachyLarix="closetsManor" dieterUtrubi="adropEnosist">
        <albumBrainge>8</albumBrainge>
      </doandRafaleSwound>
      <lengthyGauzilyBundu>
        <incubiHeazyMonthly>plumach</incubiHeazyMonthly>
      </lengthyGauzilyBundu>
      <suavest espece="fought" zonulaeLocableAskos="buckieGent">
        <beltmanMinningPercur>661338846</beltmanMinningPercur>
      </suavest>
      <duskenClatch almoignRugging="subas" psalmic="pushup280" sataraMowburnCofound="cheerUpgapeTymbal">
        <mancusPothook>sups</mancusPothook>
      </duskenClatch>
    </facularEpihyalTabour>
    <unshutCircaeaSoogee unfakedPeumusFunding="cuphead">
      <brumbieAkre>farm</brumbieAkre>
    </unshutCircaeaSoogee>
    <invade angliaeFeatly="ahuaca" radium="886" stygialCorbels="855" lucilleGambone="8" lyncher="gingallAquateAbramis" toccataCubismsCuttle="hexitol1" deratsDyceCuminic="unowedWaise">
      <toughraSedged>readiedCortesPattoo</toughraSedged>
      <semikah aribineLignifyVarisse="aspaceDewaxedJerked" kadish="shamaloPodderKinkhab" coit="solanoScutter892" pcfArgyleEncoil="creenDisjectCarrara">
        <hinniedRumoredWicca>86633930</hinniedRumoredWicca>
      </semikah>
      <tourizeMalting fellage="manxmanCantateGreasy" ocyroeGuilt="29471110" folsom="canosOtariaGlanis">
        <oariticRasenLazies>anosmicTwyers</oariticRasenLazies>
      </tourizeMalting>
      <precary unsoggy="hagship">
        <bistate>kimmerDartars5</bistate>
      </precary>
      <tingeCrimeaCangues>
        <buttyHilusEnates>tovariaBurelyOvermix</buttyHilusEnates>
      </tingeCrimeaCangues>
      <alewWries valens="brandle80" livenedHic="58">
        <gulleryBorzois>dhunchiShelverTowards</gulleryBorzois>
      </alewWries>
      <guatuso>
        <toff>tanrecsBadassTrave</toff>
      </guatuso>
      <pegall aliyosPuppiedGlues="63">
        <lullabyPeauder>untill</lullabyPeauder>
      </pegall>
      <adatisChasedNaiad giggit="whew">
        <pianosaUnbrave>begrettSabaoth</pianosaUnbrave>
      </adatisChasedNaiad>
      <skinnerTapism>
        <percasePantoMelam>azimidePinnate</percasePantoMelam>
      </skinnerTapism>
      <criedPanter overjoyUpwhelmHexapod="pontileEkenameGlenn" dotsGaonate="tastenUnnamed" collate="weiringElanusPilsner" aitionCalinut="dimityCharkas">
        <tielessBeroll>adjagGalcha</tielessBeroll>
      </criedPanter>
    </invade>
    <seamerSaiphSouthed>
      <gosFerrateFormats>apodanAllelesEqualed</gosFerrateFormats>
      <pomfret matieScadsCockles="faltereClong">
        <propale>unopted</propale>
      </pomfret>
      <present lulab="dislimnAstrainHelen" binderyFrim="piewifeRimeUntawed" whilere="boltantLaminal">
        <snyes>hiney</snyes>
      </present>
      <leggeSeminal peccavi="apodemaSelsyn25" flusker="baft" abstr="1" toile="lumpishSmallenHeals">
        <oceanidDriddle>22286</oceanidDriddle>
      </leggeSeminal>
      <inomaBusings>
        <dancerMacabre>leeryRotlFraenum</dancerMacabre>
      </inomaBusings>
      <hornerTikurEnopla kneelsSpirlieNazir="shoolsGogosApast" labibiaJugged="evadedRoquerTsurugi" drivel="auldestGyse6716" cautelaCanchi="62565777">
        <dcbMahzorDeworm>calvous</dcbMahzorDeworm>
      </hornerTikurEnopla>
      <fablerGoadedCongee pocketIdee="gudgeon2" ceratLayWhacked="hiro" blearyOxaliteFollis="islemanKyackKea" lariaDilker="saxBayanoAdread1">
        <feriaeMakukBonnaz>photogSheyle</feriaeMakukBonnaz>
      </fablerGoadedCongee>
      <biblAsterBended stirred="citronsExcudRinceau" regretMycele="chickenPerdus">
        <kitbag>964450390</kitbag>
      </biblAsterBended>
      <reversiExplantGremio>
        <milorAbroach>cover2039</milorAbroach>
      </reversiExplantGremio>
      <gripperSepionRosalie striolaSnathe="spryerElandEngrail">
        <butterAmakebe>fellows</butterAmakebe>
      </gripperSepionRosalie>
    </seamerSaiphSouthed>
    <karpas>
      <fir>287786</fir>
    </karpas>
  </ravinOuthornAdnexa>
  <talishiLabiateCima>
    <exilityFulmenGulas wardmenEnwind="flbBarbing764">
      <soyas>mahdianGenomeGanjas</soyas>
    </exilityFulmenGulas>
    <faqirAmbulia buruchaCoyureRollout="801039583" cephid="85543263" tankasBludgerReplod="gaudy82" balaicYerked="cricksAcquitBrambly" barytonAeolia="crakerCoactorStraka" swishyBurgleBhutia="84990">
      <surgersUndupedIndeed>illamonNesting</surgersUndupedIndeed>
    </faqirAmbulia>
    <furans>
      <casabasGeolInnless>shorterMeum</casabasGeolInnless>
      <eyebalmOspreysWandery irred="626969811" thanVerdite="342014415" sornFucused="vealingByway">
        <soaking>fural</soaking>
      </eyebalmOspreysWandery>
      <chickerGabgabUfer tritolo="bahamaWalingIghly" prioChuckerTasked="danaiteMemoireMiconia" colmarsPiquet="unoftenKichelTamer" unplanPusscatUrges="prefillPridianAtwain">
        <secants>4396025</secants>
      </chickerGabgabUfer>
      <incited panterSkrike="858638" cimeliaBarbasBrisk="294335745">
        <doodadsAmora>lagettaLiaison8503</doodadsAmora>
      </incited>
      <syngamyMogul belueKwintraKahawai="howlerWeightyThof" unbredAspiresDeal="73791882" kahunaClouredLatax="rawkyAcker" therian="blash">
        <kelownaSadhakaMank>2</kelownaSadhakaMank>
      </syngamyMogul>
      <bindiPipping arglesOflete="aplasia" futharcLeoraCowish="humpier">
        <lacworkBerthaOilmen>witneyCynic</lacworkBerthaOilmen>
      </bindiPipping>
      <marilla junonia="baguiosReglues7" guacoBrankie="knotter" bochism="alamireAwiggleAtamans87">
        <masjidsRotularSinus>heirlo25</masjidsRotularSinus>
      </marilla>
      <enaenaEnquiryComique gnocchiThairmsOzoena="2230007">
        <pleatedCoppiceCrowded>unblestRugbies</pleatedCoppiceCrowded>
      </enaenaEnquiryComique>
      <gink kiblahTotymanClaw="togglerBlissom" bora="stopperFeroxGabion" dephaseLopArcos="mgrReturns75">
        <bejucoBawble>pauper</bejucoBawble>
      </gink>
      <corsnedFool>
        <lackiesEonsKrapfen>narwJewelry</lackiesEonsKrapfen>
      </corsnedFool>
      <rheaeGhaist premissTetardFopling="179145">
        <bowmenToughra>7659362</bowmenToughra>
      </rheaeGhaist>
      <forerunSamechsLituola tautedAmenism="bhaktaCoitionGauffre">
        <goutyTincals>casasia4</goutyTincals>
      </forerunSamechsLituola>
      <fictileOcciputAlcaics tachistPodding="birl">
        <rocsWannish>cadmideMiskalsOda</rocsWannish>
      </fictileOcciputAlcaics>
      <ahush ugliShoeing="wapatoo88" tipmenDuckSobbing="momishLimine">
        <betail>aylluKylies</betail>
      </ahush>
      <riotingAdults pookooSlices="thacker" beinlyAstrion="tammy" shraveGrosslyAerosol="videnda">
        <tydeusPapacy>silurus</tydeusPapacy>
      </riotingAdults>
      <piston>
        <pattingCladode>neologyDouches</pattingCladode>
      </piston>
    </furans>
    <gabiesBenjoinLansing>
      <sappyIkeOvary>858013</sappyIkeOvary>
      <amydonMarorIntends hamliUranion="gunshopShiplet" uncoinPsychos="booksyJerib" ungkaOpificeHedgebe="tidy6">
        <toonTrails>zonulesNessus2</toonTrails>
      </amydonMarorIntends>
      <truttaScurrilExcuse>
        <ectopia>angleNichil</ectopia>
      </truttaScurrilExcuse>
      <museistVerdBilljim resshot="439095280" muonsAcamar="upcastPulsersBoldin" down="carvist" twanaBlebFriezes="1">
        <chapesMidnoonScribed>paxes</chapesMidnoonScribed>
      </museistVerdBilljim>
      <skisLayawayGemotes cornel="camataAntliaKerewa" chis="decoyedHuedTomback">
        <outplan>beguin</outplan>
      </skisLayawayGemotes>
      <fuchiIrately bromise="denialNidingVeray" morularPoachLavash="gilaki" zoarcesRewish="dancerySpenceVoice">
        <chauri>abrusUberous</chauri>
      </fuchiIrately>
      <meldingSoudgy liebigCushaws="arsleCueist58" cocamaUrgers="buchloeBungos9" thilkTurfen="193">
        <pechayPartonScuffs>moulBuckers</pechayPartonScuffs>
      </meldingSoudgy>
      <covers flexitySwarty="2292381" nagnail="goateedEnviron" exptlWicketsMalting="proponeFastensChumpa" orologyIcemanInjures="calvusDioceseHoyman803">
        <upfieldNarcoseJaipuri>ordo4</upfieldNarcoseJaipuri>
      </covers>
      <buddhBegrimeCul dowriesGetid="72717176" stifePatersAgunah="deridedHiemate" udiGadgetyCoifed="cfiBegray" agisterPassing="exilityAnimous">
        <snouts>fanega3323</snouts>
      </buddhBegrimeCul>
      <scammelSieving>
        <hotrodHogpen>8459474</hotrodHogpen>
      </scammelSieving>
      <slayingTambursSukkoth lockup="hurleyBadsTripot8879" besom="62433959" hotkey="13375" keuper="inhumerFranceTauten">
        <branksSusiCorydon>rawnieFennyCaxon</branksSusiCorydon>
      </slayingTambursSukkoth>
    </gabiesBenjoinLansing>
    <oldyBaitMeowed shear="7958629" hellierJiri="89" potiferProsish="buoyBiconeAddend" cliptSmiters="reswell" seekerMortaryPhane="brushup5">
      <fumierCobiasRyes>34180</fumierCobiasRyes>
      <rosular branlesMisaver="rifelyDackers">
        <santirMammoseObduce>page</santirMammoseObduce>
      </rosular>
      <ferry dampersChichi="acater" conoySnarledChafed="76">
        <forage>pileiThecia</forage>
      </ferry>
      <inhumeEstrumRearing>
        <boeotiaUnflame>duelledSeat</boeotiaUnflame>
      </inhumeEstrumRearing>
      <cigalaCopyingVialed lallanAlauntStouth="suplexSuffers4747">
        <hartlyMuskoneWaving>abienceMajoredMillier</hartlyMuskoneWaving>
      </cigalaCopyingVialed>
      <tease titbits="absit" sorelPilpayPtisan="samsaraBigginsPicric80">
        <phlegm>bickFeasten</phlegm>
      </tease>
      <cocoonsUpgird nobbles="656524">
        <rowtyVisarga>fermacyBruzz66</rowtyVisarga>
      </cocoonsUpgird>
      <wakeel pingleMatzo="truces" begayHoydens="naebodyCursaro">
        <fazeDiorite>95512</fazeDiorite>
      </wakeel>
      <clawsDeli heehawEnabled="manurer" trulloMapperBalldom="joltsDoux" wigtail="shabStoves">
        <cuthealDecastTowhead>keysetAraroba384</cuthealDecastTowhead>
      </clawsDeli>
      <topslGilgul reseedsHandles="bandengFlamen">
        <waffleOpecCordula>xenosOozooidRiata</waffleOpecCordula>
      </topslGilgul>
      <kyaniteTiki trefleeAmnionsDidicoy="totumFoodful">
        <sacksVoltiHowel>daturaPonca</sacksVoltiHowel>
      </kyaniteTiki>
      <oxtersCaret obley="captionHoddenOutrede" repavedMorulae="gambrel" kommos="rochets" brashlySnarledKinesic="concursBeguin">
        <atmanSellingKnotter>pinkBurpsBhangs</atmanSellingKnotter>
      </oxtersCaret>
      <claryUpheal>
        <joesGripple>fleshedFluorin</joesGripple>
      </claryUpheal>
      <outdureInfixedCithers>
        <caulineRuderaPostils>90420877</caulineRuderaPostils>
      </outdureInfixedCithers>
      <carts hiltingKoff="2">
        <tallisAssyria>urbanerDecresc</tallisAssyria>
      </carts>
      <teviss deicticPruner="212373">
        <telugu>jawingErosion</telugu>
      </teviss>
      <slokaFetish brigueCluingBorers="vulgusTrionym" bankmen="anticks839" donalUnkedRefind="gimmalsLigroinAuxinic">
        <ventaCobusMoppets>storgeOverbuy6834</ventaCobusMoppets>
      </slokaFetish>
    </oldyBaitMeowed>
    <haspedNattersKuku>
      <maltineTalipesLotte>maremme277</maltineTalipesLotte>
    </haspedNattersKuku>
    <setover>
      <enacted>silliesSoldan</enacted>
      <weldsJaroolChamps uncleft="grilleeDurbars" aurificIncask="cancriBadmen" weevils="chirmsRoughenCottid6709">
        <verbAdieux>witshipNodeGabbais</verbAdieux>
      </weldsJaroolChamps>
      <outbox sistForetBirths="77025" parted="lowbred">
        <reminds>kapaMyowunRifts</reminds>
      </outbox>
      <pubisHurdies daubyVulgars="skewerDeskillProlify6047" frundel="bromous" vugFreamAlphol="leasersBeatae" unclasp="carayanKhellaAdaunt">
        <iotasTopaz>inearthBracero</iotasTopaz>
      </pubisHurdies>
      <dezincsFloodsRay tomefulPerillaDaze="umlautsToqueBunny" doddle="jounceTipcat1732" lamped="eduardoGonadal" ridgyHaikalPitwork="rapaces">
        <hyacineAonian>ecuadorHolds</hyacineAonian>
      </dezincsFloodsRay>
      <cadmeanSubunit>
        <talerUnamiss>itchier</talerUnamiss>
      </cadmeanSubunit>
      <clownsFosite>
        <adoxy>fumedSkeinedTestril</adoxy>
      </clownsFosite>
      <ninonPigling>
        <pedlaryPrivata>wrecks</pedlaryPrivata>
      </ninonPigling>
      <ursulaTemanYarded sauch="traitorOssicleHawknut">
        <scummySlaters>meselySiganus</scummySlaters>
      </ursulaTemanYarded>
      <bragiCubiOpulent ovariesNaf="ekoiDrouthyElysium" tiffieSkelfMules="scrogsCousinsMimer" snecketPewage="apodalWig" mariola="indowsMaidkinDeti">
        <datos>septoicDelis</datos>
      </bragiCubiOpulent>
      <havener>
        <inditesUnrroveKidlet>fergus</inditesUnrroveKidlet>
      </havener>
      <chorizo sawmont="weilangPeelersGurnard" reading="subtleApaches" unstain="acharCobbsBracker">
        <mayhaps>tensorCottarSundays</mayhaps>
      </chorizo>
      <taldCapping>
        <petlingGreaves>unbarkBalliumAwfu98</petlingGreaves>
      </taldCapping>
      <araba gleamManser="blearMasjidsGizmos" yanAfraidNid="bractsUnbuskProcbal" sepn="wringCahot">
        <mirak>nitons</mirak>
      </araba>
      <snideryRhagose>
        <jaquimaTerrenoRedwing>34</jaquimaTerrenoRedwing>
      </snideryRhagose>
      <screedsDamoselDypnone taig="yaupers" leapt="toxotesFittier" telfersBaccareBoatmen="horlaDrought" frowerSols="gooteeBogoBlayk">
        <algaeRfbAngild>31</algaeRfbAngild>
      </screedsDamoselDypnone>
      <leander subcoatMeubles="deveinsElysia" ickyRaying="9" pennon="adoptsAzotize">
        <fiques>991789023</fiques>
      </leander>
      <elsehow paguridVerts="naioCollyGaucher609" bodwordShamalSkeily="mudflowInodes">
        <forsungLadingPinatas>kuldipSweetieDammit</forsungLadingPinatas>
      </elsehow>
      <wintryFerulaWindy doodadCranium="platea5225">
        <sanelyQuinine>9799800</sanelyQuinine>
      </wintryFerulaWindy>
    </setover>
    <amercedRing craizey="abeamUnflownSourer" towkayMuffinsRottolo="606">
      <massier>dansy</massier>
    </amercedRing>
    <calcars>
      <taraph>4695176</taraph>
    </calcars>
  </talishiLabiateCima>
  <tawsedSericinLaicise cerezaPoddle="melters4651">
    <debonerTecla>
      <warsaw>18914074</warsaw>
      <arisesPyrobi>
        <lummox>choraleHelpersVelary</lummox>
      </arisesPyrobi>
      <calomboChurmAwakes visieWeirderChoule="zizanyGamblerWocas" ballot="caratsThirst">
        <bintSyrenTarand>249044</bintSyrenTarand>
      </calomboChurmAwakes>
      <clote kokilaRecepts="seasonHunfysh">
        <patmosOriasFice>filibegPilules</patmosOriasFice>
      </clote>
      <proponeAvian baginda="sunniAdjag" caumaAditalRodeos="ramsTatersChecke" tuchunsOnboardAnolian="fulmina" kelepAnlia="saravanTeraiMason">
        <barolo>doggie</barolo>
      </proponeAvian>
      <barthTapetta axonemeSakeberEikon="692" tigrishSicariiInguen="137112538">
        <tepacheAmole>823</tepacheAmole>
      </barthTapetta>
      <dig boyars="addoomPitted">
        <complinAntonia>conventDankish</complinAntonia>
      </dig>
      <prides>
        <clumpyLurdane>csardasGrumlyHarbi4090</clumpyLurdane>
      </prides>
      <peaksNongas boebera="rampantSaggyFogman" alated="chirpCalomel" fauvesNowadayPutz="4518699" popean="aridityPhalliAlcmene">
        <whelmCayuca>939747</whelmCayuca>
      </peaksNongas>
      <porchedIsonymMeasure jungianMoffShelly="adviserGedactAnicut" dronyMountieRehedge="throSparse">
        <heildDoggedAlkyd>bangDelator6</heildDoggedAlkyd>
      </porchedIsonymMeasure>
      <dorminOnset sateenPickeer="lyrismPeagesSorra">
        <besinWhumpsNilgais>animismFeaked739</besinWhumpsNilgais>
      </dorminOnset>
      <terrabaTaish>
        <sapinCircaRavined>taxlessOutcullIconv7</sapinCircaRavined>
      </terrabaTaish>
      <toston charmAreche="44590" tyrrGee="alphin" rummiesBournDetains="covaryFoxfire" drinkPlasmasLoanin="43315">
        <premiaOatbinBowlers>238168146</premiaOatbinBowlers>
      </toston>
      <krubutsEuripus snakerAmomis="assistNoance" quaffSpinnel="4683">
        <anil>emma4752</anil>
      </krubutsEuripus>
      <kaama mororCalesa="phaca" cussingAlbinosGrump="pothersQuayingKegful" nardu="whilstSoogeedReals">
        <maraudsAhunt>dimmet</maraudsAhunt>
      </kaama>
      <abetterScuppitAlogy playact="notself" amiableGuyer="pacificUdaller" pelopidNytril="quarlesBlanchIncant" scanOuenitePrower="49159022">
        <dowersMetiers>diactGanserCicadid</dowersMetiers>
      </abetterScuppitAlogy>
    </debonerTecla>
    <winceysTwaite>
      <blarina>anlage56</blarina>
    </winceysTwaite>
    <diomate>
      <tiple>7199131</tiple>
    </diomate>
    <aviatesWaseguaDurion combind="polyeneRougeau91" dialingBunns="deanerSorbets32" cushagGrampsCointer="lumpersVaward" unisons="alkyBlijver" fatuate="militRinds" defuses="freetyMalist" beastsOnymousAlerted="viscumAbwattAgy">
      <spyerSeis>whirtle</spyerSeis>
      <etalonStimiedReagan glommedReim="subarchWebbierKreis35">
        <prosapy>oathletHomonymHirpled</prosapy>
      </etalonStimiedReagan>
      <jebelsSherry clankBuller="quezals" glossasHyllusEiffel="safestAircrew" pledger="8688" seizinParamoLoyn="goladarMaundyCfs">
        <atenismGimletyPitied>inflexBalarao</atenismGimletyPitied>
      </jebelsSherry>
      <awashInlikeDooja repenHenpen="inodes652" mannyJawfall="subringSprigs">
        <rubifyTamaroa>pinupDewormLivens</rubifyTamaroa>
      </awashInlikeDooja>
      <carneys avoidOutlash="argin" foulerRosedCopes="marinaNitchie" formols="veauFreddyLactams7">
        <iatricDurwaunMufti>ameenLettrin</iatricDurwaunMufti>
      </carneys>
      <haremFascismDakir unrealCypsela="writhenMulliteJakos" tannishDaubed="5291107" geez="178" michiel="43345">
        <dossyWhauWaught>bedarkAiredTidiose</dossyWhauWaught>
      </haremFascismDakir>
      <ariesGnatooFontes>
        <hejira>recedeHoutingTearer</hejira>
      </ariesGnatooFontes>
      <aponicUntripePikelet ptolemyBerkCochin="inksterAvenin" packedAmidins="matlowLuringCruelty">
        <bewake>overfat</bewake>
      </aponicUntripePikelet>
      <reswarmEdited>
        <hicket>kokamaSortitaGroot</hicket>
      </reswarmEdited>
      <kiers abbaye="lordanCupolar" datableTipreeVends="levMoray" yeelUnhiredAdonin="unrealCaffeicDietine">
        <nibbyDamierKilims>22072414</nibbyDamierKilims>
      </kiers>
      <harem assedat="warrok" bushwaPaeans="sixesTartarsCantico">
        <kaki>identCaliteBake</kaki>
      </harem>
    </aviatesWaseguaDurion>
    <preemptSaxtuba patrixHathi="afridiTloAriser" sanghsVeiner="slicklySymtab">
      <tewartFlyway>bedewedCrone</tewartFlyway>
      <gilaKishka sicca="zeniths">
        <ternar>crenelCrab</ternar>
      </gilaKishka>
      <gasless pavanes="raxesCaulisRhodic" fthmTogas="seseliFurnageSeity">
        <jubhahs>peeliteSoonestDarkles</jubhahs>
      </gasless>
      <hansel sabziBugs="swarmed" colibri="rumagedDosiniaInbeing" styKeenlyUnglad="95">
        <greatlyGinkEcorch>kazakApoop</greatlyGinkEcorch>
      </hansel>
    </preemptSaxtuba>
    <anuran>
      <rhoDonutsHammily>ingreve</rhoDonutsHammily>
      <repatch agonizePfunde="tellin" joistSplodgy="karaismBrakerPotleg">
        <skiffsKiloton>beslave</skiffsKiloton>
      </repatch>
      <benshi flagMeiobar="foister" hamaldStangs="onagerStratiMaranha" escheveReifiesMuscade="toatPickup6193" rittockHatty="meropesCyclismTold624">
        <seppukuGunroomCeltis>agelastPrebill622</seppukuGunroomCeltis>
      </benshi>
      <nappiesHoover eluateFohatCalappa="aetian">
        <runwaysUnsoreLaager>vaisyaUnfiled37</runwaysUnsoreLaager>
      </nappiesHoover>
      <chally hooyeChalker="perkilyTrue" muddied="spiranSepioidEyelike">
        <piglySpadesGadaba>7282</piglySpadesGadaba>
      </chally>
      <squailSmeth enwwove="swoops" hiplineVee="autonymReflush" tarokScrubby="templar72">
        <carafesSplashBatture>maidUntown181</carafesSplashBatture>
      </squailSmeth>
      <belockEpizoicSlushed artlyPazend="479560" ameenOildom="jacobySaultBatch" pedicabMarxistLunular="depaintDefyColob">
        <qurshMadlingUpyoke>hamulusLatcherSweath555</qurshMadlingUpyoke>
      </belockEpizoicSlushed>
      <hatterWagga tythingSteery="gratesEmmaObeli">
        <rundown>coon</rundown>
      </hatterWagga>
      <passee redeScamReplevy="eisellRecourOidioid" greedsFlabraKiri="454418" tangentActure="hetaeryErose">
        <stonyJuergen>9178</stonyJuergen>
      </passee>
      <glairesCirrhusBute afara="londony" strowdAmicousPolis="rumicinPicaras" runsy="4874789">
        <chiack>tempreUngraspTannaim34</chiack>
      </glairesCirrhusBute>
      <unvyingEducate aplitesKyack="5674">
        <fierierGophers>849824</fierierGophers>
      </unvyingEducate>
      <whelkySonshipSpattee fender="2" gitana="skivedZunian" dabbyZygenidSighter="abomas4184">
        <priced>exilerPithole</priced>
      </whelkySonshipSpattee>
      <coppyDormins hornishUnholdUnold="ideasGander">
        <caterer>linener8789</caterer>
      </coppyDormins>
      <laxerSparid betels="curiosShechem">
        <wankelAired>17092</wankelAired>
      </laxerSparid>
      <haulms winedVulgarFoyaite="5" lophiidHarpier="tupsShovedShuba" errsBlazon="ressala238" liv="bonySaveSettees">
        <slubbyZeinFined>tattherCation</slubbyZeinFined>
      </haulms>
      <thenar fant="mucopusDooringScouses" saulieWoggle="pupatedFroggerLegis" griddedHuicCace="apiatorJarvieSdump" videosFikieAppulse="94053627">
        <rhibiaCoryzaYowies>fidsDentalsAworth</rhibiaCoryzaYowies>
      </thenar>
    </anuran>
    <parilla padlockEnvayeHuashi="swizBerlinRighto" reshowGrannomDoux="nullosPortray">
      <dialStimuliGladded>bouserTodayllNotated</dialStimuliGladded>
    </parilla>
    <cindersChoko>
      <ooblastEuboeanUprest>leapScreeny</ooblastEuboeanUprest>
      <rowland ninesEpigaeaAnodos="yergaGavelCutch" pestRestow="marishAntipotOrtrud">
        <enchairUntimeGools>spitish79</enchairUntimeGools>
      </rowland>
      <coulBiting kwazokuSwosh="chunchoFluffyUpflee">
        <idler>gurPitylusRehood</idler>
      </coulBiting>
      <smilersKerseys blandCaunosHalfy="roxRandal" thymeleGemsbokAba="prigsMats" desmoma="rootleIffiest" rataMalapi="59">
        <bruntsOraisonAlenge>amazia62</bruntsOraisonAlenge>
      </smilersKerseys>
      <dimpsEhrman isoximeOmnibusAnginal="outblotHomosAvoider" glauke="uvateIllure">
        <peoples>11869002</peoples>
      </dimpsEhrman>
      <outray closWrestedUnwheel="17217987" ploughHelibusMegrez="twistleSkelvy" sondersWadgeCornein="eurous">
        <bardee>4</bardee>
      </outray>
      <tanglerAlisp bohorJon="damnumSuppl" hagein="almahFactful4185" eng="iachimoDomify60" tokesReplaneLippens="khatRetreat617">
        <duckies>heaumeStates6</duckies>
      </tanglerAlisp>
      <prowessTocussoPontil>
        <stodgerPapism>briza</stodgerPapism>
      </prowessTocussoPontil>
      <faulx darcyPreempt="indoorsEons" fowageAuntre="kilovarMossesChobie">
        <peropod>acapniaTandanRubrica</peropod>
      </faulx>
    </cindersChoko>
    <saughenJunta cirrhusInequal="5297434" wriesMahicanKadein="1">
      <peelYes>almondyTulipiLaurate60</peelYes>
      <succousAbduce challis="dringleGaseousBenton" dragoonGuilerHydrase="42266732" bathalaKarunaSecants="potherbPicquetDustman" livableSandawe="36">
        <ravensTweak>sidlingBaggies</ravensTweak>
      </succousAbduce>
      <estradoColourMartyr agouti="sizarsAirmassSoots" casziel="gimblet">
        <droversHymnal>8</droversHymnal>
      </estradoColourMartyr>
      <doobSnakedCotland awardSallowy="wendellXemaAstomia" hastateGanofs="84" depotSalpa="begassDirely">
        <darcyUdoPapyral>8722</darcyUdoPapyral>
      </doobSnakedCotland>
      <gasmanPapally pontistShewnIncross="cantor" sanjaks="limosiCraggyInkings6">
        <chitinsPillboxAdamite>unsuitDeclinePeining</chitinsPillboxAdamite>
      </gasmanPapally>
      <corm queansMintersInjured="rantism9463" nicheExertParsers="queasomCurdAtsara">
        <libkin>qqv2669</libkin>
      </corm>
      <colladaRosoliTonic>
        <secern>lacingShabble</secern>
      </colladaRosoliTonic>
      <clumpstReford jirgahAskingsBurkha="sintu">
        <benzoxy>brithRadulas</benzoxy>
      </clumpstReford>
      <martext philineGaping="maeingSpignetNuncios" crownetDupesBangkok="treasHagadicDeil25">
        <burbank>owsenSponger</burbank>
      </martext>
      <julieDerustTob>
        <bostonBlamersGeneva>biles</bostonBlamersGeneva>
      </julieDerustTob>
      <alightAlecost aeonsVivaMatico="gangrelSheeted51" mayans="tufts212" mountsImposts="electeeMontane" shipmen="heededBigeyeRowted">
        <tubbierSeamas>gauAssoria</tubbierSeamas>
      </alightAlecost>
      <ciguaChitted wraxledNovemCoolers="musiveEnroundSaprine" violets="sandanUnwrestMulm">
        <riggishVitrine>6</riggishVitrine>
      </ciguaChitted>
    </saughenJunta>
    <calking>
      <geogenyBayong>hordingFixator4</geogenyBayong>
      <jamokeHarimInking swardedForgoCains="95145267" primes="nosiestBedrop" guggledLiniest="29936" kibbehMdseSquiz="daric">
        <epigoniAtopite>trinol</epigoniAtopite>
      </jamokeHarimInking>
      <avdpSmirtleGoney avisosMilken="oceanusClonerOvergun" teniasSpoofs="margedPtinoid">
        <glycol>crab4</glycol>
      </avdpSmirtleGoney>
      <gulfsDramm bespeak="selfismProseSweltry" higgledPygalSungha="sidlesSignors">
        <fiscalsPoorisBurrock>patmos</fiscalsPoorisBurrock>
      </gulfsDramm>
      <focusedFasBooze litho="bagindaGillionSpewy" sinewsFluoran="goutyParodoiPueblo">
        <taryba>mispaidSamhain1327</taryba>
      </focusedFasBooze>
    </calking>
    <cancion>
      <motory>8231</motory>
    </cancion>
    <leghornStoothPaideia>
      <polearmDivotIchu>10292373</polearmDivotIchu>
    </leghornStoothPaideia>
    <zaparoDuluthAkule dviguCamay="mewlersOscules" salpaeTartryl="lamaicRipcord" spandleCupania="363657" setupTagmeme="groten">
      <cundumThoght>jetsom73</cundumThoght>
    </zaparoDuluthAkule>
    <site prf="julianaGrakle">
      <mesodePhonghiGrilses>rimple</mesodePhonghiGrilses>
    </site>
    <snarlerGrumbly riant="land2" malakinPacksSpooky="9">
      <iolitesAcuerdo>renegueGobbinRelig</iolitesAcuerdo>
    </snarlerGrumbly>
    <khalifsPlanont amiesDeare="gramary" aidableOndingPily="meetersArzanWarnage">
      <taryardLeekish>51988363</taryardLeekish>
    </khalifsPlanont>
  </tawsedSericinLaicise>
  <effudeOpaque>
    <velourEmysAyield>
      <feer>florentSloidDioptra</feer>
    </velourEmysAyield>
    <cakavci>
      <choilCasava>liminalCivetsFidged</choilCasava>
      <slopeVervainBirsit sraddhaPunnyLuggard="fracasClippie">
        <dividedDemes>3538</dividedDemes>
      </slopeVervainBirsit>
      <urticalBrukeBawbees sieur="ornateMatelotPistrix" aswarmCreatinOdell="asteep" prudishSubmindSolder="temSeelfulYawned" endleaf="nowhit">
        <las>unclaspVedro</las>
      </urticalBrukeBawbees>
      <norfolk barbelJctDumbly="ideeRoamers696" shackoAttabal="ophian" choppedOllamh="quafferNitencyMugget">
        <picuris>maystBuckrasClypei</picuris>
      </norfolk>
      <deducts sweet="radars" paroecyPeeversLadings="dearestHahs">
        <heiau>squdge</heiau>
      </deducts>
      <tympanaSoubiseBrashes amylinWreathNonterm="22584" adrenoFirmlyFirepan="toot">
        <talPinPilus>sadheGroser4</talPinPilus>
      </tympanaSoubiseBrashes>
      <estopsEngore powitchFledgy="piquiaArpanetPelitic" dhaCreeses="smallsVijaySiruper">
        <active>27145</active>
      </estopsEngore>
      <iyar betrays="scorpiiDialyzeBevies" vinewTyphusAnga="tinker" year="43">
        <tardies>elusionGalochFikie</tardies>
      </iyar>
      <richdomQuisleVitals pastiesNasticAurelia="131" hawmSnuggleTooled="ambari9" onerShutsWifie="1992871">
        <mesilla>byrlady17</mesilla>
      </richdomQuisleVitals>
      <look comdgWheepedWaxer="autumnsTiriba6" bounces="burrelCamposSaggon" chih="apsesPesadeWhiting">
        <nempneBabishHalal>ranseurCurcas</nempneBabishHalal>
      </look>
    </cakavci>
    <myaceaOmegasLoader serinusParazoa="hullosPooli" cotoros="122">
      <voyagerFaerie>buhlExam</voyagerFaerie>
    </myaceaOmegasLoader>
    <domed tied="310646" groinsSheughItaly="715215035" portage="hotSurlyCocket" ciliary="14909">
      <troveKethib>outsangUnbonnyPuffed</troveKethib>
      <cards bobetGoney="3643327" artistsJunco="29" cercalFeeDewdrop="meanishAlumWriteup40">
        <canneleKilRoelike>howsoNuncles</canneleKilRoelike>
      </cards>
      <imsonicAstron>
        <saperdaAcerblyPiotr>470977</saperdaAcerblyPiotr>
      </imsonicAstron>
      <untapYodledRobbed suggestFiats="vaporSacket" unline="6" phies="gimbalHolloAthar" whuskie="sereinsRoque">
        <dariusEffaceCumaean>puranasAvidin</dariusEffaceCumaean>
      </untapYodledRobbed>
      <burgher quatral="9524">
        <despeedBowbent>ungaged</despeedBowbent>
      </burgher>
      <lanketAbendsLigulae>
        <aiverAdios>partieHorridBaccar</aiverAdios>
      </lanketAbendsLigulae>
    </domed>
    <msg>
      <unaimedHeredesSerein>4664</unaimedHeredesSerein>
    </msg>
    <exodoi>
      <slack>ogdoadsKabiet</slack>
    </exodoi>
  </effudeOpaque>
</quendaSlurps>