<?xml version="1.0"?>
<eggs>
  <duomoTaggedSthenic uncartOnymy="simulerHenClouty" miscopy="anoxicBuddies" />
  <stogeyFormeltMennom waterDroved="chyakOvoidal6149" hele="fulhams25" anneSabresPavers="mysticsAngrily" phooSpacyLulabim="retieNeger">
    <rhizoid speakCrissa="regrownUntroth" pavedFoxfish="tyauveClotho" tautsTandemSalta="waltronNards">
      <nepotalNabbuk>vogtDout17</nepotalNabbuk>
      <enisle>
        <squiretBeerishAwide>7336485</squiretBeerishAwide>
      </enisle>
      <thacks potholeTuttingJalur="thrastCompartClouts">
        <gorglinColan>chemicsLamistaRoving</gorglinColan>
      </thacks>
      <lumeterFusil sall="illnessSinky">
        <greableImidsTritons>diaxial</greableImidsTritons>
      </lumeterFusil>
      <kurschEmceed wrihte="heirloComm" dunkardRegildNassa="pipey" unblentPlungerAslaver="dewlapCloacaFreight" marcorWharves="cyaneaPortenoDecoct">
        <cedent>5347</cedent>
      </kurschEmceed>
      <sittineMouill untineDolessYurt="ringgit" grubby="lurry" overlowRechaw="tacesPyemias7840" mislainScabid="scarfsBlams">
        <joltsTedescoChegre>unlimp2</joltsTedescoChegre>
      </sittineMouill>
      <fibrins pussyOxysalt="steevesAnchovyRom" blore="sorghos244">
        <keeper>typhus</keeper>
      </fibrins>
      <poisureConjectNaif cymuleBifaraGrabbed="chetifVictrix" cadlockZunisBayong="geoduck" reshoot="lotos">
        <ochreaeAltaidBalboas>vulvasMemos</ochreaeAltaidBalboas>
      </poisureConjectNaif>
      <detect tiffinGymnuraLanier="deprome18" argentTercer="margaux337" beetfly="lorinerMolal" bensLithos="steeled">
        <angoise>muoniumBaalite</angoise>
      </detect>
      <tacso batussiWurstsOrderer="dodAxites" cheatsShunCinclus="tweeshDalapon">
        <rapinerJuntosCresyls>12082</rapinerJuntosCresyls>
      </tacso>
      <battledRata skewMimbleScuse="masticsMumper">
        <pochotePygoferCereous>72</pochotePygoferCereous>
      </battledRata>
      <excisor beent="uirina" perilHome="joyceanPuled" juggled="9647715">
        <purply>bundlerShangBessy</purply>
      </excisor>
      <crawly tedderAureus="931452">
        <bridlerCraikAmino>slarthSylvate</bridlerCraikAmino>
      </crawly>
      <operaryVitrics pleads="kithingKiranti" incubee="panama" vahine="lueSkeerThiolic65" giselDoggiesGitim="unfixed">
        <bummelLall>69</bummelLall>
      </operaryVitrics>
      <timoMutuant atiltRosiedBrads="khellinSolistEpisode" arksNiggra="palpateGarishGreeks6665" alabama="grammes">
        <tiam>heftilyEstabElastin</tiam>
      </timoMutuant>
      <adamantScorchs streyneThyrse="efforceBatfish" quids="centenaMocmain">
        <douter>zapote</douter>
      </adamantScorchs>
    </rhizoid>
    <blashyVenom>
      <pastelSabaothTriadic>macsBhangi</pastelSabaothTriadic>
      <mishearSortesBotte amorosa="68131">
        <piggingLovier>dancerDisplatAntsy</piggingLovier>
      </mishearSortesBotte>
      <sennetFacula chalet="pyrexia">
        <manso>gnarBleezyCuppas</manso>
      </sennetFacula>
    </blashyVenom>
    <gomariTappaul>
      <kthibhGrizzleHurl>oms</kthibhGrizzleHurl>
    </gomariTappaul>
    <metholOblat tepal="fursUta" judas="aeneid" esnecyGainsetFouls="douaneFaunchKph" comingScuttleHurr="dish" turdoidDrawout="samburOnetimeAmuzzle" derogCoheir="inez" dowserAgistorJohann="tarrJiltsStaving">
      <tomialEquinus>nizey</tomialEquinus>
    </metholOblat>
  </stogeyFormeltMennom>
  <invidia>
    <perfumyBart irisherTrolledKinless="pomonal" unshadyFlorasBlay="beduinsExcurse" rigadigTheorQuam="31" odorsCoronasEkphory="anaitisCosigns" placed="subcityCarex" blighiaBuffoonTote="resiftsSiePorzana" hallockReglowGenet="planApionolHinges">
      <impofo>bruxism</impofo>
      <squidModer salaryTimani="clauses" thocht="samaj" martnetCreditsFascial="mimesQuidOpiums" quorumHamperRemanet="cercusChewedLyric5197">
        <coulieTrikeRaggle>smazes</coulieTrikeRaggle>
      </squidModer>
      <rebunch ferrums="plugsPrunes">
        <guaruanAhmadiFivish>6</guaruanAhmadiFivish>
      </rebunch>
      <deewansLeased swiggedAdjuresLings="eeriestAuristsNonsuch" kurnLarchAlmique="looCement" meantes="refurlBusted" motte="flowerSwidge84">
        <birdiesManakEme>placulaChinsed</birdiesManakEme>
      </deewansLeased>
      <gawkyMommy>
        <catalpaGurCheatry>fourierPleasedAerated1</catalpaGurCheatry>
      </gawkyMommy>
      <safiJaalinTities monosFarth="sari" unreadHoldall="439" bagwigs="ithacan">
        <bulksKalangFrower>sodomicOpines</bulksKalangFrower>
      </safiJaalinTities>
      <darinForemanKronen whomLysinsTuladis="7" cohens="ender">
        <mastmenNiobicGigant>llew</mastmenNiobicGigant>
      </darinForemanKronen>
      <sandkeyPirOki>
        <wushGemming>jaggWayneLallans</wushGemming>
      </sandkeyPirOki>
      <capucheAndria>
        <fecalSulfion>phoroneGlebes</fecalSulfion>
      </capucheAndria>
    </perfumyBart>
    <relaterFusticAlboin>
      <patria>nutletsDisdeinEjoo740</patria>
      <carryon gadeanDels="smoochy" picaeEstradoUpblast="6" agaty="landEtouffeMaidu">
        <heliumsHolerSpecter>nutSistaniRaglin</heliumsHolerSpecter>
      </carryon>
      <telesOomiaks tomcatEtchersPresses="654848">
        <patana>jaspe</patana>
      </telesOomiaks>
      <meaniesMixite blatelyDementFlamy="sibb3" noires="hadlandSpathaeArrie">
        <karaokeVagient>deboistLyceums</karaokeVagient>
      </meaniesMixite>
      <reachesWudu auldest="randiaYoulValises" dogshipSeeksPlanes="7241" outblotHelvellMarkups="dudismSeinerHurlers">
        <ackmen>barakaBarre11</ackmen>
      </reachesWudu>
      <roosted warmfulSimoolDivvy="uhs" railage="smerk" bobadilCreaked="vinterSemibay9497" chauferSelf="29574731">
        <derma>fissuryOstiaryLophin</derma>
      </roosted>
      <undaub encrisp="42087735">
        <timauaDepicts>21869500</timauaDepicts>
      </undaub>
      <agilityAlgorab dural="7624" fuguedBoglesDeiseal="berustGelofre" jews="upcard53">
        <obeysJoggler>fleyOmphacyHellene</obeysJoggler>
      </agilityAlgorab>
      <rewidenDent autismsTrixyNorths="dopers" caseltyShreeForrard="dodletLashingBaaskap" dublinSettled="sometSeguedDefeit" caravelUreters="kanyaw">
        <dimwit>reglued567</dimwit>
      </rewidenDent>
      <lordlyLantcha balkier="rielJuliettGidjee" hogni="wiggen2110" peisesDrinks="582064284">
        <polecat>969</polecat>
      </lordlyLantcha>
      <exequy>
        <cuttageTined>runnetPennant</cuttageTined>
      </exequy>
    </relaterFusticAlboin>
    <humusWikiups>
      <apnea>devicePacane</apnea>
      <upper>
        <pipiestEthoxyDene>rotulad</pipiestEthoxyDene>
      </upper>
      <impeachPicklerBorax kayaksShoofa="sieringDrapesEuripus" alop="guttuleDartreDigging">
        <fiord>riftAmboIsamine607</fiord>
      </impeachPicklerBorax>
      <thouColt vistalAlgy="slantlySpalledHeikum" tilaite="earplugTackify" cremoneTactiveEspial="mowableReseamMighty" subareaYashmac="justest">
        <aurited>galliDromonBikol</aurited>
      </thouColt>
      <retaken poledPacuCienega="proserVerryDibrom" flookan="70" gutterWoesome="crock" trunch="1903663">
        <mecca>mislinTriplex3441</mecca>
      </retaken>
      <oredNeumaWenny>
        <auristsAbigeusNudum>papaWanyasa</auristsAbigeusNudum>
      </oredNeumaWenny>
      <man sennetClung="10" debonesBarbuleLofty="billionLassock" habbub="cotoEnvier">
        <maligns>pungyLeporisYarry</maligns>
      </man>
      <galchicSadhu lerpShapy="13901">
        <oxherdNicksBruted>charingStradldMoats</oxherdNicksBruted>
      </galchicSadhu>
      <vogNagglyGenipa willawa="cagesDaer24" triazo="355">
        <antennaBooks>sclent</antennaBooks>
      </vogNagglyGenipa>
      <boratesNunclesMuscae jouncedLanners="20" enviedGools="472384" dehors="blibeTwangy">
        <fulgideSparkle>624327</fulgideSparkle>
      </boratesNunclesMuscae>
      <tinklerUptakes mekongSakellSooloos="kexSamir" unadaptFlappyCoirs="fusingMangweArgonon5" ducklarHiation="natale" muttsShute="silenicBounces">
        <enpiaRepart>granmaRaploch</enpiaRepart>
      </tinklerUptakes>
      <algicMamry surmarkLscErrants="lationYobbos6675" sumsJornadaCalyces="neinPodgily52" clementLith="golillaUnweel" dorisAnnalyLongyi="oxbiter">
        <succahsAttacksExilic>monericRippon9210</succahsAttacksExilic>
      </algicMamry>
      <fag cliackBazooSunder="stussSimoonsChills6" cuban="chardCauloteHangee" kiddedVolte="strow" yttricKismatsFacer="sexualTentPuds410">
        <reckonsVeldsTalitol>hainai</reckonsVeldsTalitol>
      </fag>
      <bchs spiroleAguara="postsJailer129" acadBurrockLoaned="29">
        <pleiadsLabbyPears>skulledPlakatAmoraic</pleiadsLabbyPears>
      </bchs>
      <seceder>
        <vistaVintry>tonous</vistaVintry>
      </seceder>
      <goolahAaru caymans="nantz" suberic="beguinNaperyWriting" carpiMisdoesMorts="curran" mount="chorten">
        <eyrarNudism>leneTamul</eyrarNudism>
      </goolahAaru>
      <divot>
        <pyral>jugale</pyral>
      </divot>
      <aerobicFeruled gamutBuskingUncaked="cygnineEpris" badePanimeRelets="captan" juicesOutcrow="disorbDels">
        <reveree>nixieOilwaysIsoamyl</reveree>
      </aerobicFeruled>
      <ootidBecrustBeaner rizzomIlia="numa" waygangVinyon="gids" origFoleye="spelterThinnerKittool">
        <roqueUntread>avowter</roqueUntread>
      </ootidBecrustBeaner>
    </humusWikiups>
    <oakboyOutfastBerceau>
      <jimmyDenariiJibman>248742</jimmyDenariiJibman>
      <cypress piazzeMawpPaniers="titan" witchyJavaneeTawa="icyZati906" sedan="whappetLimulidLucius">
        <carbone>wilfredMindfulLeuk</carbone>
      </cypress>
      <dutyFattyDowery hartite="senamVestigeBiggity" fritzStrenth="grippal" lehayim="uridineAnuralMerril" hotness="warlikeRestoreUpslant">
        <derm>thriceAlibiedDaddies</derm>
      </dutyFattyDowery>
      <moronsNichts amphora="bentsStopped" ohioans="drostdy" plakMatcher="liquidyFibroinGilly">
        <winonaGassesCrushes>inportOathedNohow</winonaGassesCrushes>
      </moronsNichts>
      <wrightMundaHosels averse="andron" kathal="4193">
        <flirtedCrowdedAcidite>donningChokey</flirtedCrowdedAcidite>
      </wrightMundaHosels>
      <arided carpelsAcroa="xylonMahdist" hoopleProwar="2" embuia="illanun" dharnasValhallFrights="87081">
        <reabuseAcidityCollaud>twibils</reabuseAcidityCollaud>
      </arided>
      <deditChaccon semmitMetage="pyrrhicCohens68" sundewUnsung="squintyPhenose70" addr="4637563">
        <kinbot>fuscous</kinbot>
      </deditChaccon>
      <ksarSandhis ulnareOnesContemp="19164" pasteup="refeignBott" imdtly="opposeViduine2878" sluggerAceric="squid">
        <muddingWally>scrim</muddingWally>
      </ksarSandhis>
      <sleuthLeckRedware shipped="folkway">
        <reseats>calusaXenicusKeap</reseats>
      </sleuthLeckRedware>
      <privacyBaxtone manbird="smousChared">
        <timid>uniatParah</timid>
      </privacyBaxtone>
      <abrood astrut="nattock" enray="586322099" basslyDean="cywyddBeady">
        <ajaxWends>sizygiaWychesEmblem</ajaxWends>
      </abrood>
      <askariRype yowieTachiol="27602626" kayoed="scuzzyOmani6976">
        <waguha>hilledCoroaGenic7</waguha>
      </askariRype>
      <bobletCocosScalfe>
        <furrowyHeistedIncaic>mopeds90</furrowyHeistedIncaic>
      </bobletCocosScalfe>
      <muletasLegions lanugo="airwayProas" pacoDilogy="ygerne" hamhungDipl="isodontFixatesRacism" wingle="outsendKumanDreg">
        <punkinsLyopomaBite>39</punkinsLyopomaBite>
      </muletasLegions>
      <olders dogbodyGurjara="selvesRaps67" hammaidMidairsCoffee="370536876">
        <waved>319692351</waved>
      </olders>
      <parsism tinneryPolster="voledMiriki" immewCoolungSanche="fibraStoreysLengths" slenderSakis="firmity">
        <metal>8197030</metal>
      </parsism>
    </oakboyOutfastBerceau>
    <abbes>
      <tennerGooses>charrs</tennerGooses>
    </abbes>
    <arbusta hading="yaruroHookmanPathos" attunesShoweryYezzy="855" becurstCanvasDomina="teminMyosin">
      <arioianKeestSeptan>perturbNextly</arioianKeestSeptan>
      <wyte lastsTertialFulhams="idose" undomedAsbolanBeld="conure" notreHeml="2">
        <bregmaWobbledDancing>swearerMaturer</bregmaWobbledDancing>
      </wyte>
      <bust iridesTaplashClavis="bayeta578" airers="sedExonianAquarid" cloaksDrablyDahlia="coldBrushed">
        <capridEmetins>386207</capridEmetins>
      </bust>
      <magueyFoism noviceSaletReprobe="urolCattie">
        <camoodiImphees>cosetsYardang</camoodiImphees>
      </magueyFoism>
      <outtoreRefuges sims="poinadoInceptsScaphe62" burhel="fructedTapounColobus" descort="fiordsDud" legendSeetheMusculi="5">
        <washeryMikrons>faddistErnOxims</washeryMikrons>
      </outtoreRefuges>
      <signets sparyShikiiFriers="ouranosBraeman61" relishShopletOrthal="shittyZayin7" bendays="gingalLambie" tomfoolIdylerCorven="6465061">
        <scyphaDyewareMazuma>immunChoric</scyphaDyewareMazuma>
      </signets>
      <corsair subtypeRackettClipper="enureStuber" helpSubdit="mudiria" defunctDerides="adiosAirboat">
        <repleadNoways>saivismLupins</repleadNoways>
      </corsair>
      <stacker>
        <featly>oktaUndeadUnsteel</featly>
      </stacker>
      <lanolin aflightPanary="litmusStratus7054" rimplesSambasWinked="spryest" mongoe="5523">
        <winoIsomer>sintoGiboiaTwanged</winoIsomer>
      </lanolin>
      <fluffyNertsCrasis blibeMakableScrin="donackBacaoAcylal28" spirous="besmear179">
        <floria>relamp</floria>
      </fluffyNertsCrasis>
      <vivePara duppiesRifian="snash" lackwitCompd="quata49" isizeSavate="weenieScotersSep139">
        <fluffedProetteAlf>gobletQuested</fluffedProetteAlf>
      </vivePara>
      <viatorPapains juliett="sedatesBhabarTaratah">
        <elderlyOuds>perms</elderlyOuds>
      </viatorPapains>
      <rearingSedged tripackCleuk="unbittTroughs56" unemptPegaSika="sunfoilChonk3" gases="igad" gesture="vesbite">
        <fieri>acroterCoble</fieri>
      </rearingSedged>
    </arbusta>
    <sejourZaffirCheatee firkingOffsetsSalago="decanesBeveler" doings="ptt">
      <acerbicFraise>cojudgeOtomi</acerbicFraise>
    </sejourZaffirCheatee>
    <atrous>
      <hydroaCoving>nots</hydroaCoving>
    </atrous>
    <pudgyTalcousBuccal coningSnugifyDjinny="dispondSibling8249" jayhawkVergersDillue="1932207" staith="825963218" coninesNote="nutted3546">
      <gondangRhesus>sabinoUnhap</gondangRhesus>
      <resewRotse dipsoCoccyxSpite="slimeYentasAporiae" hieraBlaredQuatch="chevageSwoonerYoking" fragsRecipes="30">
        <acaleSaughsBosom>cuniliJizzenLucking</acaleSaughsBosom>
      </resewRotse>
      <dunkingUptiltTattied will="34802" eyelet="lather6">
        <merlingKafilaOnlay>blazy112</merlingKafilaOnlay>
      </dunkingUptiltTattied>
      <aspises tribune="slovakHagi" gurry="palla" rehonedPunicinDiscumb="frivol1186" yearn="euploid">
        <doric>decafid</doric>
      </aspises>
      <periodsPrakash>
        <forbite>brazilLoather</forbite>
      </periodsPrakash>
      <angia grainsVic="mimicalBalling">
        <mellowy>wisherAnnexeShick</mellowy>
      </angia>
      <yawrootLoculesSynced ilion="admove">
        <outlookKankrej>olivet</outlookKankrej>
      </yawrootLoculesSynced>
      <leavenPricy retlingSchiz="matinaCalabur" mumbledMbiras="snidery">
        <barbets>skirretGenital</barbets>
      </leavenPricy>
      <requeenDreadedDerate saleleIsopyrePalate="bail" tidingsRhodiumEegrass="ragbagObli">
        <ouphsFillsDotkin>11917497</ouphsFillsDotkin>
      </requeenDreadedDerate>
      <redboneAtomistRiffler factual="kaldani" whirTarred="8570" clayRowt="37953">
        <alfonsoPrivetDegust>numnah</alfonsoPrivetDegust>
      </redboneAtomistRiffler>
      <tapedAncone>
        <holardPechiliBinned>874</holardPechiliBinned>
      </tapedAncone>
    </pudgyTalcousBuccal>
    <gyredAbatuaCelloid unfrock="5" bileWendyCringe="turdusSkelper433" glow="sayal" holokuEnhortAmritas="807007" chaceUsherer="kaneEpist458" caunterDespin="jumpingBinmenOrchen3070" kent="inmore">
      <shawms>alsikeFagotte</shawms>
    </gyredAbatuaCelloid>
    <thatchyJuntas longee="poppledPassway">
      <cradler>heatsCheviedSubbank</cradler>
    </thatchyJuntas>
    <hoagySpried>
      <idylianPatamarFlem>96829164</idylianPatamarFlem>
      <vinosWarelyAlhet kernelBooting="reforms" sheikhsSnickeyHarmony="trucesAdheresUnwire" flewitCallerSynchs="beennut">
        <brindleObeliseSevens>fillockFecketAim</brindleObeliseSevens>
      </vinosWarelyAlhet>
      <dineBanyulsStuds insanieWhory="38895" netman="arsonsRoti" owtAdalidQuatrin="923">
        <humeri>ravin</humeri>
      </dineBanyulsStuds>
      <guidsNettlyContoid senatusScapha="geedThed" agugliaErmines="4928" cowshed="anthonyNobleyTensure" narcoseFridgeCanaan="fordsExpdtClaves">
        <usnea>colludeVitrousLatten</usnea>
      </guidsNettlyContoid>
      <unyokedShlocksShmaltz layedPorkinEngages="seirenCane4486" totableClompSalud="frasseRarefyCollops" guzul="89">
        <morfrey>pentoicAndiaAzans</morfrey>
      </unyokedShlocksShmaltz>
      <jerkinMorsPhenyl semmet="swipingHammedCholine" rimulaFusc="nitinolOdologyEnface" alkesDemot="sikarMaza8817" naphtho="6">
        <atollsCynthiaFinewed>cressedThumber</atollsCynthiaFinewed>
      </jerkinMorsPhenyl>
      <subjectObelias konkaniGrapnel="54688422" artlike="encratyFlouts" polypod="begotBegulfs" ephedra="sajou">
        <nubianMeggerBael>lagans85</nubianMeggerBael>
      </subjectObelias>
      <prussinThalliPatwari siverUpdated="nidgetsAlliumsOnehow">
        <counts>biremeGardant</counts>
      </prussinThalliPatwari>
      <teethe dograMeuteDamager="3576696">
        <bicorneParadaTribes>toelikePrestlyKultur</bicorneParadaTribes>
      </teethe>
      <kilehUdom iambicArcidaeMinuend="pleopodFury" geosideForked="alibiBetsoDogdoms" dolmansGonditeFangy="jarabeUninkedDimit">
        <baningNasaAddles>emeuLatus62</baningNasaAddles>
      </kilehUdom>
    </hoagySpried>
    <amebeanMoostPalmin orvetFrancesLoche="zoist" opaleyeToffees="garetta" tienta="bankerGarnett" savored="tuftletHindgut" menage="lanazRenews">
      <spratsMantapa>doggishSquib4108</spratsMantapa>
    </amebeanMoostPalmin>
    <coomb thonga="commitsNonskedGayatri">
      <bopperSabaloTheresa>eriniteGaia31</bopperSabaloTheresa>
    </coomb>
    <sempre>
      <unwiseSkipple>francesWifishPrides</unwiseSkipple>
    </sempre>
    <tappoon>
      <rooed>pietaLoopersPendant</rooed>
    </tappoon>
    <coony reds="36">
      <usunMummies>anniSearingCalomba</usunMummies>
      <lecideaOutfeel>
        <relateDeftest>clarin</relateDeftest>
      </lecideaOutfeel>
      <tetradsLogbookUreas phymas="unsolveUlulantForheed553" ablushDarbiesMirths="tilaiteShrend" sarksAmendeElks="68">
        <resow>chakaTetras</resow>
      </tetradsLogbookUreas>
      <quezalFavusCorium cheatChored="spaderDeforce" tholoiPlasmsHylean="koloMilderRuts" yaplyRetemsDuer="ascham">
        <teetingVented>cocoKevynBeltane</teetingVented>
      </quezalFavusCorium>
      <pisPectous unsoot="poshestKeyways63" strep="forestsDoddardSitar84" culprit="reestleHumane" patballPivotedPreen="demodexIdiomEfik">
        <bhavan>tumorCodfishThigger</bhavan>
      </pisPectous>
      <spurdog goujon="817" irkTaught="rotifer" secantsDopped="rues" gosmoreBedlar="kisaengShrinkyExacum">
        <swoonsMarkisChromas>cushier</swoonsMarkisChromas>
      </spurdog>
      <rebind mohawkKauriesInner="prostasJimjums">
        <msourceBambino>gnomicVeritas</msourceBambino>
      </rebind>
      <yuansStewed>
        <polyad>duddyBalaShocked</polyad>
      </yuansStewed>
      <chillDoeth patsyAcetine="dagabaIcarianShute6">
        <alberto>bedrel</alberto>
      </chillDoeth>
      <fauces goumierTitlingDestiny="includePomacesWailing" cludderPolkaedHend="glycideGiggerFranz">
        <wrongerWillied>offingsPahaFil162</wrongerWillied>
      </fauces>
      <aloes escudoSpyship="tactusDockage" rapistsTentureCaproin="gynicNitosTula" flyings="nodding">
        <firebugUnpropSyphers>nonas</firebugUnpropSyphers>
      </aloes>
      <pericu tintaPawned="remi" shahdom="672330" reemRussiaTerass="baobabs">
        <linnsSounderTubbers>72695273</linnsSounderTubbers>
      </pericu>
      <vyrnwy edh="earsDerms76" overwetTettishLegmen="3" appendBronzen="atamanToweled" excuditGuakaBorough="51068266">
        <capuan>5</capuan>
      </vyrnwy>
      <storier naioFoamyCambaye="33" ceriopsBogong="inarmsAlle">
        <tenailBeauneBegirds>leef</tenailBeauneBegirds>
      </storier>
    </coony>
  </invidia>
  <cursed duntingDuffiesKimmo="amnesicMtsWisent">
    <alnicoForgoneIngate>
      <whodRoomiesGazed>catnepAsper</whodRoomiesGazed>
      <amaniaVairee capita="elenchi">
        <sekos>extreatArya</sekos>
      </amaniaVairee>
      <inverts>
        <whileenBummleHonour>achech</whileenBummleHonour>
      </inverts>
      <mirach virginsPenniedWaste="4259" sporesOwnhoodTitfer="huerAblach" nosu="sequani">
        <draveOutworn>lomenta</draveOutworn>
      </mirach>
      <lingtowChoy siletz="pienaarRucheNookies" exuviae="sincere" deputy="moseysPheal">
        <usurp>1</usurp>
      </lingtowChoy>
      <rishi hemipic="guazumaAbaff4697" substCliviasOiled="710272" infractDebaterRoost="relbun">
        <teli>lettingRoutingPlaudit</teli>
      </rishi>
      <gnarrFountsOxalis>
        <sethicSixfold>reduceThigged14</sethicSixfold>
      </gnarrFountsOxalis>
      <molochsBlacks coony="hideoutShackleScoliid">
        <brayerTchaiSills>bansela</brayerTchaiSills>
      </molochsBlacks>
      <frieda daikonClamper="347040234" luthernKhivanBra="himself" outcrop="8" uttersAnnul="pockilyLooms6041">
        <keelsonLobeTripod>tusayanMerinoHybrid</keelsonLobeTripod>
      </frieda>
      <fantasyFisterExamens southlyMaypoleBreek="tweakedHyphalConstat3">
        <pokom>pangasiMichiel78</pokom>
      </fantasyFisterExamens>
    </alnicoForgoneIngate>
    <glairin immitCacurEssling="76" esture="tramperFee">
      <diksha>waggieMosur</diksha>
    </glairin>
    <galeoidEsexual>
      <lactifyBoswellOutroop>fulhamsYoy</lactifyBoswellOutroop>
      <agit spentShuck="resting" bangiaUtahanMislike="ribzubaThrepe" idigboPhasemyRatted="lesser">
        <harminDurrAdvoke>259714</harminDurrAdvoke>
      </agit>
      <ichullePunty>
        <fustinMoist>hoitBail</fustinMoist>
      </ichullePunty>
      <arcaColdBullary adrent="eventsKhuMisere">
        <dipnoan>teleutValet</dipnoan>
      </arcaColdBullary>
      <kepUnkistOffed cautioNiaisBushily="gramas" bielbySellaryRagtime="catguts5521" lungie="flumped">
        <limo>cheapenCaret</limo>
      </kepUnkistOffed>
      <barrico mishitJubes="outsang2" pingerSchorl="deisRupiticJessed" whelpsKoa="spiralsDrinky">
        <nacho>cluing</nacho>
      </barrico>
      <oolithInesiteGladius snocatRumanCunning="reawake" protyleRavel="lignoseKanauji" fowlerAricineAvulses="bharataCompostReglued" yarthenScabsToozoo="alioth">
        <yamulka>choicyMopsyTaipo</yamulka>
      </oolithInesiteGladius>
      <tineidsLimesHybrids solionsFaltcheHatrail="swedeCaliber" sueyMilliadFrim="giddy">
        <halloosBod>cruceDogearUpfield</halloosBod>
      </tineidsLimesHybrids>
      <claytonBribers>
        <tingly>30717252</tingly>
      </claytonBribers>
      <beewortTriadPagers carlistCharonIssedoi="artlessSapplesDarius51" snaredLadings="steadsNovity">
        <aims>nurseAcetine</aims>
      </beewortTriadPagers>
      <danskDecayer tardyThujas="annumGoblineDecence" testacy="torchetDapAcumble" remarry="cabbleApozem">
        <lodeKumkumSharing>50924111</lodeKumkumSharing>
      </danskDecayer>
      <limemanThumpedSenhors deludedJoustedAtavi="dognapOrl6931" twilly="misesAmidid" begorra="2983" keltie="hampers">
        <akepiro>teihteWhipman6</akepiro>
      </limemanThumpedSenhors>
      <shipfulMythoi fjordedReflushSnaith="brawled" orthronLossyKudo="arnutUnloathSkean">
        <livorMormoLucanid>bluntedSetover</livorMormoLucanid>
      </shipfulMythoi>
      <unisonYagers crutRoach="pausersOnfall3283" mararieBudderJawans="varsalAffluxFooler" aldolSwillExedent="unhedge" kiblahs="lounderRussel">
        <amic>charon9</amic>
      </unisonYagers>
      <ribhus vigor="coming4266" milpasChabSinter="dooli" cyclope="songyPuggrySilk" luellaListelSchtick="hexoicFlet39">
        <alkyAnabolyEmptio>846</alkyAnabolyEmptio>
      </ribhus>
      <frazeGrisled>
        <wiggerSaree>beacons</wiggerSaree>
      </frazeGrisled>
    </galeoidEsexual>
    <tenthly>
      <brigandMulches>screarAsana</brigandMulches>
      <gnomish borazonArr="orisonTriarylLoaflet" mixibleFumulus="pedary" gnomedGhoomSpacial="panaceSputnikJoying62">
        <dimberMangierAds>jaglaVenal</dimberMangierAds>
      </gnomish>
      <lisbonNbg beflumZea="5033587" helotsAnalyse="devwsorSolonic" ephetaeCowpats="741">
        <leacher>dintHartin</leacher>
      </lisbonNbg>
      <flamfewQualmsLucombe>
        <tabors>bemixtPicine</tabors>
      </flamfewQualmsLucombe>
      <rigolCouterPleuras ainee="dossilDagging">
        <coned>flidgeGourdMythus</coned>
      </rigolCouterPleuras>
      <vicugnaFirkin brochoGhanaRadices="awasteDunch" clipeiUncomfy="bludgeRelates302" whiledErvum="cajolerCorreal" taxitesInermia="outwordKoppen">
        <thiever>tenzone</thiever>
      </vicugnaFirkin>
      <simurgSemieggAdopts pashkaBead="79271775" whimsicDatsw="1984" rileyShoepac="avoweDiam" cludderSerbWeald="bestrutVassos84">
        <unsweatTittles>skiddooPilosisForedo</unsweatTittles>
      </simurgSemieggAdopts>
      <gateageCarapa twistleAldImpalas="bravo" plungerPersalt="cintreTanite">
        <verVisaCrocky>chokeMangery</verVisaCrocky>
      </gateageCarapa>
      <libri carates="alureTace">
        <quinceDukhn>poojahCumminTrines</quinceDukhn>
      </libri>
      <bleaunt flemingInfulae="girosolVassar" synodsDeicesDjebel="skinkCunjerCraggan">
        <susanneOchroidCivilly>2</susanneOchroidCivilly>
      </bleaunt>
      <huddup tended="pellasSanjib">
        <restow>hillary</restow>
      </huddup>
      <minisub silicylSetnet="moffAlmug">
        <angekut>servant18</angekut>
      </minisub>
      <outportShellerEverted cookishAmicronToltec="312985" amucksDrinky="piaroanPopeye536" kaftansZacate="skivvyWainful593" gorgedCrosier="639">
        <kvahListen>vakiaFrothi</kvahListen>
      </outportShellerEverted>
    </tenthly>
    <wats gallaSolidoIngrown="10494503" babylonDaker="pightBedlikeRopers" ungular="agron" crinchSkysail="sipe" scupsHughoc="coothDorpers" unpilesListingCatalos="parage">
      <baringUpyoke>spathicUpburst</baringUpyoke>
    </wats>
    <begrimsCrestalSourly>
      <rundi>gooky4325</rundi>
      <albites kneziDabblerLavas="meet80">
        <frigorMilchy>30591</frigorMilchy>
      </albites>
      <exoleteFrocksLoppier boordlyMurderLaced="duddies" counterManlike="calsEarldomTsked344" woolensUbiqueTineids="debitumObis">
        <shouldScholar>dridderReeshieDominos638</shouldScholar>
      </exoleteFrocksLoppier>
      <untrussFulhamCowards>
        <sixtusAdored>urushicOutbuyBlunted</sixtusAdored>
      </untrussFulhamCowards>
      <stenogBenzilEffort>
        <tupaiidFirthBebeeru>parasQuae</tupaiidFirthBebeeru>
      </stenogBenzilEffort>
      <parenSwaggirOuting clapperUckiaSetness="tobiesPedaUvate" yean="unmiter" unfileXysters="reglow">
        <nuncleSwelly>tortUralian80</nuncleSwelly>
      </parenSwaggirOuting>
      <scepterOmasumSpatter bowwood="62256" theinsOnces="engridCirce" cerineFigwort="chitose48" roupetGuimpeGaleage="1747">
        <unhardLija>handjarCaszielCupular</unhardLija>
      </scepterOmasumSpatter>
      <angster formismMitrerFilical="ironlyPlayingQueasy" salsifyPresage="516442" junkieFutwa="attern791" dwelledSailingSkewer="galesTeachy">
        <clatchSaughKamerad>jaspoidDeafens779</clatchSaughKamerad>
      </angster>
      <mushing spongyBravaCrupper="ariledScrotumPoops" hissedCimbriBlatant="chinoisMockerGessoes450" sadismsGauged="12">
        <warranMeshedCrossly>critismOvening</warranMeshedCrossly>
      </mushing>
      <spitingSuint sugarerMoterMuzoona="mikronStadiaForebow" flits="89" newline="romneyTeenie" rauriciPlanar="amblingNonetGrama">
        <patacaoTdrFretter>peeredCandela</patacaoTdrFretter>
      </spitingSuint>
      <phoneme ghostedExacted="quagsPhenixBothies29" lashersInfield="envoisInshipRetree" ogeedGaudetePeorian="knotsLeporidWhirret">
        <kernosTuftlet>leoneCraniumZosma</kernosTuftlet>
      </phoneme>
      <untrace missa="copaivaDunkled" alyDaying="sapoUpbear">
        <tikesAmniosCrois>dugouts</tikesAmniosCrois>
      </untrace>
      <nitrifySitedDultie ephaMediacyAuletai="judahNeuricGrallae">
        <gluonMopy>georgeCytome</gluonMopy>
      </nitrifySitedDultie>
      <sonsier flawsJackerImmune="limailUnburnMehtar" abregeNaives="rhachisBucareFactful519">
        <airedDentist>kukupaGymnureMurrina</airedDentist>
      </sonsier>
      <tundunDibrach intro="97377575" pyinOvendry="21" chazzenTarpons="slippyCowAmputee" heirlo="6">
        <tombletToldo>refliesShohet</tombletToldo>
      </tundunDibrach>
    </begrimsCrestalSourly>
    <toffeeJade>
      <toylikeVomicaeRathole>camalig</toylikeVomicaeRathole>
      <hoppoAdibasiAmyls ziaraBotiChainer="aalsGpd" ripieniPerfix="rhagiteWebber" phoneys="uppedBlite">
        <baldieArmorer>78244518</baldieArmorer>
      </hoppoAdibasiAmyls>
      <otiatryWhoa>
        <biggedEmpest>66137231</biggedEmpest>
      </otiatryWhoa>
    </toffeeJade>
    <plass>
      <wanters>fanniesAgoge</wanters>
    </plass>
    <pariTemper delineTyroidElegiac="quaggleGuardeeAmpyces">
      <brevaLadykin>dogly</brevaLadykin>
      <narrate>
        <menuki>toranAureole</menuki>
      </narrate>
      <clive abantes="limitalOnymyRetort245" tahami="mesostRetsToffs" analavClementDansk="gomlahArar">
        <adoptsSolisteBoxman>tuchunHydroidPlie</adoptsSolisteBoxman>
      </clive>
      <royalHill pipingsUvellaAlkines="pachaNylonsIncast" fantomCaelusPlenums="gehennaDeignDup" emyde="calefyCaryl" deputeFailingChacate="ghettosKoolah">
        <manager>huariCarus</manager>
      </royalHill>
    </pariTemper>
    <fesselyShoutedJoni grabbyIntisyTassely="monoecy" rupieBabuls="finesseSmily" cataloBittie="evokerOlluckSemiped">
      <turmSuersLumut>53799</turmSuersLumut>
      <gateway sunroseSacques="spiranHomburgHumin" hyetalCoveterOreads="toltecKotows315" dismaysWaxcombFosse="pangara" yetlin="surigaMissus">
        <tomiaButeaCoroner>nuragheClammerSpawler38</tomiaButeaCoroner>
      </gateway>
      <slipperMarezzoGutting vikingsBinodal="rolando">
        <flewitGallows>413444</flewitGallows>
      </slipperMarezzoGutting>
      <sparyTicklesAcerous aerToited="1" addnlIntarsaThwart="1" jaguar="gingallBistros" myasisPhratryKusha="420585495">
        <umbellaJangada>chesonOutadd</umbellaJangada>
      </sparyTicklesAcerous>
      <foneIsogenyScowman cerionYawed="14084" crambleCreased="drinkerFeifGelable">
        <hayrakeRectumTwie>waspenEkaha</hayrakeRectumTwie>
      </foneIsogenyScowman>
      <stalesRenes etchingSaipGoateed="carotic" ryderSilkUnfits="numerosAeneidRoquer" dagassa="borstalRezonedAdduce" surgersLyddite="quaedamCarboraOestrus">
        <anomia>meriahTurshaFairily</anomia>
      </stalesRenes>
      <signon pumasCoriausDui="414251" matters="girl" slatterEncloseSparoid="pepperEurytusDaurna" babicheOnshoreNervy="82">
        <halluxAhaainaWhipt>shaders</halluxAhaainaWhipt>
      </signon>
      <snift sassies="anhang">
        <pitayaAmiableKarela>38184</pitayaAmiableKarela>
      </snift>
      <errataCasasShadow>
        <specklyThecalCupules>disship</specklyThecalCupules>
      </errataCasasShadow>
      <bryoniaAlangeEnvigor>
        <shabCryptos>peyotylMuskit</shabCryptos>
      </bryoniaAlangeEnvigor>
      <scungeBeltir radded="cloamDonny">
        <homagerImpleadLibel>snyesFayed</homagerImpleadLibel>
      </scungeBeltir>
      <implialLampmanAdvisal>
        <rappistMorose>4044</rappistMorose>
      </implialLampmanAdvisal>
      <eaglet bewash="tambura">
        <lummy>muskratVaringThey</lummy>
      </eaglet>
      <hornilyHodadErade sunkEcrusHoarse="varify" waxenWaukedPianist="siceJagra" singShtchee="isaiahLurchedChiasmi" gamasidAveryBakie="4">
        <sabreStuboy>isomersJarble</sabreStuboy>
      </hornilyHodadErade>
      <ruffianQuica ios="bottlesPilikiaCitrate" crotin="irenicsLavesIvresse">
        <mydausRohillaMocks>yuleSornare</mydausRohillaMocks>
      </ruffianQuica>
    </fesselyShoutedJoni>
    <oxeoteTalwoodDiploma druggerKushshuLuteo="awaltEcbolic" pediad="wodgy" defying="rutAjivas" turwar="serenoCaroHenpeck" gullahDaggingBurgs="messans" chinchy="62" saffronJinnWatfiv="geatasIsleted">
      <wakanPuledVacoa>secohmPilule</wakanPuledVacoa>
    </oxeoteTalwoodDiploma>
    <coelarOffers>
      <ragboltFirm>bechirpCaro</ragboltFirm>
      <smiterVersionGoliard nickelTidbitUndead="60544" ananiasBootees="brosInflate" bagwig="creedDestroyWorst" swarbieLooter="loggets">
        <dorlotPrismUnbaked>sweensPodesta</dorlotPrismUnbaked>
      </smiterVersionGoliard>
      <faulxOkayingMou pelves="filaoKokilaLaurone">
        <reguli>fermeryNeap</reguli>
      </faulxOkayingMou>
      <chigger upwindCaperLuctual="jynx" favusesIrateUnflush="bulb83" mikie="geninSpoilsCurets">
        <honeysNaso>69434</honeysNaso>
      </chigger>
      <malledColder>
        <outgangSago>enami4340</outgangSago>
      </malledColder>
      <nuggetInjun atabal="sipibo" offward="oinomel92" wyethiaDroudPersio="91" elain="telegaSeedily">
        <upperch>eyewear</upperch>
      </nuggetInjun>
      <dearly turndunHazanim="lintenGalvo" steeplePatsDisbark="cos" cericLathi="bemetePodialEmlen" spins="savoryPloat">
        <enluteBott>rablin</enluteBott>
      </dearly>
      <beeyardLinolinSolates patible="1790589" chawing="16093974" sekarBrulyie="louterFagineWonegan">
        <spats>apinageEggerUnred</spats>
      </beeyardLinolinSolates>
      <samoans neckerGuimpe="86375">
        <reget>flushyBumaloeHamal</reget>
      </samoans>
      <simialVillous liverTort="stoney" mayorBahada="sundown519" richdom="duitsKotoChacmas318" cricoidTubifex="6">
        <jetons>cascadeSeggedCineast2</jetons>
      </simialVillous>
      <phialaeIradeLoamed paybackPirnieEctases="psend" physicsMalvin="recipeTaphriaPredict" geodete="routh">
        <scumsCnicinIndulge>atomic</scumsCnicinIndulge>
      </phialaeIradeLoamed>
      <reknitsSlender refling="hauflinBuyer" inwork="grebeMarilynPuny">
        <nandiUnspiltAssets>troncSmarmsSkimmer</nandiUnspiltAssets>
      </reknitsSlender>
      <outranAcy gayishYederlyDyer="onymity" farcist="tendOxyazoHeists">
        <muting>emydeHubert</muting>
      </outranAcy>
      <sapitEnweave edoVampishWigger="strayerFetidlyLapith" uracilsLlynCoupled="48561274">
        <lovepotPrayerBuncher>smitham</lovepotPrayerBuncher>
      </sapitEnweave>
      <galjoen marabouPlowingSinatra="turneraCagersKind" reglue="pipkinsYrbk" falconHeizedLeaps="chafesPlacingBuddler" geolBarblet="ownsDovenedKoniaga428">
        <metersCigViss>pilosin</metersCigViss>
      </galjoen>
      <guaricoMatronPeriods algarde="sinward" cynoid="jiggedBlin" encist="rumour85">
        <locable>sulfuryOreadNictate</locable>
      </guaricoMatronPeriods>
      <snickey borascoBoson="gaspySeville" alimentInspire="tonadaPilsnerGorce" eaningKirkingSulcate="brephic28">
        <albasNotan>71814527</albasNotan>
      </snickey>
    </coelarOffers>
    <ortmanKernite>
      <unhewedSignistTalles>adipoidEjidoToltec</unhewedSignistTalles>
      <tunisiaPeiktha aubinPouser="hawkeye">
        <scotism>21711774</scotism>
      </tunisiaPeiktha>
      <childly>
        <woaBrigade>puccoonAuratedAlmain</woaBrigade>
      </childly>
      <noerrorGaltrapShaktis sessionRoastsMoravid="enrolls" pidgins="wilterRebosaBsf692" rhymistExcisedSyllab="rudloffBestuurUnrank5">
        <bringalLant>ovology</bringalLant>
      </noerrorGaltrapShaktis>
      <sparidGomasta qantarLycheesRedfoot="6225700" bromoilScreamLinaga="hoyle" scornsScfBoletus="192737">
        <botchy>treadCladose</botchy>
      </sparidGomasta>
      <tankageXyridAnasa>
        <fumes>caffreDullityEstrich357</fumes>
      </tankageXyridAnasa>
      <crozesGuzzle tineas="refordPatinedYarthen" tipisPudency="readily">
        <haratch>uncompt</haratch>
      </crozesGuzzle>
      <vapouryRicht adieusPolaris="dornockGirting" unlight="comfily15" miasmalClansTankman="pacolet" gripheDani="saganNomarchToupees42">
        <scartWersh>kinooOhm</scartWersh>
      </vapouryRicht>
    </ortmanKernite>
    <beetleCarsonQuitter sequestActualsAnolian="dissert" shahdom="47651">
      <binaryArcheal>shalesTitle1079</binaryArcheal>
      <nonusesTolus>
        <mulley>disourShoed</mulley>
      </nonusesTolus>
      <unhatRamesesScavage>
        <wommeraUnadeptSoutage>tommerFairlyToadish</wommeraUnadeptSoutage>
      </unhatRamesesScavage>
      <washoutSurvive zoogeny="865058712" hypateSculper="indians" sappierBewormsObscene="dumblyLernaea">
        <shakudo>quassin</shakudo>
      </washoutSurvive>
      <azalea zoomingPeaces="nozzlerDozesStacy" magyarsGalga="leipzigXerosisBawled" daubingExta="fatheadIndusiaSchemed49" amor="161">
        <mists>89664326</mists>
      </azalea>
      <laudedHircine gemaraRoburGid="imberbeSubsist" duftitePlough="overtipFunkers96" safflorLemel="qaidBasils" nongame="fistucaMoist78">
        <awheelTwitted>housalGalgal</awheelTwitted>
      </laudedHircine>
      <trioleIchthus prewireKnarDreader="bowieUnclimbLustrum" blowflyMongo="86186781">
        <mellitaColeur>oca48</mellitaColeur>
      </trioleIchthus>
      <mooressMakran thrapExternePhallis="towhee" farcing="bulies" jezailScreeve="usancesTobiraTuftily2858" brigueFiggumTricot="tapaloEnsoul">
        <drowndYuitRimbase>448562521</drowndYuitRimbase>
      </mooressMakran>
      <jasp>
        <prillPaikScrit>sauntBrawn8</prillPaikScrit>
      </jasp>
      <detrudeAxon rackwayPareusSlunk="flathe8">
        <acyloin>debunks</acyloin>
      </detrudeAxon>
      <jesuistSlavist nemeses="195142517" aidennRecap="surge">
        <majesty>cogger</majesty>
      </jesuistSlavist>
      <phrensyEupnoea palfreyTapetOxbows="oshac" muckersUnbeingFaretta="914">
        <ale>tropins</ale>
      </phrensyEupnoea>
      <isamineTrip lowy="tentful" saumontLakEmbusqu="colzasBraws" coctScyphaOutplay="cutcha" alangCleamer="ramseyIdola">
        <redders>wantyTranvia</redders>
      </isamineTrip>
      <fishers>
        <spells>mendoleDitches</spells>
      </fishers>
      <wadedBinmen pumpkinBetseyFlukily="paws" calxesDithiol="kumshawSkatol" guaryYills="beparch">
        <boser>cushingDuarchyTambuki</boser>
      </wadedBinmen>
      <electeeEssedFaldfee>
        <phaedo>mamersTrocarsKapur</phaedo>
      </electeeEssedFaldfee>
      <braisedVidyaSnitz dolineEnvenomSeropus="bushboy" habu="grandeeKiho" bowman="8024" ribaldsMoutonsBlowsy="pestersHumorGome">
        <buddhaNaivelySnurt>amorinoJocuJibhead</buddhaNaivelySnurt>
      </braisedVidyaSnitz>
      <sinuses furzesCadgily="doiliesNettler" occamyHaunchy="sclatchDoelingNicety">
        <pilumAcetaCriey>pterealOpiner</pilumAcetaCriey>
      </sinuses>
      <bagdadAppeal keddahsHiston="weighty722" eathCheepy="kane" gurtsCountyUmbos="presellSyll" tepidlyPillowSoddier="54">
        <wafersPaces>palaiteRooteryFrousty2</wafersPaces>
      </bagdadAppeal>
      <bestore>
        <curds>1406</curds>
      </bestore>
    </beetleCarsonQuitter>
  </cursed>
  <etalon emdaWreathyChats="bedropSatient" talkingMewl="grilleHockdayJacent" destroyQuipuLabredt="mirfakDewal" nett="foundedCokieHodder">
    <castice>
      <doumasAntiar>nobbilyTabbiedChekist9</doumasAntiar>
    </castice>
    <slurbsBlier>
      <gawpEarshotAmenta>clearedGrille</gawpEarshotAmenta>
    </slurbsBlier>
    <parados>
      <entheanGaveledEpicede>branned</entheanGaveledEpicede>
      <violet>
        <cornsAlowMonthon>umpedLard</cornsAlowMonthon>
      </violet>
      <outplayEnvy>
        <wavySluigCecity>31744776</wavySluigCecity>
      </outplayEnvy>
      <screensPwr>
        <viduage>bounceSuidOrgiac</viduage>
      </screensPwr>
      <maurist sickles="pimploPanmanAdulce" abstainCoughs="meach8" limbeck="ceteneMulier37" overaweGapperi="44119132">
        <periMutillaAlenu>628193</periMutillaAlenu>
      </maurist>
      <hippia>
        <unloads>3703050</unloads>
      </hippia>
      <vedismBurlapsChurred poliesCowageCrome="biotech" subaidVagant="anacaraSapless">
        <shuttenFrayed>454</shuttenFrayed>
      </vedismBurlapsChurred>
      <nudum>
        <lignousSepion>2830</lignousSepion>
      </nudum>
      <rewordsPodsnap siphons="pretJunglyColor" nudest="gowland3" guggletPitsaw="kialeeFindalTeazled">
        <caromedTetanus>forleit475</caromedTetanus>
      </rewordsPodsnap>
      <smokishJnt sentineGulsach="355190" dociousAbaditeCupids="fueller" navvyGlooms="167122">
        <scuppet>daucusSmiddyColes</scuppet>
      </smokishJnt>
      <arterJoleScatt tholoiOrbiterNiching="9472306" ensurer="soccerGalereFrisian" asbolan="loafers">
        <trudged>5965</trudged>
      </arterJoleScatt>
      <corynidFlittedUpdate>
        <pobbiesOcellus>gcdAlmudTouchy</pobbiesOcellus>
      </corynidFlittedUpdate>
      <nookyScytGills chytroiUnflownPical="puslikeBowsmanGlower">
        <bobberyCeboidAzans>hoodle</bobberyCeboidAzans>
      </nookyScytGills>
      <payongBurr somewhyNicety="44" micheYagerDaggar="vaconaUnstarMaidism411" hacksUnflush="tubig149" besauceFerigeePilfers="noriAgatizeBaggala">
        <techedRident>patefyScotic</techedRident>
      </payongBurr>
      <schav>
        <stimSignist>twelve</stimSignist>
      </schav>
      <zarFraken charkedAcclaim="pehlevi" theresWeedsLimine="71275029" chestyLulavs="94" drunksMintArrope="trombaToured6">
        <dantonBabion>merakPrank</dantonBabion>
      </zarFraken>
      <whirs fondlesNymphetDartre="9810707">
        <signore>suzukiRhymyOrsel</signore>
      </whirs>
    </parados>
    <equoid>
      <nusBidingAlap>poppedFlockFurrure</nusBidingAlap>
    </equoid>
    <boratesAcemilaPuffin>
      <quibletSorbile>icemenDemerol</quibletSorbile>
      <severyRada>
        <harpierPinonsVedda>oyletFerricOutset</harpierPinonsVedda>
      </severyRada>
      <boccias whammyAinalehLourdy="jamniaHoppled" swaggi="chekeMirs51">
        <jealous>cellars</jealous>
      </boccias>
      <angaria>
        <chewerIncisalLayboy>newtsBleeped</chewerIncisalLayboy>
      </angaria>
      <ensealTrestDragons unships="1920">
        <smickerSongoi>barber</smickerSongoi>
      </ensealTrestDragons>
      <soyasPeixere motifPungs="sallowRhymedUnships" richter="behestsParcelsAlgates2329" vermontRisings="jacobicBeleeShwebo" libbraXoanonObelize="bravery554">
        <hallelHothead>78325392</hallelHothead>
      </soyasPeixere>
      <taisch steeveBravest="bishopWanhap" fleeceUntime="emesApocarp26" oilyishUnroost="winter" azonic="79">
        <wuggBevvyAbobra>848</wuggBevvyAbobra>
      </taisch>
      <unparty babianaOologySkies="alophas" outrootMorulas="gaucheCaduaRewire" queansGoggler="delphinDaubery3561">
        <tikis>60722</tikis>
      </unparty>
      <tents>
        <orkey>montant</orkey>
      </tents>
      <garboFustetHuari pictMiddyArrear="subgum11">
        <marrersFurled>carvoneSweeny3</marrersFurled>
      </garboFustetHuari>
      <punnagePoddock peiserBilgier="reffosColorin" perique="gadoidStemmed">
        <setose>amebid</setose>
      </punnagePoddock>
      <tyneHiblaMogging wolfish="rosoli" arsonoRykes="175" lilialErotize="gummasAker" beamsHavage="lienorDeeding">
        <savineAmable>3074</savineAmable>
      </tyneHiblaMogging>
      <korahTreeyCurbash amarth="ocoteUnfiled">
        <leafit>9</leafit>
      </korahTreeyCurbash>
    </boratesAcemilaPuffin>
    <makosSoundlyArchlet>
      <parrah>84</parrah>
    </makosSoundlyArchlet>
    <stakedFlung rebindsPlaymanDureful="nancyCupulesUnfitty" ambachEnrobedAffeer="presentOutas">
      <twifoldArolla>gorhensTugboat</twifoldArolla>
      <flitBenderPerlid>
        <noddedCpuAskoye>clamorDuffingDrums</noddedCpuAskoye>
      </flitBenderPerlid>
      <hordingSlippedFichu undrag="535">
        <hissersVougeot>stannerSnooted</hissersVougeot>
      </hordingSlippedFichu>
      <billot carpaleChergui="bonerSaktismBerms" unungun="bubbledSixfoldRaw1">
        <armaryCresolMiridae>kaphs</armaryCresolMiridae>
      </billot>
      <apismMume gyrons="snool" wilierTegumen="decimusEffused" disney="4">
        <acinusTallolsIrisin>enolic</acinusTallolsIrisin>
      </apismMume>
      <mavin kinkerLyncine="unsorryJerlHoolee">
        <bazaar>tavyIodates44</bazaar>
      </mavin>
      <kaylesDysuricGadso>
        <guibaSquawkRedust>90168</guibaSquawkRedust>
      </kaylesDysuricGadso>
      <servusCalker>
        <stamnosTwirpEspino>brunoFissateBeeches</stamnosTwirpEspino>
      </servusCalker>
      <lipworkUlua wang="fool" debonedReflown="gnomonsSeedily" impreseSimiles="tanakDeddPhearse" tilde="7">
        <stank>pursierGallianPipier</stank>
      </lipworkUlua>
    </stakedFlung>
    <ecderon>
      <crenulaAbie>116592</crenulaAbie>
    </ecderon>
    <esloignOutseenAzure>
      <nanniesLigge>makutaOffcome</nanniesLigge>
    </esloignOutseenAzure>
    <baltisRyotwarHottie>
      <overjob>10506021</overjob>
    </baltisRyotwarHottie>
    <airshedMomentoHalalah solonDenude="unionedMaddle7">
      <stamped>blancCatchup</stamped>
      <fleece argalaSerfdomRedunca="5647022" denaroGlandSwims="huertaCapsaEdison" ardureVelte="orallyIsologsSclaffs41" uvulaeMagpiesGuppy="gabariBegariAerugos">
        <lenesMesel>noshedZabtiFeaty</lenesMesel>
      </fleece>
      <cloner doggierTwiggerScarfed="dibbukPoleySenatus" flyblow="outwept53" shrewlyLuiginiMolded="chria" aiwainTarwoodRoit="9">
        <saiyidsInflesh>1219572</saiyidsInflesh>
      </cloner>
      <eucalynLiningPlunks subteenSolaPaso="carguedBuglerPrats263" radeurRepouss="festaPresul">
        <alehoof>donnedBeqwete8</alehoof>
      </eucalynLiningPlunks>
      <dualsPietosoKeyhole zabtieHafnyl="lactamUnfreedOdious" beseem="971274" demoidFezzed="737" coffing="jerkedBlabs">
        <hydropsUletic>pollingRostersCeres</hydropsUletic>
      </dualsPietosoKeyhole>
      <colk>
        <catnapsBisk>69</catnapsBisk>
      </colk>
      <grasses bacis="reparel" nankinsDartoidAmphi="chivApeironLazed363" carses="mardi" deepenIslemanFidging="87752052">
        <dellyVirally>follily</dellyVirally>
      </grasses>
      <madamsDenimTwirler>
        <pelages>1681549</pelages>
      </madamsDenimTwirler>
      <creviceAlerta dreesCapsulaAliter="590601801" argonneDecay="drearHoysCsch" ruminalGoustie="wheetleTawnUnties" beglewTanked="tabledTypBoulles">
        <corantoJowlsDabuh>beaded</corantoJowlsDabuh>
      </creviceAlerta>
      <unguyedErucaViolin>
        <cauline>pickmen</cauline>
      </unguyedErucaViolin>
      <uprises homilyLoosCoder="ofttimePortail">
        <gigtree>3528</gigtree>
      </uprises>
      <noonish>
        <sambulHeighth>chibritCoopery</sambulHeighth>
      </noonish>
      <pinball gunongGrammelInfall="7405" mungos="217649" spica="whickenHadbote">
        <luxe>pohaIndict</luxe>
      </pinball>
      <paideiaSunfish mauvesUntrillBabua="1" cestoiEquityMeads="keelageBegrown" theorboCravats="mallus" pileusOpuses="unnapt209">
        <uveitic>yidsStipelFartlek</uveitic>
      </paideiaSunfish>
    </airshedMomentoHalalah>
    <fecksStintScooch banshee="bannetSampanGaveler" biolGrantee="93482787" slotsYeseLustres="hemipodMuffish68" cedarnCistaSwiney="swingelPiousJasmin94" slocken="8" jamlikeBaithCelli="frayneMoliereFarand" abiloDrains="swopHexacid">
      <ethicsChultun>4219465</ethicsChultun>
      <twins egbaHeadman="31420506" crupperDandy="typhia" susanee="enquire">
        <arguersTufaHede>grievePlanes</arguersTufaHede>
      </twins>
      <norCanalla trodFidel="hubStaphGangava" andiaPropone="pokie" mooseyCreenRilawa="niseis">
        <chortiMokshaMytilid>8</chortiMokshaMytilid>
      </norCanalla>
      <belows ansated="primageMulcher" meeting="354">
        <incanAlohasStatohm>swanky</incanAlohasStatohm>
      </belows>
      <rowdies tachBlad="28623" kahunasEpulis="leif" glancedRule="omikronPippenShirred503" polemicMegaerg="vizScroochEnseem">
        <thala>simplyBarkey</thala>
      </rowdies>
      <taraponEutonyBating mitosisStichic="stollen4" hastenBattu="geology" karitiHuemulDispope="hang">
        <traductShatSabine>boggishHiatalSimnel</traductShatSabine>
      </taraponEutonyBating>
      <petrineTuitiveLankier bultey="nies">
        <rebind>helvinShiversMinuet45</rebind>
      </petrineTuitiveLankier>
      <peakilyTritor jeezBadnessAseitas="zaurakLifers6" dhanushKissedVasal="refileTethysBuilt">
        <brawest>whenso</brawest>
      </peakilyTritor>
      <lyingsBrakieCurving>
        <howadji>8</howadji>
      </lyingsBrakieCurving>
    </fecksStintScooch>
    <julidanTartans>
      <remitsEmperor>foldureGouged</remitsEmperor>
    </julidanTartans>
    <horasBemoans cricDebbiesPalulus="cibory" overeggElrageEsplees="solversAsciansDeener" erlicheStiffedDisleaf="byouslyPhylaMelote" trazia="taxersTonallyPyridyl" evokeFortran="kempVimina">
      <craccusGentilMateley>briskenAraroba</craccusGentilMateley>
    </horasBemoans>
    <elfkinPhilyraShanty>
      <kantUnchokeRonquil>huggersLakshmiImbred</kantUnchokeRonquil>
    </elfkinPhilyraShanty>
    <awnySludgePisote haywireBalut="bezzant" revolve="flatcapVenousCytisus">
      <kulangKvutzah>retrainIdenticAntings</kulangKvutzah>
    </awnySludgePisote>
    <krona>
      <reist>thalia</reist>
      <maad cumberWhoof="verbids">
        <ravel>padraig311</ravel>
      </maad>
      <expenseAdvects>
        <ceasmicPernyiDuality>proudlyCassianMeropia54</ceasmicPernyiDuality>
      </expenseAdvects>
      <tupiGooney bindery="755842" stubeBynamesHygeia="baizes6">
        <uilyIdee>bioticsSuaharoBulblet</uilyIdee>
      </tupiGooney>
      <afrontKiaat redderRapelyFilmist="jayesh5863">
        <avatars>stoneSogVoiles37</avatars>
      </afrontKiaat>
      <cowhornNovelryStewpan belibelCattishSayings="rebuts">
        <benwardCopus>thulrArabana</benwardCopus>
      </cowhornNovelryStewpan>
      <shilly marish="adawePlumbsGlucate558">
        <rhuses>sparkly</rhuses>
      </shilly>
      <intraitTetotumPighead epopeeEnrail="bulgersAntresBattery" psederaCatlinsForril="slavizeFewnesCannot">
        <malonylHenbitPatly>ganglia</malonylHenbitPatly>
      </intraitTetotumPighead>
      <chlorinErasersJackleg torten="278788" kentleWuzzy="begarMamsellOutlain" callus="kirmewEpeeProbit">
        <pupas>goofer</pupas>
      </chlorinErasersJackleg>
      <hindiSabbat villageCapraCapelet="veldtsReleve">
        <wikiupNiueJeff>cornuteFakir</wikiupNiueJeff>
      </hindiSabbat>
      <latianMatinal sequestErasion="farragoUts" scragsPuisne="papainsDoxies" mudfishTipoffs="rhoecus9002">
        <vamfontAkawai>tabascoCeros</vamfontAkawai>
      </latianMatinal>
      <lbw unsortPatinaeJuniata="broonStrews">
        <unfried>elogeShingly</unfried>
      </lbw>
    </krona>
    <meetingPaegel mopeyAzotate="69" creaghWareman="carboyForlore" amosRillockPortly="txt" bolitaKrills="cayusesDmod" saiMob="65542">
      <rageesSubbiasCareful>48179</rageesSubbiasCareful>
    </meetingPaegel>
    <dhurna>
      <kaberuButt>143977</kaberuButt>
    </dhurna>
    <sissingThinlyDisplat>
      <scalareSnoopsChilded>burblerSuezSurvey</scalareSnoopsChilded>
      <blee aeneous="207480">
        <douched>753</douched>
      </blee>
      <ameland tumbly="shorlsMusetteDoitkin" drumsBiking="7" flavousForpineBurning="ovenmanOrbity" mino="anatumVacuit">
        <cryable>purbeckLipuria</cryable>
      </ameland>
      <recapsBarring unplankTinaCastice="outcaseConfuteFlyaway" phonedBoasted="23659126" verenda="indusia" bitMisfate="biolithGympie">
        <aceship>outhissCabotQues</aceship>
      </recapsBarring>
      <weenyEdibile brimSpiled="dewaterDots">
        <sareesArbitre>scullerPoliosSenile</sareesArbitre>
      </weenyEdibile>
      <narrowsWemmyVersa>
        <mirkishPrebid>nainselIronCarfuls</mirkishPrebid>
      </narrowsWemmyVersa>
      <dabbers stirredDumpier="widest" amplexCaxiri="filareeRibibeAbigeat" wildcatDeline="51902" firster="irides2">
        <tegeanRosalesPlenums>365210443</tegeanRosalesPlenums>
      </dabbers>
      <forcutNoggVigogne>
        <ceduleParolesSleaved>eductorSignee</ceduleParolesSleaved>
      </forcutNoggVigogne>
      <mediaryAntenna hameInner="asaShaveseBucklum">
        <sunniteKyah>dosisCullas</sunniteKyah>
      </mediaryAntenna>
      <rebbesOculary thlaspi="mgdRamuleLaunder8" gnetum="sotting">
        <nuggetsLachesBulkily>torsadeGabaritTestone</nuggetsLachesBulkily>
      </rebbesOculary>
      <adder gunshotUngull="detestGorhen" wormil="66720700">
        <exogensDraggy>salolGye</exogensDraggy>
      </adder>
    </sissingThinlyDisplat>
    <goosish>
      <gingleWurmal>quosMizzle</gingleWurmal>
      <founceRiddelCyprine ridParseePacht="anneals" saily="faun78">
        <raylet>3</raylet>
      </founceRiddelCyprine>
      <fallwayPoinadoProsier torgoch="muhliesAgeeJon" acaciasBradley="nekton" madhucaUltoYippies="1140" jumadaEnamAzaleas="landsTangs93">
        <pavierJoyousSpheric>ecbasisFungidTorose</pavierJoyousSpheric>
      </fallwayPoinadoProsier>
      <mahuangBank liveyer="25" maskeryScaup="seadogMinimaxHaptens" nylghauBorscht="outpeerCarree2806">
        <thulrHastily>853</thulrHastily>
      </mahuangBank>
      <chlorin>
        <nairyAbigeiFoller>785</nairyAbigeiFoller>
      </chlorin>
      <hopbushTurbot onychiaGibers="affray" infidel="airmail" nosierHanks="spaeOptimum">
        <propoxyBoleiteFabular>3326</propoxyBoleiteFabular>
      </hopbushTurbot>
      <stridBable glassedTelingaDamans="spadish">
        <acreage>curledNurryWhiffer</acreage>
      </stridBable>
      <frogs facias="tuppeny" lemeDouglEspec="khellaPinkeenPumex" hartly="unstoneAblingsZyrian">
        <aierySaftHomish>maleficUntunes5</aierySaftHomish>
      </frogs>
      <sapid endleafIou="efflate27" mucosaeToldo="mameyesMeddlesSpouses63">
        <simoomHurrockSolfege>911764</simoomHurrockSolfege>
      </sapid>
      <taetsiaHunters pibrochTailyDepayse="toilersRecap" soursTeeming="patballWelters" embaysDolente="7804934">
        <capel>phellum7788</capel>
      </taetsiaHunters>
      <senalAlois>
        <gefilte>bedizen</gefilte>
      </senalAlois>
      <inleakAngle omen="tendracVenuesFinbone" maghzenSorasPride="octad" spikier="hoboedReccyMopokes">
        <countorCensive>biol</countorCensive>
      </inleakAngle>
      <reestOunces>
        <glebeSoh>patinsOiksTroppo</glebeSoh>
      </reestOunces>
      <outbend teat="rabbanGrittie" nervingHabiru="entree" abtruseTsumaQueens="lounger" rusherGripTrigae="locator">
        <huashi>77</huashi>
      </outbend>
      <petardInlawry aptestMorgaNevo="parodosFomitesEmplace">
        <bemeanHagdenPetards>limaQuawk2164</bemeanHagdenPetards>
      </petardInlawry>
      <adnexPulling>
        <shorts>celesta</shorts>
      </adnexPulling>
    </goosish>
    <origins lavaticSwisher="duffleWharlAwfu">
      <gruffyHackKeyless>arauanPrimalCloners33</gruffyHackKeyless>
    </origins>
    <mosqueDibbersSlop dainfulRhizota="dimwit" hogaWaifed="gaurianRaniHajis" bothTewhitDizoic="wendWather961" dukhnSleck="spurrer10" affixes="anattoDinsomeFixated">
      <reefAroids>xrefRewind</reefAroids>
    </mosqueDibbersSlop>
  </etalon>
  <embogue lammy="bracaePloysVinalia" glagahSludgerUnkempt="retasteStrata29" sammier="oisin" />
  <wingateFormism leaver="ulpanimEpanodyHicaco798" />
  <slakersEurousSlumdom />
  <askantRisiblySweets plating="beelineCuringLucius" drachmAcervalMuddler="8" tactive="biddingBroidPallier" bhunder="exurbiaPeguan" />
  <jenJuncusEmbden sonsier="peptoneHenwiseFrail" baublePecket="830323727" nyalas="lordy" capilliReedy="yajeinKoreci">
    <cookoutUnfiberWhipcat fustilyCuret="shamusPresa" zincingRads="delictoDevance" rocker="zabianSers" corgeGaysAuh="eyassCyderWoddie16" goboAswevePones="lucbanUnfaintRetuck8" andvari="527" aitesis="1489">
      <heddlePursuit>mindly</heddlePursuit>
    </cookoutUnfiberWhipcat>
    <carditaLhbMoments uncularCalms="orbificFrabbitUrutu" sketchUreIcecaps="601" kantelaGauge="whestenDanios">
      <minuend>sclaterMudsEtrogim</minuend>
      <raceme satieno="77047" talarsNimbler="japan">
        <seriateOpataJeu>unsheafBrosseBaals</seriateOpataJeu>
      </raceme>
      <gooseryPronuba steinsClavola="narrowAngkhakSweered" bares="shafts">
        <diazinsMnevis>pararekItaubaAconin</diazinsMnevis>
      </gooseryPronuba>
      <beguessSticksReenter>
        <tentAmdtBoccie>effigy978</tentAmdtBoccie>
      </beguessSticksReenter>
      <wistLemuelTsardom proctalSingey="nances">
        <nidgetOyanaSamnite>depass</nidgetOyanaSamnite>
      </wistLemuelTsardom>
      <scarers hashedKusan="snoozesWauchts">
        <kannumeEyeseed>bedirtyOutwoveSplayed</kannumeEyeseed>
      </scarers>
      <enrich meedfulDiadems="gubbinKnackyWet" sethicSilvanCassava="kelticBlipped" wencher="gelds">
        <shy>jupiter</shy>
      </enrich>
      <phiesSuciAnglice lotteryAnotiaShaka="229472509" amazingStubble="weekwamStert952" pepoLocal="riledPurview">
        <tantrasWarperZaire>impound</tantrasWarperZaire>
      </phiesSuciAnglice>
      <felonDgag>
        <nerite>eared</nerite>
      </felonDgag>
      <gadi>
        <winklotEmptinsEmbathe>birlingVallate</winklotEmptinsEmbathe>
      </gadi>
      <etiquetGearFantasy grudgeNelumbo="kickxiaAbelesNookies" swippleWeanocLeger="donatedUniced" sibnessSacks="5536700">
        <protomaSpumoseUnhaunt>waxwing</protomaSpumoseUnhaunt>
      </etiquetGearFantasy>
      <perronPinkingBusher rammackUnrived="spiff" parserResunFurred="spailProportApodes" acockScraeCongeal="keuperPioletJass" amuUniflow="nagorFormolsSnoke">
        <merisesEdgarTaum>billonWitheOrna</merisesEdgarTaum>
      </perronPinkingBusher>
      <drowse floriaTipe="68016">
        <jacchusWidestPinkest>7003588</jacchusWidestPinkest>
      </drowse>
      <vestee venereScissilPoort="musher">
        <shrewsHareems>pptOrgueilElegist1182</shrewsHareems>
      </vestee>
      <guiacRacists liegierSyndicHarmost="gutsTachina">
        <spassCorvet>1737</spassCorvet>
      </guiacRacists>
      <holmiaEthiopsTrusted nonaFugitChouka="ceibosWalk" acyclicYearner="sarongsBecomesAmic" notoireBeirut="93095">
        <evang>drubly</evang>
      </holmiaEthiopsTrusted>
      <thrillsBothriaAlepole refeteGoletBomi="ogtiernFaunulaSoco401" vimsRei="caranna29" bathoolHockle="82" hempierPortalsPred="poopingCaballoWoader">
        <sauldTouchedGaddis>dogsPenis</sauldTouchedGaddis>
      </thrillsBothriaAlepole>
    </carditaLhbMoments>
    <nidiotUsurpBudwood>
      <wiwiFroisse>cake</wiwiFroisse>
    </nidiotUsurpBudwood>
    <gazumpTiptailUnbars>
      <justusWisket>5368525</justusWisket>
    </gazumpTiptailUnbars>
    <amalVanadyl wantfulNain="whilend" sultane="acy" biffsOronocoBigwig="qafCrudestPlato">
      <bubalZoomDevoto>zoilus</bubalZoomDevoto>
    </amalVanadyl>
    <reinedBlindly>
      <kremsMoongWaniand>droukan</kremsMoongWaniand>
      <zymosanAstarteSnaith cooried="douce219" nighsRewear="chrottaWany">
        <veldtUnfeltBerbery>538524625</veldtUnfeltBerbery>
      </zymosanAstarteSnaith>
      <uplock reheadArclike="dufflesLimas" logyEgestaMajlis="1338" tawerIsatine="reifSlavin" buffet="lumpier780">
        <keysGrubbedSupple>staringVetting</keysGrubbedSupple>
      </uplock>
      <tzardomTwinter ritlingOverfed="10899">
        <sawpitBeleperPhillis>8533</sawpitBeleperPhillis>
      </tzardomTwinter>
      <meconAdpress weepierOutseesRanular="quayfulGoddamnRawness" sprySkelper="loiter654" setteesNiobate="happerPilousMixture">
        <wendiDimplesAsunder>358184427</wendiDimplesAsunder>
      </meconAdpress>
      <amigasPeelmanFaders errata="lochanSlier" wittedBrutishAlkalis="waded" derive="766">
        <disgustHumus>ogrismBestare4248</disgustHumus>
      </amigasPeelmanFaders>
      <factoryQuibletKapeika bahadurDiarize="guarriGulpingKing9">
        <naiverEmbrave>116</naiverEmbrave>
      </factoryQuibletKapeika>
      <tuckingTetumAraucan arneePend="hoggetHoumous" bensonForagedBernese="40307" sucraseEvetide="buckramGlusidOkapi">
        <vealsPrigdom>melamed</vealsPrigdom>
      </tuckingTetumAraucan>
      <coyishTimbale sortBecharm="10231" coveysSyreInsep="elatine28">
        <nonsuitBesaile>ebonist</nonsuitBesaile>
      </coyishTimbale>
    </reinedBlindly>
    <bacca>
      <sore>shittleBelue</sore>
      <sithes bromousUpdarts="87" perlingBeliveInby="briberBebless">
        <pebble>16847624</pebble>
      </sithes>
      <yamulkaWessandSeiurus>
        <realWyneSpumed>8</realWyneSpumed>
      </yamulkaWessandSeiurus>
      <witsafe baltic="lankly" skimmedDrawFlouncy="enchafe" pentOscinesPallies="ponos" chibrit="moop">
        <rumex>biliousJobNoyant</rumex>
      </witsafe>
      <jagir aubrey="virous">
        <adepter>5466097</adepter>
      </jagir>
      <abuses permsCreek="synodus" embraseLimbecAsimmer="gomukhiTawpiesSubfusk">
        <chigger>dinners</chigger>
      </abuses>
      <kenyte>
        <wetbackPiesMugg>incend9457</wetbackPiesMugg>
      </kenyte>
      <unlogicCancridCollab>
        <cymarUndewy>pharmShermanPlaque</cymarUndewy>
      </unlogicCancridCollab>
      <vacant staunchCarneysDusked="innage" yoginis="784464" cebilNeddies="buat" youdith="ergasiaLovingDiscure">
        <aviatesCuffingSopor>61647</aviatesCuffingSopor>
      </vacant>
      <cuinage coosers="fullamRiveterIncepts" jiggish="petiteOutaweUnsnarl">
        <barbuleRope>resewed</barbuleRope>
      </cuinage>
      <hempDisa brethUnnaiveSpewed="budgies">
        <chideLophura>fourragPickoutGaulin</chideLophura>
      </hempDisa>
      <peeriesSaphenaEstang tolstoyFlenseThebaic="jarflyKismat45" fykePerdu="bouncy" sclatComment="prices">
        <exoconeNabisGlozer>alyssonHocused174</exoconeNabisGlozer>
      </peeriesSaphenaEstang>
      <sammierCrummed caccias="censusThrainAlchera" plaiterMoseyTowght="483" keftiuSciTendre="polje">
        <curnsEcheaTrompe>incipitEggcupsCutose</curnsEcheaTrompe>
      </sammierCrummed>
    </bacca>
    <gledCassareLyrisms>
      <themisErrPelioma>peones</themisErrPelioma>
      <apandry>
        <tuantJainaDeafen>cooliesVellObeyed</tuantJainaDeafen>
      </apandry>
      <ripa teamBuffetsMushy="ahsan" divulse="8" makiLumpen="deturAdeemedSalvy" ouphsCiliary="badge">
        <celestaTrilobeTahsin>equinox2871</celestaTrilobeTahsin>
      </ripa>
      <unmail oozooid="gruelerSpathCaribal" outbred="villusXyliaAviador">
        <turbosDemidogRanger>repros</turbosDemidogRanger>
      </unmail>
      <ranterArums herring="adventCereus7004">
        <zippedBundoc>bondar</zippedBundoc>
      </ranterArums>
      <pippin>
        <dawdy>charade</dawdy>
      </pippin>
      <kiblah yuftCajaputLoonies="reculeChekker8">
        <ecolePlatina>62680049</ecolePlatina>
      </kiblah>
      <whitelyObjure>
        <whyeverTextman>hagborn</whyeverTextman>
      </whitelyObjure>
      <vriddhi horalSoorahGlide="gpss" dubbCootch="omer" unlistySporalBuhl="neritic">
        <baguiosUzaronAdoxa>divestsFlaring1</baguiosUzaronAdoxa>
      </vriddhi>
      <painterEmbarksHevi>
        <ushasLitai>43456869</ushasLitai>
      </painterEmbarksHevi>
      <doddies badaud="meatal" bougies="stuck" griffinRubricIcky="rerisen">
        <pruderySipapuPeevish>fermal</pruderySipapuPeevish>
      </doddies>
      <wantonQuelch tingly="warilyMaconneMacduff">
        <ferrAdempt>651598216</ferrAdempt>
      </wantonQuelch>
      <scrubs>
        <nascanDhauri>breath</nascanDhauri>
      </scrubs>
      <newingsSpireme hyle="mottyDipsy" fibdomGausses="3748907" emoveWraitlyGrillee="32233981" eagers="shakudo">
        <byzant>strivy</byzant>
      </newingsSpireme>
      <herse tooterNundine="locksVespBlocky874" sambas="jitneur" abiuret="ebulusMonacanLavy">
        <regalo>mundifyLoeingImbase</regalo>
      </herse>
      <taxidea optablyHashish="flyableUnrolls">
        <hardly>66108211</hardly>
      </taxidea>
      <baobab>
        <nighter>halves</nighter>
      </baobab>
      <shoddenArear inceptsRomeoCrumbum="antigenWhitishSmaltz" raccoonUnode="targetSteeper" beglozeSmutted="synesis">
        <pmkFunky>taintedReplane</pmkFunky>
      </shoddenArear>
      <groanedHackmen lipLysolYummy="7">
        <phenolTupelos>bollixWrackerBarbing</phenolTupelos>
      </groanedHackmen>
      <kaputtPitholeStridor jacanas="goorooNickedPride" yeastsBrumbie="koppies" inship="gruffyAgatoidSawali89" tastersCanals="sprawl">
        <bretonPetrol>glided</bretonPetrol>
      </kaputtPitholeStridor>
    </gledCassareLyrisms>
    <hagadicWaried>
      <pleckBasidiaAngers>drubs</pleckBasidiaAngers>
      <soamChallis>
        <padnagsMidgut>8331</padnagsMidgut>
      </soamChallis>
      <aliasMoeck slon="drangToupet">
        <rectum>58242</rectum>
      </aliasMoeck>
      <solos infimumGemsRutting="621022919" littlesKellies="conatusBatsmanGrown">
        <darwinMaggieCicadae>cowshutCoreeStewpan</darwinMaggieCicadae>
      </solos>
      <farinasImbues>
        <lallansSlipmanSpatula>prests9250</lallansSlipmanSpatula>
      </farinasImbues>
      <enjoyerFindersDartle covensGesling="sennitCuberCistron" flume="cdgDivestsNegundo">
        <sumnerRelade>tad</sumnerRelade>
      </enjoyerFindersDartle>
    </hagadicWaried>
    <hentedSuncup>
      <overseaLoppy>toopGausAsideu4</overseaLoppy>
    </hentedSuncup>
    <filchPutelee>
      <bagieGambiaDoeg>77565612</bagieGambiaDoeg>
      <uncreamAhongPadnag cobaltRemop="usnicTores" belchEnointEnsnarl="cite" pentBredBetons="3148463">
        <romanly>36295</romanly>
      </uncreamAhongPadnag>
      <decius sanitAnaguaSwipes="2185577" grit="alvinDossalEyeful94">
        <sculsh>flaff</sculsh>
      </decius>
      <catnipsKorma dehortDiwata="retro3">
        <totoraChoking>9848956</totoraChoking>
      </catnipsKorma>
      <careDegorgeBadhan grex="citSuer">
        <isopagMaggotSheeted>168269</isopagMaggotSheeted>
      </careDegorgeBadhan>
      <ritcheyAmanori ordeal="history">
        <trouvSalify>chinois</trouvSalify>
      </ritcheyAmanori>
      <unvalueLynxActor rechip="870">
        <hemselfSamara>petling</hemselfSamara>
      </unvalueLynxActor>
      <indiges syringaAcoineMushru="tushes" pitted="putsRakingTalma" arnee="174297796" feu="hummus">
        <coenure>glassenFestaeZona</coenure>
      </indiges>
    </filchPutelee>
    <keitloaGunated>
      <judgingBeglozeEleuin>cubisms</judgingBeglozeEleuin>
      <foxskinMande lucanNautchTornado="511075188" bowyangTsades="73992" louche="527724" unrowed="zygonMazards">
        <lususesJonesOutguns>foppedChakdarPaunch</lususesJonesOutguns>
      </foxskinMande>
      <sessaIoniDarn jugula="sosoishJollEdplot" speelsVapidChirred="verismSpriteLarders">
        <pyrroyl>eonsBeginZipa74</pyrroyl>
      </sessaIoniDarn>
      <pengosBentsIsopor>
        <quinismStoodenDeaves>jagging</quinismStoodenDeaves>
      </pengosBentsIsopor>
      <sinsPenlite cyril="wayakaKome" spondyl="36519" brutusHodge="cissusNonsked" faunal="cuspuleCharkaBrachia">
        <geratic>bugshas</geratic>
      </sinsPenlite>
      <repad>
        <boolian>9844</boolian>
      </repad>
      <plessorHonored cuminicUnfluid="haplyKaw" emerse="casinetCowled" larreeFooldomThetics="baladaCooboosLamano">
        <entice>flaws</entice>
      </plessorHonored>
      <encheatLamelBiennia>
        <rookus>wrangleBighorn</rookus>
      </encheatLamelBiennia>
      <peerly serversRobinetMiminae="3159" woodyAgriseLakiest="3693395">
        <angelsYillNefast>untoned</angelsYillNefast>
      </peerly>
      <spitousOctroy>
        <mamryOpusesCairo>biotasSuffectBocca403</mamryOpusesCairo>
      </spitousOctroy>
      <haddoOilseed outworn="70522572" burgh="pockedWorsumVigia7">
        <grieverCowleEspinal>peelsSylvine</grieverCowleEspinal>
      </haddoOilseed>
      <trindleDoze gullCodfishDowp="4">
        <charmer>scegger3865</charmer>
      </trindleDoze>
      <bowlaHrzn lookupsDuelersEnam="jaseys">
        <talcTentful>brutaFijiAlidads</talcTentful>
      </bowlaHrzn>
    </keitloaGunated>
    <kilnHumettyAes>
      <wagwagFlags>caroidSeepedKhass</wagwagFlags>
      <sunniahIfint cakerBaleens="lamasBottegaSaic3899" isoamid="rheinic" pervade="47963">
        <yowlsGenseng>orthant</yowlsGenseng>
      </sunniahIfint>
      <anilla>
        <oollies>calmingRotuletLocker</oollies>
      </anilla>
      <stages hosing="972075" droylBombicTuilzie="oturiaWoubit" respraySapsapDoyly="praosFustoc" abyingSatyrEmetia="myrosin5761">
        <gweeon>datisi</gweeon>
      </stages>
      <stretta tolly="yajeinDiverge">
        <slayingKagosDistyle>sizerBeguileOast</slayingKagosDistyle>
      </stretta>
      <beydom>
        <draperHureGolf>patulin</draperHureGolf>
      </beydom>
      <dariusMinksHurrier>
        <aland>smithyDidestAgeable</aland>
      </dariusMinksHurrier>
      <rooker nighishBoebera="eskimo" forboreRovings="ruffianCribble">
        <hennin>kneedCavalla9764</hennin>
      </rooker>
      <reboastJoroposRacing waypost="pentoseTowhees">
        <jauntedSliveOutbid>unhedgeDeckles</jauntedSliveOutbid>
      </reboastJoroposRacing>
      <verbals litholMetasMariou="1540" falxPlebeHue="goranHowbeitSergipe" fastingLeukoma="petitsEikones1245">
        <tarpotTanker>wittomeTwangleSuboxid</tarpotTanker>
      </verbals>
      <alexins bombic="germinaReapedRoofing">
        <thumperMalichoDiaries>glottidDernfulUncomfy1437</thumperMalichoDiaries>
      </alexins>
      <extolPrinted koffUranHops="sancy">
        <inedita>stoterVisneySunket</inedita>
      </extolPrinted>
      <casherImpairs heaverAnewVarious="slamsBoughy8864" yemingMahoundSiddurs="431869">
        <sodasVasu>luser</sodasVasu>
      </casherImpairs>
      <agielUnelect heatherGadman="506513" oitavaMantram="ekenameInfuse6398" hasp="unwhiptRayahMiasmal" styliBilletsAdobo="belknap">
        <lytic>saumontEntrapsPowters1814</lytic>
      </agielUnelect>
      <savorlyRathelyDolisie>
        <annexalWaltzer>gubbin</annexalWaltzer>
      </savorlyRathelyDolisie>
      <blobberNepal toying="42818" energidShawsPerca="marliWaffly">
        <pamperoToilful>venise162</pamperoToilful>
      </blobberNepal>
    </kilnHumettyAes>
  </jenJuncusEmbden>
  <imparlWaiataTigre aboilQuaymanAbilla="bomiDerv" jivedSicca="odylizeSadder" dase="kephir">
    <acastAroxyl joseiteAccord="peppyRivals" wauchts="slimierEsopus" muskedPelamydAbjudge="toolman">
      <thochtHummel>lyase</thochtHummel>
      <gods>
        <caviareScuttyMilia>aloedBirthsTarapon</caviareScuttyMilia>
      </gods>
      <seducedCuculle abortedDinkumGiddied="953104">
        <solacerRepurge>daffish2360</solacerRepurge>
      </seducedCuculle>
      <rummesChisledLoir vergentBedeenUncited="hames" diuron="951731" zamiaTcheka="hainanMictionRaxed" capotesMidweekSejour="reconHoudan">
        <hopbindArctia>theteCallum</hopbindArctia>
      </rummesChisledLoir>
      <muddifyPenultsQuoited stupaDrumly="bepityTurment">
        <formersBundoc>sowish5746</formersBundoc>
      </muddifyPenultsQuoited>
    </acastAroxyl>
    <laggin>
      <resingLepreQuit>mimzy</resingLepreQuit>
      <coabode limnSnaff="mordvEplot142" braizesCleanedRammel="sabed20" oatcakeWanyoro="googol3879" jardonHaydnJabirus="cabocle">
        <cormus>copeFratchy</cormus>
      </coabode>
      <dowdiesRattler>
        <pitrisSprent>guerezaBumbeloBunyas</pitrisSprent>
      </dowdiesRattler>
      <hautainCunjah servosPurine="vigorWarse">
        <swankerRoodleAddling>paseoVacoaGoupin</swankerRoodleAddling>
      </hautainCunjah>
    </laggin>
    <polarid>
      <pullets>carest3236</pullets>
      <barmier hajjKickeeBenumb="5">
        <cottAgaliteSubilia>48064102</cottAgaliteSubilia>
      </barmier>
      <waxiestSpuriae dysuria="ucuuba" beerilySunnudTwink="pariDemurs909" retiral="254237">
        <bolideSchmitz>ughtenSparge4666</bolideSchmitz>
      </waxiestSpuriae>
      <cavilPopifyTomin foute="hornifySarks" cluedObtend="32918" revivedJagheerBereave="isuroid" sloomy="domify">
        <trends>pupunha</trends>
      </cavilPopifyTomin>
      <subtileLingleDungy sie="kilanSmutDivvied1" ecuWalkerGustoso="faujdar">
        <scaresLettish>pogies20</scaresLettish>
      </subtileLingleDungy>
      <natronUpher>
        <clothed>spakScullogChaired5</clothed>
      </natronUpher>
      <pencel paegelFlannel="mumpishJunciteSestina" hadntUckia="damperUpspeak">
        <stators>jacareHoppledAnhima</stators>
      </pencel>
      <primary pailDeuces="puri" chininGentooAreolas="dyker8368" upheap="gulledCounted857" gulpersLamely="chevet">
        <caffeinEmerGullage>682871145</caffeinEmerGullage>
      </primary>
      <vendKrna>
        <popeJassBleaks>931314026</popeJassBleaks>
      </vendKrna>
      <trident adamsia="hemocryRenillaApis74" lairing="ratify">
        <datakitRannFadged>cupels</datakitRannFadged>
      </trident>
      <folkishUnp>
        <slentBallistLicorne>ast</slentBallistLicorne>
      </folkishUnp>
      <detuned auraminStoniedClavi="studios6" astel="oaklikeNetmen958" wailing="exploreCyatheaFacy" rantAccent="kassiteMustifyBaffled">
        <propels>banagos</propels>
      </detuned>
      <nagsterPrillsSmook osmoseAccordRadix="bollsVaring" juang="unmaidSurianaLairs" cembaliOxymoraAface="doystLoomeryNundine" whewsWarding="bismiteBracon">
        <rajahErrorsEdiface>694428</rajahErrorsEdiface>
      </nagsterPrillsSmook>
      <sockoTocher>
        <cuspids>oxcartCorsage1527</cuspids>
      </sockoTocher>
      <rorqualGuywireTitus aglyphaGoggler="surhaiNitreFlorets">
        <routesDornPah>foregut</routesDornPah>
      </rorqualGuywireTitus>
      <sogerJives jowler="donors" rameanTrip="4325">
        <omitterBreastKamasin>nigrineBakerSpense</omitterBreastKamasin>
      </sogerJives>
      <soggily bethels="exscindGosplanDaunter" noddledFerren="falconSarigueJammer" kulturApophisGoddess="resinyDobos">
        <tzentalJuvite>unplugHalerz</tzentalJuvite>
      </soggily>
      <ceorl misplay="nielli3" dartoic="pyelic" pavisseDoradosNumdah="firkinPeck" tapismCongeedFished="spriedYamensExalate">
        <rsumForfar>dreckPraises</rsumForfar>
      </ceorl>
      <atresicBefoul shieldsCrees="9380">
        <pedageLomita>gattinePagnes</pedageLomita>
      </atresicBefoul>
    </polarid>
    <plenipo>
      <effatum>cadieArionElaenia</effatum>
    </plenipo>
    <cantonRasenReeking>
      <osmousBribedLaveroc>bicolorDalemanForepaw</osmousBribedLaveroc>
    </cantonRasenReeking>
    <citherCombePlumps panged="karez" soakersIncense="145035464" seeling="hespedPyoidJemmy">
      <biontic>yaws</biontic>
      <ceroticSailySouring import="218219454">
        <macklesDoest>khedahsIncomes</macklesDoest>
      </ceroticSailySouring>
    </citherCombePlumps>
    <amabile>
      <marques>shree</marques>
      <lorSylvinsTrigged coldAlbumMisate="netterRecorkBurnous">
        <harkenPapooseTopical>195165294</harkenPapooseTopical>
      </lorSylvinsTrigged>
      <unwooly areolar="boucleRefloodBargees" pepsins="tamborMilitia52" nagmaalKnurlModules="plex">
        <cablingDamnify>beemenPrismSarsa</cablingDamnify>
      </unwooly>
      <icterusEmusifyHaps inputsMoppetsSlopped="227" oakums="enplaneRotsLabels" beslashKerygmaSibyl="fusibleBrawlLenora" tururiTopogStonker="barbudo">
        <coothHaftedGuelf>talipot7</coothHaftedGuelf>
      </icterusEmusifyHaps>
    </amabile>
    <giblehInitiveEstable>
      <unbeingAeolic>inpourForefinMarrock</unbeingAeolic>
    </giblehInitiveEstable>
    <corralsBastardEndotys>
      <sponsorYarner>bunchedAcemila</sponsorYarner>
      <lipinNaunt euconeHawsing="existedSinapicBegun8" batzenWotting="pietonAnaryanMemo">
        <hero>smook374</hero>
      </lipinNaunt>
      <fafnir mandiBhima="whopperDauk" magiCrammedDhole="tedderRefiledAmputee" salish="towawayExamen">
        <endseal>5441831</endseal>
      </fafnir>
      <hangoutBenwardGarnel legoaReverieWhys="salable" ecitonGyppoGrief="ligateTarten" beatnikAblare="unaxedShrubsClangs300" iswara="coenuriOutbend">
        <yayCatchy>828539</yayCatchy>
      </hangoutBenwardGarnel>
      <sizzardUmset>
        <prussicArunta>maddish</prussicArunta>
      </sizzardUmset>
      <intuits thringParlors="rierSnowingSuegee891" jasmoneVertexCrista="feodalBirles" hashingSlushEmbolo="unfiberYikeJambiya" garveyBrotany="duffReplumeWisping">
        <shiedHarreLongans>synedra</shiedHarreLongans>
      </intuits>
      <mystic sydRemitFlotsen="unclify46" boldinUpbboreMalanga="augur">
        <hurdis>endurosNukeHend</hurdis>
      </mystic>
      <mithersBimini ravener="shutokuMillime" moory="5208" boardedBiacuru="unwive" expurgeGootee="silylOphelia">
        <markers>44</markers>
      </mithersBimini>
      <haiku segniLoupesGlew="778766">
        <pagadorSabeing>kotyleMetaph</pagadorSabeing>
      </haiku>
      <kafiriClapnet lyrawayHatbrimAnnular="hemiamb" crambe="attunes">
        <ihleite>693</ihleite>
      </kafiriClapnet>
      <siuslawHoo rerowBribeesYankees="peakierSabalo">
        <bourgCrocko>wasogaWhitishGlimed</bourgCrocko>
      </siuslawHoo>
    </corralsBastardEndotys>
    <approofLeperMesilla>
      <doddard>276</doddard>
      <bypass oraon="behen" fleysHolist="45697665" crunchChiefBuckler="toforeQuinyie" sacculeToiles="748">
        <lucombeCinches>upwallClariceSandhis2</lucombeCinches>
      </bypass>
      <clionaOdds derekBurnsDurbars="bandarTeapoyUmbo" gez="immew39" teughTied="musitConvethAloft" faffle="5799">
        <amazerJargoon>ceylonTowneeLanai</amazerJargoon>
      </clionaOdds>
      <corbeRedoes>
        <roscian>unshout1434</roscian>
      </corbeRedoes>
      <sloop carmotUnelect="fotuiGuised7038" idolizeMollaPhtalic="macawAgnoeteMiniard">
        <smasherGrope>heikumTelembiUnsued</smasherGrope>
      </sloop>
      <tebbadTabinet>
        <attacheGroansSuk>adrenoCelsius</attacheGroansSuk>
      </tebbadTabinet>
      <yurunaCurbashManxman grimly="4" shammy="aldazinRanchesKerne">
        <jyngine>calombaShills</jyngine>
      </yurunaCurbashManxman>
      <kbarPeartly>
        <mearPrecary>strollMustnt</mearPrecary>
      </kbarPeartly>
      <enmossSterin iso="hummers4" skevishCepheidEmanate="politeiHasnt" mycolSpitterQuod="rool">
        <snum>mawmish34</snum>
      </enmossSterin>
      <coxierRewokenDuad>
        <emrodeCher>papegay1</emrodeCher>
      </coxierRewokenDuad>
      <levanto axlesMawed="lsc" soaken="89901460">
        <ozoned>longuesDcorNama</ozoned>
      </levanto>
      <apiinCoutel digonalGunnar="polymnyPiecen" gorge="dousedSexto9690">
        <shewersWhappet>106</shewersWhappet>
      </apiinCoutel>
      <ventailDelenda egoistWhenasNobis="suture" tsuresKalesLicuri="tronageTueironCarpets" quadratIndePicarel="islesBlenchUberous" andorHayey="raccroc">
        <predrawSandia>mealerBeseems</predrawSandia>
      </ventailDelenda>
      <naren keeked="shirrGattine811">
        <shirkyBittier>dortour763</shirkyBittier>
      </naren>
      <brazeeMagasAnalogy>
        <pacotaDukker>fiberAlmudsJutka</pacotaDukker>
      </brazeeMagasAnalogy>
      <fossesDensity hagsFrothShelter="waspishTarrassKlanism" pythiumZooterEatche="pompaRheotan">
        <economy>oxidantKnelledChlor</economy>
      </fossesDensity>
      <scrailyInchingGangava greigeParl="snorkelAnlage" retama="kikumon" turbine="jibmanTrizone" chemic="430032">
        <mitvothFeted>879</mitvothFeted>
      </scrailyInchingGangava>
      <stilts toniteEtheredPursed="nifties" yantrasDisportHuaco="lysingMolests57" tormina="peepBummle">
        <fidgesEluantsBlautok>facebarCooker</fidgesEluantsBlautok>
      </stilts>
    </approofLeperMesilla>
    <fleetly>
      <anonang>ixodidLabrose</anonang>
    </fleetly>
    <ablyRuniteRacy rapinerLewnite="purgerDipyre" devels="koranic5146" picong="hydrazoTelei">
      <ungaro>puredDiffame</ungaro>
    </ablyRuniteRacy>
    <lenderFarineOxanate carlingJoll="slappedGrovedMax" manifer="preshowYoginGilo">
      <carvyPopean>1535</carvyPopean>
    </lenderFarineOxanate>
    <bibulusSources>
      <cluck>homeySpavinErdvark</cluck>
    </bibulusSources>
    <moulder>
      <tattiesJirga>355</tattiesJirga>
    </moulder>
    <acreakRoolPament>
      <bonaireSharia>arraceTrocked43</bonaireSharia>
      <busboysToxosis oxanic="henrys" rostralAspideArrect="reliefJerl" finlikeSliest="disbudPitting" wierdSchepenQuadle="iguvine">
        <bezilsBikedMasonic>inajaPlants</bezilsBikedMasonic>
      </busboysToxosis>
      <unthaw tombingAridge="arvelHander">
        <spalaxFermal>ulcusEarn</spalaxFermal>
      </unthaw>
      <legless cloaked="valeryl7324" anglers="telegasTaping1" bsfAcerate="dartosHighVisuals1403">
        <ploverExcisor>besan</ploverExcisor>
      </legless>
      <arayneAssoil hoboism="puppyAnguid" unrudePontic="glebaeLocLaxist" olamicDis="cacaosLatheDjelfa">
        <taroccoTombalAzaleas>singlesTikoorCheder3781</taroccoTombalAzaleas>
      </arayneAssoil>
      <endoverAnthdiaAxogamy stones="horreumTeasle" debaserTimely="nidudiWardersDoug9" plaidsMameyes="41">
        <tacker>malthaSpeck54</tacker>
      </endoverAnthdiaAxogamy>
      <arbute mattiVaporStaling="8" diseuse="airting" kafilaStuberAmens="7540">
        <hadromeLeaveSetuid>subdebGorbApr</hadromeLeaveSetuid>
      </arbute>
      <noup pacinko="acidityCouthieCattan" bosquesUncivicMyxo="witted">
        <papaltyDreamer>kumbiUnsoggy591</papaltyDreamer>
      </noup>
      <altica>
        <wipedTakin>suesVizsla</wipedTakin>
      </altica>
      <radiata>
        <encell>outsatGuffRamping</encell>
      </radiata>
      <pro negara="legend" poddiesJarbot="565289094">
        <ketenCanine>toruliPiloriBorty</ketenCanine>
      </pro>
      <updryCeiling ectypes="porZenana7262" polaccaRephaelSeba="3222476" savantsRejectBoner="bedashSorren" axine="turcois">
        <maths>squatPimp</maths>
      </updryCeiling>
      <omniana oreweedTwickFixed="uppowocDorjeMaunna" pectoseByssine="susceptAgrah3935" opulentAmba="astelyPapain6">
        <jaborinFishmenPsend>coupletLollopFluate</jaborinFishmenPsend>
      </omniana>
      <kabKlaxonsErsh giustoFestae="797183">
        <apiacaYirn>moseyed</apiacaYirn>
      </kabKlaxonsErsh>
      <alumiteUnfused dakoity="rigger" gitter="anuransOosperm" beelike="antihumTailorAnatron">
        <whing>outedMocoanScorch</whing>
      </alumiteUnfused>
      <nilot skeneKadmiRecarry="kannen" invoked="polyped">
        <hassletYukonNeeders>oxonianVulva</hassletYukonNeeders>
      </nilot>
      <precystBravoesMulled>
        <hastily>73221</hastily>
      </precystBravoesMulled>
      <contPhratryUtu oofless="mungeyStigmeDehort" pyrrha="calledRelata" whinsBowneKevin="mulmCayman">
        <pense>omen</pense>
      </contPhratryUtu>
    </acreakRoolPament>
    <brumalHisself ped="gorier" potluckNassau="vadeLanced">
      <bovidOamBuns>nilledPlatodaNucleic</bovidOamBuns>
      <bokard fifty="9569">
        <stuCatalin>3220184</stuCatalin>
      </bokard>
      <vedangaRecallDaks kiaatBulwark="42" sprigsHagglesDiurne="unspunChamite">
        <potmenHexers>pertly</potmenHexers>
      </vedangaRecallDaks>
      <deem schouwEsp="straitPurga37" vince="640397767" estrif="scuffer35" reaping="bigotsAcyls">
        <jewbush>manchusKsi90</jewbush>
      </deem>
      <ekronNocksAmar bonosSpunky="beacons" jollilyBitiFubbing="glacesTiza" seldBraids="cyperusBattutoRokee9">
        <cruscaSmellerKvarner>76968</cruscaSmellerKvarner>
      </ekronNocksAmar>
      <salmons palatedUpmostGelosie="3020" hematalMekong="19639" remails="agricThen364" nutterPhtalicCliqued="tarmacOohedAsop">
        <toolerMacheerTrigamy>compoerBoilerMartyn</toolerMacheerTrigamy>
      </salmons>
      <tamoyo reshearAbjectStane="21957896" beechenAgedly="ramonaGurgled6413" lienal="doctrixNuntiusSimplum">
        <mooterReadlSambul>argalasUnto</mooterReadlSambul>
      </tamoyo>
      <spinorsStenia>
        <deadly>6123494</deadly>
      </spinorsStenia>
      <hairstDecane quabArgutaBegray="clapsKarwarEjam">
        <celtismGiblehBey>voyeusePloyingToled</celtismGiblehBey>
      </hairstDecane>
      <kiddierForgoes bromicGyrinusCabal="langelJarabe" sandalsHatband="eustacyAcamar1">
        <fraiserVernileFramers>chalehs</fraiserVernileFramers>
      </kiddierForgoes>
      <genoa disyokeMukhtarRasher="remold">
        <pulsedBabasuBoast>padauksQuotingAlit</pulsedBabasuBoast>
      </genoa>
      <sensingSynopsyEmmies coosuc="filmishRigodonFlexura33" juke="qrsRather">
        <asian>76898</asian>
      </sensingSynopsyEmmies>
      <cascade exodySalvosCanine="passelZingano59" monkdomEpongeSolido="francsNarica2">
        <irbis>noosersInfixes</irbis>
      </cascade>
      <phorateOtomianMagyars tousledKakisAriidae="snagBrashUpsey6" verditeCipayeSecunda="ditchUnskill981" eleminDintsVariola="creticRingman">
        <sanctae>wealthySchene5644</sanctae>
      </phorateOtomianMagyars>
      <shohjisXipeWrapper partingDimetryGuly="slaePundit8" okapiaYmcaBepaint="dulyPenide" latterLungee="durumEnserf" peeningTyrants="seawallWeasonCommem">
        <wobblePsycheAttic>divaBawcock</wobblePsycheAttic>
      </shohjisXipeWrapper>
      <fitz guan="4952744" awnings="resalesSpook" schesis="ase" bowyers="seppaSospitaYogas">
        <por>kappa</por>
      </fitz>
    </brumalHisself>
    <eunomyUtilUntone turbosEmpearl="grounds" donnock="gibsonsHokerKirtle" baggitEartab="masonedOstendRewax" guttle="fianced" detantAthanor="238" pennedSponger="peltastOkapisCoe" zygionForbsUpspew="akhyanaFluskerFadaise">
      <telical>uniques3561</telical>
    </eunomyUtilUntone>
    <venularWurmian>
      <axiniteXystoi>taxon</axiniteXystoi>
      <alangeGermen thongyBaroco="8">
        <frackMooched>suasory</frackMooched>
      </alangeGermen>
      <caronic ioliteTrimmedLeatman="soodledPilusli">
        <stypsisSimblinUghten>queme</stypsisSimblinUghten>
      </caronic>
      <haikGhatsMatoke>
        <foxEffundJouals>crucesDawtieKeglers958</foxEffundJouals>
      </haikGhatsMatoke>
      <vivosChowder ruthfulChateusBecoom="6" petting="henad">
        <imbed>dsectsProsist</imbed>
      </vivosChowder>
    </venularWurmian>
    <footful>
      <taurian>glacialAkoasmBerg34</taurian>
      <nuance calpacHalloa="pizzle10" nachas="piecesMetonic7722" tidewayAnodineMubarat="fulgoraGae">
        <sishamTsk>algal</sishamTsk>
      </nuance>
      <nigherHoraeSynedra>
        <vitalicFlexo>6782584</vitalicFlexo>
      </nigherHoraeSynedra>
      <minionsRecado defassa="pervial" mankieHypos="restainLiddingIntuits" compostWounder="girlHawiyaRaob" tuneupMispledDrafty="roadbedFribUnalarm">
        <miscutsAlamodeExotica>unakiteIzzy</miscutsAlamodeExotica>
      </minionsRecado>
    </footful>
    <scalade>
      <ricineGilgul>85001</ricineGilgul>
      <ducted rewallEnkiFacit="gerenukPicoidSlider" buswayBodword="woolies" civicPyelicMyrmica="150523091">
        <atmosPoetics>8</atmosPoetics>
      </ducted>
      <daseweNewerMonodon oatfowlFroe="cladineUncleftAttask" aphyricWaiverTristam="doitHartin">
        <levisCuffingDisegno>343569910</levisCuffingDisegno>
      </daseweNewerMonodon>
      <pavansNosairi lemmus="jimmiedContribFleeted" tantleAsprawl="1117920">
        <ketoSpaniel>ukase236</ketoSpaniel>
      </pavansNosairi>
      <baure>
        <vaunceSpaitTipula>emmettRifest</vaunceSpaitTipula>
      </baure>
      <jivedAlbertaJacatoo kikuel="95698615" eablyOtacust="mujeresTactorNosey">
        <saviourGlassenAraks>6633359</saviourGlassenAraks>
      </jivedAlbertaJacatoo>
      <tumuliLugsome>
        <ejectVacAglance>629538</ejectVacAglance>
      </tumuliLugsome>
      <hyssopsSeedletChore pinyonCutweed="toiling" hyphemaSlichGoogul="sensum869">
        <vagasFuseauWhirl>gaulshStrothTrouble9668</vagasFuseauWhirl>
      </hyssopsSeedletChore>
      <tiradeTuathSomatic meslenDismays="altifyPleis5243" stale="cpuAmphiHarvest">
        <fetureMozo>fresserFaintyUpgrows</fetureMozo>
      </tiradeTuathSomatic>
      <stinkoChinois daerDelis="cassia42" moietySeabedsMosks="anmia" unlaxPreside="1550363" aitsGoonieGrivet="dwarf">
        <leigerSleezy>gravedStyles</leigerSleezy>
      </stinkoChinois>
      <sartorFichuGoney ibises="839" tincts="687220384" otidine="beamilyEmulous" fermis="grovel">
        <neumesQuads>vitrum275</neumesQuads>
      </sartorFichuGoney>
      <soggilyHocco moilerOopodalDivvers="lepidinRevotedImpedor" cascol="deepsWordy" horahsWanglesLousing="8079" boorishStoitFeoffs="loglet">
        <dipody>khuai4674</dipody>
      </soggilyHocco>
      <kebScubasLeepit>
        <sunhat>kettrinStreyneSorbent</sunhat>
      </kebScubasLeepit>
      <goner salably="halimot">
        <raffmanMustntHornito>unlocalPousy335</raffmanMustntHornito>
      </goner>
      <stlgGamori dudineBesmellAmbrose="minieFoolifyTinwald">
        <freyShopharMullock>hippoidContise26</freyShopharMullock>
      </stlgGamori>
      <akkadStowingChalker>
        <aquae>edenize</aquae>
      </akkadStowingChalker>
    </scalade>
    <crutter>
      <barleys>401857881</barleys>
      <maiaccaWailers mataraLatomyFronts="ragas6905" quasherRopiest="shakilElecive" feuchtAkmudar="424" chirres="praiss">
        <biurea>pearlin</biurea>
      </maiaccaWailers>
      <nazirAngsts upstayMemoireFaquirs="pickman">
        <bailiffBeprose>mirky</bailiffBeprose>
      </nazirAngsts>
      <goog inhere="mestlenHammaid" locking="plushySighsJanet3497" tymbalBussedCirque="graveryBaryon" secedes="airlingColeKioko">
        <smokerScho>lamprel</smokerScho>
      </goog>
      <tongSpotImamic serfdomSlup="muftiBanyoroHoarse">
        <sunilCementa>tucketPhonos</sunilCementa>
      </tongSpotImamic>
      <tinkledJambos sebumBoaters="potted633" sciBlowflyStints="784997668" kvassesWhole="andLawrie">
        <simmerPyreAldrins>692950377</simmerPyreAldrins>
      </tinkledJambos>
      <champAbrine loteAridHeml="remandsTaj461" mayflyRustles="44008">
        <werste>dankDamageRedly</werste>
      </champAbrine>
      <bahamaHackeem coulis="silicas" snoopy="buzAspireeGrant">
        <woolderVakil>228287</woolderVakil>
      </bahamaHackeem>
      <sinae>
        <apieceGauzier>5</apieceGauzier>
      </sinae>
      <diphead gastedTaylor="flche" oatbinHelled="diademaCupola" horizonByemanIonise="3">
        <saumont>darvonMossers</saumont>
      </diphead>
      <unsmoteMomzerJim mouldy="yeeuch" matrassTychite="toddickLewdest">
        <addlinsColly>iturite3704</addlinsColly>
      </unsmoteMomzerJim>
      <podzol bowieThuliteCentaur="848404989" grinLigula="agazeSmalterKvas">
        <enjailSnoopTrudges>reblessDenied</enjailSnoopTrudges>
      </podzol>
      <adonaiFlopBange far="cuttooSsi">
        <tannedWauchleUnvisor>69</tannedWauchleUnvisor>
      </adonaiFlopBange>
      <sizal binzuruPhanosTubulet="chaneGawp" snathesKamichiWebworm="addendsRejangNumbing49" retteryTrannieSalads="twistleOadalNaifs">
        <ticunaCrikey>petful143</ticunaCrikey>
      </sizal>
      <cymbelMeans zed="424" yabooStoolie="52">
        <abdomNointRedcap>pacingGidgea</abdomNointRedcap>
      </cymbelMeans>
    </crutter>
  </imparlWaiataTigre>
  <metDekes />
</eggs>