<?xml version="1.0"?>
<dauniiPapas>
  <immi>
    <unarkBebled rove="acetose" tornote="61" toyons="apepsyIrishTrod">
      <femptyGroynesStichic>vaudoux</femptyGroynesStichic>
    </unarkBebled>
    <aumagaEer impfCoke="ophite" sunhatAtomism="trestleGrapey310" nodeAlpKick="croft" niellosMaythe="unvenalTowing" colzasOrache="teredoEssoinsHoicked">
      <unsinCuberaBailout>exlaSprags</unsinCuberaBailout>
      <deburseCutchMerice humbird="signeur" neology="71555703">
        <exponeCobberAshkey>dangerNeedUnroof</exponeCobberAshkey>
      </deburseCutchMerice>
      <solioCepThrums innersStipple="skeller" sunePopery="vavsWigtailSaj">
        <sharked>kopiGentled</sharked>
      </solioCepThrums>
      <gadabaShitherHeal flattieGiblet="epihyalWeltingBannets9" dowfartMelangeFagot="locatumBinniteTumbeki">
        <mismeet>turfedDwarferFurmety</mismeet>
      </gadabaShitherHeal>
      <indexedZabermaSizz armless="6911" belaitFlywayPonent="powitchFormolsDorsi">
        <piasOotidsGaboons>31414</piasOotidsGaboons>
      </indexedZabermaSizz>
      <plebes staigsSurcloyScalls="indultsPesewaPunkies" delightStirkBusing="decalogAffixerSiphac" undirkFasts="surfierRecombsIonise">
        <sahmeFilatorHiss>mobed</sahmeFilatorHiss>
      </plebes>
      <gulashHubbed>
        <olympicPathema>14466333</olympicPathema>
      </gulashHubbed>
      <caplanBowered moonja="pilmy">
        <tenuresHousing>vestiniBammingOvergot</tenuresHousing>
      </caplanBowered>
      <fastusBegassCarotol raftingTaborsEwery="outchidInlying" kabikisUpthrowMonde="beldUngirt" formes="absmho" perobaMotley="9">
        <undonIndict>danging</undonIndict>
      </fastusBegassCarotol>
      <balksAbulic biffinsListingMeaty="pshawedRheidae">
        <halkeFencedVaward>podlikeClicks</halkeFencedVaward>
      </balksAbulic>
      <sirenic squillSeral="cogboat7" scauperForeSaccoon="misbodeVenulae9" downbyCheder="broachSorrily" spawnedQuittalHambro="6990">
        <camacanTireman>14287</camacanTireman>
      </sirenic>
      <hoops semmit="detort" unawedBawsuntEncore="42950" taxyDeboss="slupHexonicBadgers1276" bimanalWestlin="gloriaRagazze">
        <scaurApeRelink>gormanHoary</scaurApeRelink>
      </hoops>
      <hageinToitoiDition papposeTussle="glumose" throughJenGolo="aroyntGumdrop16" whesten="kismetSadie" bowwowLinhay="dukesHausseStroma">
        <chiveRoysterMarkup>divide</chiveRoysterMarkup>
      </hageinToitoiDition>
      <owlhead emersonFolkyGuimpe="ungraceWithsetCapon1987" blipped="competeAchates2">
        <vaporerYamilkeRagtags>unheadyPins</vaporerYamilkeRagtags>
      </owlhead>
      <betrustWainful smarm="alfasAerials51">
        <vaurienGranted>16632</vaurienGranted>
      </betrustWainful>
    </aumagaEer>
    <wopsPupeloDhamnoo>
      <reusingAviadorChili>dales</reusingAviadorChili>
      <girlishTumults disodicOomiackXxi="saphieCivil5">
        <pipiriLeachesNodule>repulseLeopoldSinapin</pipiriLeachesNodule>
      </girlishTumults>
      <olefine cuzcenoEphebesGirland="dadaismAhypniaRodder" prefoolCheck="56125">
        <commiseWastely>5</commiseWastely>
      </olefine>
      <torulusUnlap twingesGarthsRevomit="posset" pisachaLockup="jitneyGarter" dorisBurseedEla="desksTepache" passayCaroler="medimnSicking">
        <callaisStylers>heliandGlutinRamenta8993</callaisStylers>
      </torulusUnlap>
      <deciare>
        <furzyDuckish>3245</furzyDuckish>
      </deciare>
      <prosistOveregg orcins="peoniesJauped" coverAriosi="haunch" gruppo="boteteLawnDewtry">
        <gigolosYod>choy</gigolosYod>
      </prosistOveregg>
      <attarPirolGabber lallPurveyRugal="skryerNutriceMags" santii="yipping" jugated="eucleidGrouser" souk="menoZinober">
        <mudlark>unhard</mudlark>
      </attarPirolGabber>
      <gothicGrewia>
        <savitriGambade>curchesSchizzo</savitriGambade>
      </gothicGrewia>
      <demot handyBlayk="boltersDeflowUnfloor33" agorothRasper="yolkRobedBeclart">
        <dept>joyhopAnthus</dept>
      </demot>
      <tallitPyrenic miaouHaloa="insectsDebits23">
        <sleeks>258</sleeks>
      </tallitPyrenic>
      <asperseTonikanSpicer sperketTaproomConine="gouramiMerl" kenno="schmearRifle" argotic="blamesFilo">
        <dumbleUbiiFerule>nebula</dumbleUbiiFerule>
      </asperseTonikanSpicer>
      <trushMedica palateGruyereEnfort="lorumDumpers" chequesTamoneaTempete="10468999" shaiGrooper="1770493">
        <tattoosAmmos>ceesTurpethStarted</tattoosAmmos>
      </trushMedica>
      <birdy epilobeScaldyPapelon="cutoffWhirledUntying">
        <sospiroMiffing>fancyTsardomCricke</sospiroMiffing>
      </birdy>
    </wopsPupeloDhamnoo>
    <salaFelsic>
      <inkings>fogasWhitinOord</inkings>
    </salaFelsic>
    <scoffs babusJoss="stereFerbamsBur" intuent="rillySemifibGarpike542" couloirTosyTardily="gympieVextUterus" luellaJumbo="518738" gekkoQuadiIllamon="97">
      <boothsCancansGenny>ahwalWineierCoccin</boothsCancansGenny>
      <owleryPutcherElement offerorBotongKohen="kainit" epidiaAshless="7602396" labBudgies="silylPulasanTurney5151">
        <picketsToppleMowra>ayond6</picketsToppleMowra>
      </owleryPutcherElement>
      <techSwimmyPottle artels="tuismSaddhu" herman="rowersBanzais" empathy="trashed" canevaSintuWut="amidonMowrah">
        <adaweRadfordPlainer>buyable</adaweRadfordPlainer>
      </techSwimmyPottle>
      <hutchieTeethy subplatBalked="greyerCundumBulbil">
        <wrenMizeFila>clashyBewitchSumpman</wrenMizeFila>
      </hutchieTeethy>
      <sandboyDelimeGeison hyposRodeGimme="4706940" lilasPomonic="blotttoBrothel">
        <designsIllume>buster</designsIllume>
      </sandboyDelimeGeison>
      <arcula>
        <visitor>bedoyo</visitor>
      </arcula>
      <mallsBorith floridaLagenae="odorateGannetCessor" liny="laves84" baggies="prenderFitcher">
        <dobies>baioccoMalthus</dobies>
      </mallsBorith>
      <zincy>
        <lace>52</lace>
      </zincy>
      <furzedChummySmally difformMpbsDrame="nunbirdDancesLieve" adapterVillousPenned="crockUgroid">
        <carle>beant</carle>
      </furzedChummySmally>
      <kerveViveur dancedCloser="bebathe6054" thieflyDinitro="akenesEmoteKnick" succorUpgiveOutbye="340681" weanelIdylize="703">
        <tolu>reddedAdoniaCogener</tolu>
      </kerveViveur>
      <javer thiol="jambartBrucine757" maple="hourly">
        <abodedConcoctRutiles>terek</abodedConcoctRutiles>
      </javer>
      <maggyEnkraalThither obligesPurlinVario="unprestJuringSpaught" xerogelFoys="opulentMislead" cosmeteHenwise="retag">
        <pornSpettleIare>36</pornSpettleIare>
      </maggyEnkraalThither>
      <retakenChivari camanayElbert="stashes" stowerWearsLabours="alfionaTripyDownlie">
        <pawCroakWoofs>nunryArming</pawCroakWoofs>
      </retakenChivari>
      <cotyle mairsUnseeBestrow="talles30">
        <satlijkTilting>dicastSecernDefeit</satlijkTilting>
      </cotyle>
      <telsonSabing skelet="752" bucketyMotleyHeedily="endymaMildens" alcheraBedoteChook="anyways" whorts="auntly">
        <aguadaSyrnium>ismaticLobateRepkie</aguadaSyrnium>
      </telsonSabing>
    </scoffs>
  </immi>
  <petrel abjures="5591739" coriin="werFirryPirate2" />
  <adeuismVennel unlieHaidee="77870" drabbleAstuteDebases="creakZontaSlaps">
    <gunshopSipe>
      <grattonBer>beaningFormatsFreshet</grattonBer>
      <miasms ahintKainsi="dallyWingman" actinicHulaEntera="poduridBackie">
        <wormingSappily>heroism</wormingSappily>
      </miasms>
      <septulaBarbers>
        <lehua>doniBourock</lehua>
      </septulaBarbers>
      <hidlinsNoisesByrri gleekSuckers="broidenZibets" dirksOgreFig="ephod">
        <bingeeHaytimeTogaed>coursed</bingeeHaytimeTogaed>
      </hidlinsNoisesByrri>
      <girbaAmus nast="tarocs945" misturnBisects="ochroma" dotagesKneecapRoscid="heloeDiasene" doniaPragmat="decklesHagropeAxifera">
        <coue>raiserPrev</coue>
      </girbaAmus>
      <condone zootype="rissianLeperoNiggun" jinrikiTapetiTyphus="ency1" hookApiumPentit="27754166" shiveyNuculaBrabant="bassaraDrammeLagged">
        <dukkhaNicolasAbigail>foes</dukkhaNicolasAbigail>
      </condone>
      <flairPoof coddled="enrutDroned" uncasteLipemiaInulase="merelGarg" adamAriose="6">
        <obanPagodSuchos>bathedPacay</obanPagodSuchos>
      </flairPoof>
      <bugweedLokeGhedda flivverMphps="dromonsArrayanBurgeon">
        <moneyedTagula>playa</moneyedTagula>
      </bugweedLokeGhedda>
      <utahiteGem hungerRabatos="arbaciaVrouw" pikersPicador="spudsFamedTipples" bucked="60097799">
        <boxing>962862</boxing>
      </utahiteGem>
      <tawingStaved dirtDekare="ripostOrakzai" quattie="earlapIronish80">
        <caroomeWedset>rhdNeurolMidmost9006</caroomeWedset>
      </tawingStaved>
      <spanemy sextets="umestWalth44" outenAmoberBiker="74201" encense="fired" anuraHairnet="ellaCidaridEyrer">
        <toprailAppears>warms46</toprailAppears>
      </spanemy>
      <whenas>
        <cursory>9229</cursory>
      </whenas>
      <skewy scepsisVendorsActinia="weeperCressedMurally" garconsHerpes="279811517" burfish="stooterWasterGorkun" plangiBeefier="stenchy">
        <linumNizamatAgleaf>drapes</linumNizamatAgleaf>
      </skewy>
      <glenoidSobby topGalany="2639">
        <eighthGamp>unclay</eighthGamp>
      </glenoidSobby>
      <namable vivelyAseity="daledh" guato="aleutDepAporia" loutsReslideMyeloic="ancylus" iridous="deposerMousee">
        <slierResiled>chakdarKokia5267</slierResiled>
      </namable>
    </gunshopSipe>
    <nisusCanonry>
      <scungyPuzzler>estoileAmmono86</scungyPuzzler>
    </nisusCanonry>
    <scammelSheughVamoose fatwaFucuses="38375557">
      <hodads>kabukiMalthe</hodads>
      <nayaur somehowDishragShoppe="crewmanRippler" argiopeConed="judyUnimpedAcoin" calcarHomogen="anticksUngod8432">
        <oxydaseSheogue>174</oxydaseSheogue>
      </nayaur>
      <gobbed thermicUndoingAudian="amourAidedWaltzer">
        <leipoa>lockyerCurledPeyote</leipoa>
      </gobbed>
      <cornetsTrialAsyle chalcusSml="solutusPeppers" ratteen="simplerDeme" formatAdductsSnip="spoofed">
        <prelimKhamalFbi>templarSierraKoradji</prelimKhamalFbi>
      </cornetsTrialAsyle>
    </scammelSheughVamoose>
    <decrees tankageAlohas="shrape" raper="luiginoPloceOxtail9461" diphaseBezziFlukily="tyum" rediptToryfy="1028811" dispone="vivreAffyingUniface" taunt="cairnyBouser" lehayimNataleMusical="failureSozly263">
      <mulingYourn>ceibasCalyxThermal91</mulingYourn>
      <strobedSandiaCalxes kamasinNaegate="sleyedCoaxersLunger" sumassCoteau="73273874" auraminStambha="atony">
        <thraveCarack>tarpeia</thraveCarack>
      </strobedSandiaCalxes>
      <rebrownZitis>
        <sasaMicatePercent>494108</sasaMicatePercent>
      </rebrownZitis>
    </decrees>
    <booniesBiaxial>
      <murrinaValleys>2088</murrinaValleys>
    </booniesBiaxial>
    <crc>
      <vaudois>meliorFlagon7191</vaudois>
      <sinopisHanburyAfrit outfortSpeary="harrowMucosasSlaum" yakmakEpithemGoons="shawwalCalla" mizrachAtonia="possiesGonofs">
        <careysEmporteThymine>732</careysEmporteThymine>
      </sinopisHanburyAfrit>
      <ongaroFalcateOxonic>
        <swerdDodosChetive>vickieMuringBemole</swerdDodosChetive>
      </ongaroFalcateOxonic>
      <deemerHoodmenIvy warrauMafic="viliCarotidGibbet">
        <storifyShorer>slipup756</storifyShorer>
      </deemerHoodmenIvy>
      <perukesGrivoisOverwet>
        <gooral>mellah</gooral>
      </perukesGrivoisOverwet>
      <bubblesVulpineTouch secured="allgoodGummingDizzard721" poiser="funnelShramBobbies" titi="regions" ergotBossier="becksGaultSabina">
        <guelf>733489104</guelf>
      </bubblesVulpineTouch>
      <epitokeAdultsAnilins refixedUpmountLewdly="810" affiantSmoothsBumpily="75">
        <unspiedConged>guarder7977</unspiedConged>
      </epitokeAdultsAnilins>
      <leveret cumbuSirpoonIllish="564674" unholdGobbledQtam="gavels">
        <axstone>sevens</axstone>
      </leveret>
      <lunches acremanRanderPistler="baconerKnitch" cabuyasIdantPusleys="ryaLunted" sedgingLandwaySailor="bailor" wrawMulmulRelace="viceroyEuecticVows9022">
        <communaSludger>898404</communaSludger>
      </lunches>
      <normIridateAsmoke guffy="candockUmbles">
        <gneissyScentsRosolio>8</gneissyScentsRosolio>
      </normIridateAsmoke>
      <fezzan phillipKneeRyas="wooden">
        <lindaFerrean>tolledReheard767</lindaFerrean>
      </fezzan>
      <shaheeVesanic artefac="buntyCuviesPappy744" filmyDawed="beigeHeroine" queued="mound" shedimRatterAdeptly="palluCresset">
        <camphoOpecAtmans>palabraAlcoran4901</camphoOpecAtmans>
      </shaheeVesanic>
      <upbeatJubilusHolgate dodlet="ppaMooner" ariseBunyoroNooser="shrimpiPanting" rolled="42247356" gutsilyPilauEgests="hoopoes">
        <swizzPixesFirepot>holeman</swizzPixesFirepot>
      </upbeatJubilusHolgate>
      <influe adnounsGolderKillow="bewailCriesFaction" tsere="batletQuipsJawfish">
        <makahEngrasp>2085</makahEngrasp>
      </influe>
      <birddom antick="tartarsSheared" lanificOilmen="451755">
        <ataiyalNebbishObsign>nashgobLairyPlacer</ataiyalNebbishObsign>
      </birddom>
      <lacatanBumble socmanCossas="setfastAwaftDsnames">
        <sullTrysted>tanalaSfootPoe9</sullTrysted>
      </lacatanBumble>
      <esselenTrialOgams>
        <carvy>duckingHorreum</carvy>
      </esselenTrialOgams>
    </crc>
    <slainQintarWimbrel>
      <aarghRangCatkins>villaeFinning</aarghRangCatkins>
    </slainQintarWimbrel>
    <antigen tarata="9584" rasantRosakerSigils="irisinKoolau" flumped="puggingTangosIndylic404" skepsAzulene="shoggly">
      <iddhiUnfretLignify>cluppeRentals</iddhiUnfretLignify>
    </antigen>
    <slatifySkeigh retScrive="133" abalone="aiwain" dhotee="accededSloked">
      <offalSolid>dietaryHagadic66</offalSolid>
      <twasTachiolDronte noble="zontianVoes4880">
        <wilsonAeaean>izoteBerme</wilsonAeaean>
      </twasTachiolDronte>
      <slided cabuja="7757134" malocaUnedge="pharmRedias509" mudiriaUrginea="rattoonEmmerAnchor81" rainoutOsagesGadbush="toteryUnwitchResists">
        <wagonry>reveto</wagonry>
      </slided>
      <pleaded>
        <channel>967577</channel>
      </pleaded>
      <groutDustourPavane>
        <toggledJulolinVina>beeherdFidgety8</toggledJulolinVina>
      </groutDustourPavane>
      <slangs lupinHurling="tilden" ewrySambosJiffle="301855355" erikOwlyDanio="egallSwytheEndives" jaggaryWhinersVomito="herveDuffelsKnopped72">
        <tanto>farrucaNidgetsKillese</tanto>
      </slangs>
      <orangeyKansansWergil egilopsTurnkeyGeorge="gawk" actg="388563223">
        <derrireCurrier>voletArthaDrafted</derrireCurrier>
      </orangeyKansansWergil>
      <tugsMulmul begatMaddensDelict="tarpotGaskingFibril" entrec="sardius" dardOrmazd="195123649">
        <quatersKirsen>move</quatersKirsen>
      </tugsMulmul>
      <cesurae aspish="4590886" swannet="congos490" coupageNetfulDocible="559">
        <prick>foetusWormish997</prick>
      </cesurae>
      <rigodonPitiedSesban collateEncoderCeltis="beulah" dramaIndexedDavit="dawt" alophas="grassedChenar" grommet="tambuki">
        <monachi>trapperTenaceGager</monachi>
      </rigodonPitiedSesban>
      <unmolds learnerStroky="atwite" prorexLygaeid="gruineHygricMope">
        <bushmanRudest>mesange</bushmanRudest>
      </unmolds>
      <pukrasFopped campaneBepaste="ardassEcanda" nurlSeptetLasty="merrilySasin" townistRedware="scullsScalado" unorderRiskily="47">
        <marrock>shammy</marrock>
      </pukrasFopped>
      <mootmen unwrapXemeJargle="1511">
        <glowerEnkraalTibia>417</glowerEnkraalTibia>
      </mootmen>
      <wombierDorperImmesh chantsBesteal="lawmakeComenic">
        <saltierGlintConked>plumuleVied2821</saltierGlintConked>
      </wombierDorperImmesh>
    </slatifySkeigh>
    <emptinsSagger>
      <outblotShojisOffals>eponyms</outblotShojisOffals>
      <amiable unkindArco="outawedAirdropCheatee" agunahPalmer="150079" luridly="fiercerOvated">
        <etymChimneyLourdy>cheetieMinoraCorsned</etymChimneyLourdy>
      </amiable>
      <swottedSulpha disyokeIcefall="stdWhirryStradl" taleful="lemaneaSpecify" jacktar="plusiaTrapesSpitzes" lanugo="mistrowTheseusCans">
        <contemp>9045</contemp>
      </swottedSulpha>
      <klam sloke="855758" riataSlued="jawropeChaouia" mendGas="9" farse="gadisBlanqueFluer">
        <damasse>icarus5225</damasse>
      </klam>
      <lustWigeonGuemul cineIncageKeeper="boottopOvolosGothish">
        <besootAfridiWaddie>ragusyeCurdlyGunter7</besootAfridiWaddie>
      </lustWigeonGuemul>
      <arber cockade="leagueArabize">
        <quiteveEarnSissify>cleamerConcn</quiteveEarnSissify>
      </arber>
      <slings usnic="9">
        <finkedPiaroaSeep>griths</finkedPiaroaSeep>
      </slings>
      <pincers sunnedWished="3">
        <allergyMaioli>sereEquesCascol</allergyMaioli>
      </pincers>
      <trapansUpcardInsist plowingThebain="sessile" orcins="relaceMelaena" gaddisDaboiaSowing="retubeAnticar" ingulf="dopSuckersDafla5">
        <scratch>27858923</scratch>
      </trapansUpcardInsist>
      <jonah auroraeJackrod="reeker529" owkClosedPocoson="96">
        <espadon>garau310</espadon>
      </jonah>
      <priceyMedialsVildly diarchUndeepGonal="lieutSonsy" agentKaabaShorl="fattish">
        <tricaAcceded>kermesOogamyBondman2</tricaAcceded>
      </priceyMedialsVildly>
      <goaded>
        <passaySettleGrieved>9</passaySettleGrieved>
      </goaded>
    </emptinsSagger>
    <procneIrelandTailfan>
      <sion>xvi</sion>
      <zanderRoughyLevels beowulfCenses="6819467" upshotCrooseAcidite="9561500">
        <fewterCalla>devilyCylicesWaddie</fewterCalla>
      </zanderRoughyLevels>
      <gantsl pumaAflight="awesomeSlogs" lwoGluer="61995486" proverEnormAlphyn="9513346" dizenHalal="awardsMumbles22">
        <indicesFermionExdie>maidieSulla</indicesFermionExdie>
      </gantsl>
      <stanged exradioMisaimKialee="9859271" wiyatSubnote="cloakedHullosAmeen" hourfulPoldavyResides="downed" beldamTables="47027">
        <pastel>reflectGrainyMarie551</pastel>
      </stanged>
      <bigaCircs miserySanchoPean="demodeLamprel7140" defeatsLeninYezidi="platina">
        <onymalTweest>679</onymalTweest>
      </bigaCircs>
      <styled paints="8" drowteBetaxed="chousePrependDevout">
        <ripen>glagaBunkoedSoled9739</ripen>
      </styled>
      <chidingSussoBagpipe mineryTaroccoTwigger="cellMidgesCookery">
        <oliveanSideralLoathy>tweezesTegment61</oliveanSideralLoathy>
      </chidingSussoBagpipe>
      <takelmaObsequyBrushup osteome="tigellaAlbinic861">
        <raisingStellaBatonga>begunKioeaStirp</raisingStellaBatonga>
      </takelmaObsequyBrushup>
    </procneIrelandTailfan>
    <boomdasSemmetDeterm instampImping="cowpeasSmackAxial" oxwortPrelateFleyed="esca648" iliacusHidated="38906" aldrinsArtlikeGauntly="pabularArcanal2335" squushRiptideBoy="tipitCantilyBuccal894" libbraFormy="44128787" retroArcuses="scandixNellJoyance">
      <quitsWealths>ferrelsLimpilySoaping</quitsWealths>
      <mockers>
        <abomasaIdyllerIrisher>46</abomasaIdyllerIrisher>
      </mockers>
      <azimech>
        <suscept>gimSnedded</suscept>
      </azimech>
      <ecphore aubrey="bonnnesCacajaoDoubted" quintinAshame="onagersStampsSwear" hosingCovertSomites="lacetTeriann" sortyMootersSubfief="davenedFieldsOutled">
        <alastorGrannom>koranic</alastorGrannom>
      </ecphore>
    </boomdasSemmetDeterm>
    <danaisPreSpiced flewedOhmageGarotte="pungiesSceneryUnco">
      <cheerlyUrimAstite>albinalPanheadLyceum</cheerlyUrimAstite>
    </danaisPreSpiced>
    <replies>
      <licensePutcher>goffersZabaeanAdmetus</licensePutcher>
      <scopone sam="babianaLoosedReshook" sedent="pullmanDevcharZain">
        <bokoSnotsFloria>unlaughBandore</bokoSnotsFloria>
      </scopone>
      <regallyCatchy garratTuneups="popeler" pietistCarshop="34552929" imagineMilchLosel="phagedaFifesFulgide979">
        <saurianMambosDemulce>babyish</saurianMambosDemulce>
      </regallyCatchy>
      <puppisSolenRosel turshaPiazzaIcons="skews" gallant="trushCorvoidErmined">
        <afer>feedBrings3062</afer>
      </puppisSolenRosel>
      <cellae bayardYecchErmines="scrota" apodousBabbieBord="7255894" potgirlIrisherSomeway="mendee" apoop="mootedBiopic">
        <jalouseSmoltsScowder>lookumSmyrnaWaxlike1</jalouseSmoltsScowder>
      </cellae>
      <malign tidbitRoomieMotif="forefin">
        <aldimeSatraeBibiri>mummery28</aldimeSatraeBibiri>
      </malign>
      <polyact neinWrichtMixups="64" knolledTarzansRodden="paliSuaedaButlers" mahantPrismyClocker="missungMutchesPudical6969" adamDrooptAbduces="9174175">
        <lubber>spaesGyassaEntrept</lubber>
      </polyact>
      <bargham closureNotepad="ameboid" aetVinettaTawer="metresErnie" awinkRamneek="3" coffingEgglike="70227">
        <clartsNeighedItaves>791</clartsNeighedItaves>
      </bargham>
      <gimels>
        <squamaVanist>boudinDingar</squamaVanist>
      </gimels>
      <saan reeMensal="abductVoling" erkArroyoCivic="tuskishDaekonFielden" pungsAmbital="shearsDimoric2712">
        <skirterThorax>cooja</skirterThorax>
      </saan>
      <jiffAndiaGenets hivesGroutsShrines="sebum">
        <ronquil>pantoon</ronquil>
      </jiffAndiaGenets>
      <xylenylGotraja thujene="suffuse" vanmanLauryl="6" stuns="lumpyPolyzoa" thiolUpsilon="kie">
        <racoons>vocalicPaschEhretia</racoons>
      </xylenylGotraja>
      <hennesFuffy tabour="chigger2" sthenicGenrosCapouch="plaicesChapote885" ovistJebelsFronds="signon65">
        <barfing>drachm2</barfing>
      </hennesFuffy>
    </replies>
    <vausAubainProffer lcdDeposer="wotteth" shalluGaugers="pedagePlatch" kefir="micastEmulantCooeed" custronLedgeJosiah="naevus" circar="rockabySumoRended10">
      <oeciBrayeAbby>wank</oeciBrayeAbby>
      <unity>
        <fivish>spousesDods</fivish>
      </unity>
      <unladeCapmint cation="caseRecockRue">
        <nunhood>spookyBurinGlimed</nunhood>
      </unladeCapmint>
      <resinkDourer>
        <fondlerSyntony>boronsQuickedWorrel</fondlerSyntony>
      </resinkDourer>
      <lactateTumbakiArcheol acnedReproofCapable="salueMtgeLoggets" cover="79189" nonfluxExcelseEosines="equuleiGathaBassie8">
        <egma>nougat</egma>
      </lactateTumbakiArcheol>
      <crapsChomper parry="lemuria22">
        <tald>aogiriChiding</tald>
      </crapsChomper>
      <worthedSnuckRangey maed="dishrag33" sencioRoundleChiming="bhartiRameses">
        <pilferScaltRhebok>oonsConicalComox4</pilferScaltRhebok>
      </worthedSnuckRangey>
      <arengProtype acrobatTembu="2098034" genteelChiaoSunil="foventCineastLixivia">
        <upgrownGaulsRottock>5440451</upgrownGaulsRottock>
      </arengProtype>
      <haafsFertile gilseSignetsAskance="wingletWhalersFormant">
        <tenderHowsoNahuan>trocksPoh</tenderHowsoNahuan>
      </haafsFertile>
      <pattuMotonEgoism spierTivoli="gullionLuhingaMilkier" cericIngnue="doddingGopura" protestFurcule="minivet225">
        <cookeeSlide>colera</cookeeSlide>
      </pattuMotonEgoism>
      <okoume>
        <ziega>hennish617</ziega>
      </okoume>
    </vausAubainProffer>
    <kerns reprint="thort">
      <benameBibasic>drantBeblain7452</benameBibasic>
      <onionHinney>
        <misdo>imagoesAbrim</misdo>
      </onionHinney>
      <asquare suity="acloudWithtee">
        <moneyer>muhliesWroteBroggle</moneyer>
      </asquare>
      <nepalSlavizeIrons cowpathFelahinSauroid="nertsEaglesDamns">
        <algalMowie>ahurewaWombedTubuli</algalMowie>
      </nepalSlavizeIrons>
      <jaghire fadCoilerPaganry="tiroCoolungJerm84" toadishAtonal="baylikeGassier272">
        <virelai>xyloma</virelai>
      </jaghire>
      <luauBeringScliff batting="doghoodSabujaTexts" woodine="punner" stangsIslet="28879842">
        <spoutCarvelGrouchy>haeingCalloo</spoutCarvelGrouchy>
      </luauBeringScliff>
      <durumsLeechedArtgum>
        <surhaiSledder>emerodKojikiMaker2892</surhaiSledder>
      </durumsLeechedArtgum>
      <wiros clawerTrailedBedells="atrousMockersEnface">
        <susciteTargedEmbusk>unreelsArgaile</susciteTargedEmbusk>
      </wiros>
      <fussyCoendou kerbsCashewsDhotee="astare" attila="94">
        <ortolanKudo>resentTammock</ortolanKudo>
      </fussyCoendou>
      <culicid happify="lotionsEftFou" triaminXerotesStreite="injelly">
        <dianiteMadras>arboralAbasesLanated</dianiteMadras>
      </culicid>
      <kinos bubbledTowies="trammanIchoKartvel6" tetrosePitmark="lavoltaBoy681">
        <hawked>boraxJarpUnjoyed</hawked>
      </kinos>
      <equipedThaness wonnaLuridlyAcrab="caballo" blankedChoffer="duchyTalkerDinghee">
        <tubbyThymeyCaliga>2</tubbyThymeyCaliga>
      </equipedThaness>
      <tentigo misknow="humectGuttateRuellia" autarchPobsRowdily="upbrook">
        <wondersCastFolksy>minored</wondersCastFolksy>
      </tentigo>
      <preppieCantino obtainsSeedful="853796426" glamorsOurieEnate="avolate" withdaw="speirStoondBurs9" dextro="jingals90">
        <alexiusPonjaFormelt>yahweh</alexiusPonjaFormelt>
      </preppieCantino>
      <unfrostFernsPoter goteGalleta="tetchedSkint5">
        <robes>linkerJanapaSyndic</robes>
      </unfrostFernsPoter>
      <pongo>
        <stareeEmbedsWervel>2601552</stareeEmbedsWervel>
      </pongo>
      <flemingGardenyTrow fondestTineidsTamanac="nixiesLoftierNabu" bleep="padoukSeaters" smidge="scanic">
        <pintlesPpa>calces</pintlesPpa>
      </flemingGardenyTrow>
      <alandsSnirl clivis="violinsBasenjiRelift">
        <archil>hyleDonable</archil>
      </alandsSnirl>
      <subbedUnshot mongolBepewedRaspier="taxeme">
        <bitterHooding>octad</bitterHooding>
      </subbedUnshot>
      <appd apothecLambies="mistily2120" nonius="wigtail" adrenchPampeanMutism="rebosoLep" freak="painted">
        <dayroomSeabagJammy>ballo</dayroomSeabagJammy>
      </appd>
    </kerns>
    <yowden>
      <radiateDustbin>482472</radiateDustbin>
      <tenioStadion righto="ropewayEitherLikers" fusee="inez73" blypeDemihagDiary="advised9448">
        <redealtElonite>65408</redealtElonite>
      </tenioStadion>
      <glirine biblismMonomyaUnbitt="56" salic="1">
        <impalerYeller>haricoReplod</impalerYeller>
      </glirine>
      <albrunaReicingSid bonasus="timpaniIpsRoutine" keroJoistsStyca="kutchFrothiSmit" madefy="pomolo8" transom="pasquilGelant">
        <cahitaRefeign>2173</cahitaRefeign>
      </albrunaReicingSid>
      <carpalsTetract pattaraDitches="159">
        <bogwoodFlops>mundifyCodicil9</bogwoodFlops>
      </carpalsTetract>
      <emerodsWimbrelGlutch upupaSealyStodged="doyenneFitnessEngrasp">
        <shevelRevue>buyidesPitiers</shevelRevue>
      </emerodsWimbrelGlutch>
      <platans kanukaAuca="aidless5" thinks="406322" jms="beccoPorns">
        <mooneryOfterPickee>toyonPlushly</mooneryOfterPickee>
      </platans>
    </yowden>
    <sassierLasher>
      <lndgLucrece>sievaAdnexedTicuna</lndgLucrece>
      <scaldicJocant>
        <prepend>teffsBashed</prepend>
      </scaldicJocant>
      <maffickCoronae etrogimGambles="89">
        <leydenExerted>saladinDatDruidic</leydenExerted>
      </maffickCoronae>
      <hewPreomitDowdy septula="acystia" kinura="valvalMorions" rampire="cyanateRufous">
        <verziniPupils>lunules</verziniPupils>
      </hewPreomitDowdy>
      <rumly>
        <combite>jeofail</combite>
      </rumly>
      <bronx smelledSivers="wherveHatters">
        <occluseDigenicValouwe>shyestHiateHypped</occluseDigenicValouwe>
      </bronx>
      <cocuyoBesotsTored checkBestockAchymia="tsarismDkl" howkedSusurr="maintSofa7" wigs="parenAdvice442">
        <dunal>khodja</dunal>
      </cocuyoBesotsTored>
      <albuca marinaChinkerAlismal="boding" cloacalDaphne="37483" junciteInflood="lazierCarvy">
        <kulaiteVeineryPotshaw>571049184</kulaiteVeineryPotshaw>
      </albuca>
      <pettierAnilic bentsAkra="splintsVerst" grecism="shiverBantoidFilmdom">
        <byssoidTurmitEgba>italiNagsterColyone</byssoidTurmitEgba>
      </pettierAnilic>
      <crested tovahTyes="shohji7895" vaidicNocksLaughee="obtundVallumKru">
        <drupose>retundSamen</drupose>
      </crested>
      <slammerTeddyAddenda malurusSnickedTappets="dowfartRefont" tusayanGagersUnity="bonselaNap" croupesHewgagVafrous="2" nawle="porkmanExamine">
        <mentisVirialPanacea>37898</mentisVirialPanacea>
      </slammerTeddyAddenda>
      <ritGingivaDemote aquaeAmalAnilins="lightMarmit">
        <ciconeMawk>221828822</ciconeMawk>
      </ritGingivaDemote>
      <sodas blackieAdverbs="seljukAdmanTgn" uplay="weldingReason5581" djinnyYawny="apogaicEmptoryPilots">
        <appet>mendelTryster</appet>
      </sodas>
      <droukanShardySudsman chunari="lucerneOralize">
        <dolmas>innessPizzas</dolmas>
      </droukanShardySudsman>
      <munster sericon="tonsTopspin" sanity="joseyIhi" jovianAstre="81190">
        <taurOpiate>22967</taurOpiate>
      </munster>
      <medakasBarest amating="tidioseIcecaps27" winfreeWarrokCamail="sculledColossiLoch8" unsore="zigzagThirMunity72">
        <outpipeYeses>inhaulsRerivet</outpipeYeses>
      </medakasBarest>
      <alswith thionic="lungeKnurStatute" eyasFormityTwains="angkhakTrulyChecked" kathode="pocky84" tatsStandi="grippleForbear">
        <fleingUmblesWelches>7703020</fleingUmblesWelches>
      </alswith>
      <ainhumFlied itai="8055" glowflyRebaseDhoty="debitorBlimy" seljuk="mason">
        <felisTuggerEnamour>whasleArcs32</felisTuggerEnamour>
      </ainhumFlied>
    </sassierLasher>
    <mamas lerGreaved="381136484" paramBlouson="dunkardKadsuraWail29" obesityUplitForthon="ethos" cesti="637" iff="459975699" spireasIschury="74054" moonsetOutlawsKoasati="unfancyMenorahVega">
      <genuses>swedge</genuses>
      <busts>
        <fiuman>beurreWorsts</fiuman>
      </busts>
      <icaco bagfulsPossumDecafid="scraze" capitanVehicle="moanfulBungles">
        <catlapSeneca>4</catlapSeneca>
      </icaco>
      <marminkTeraph nyoroWangledChoom="azimeneCopsing" olamFermilaCoscet="83884197" mechant="biffsRegionsLysine" masoned="sup">
        <stompedPhewWatter>choilerNets</stompedPhewWatter>
      </marminkTeraph>
      <dogcartRegauge adeptsSraddhaCatnap="objscan" buckoVentinTenor="22613907" thulr="upflameLabrus304">
        <elegiacSclimbPegman>7342827</elegiacSclimbPegman>
      </dogcartRegauge>
      <lwpKarayaLevered pushum="hajeWowLushest">
        <fidoInfuserAttid>sestina</fidoInfuserAttid>
      </lwpKarayaLevered>
      <henryMaidu>
        <chatter>skyeDetourKoppie8612</chatter>
      </henryMaidu>
      <dazaMahatmaVotes carnHurdiesSchmoe="kachinaAlce" gerboFondleSpumone="murreysOcheryScrums8" bulbilChasesJud="884689">
        <rolowayScotism>acruxOlder30</rolowayScotism>
      </dazaMahatmaVotes>
      <prawned achkanMoorukBade="38498903">
        <nephric>tig</nephric>
      </prawned>
    </mamas>
    <stepway gadbeeFerren="bluffStrewthSomdiel" frierPlim="unquitMottes" dobies="hindiKloofsNuncles" kerch="alerionNiyogaOvering66" flattop="gride4179" yowMele="riggerCalusaWorkout" gonotyl="cumay">
      <stellasRebus>weeping</stellasRebus>
      <terre undeBesa="wagererRemble" artsPot="retomb" kithingIndabas="remeant" polandPopdock="bittor">
        <ambatchPestis>vendisUpbrook</ambatchPestis>
      </terre>
      <stuboyEbulus frayneErnsTeeny="huggingSmeeks8" derrid="ketuba" genesee="889301951">
        <wiled>sensoAting</wiled>
      </stuboyEbulus>
      <clearerTorulinChirks copehanStulls="unlimpOddly31" drysBecolme="segment" awheftKniazi="8">
        <scorchUpshootJocote>39546</scorchUpshootJocote>
      </clearerTorulinChirks>
      <cave argyrol="upbindRhebok" xviAratory="591706">
        <choloStemsIrwin>horyIncageRosario</choloStemsIrwin>
      </cave>
      <phonon cafesBargerHumuses="spin9614" jokerSpelter="bestsOurangs" puniturPobbyJisms="soundlyGibbarNonepic1">
        <tittupsCazibiValium>22</tittupsCazibiValium>
      </phonon>
      <sowar vest="188372689" apogeesAlgol="koeriWaxwing" gangwayIdotea="runkle" sorbing="famed">
        <nidusWaniest>tubbaLitiopa</nidusWaniest>
      </sowar>
      <oportoJerker youthen="ramet" backingLac="basques" slavism="37" toadChampak="imbrutePrurigoLookers">
        <neep>mibChagaShily</neep>
      </oportoJerker>
      <machYirths reveledEchos="lexisLeucic4594">
        <cameliaDubChiasmi>useable7</cameliaDubChiasmi>
      </machYirths>
      <royale erecterKoreishTabbied="15">
        <hayers>bobble</hayers>
      </royale>
      <dryopeEnticer midrashPseud="contdRadicesElshin" skidiUnbend="pearBedewed9">
        <sordineMockish>3391</sordineMockish>
      </dryopeEnticer>
      <styrone faeriesYesRentree="bench" mamies="cady" hesterCrwthPterins="punjumReveilColour5754" smicklyCompany="94">
        <suggKhakied>gunongBalerLesion</suggKhakied>
      </styrone>
      <blate pectateAxonia="6" gelosin="palais" atteGluckElenchi="denize" sbirroSquealDatch="micro">
        <simial>lyndonAbb</simial>
      </blate>
      <elulBeesClinker witherYetherSunns="crunchyDoleGaolage510" siphon="alpenSightlyBabuism" izzardsYouthyChinook="earablePalaite" megomitClara="gauzyAthyrid">
        <chukchiYarr>852</chukchiYarr>
      </elulBeesClinker>
      <homeredResaca pratalEctatic="joukeryShiksaAcridic" savingGottaKnublet="6646192" hematinStubble="basingDrover">
        <balataNagaKrepis>corkers</balataNagaKrepis>
      </homeredResaca>
      <curtlyOsseous flymenUmphLyreman="hexapod3" zloties="1" yeraverOctoadLayers="4" linkerEpoche="prancedDolciOddsbud">
        <joinderFreebieFellas>ureters</joinderFreebieFellas>
      </curtlyOsseous>
      <bunkoed neath="wattledCinemaScumble" hypogeeSpeared="musculeFezzes" disli="amiidaeJigsawChlor">
        <trashySnifter>gnaeusSemperReefs</trashySnifter>
      </bunkoed>
      <urdyRuntee wanga="90984829" alpenGillingAvouter="rewallChout" pigfaceWiddled="7">
        <junks>brubu8</junks>
      </urdyRuntee>
      <gayatriCathaAlburn loverlyNailbin="bitake" bibbled="sibucao" gorsier="rung" libraeShareef="havingsJackTahona">
        <chappinBingey>gilpeyImpetusSorner</chappinBingey>
      </gayatriCathaAlburn>
    </stepway>
    <almoseWhiffet>
      <plumbGlossal>sulphurSegosSanseis</plumbGlossal>
    </almoseWhiffet>
    <sippingBungler>
      <revalueNankin>sethite</revalueNankin>
      <belgaePlashetThunar>
        <helium>muezzin6</helium>
      </belgaePlashetThunar>
      <potcherEld>
        <andrewPumices>weiners6615</andrewPumices>
      </potcherEld>
      <nonetto deepensTeparyElkuma="574248766">
        <bendeesMalleal>rawnieChivw91</bendeesMalleal>
      </nonetto>
      <platoid naomi="farlesSawwayTrivant" orbs="annard" rilletsChalaco="combingSpiraKitties" hithePicotee="asphalt174">
        <defile>rakefulOceloidMirror</defile>
      </platoid>
      <neback pinbush="wangled" imaumsBizel="inflectOrantTuyer5">
        <egoistsUnlured>unityGosmoreMinkopi</egoistsUnlured>
      </neback>
      <amire marked="494484979" zebulunDevoterCubic="gayMisuraImmound36" caliverLits="subbing">
        <culdeeProvendSobby>paps</culdeeProvendSobby>
      </amire>
      <sheersCerosin oratorsBoniestPhages="gagaku" pakawaAbbacy="dewaxMightyPitman" agelong="pernorEoith">
        <ihram>demurFibrinTyro</ihram>
      </sheersCerosin>
      <disroutCohowRehayte>
        <jincanNootkaBungfu>22</jincanNootkaBungfu>
      </disroutCohowRehayte>
      <guppyPiquedCajuela bemouthVedroElysia="432" maihemMelagra="77" alexianGurnard="motto" tappaTirlFrowl="whartGlazily">
        <bepray>ruiners</bepray>
      </guppyPiquedCajuela>
    </sippingBungler>
  </adeuismVennel>
  <pteris />
  <clankumMortisSlakers />
  <uva scleraOverbidVaguely="uplaneTeeth" vettingBigmittBores="chicest">
    <seqfchkSorningColeen thrutchDucesNutter="dumpleBullateDelhi7" lesRepinsBuglet="18507805" eratSoar="chinnamFruggin68">
      <mettledPandarSingly>angelesUnpapal</mettledPandarSingly>
      <haithal peluUnmitreImbue="primer" wafflesFallacy="pilarValuate" razzedBetalkRibhus="yourJamber" supplerPoppasPlatane="antlionArithUlulant">
        <coppaHederPraying>erstBaluchiPume</coppaHederPraying>
      </haithal>
      <smittle muridaeUnheadyResweep="44147" forcesDune="barlow538">
        <dimyary>abkhas</dimyary>
      </smittle>
      <dogedomPapuleStolon>
        <tailersGumbos>zippier955</tailersGumbos>
      </dogedomPapuleStolon>
      <foalingWhangedDeburr fusoidBombing="norwest" gillianWilding="meriahUnruthSuites">
        <ellasar>amueixaAlmida</ellasar>
      </foalingWhangedDeburr>
      <grebeFavellaHonchos julioUnicefCanille="94814" minikinSidrachGoodish="guester1" desiredCedron="saporsDeposerWommala">
        <asleepForget>tapuyoDhauraRie638</asleepForget>
      </grebeFavellaHonchos>
      <ureides judicesLateran="20" splicesToranaFestae="chumpsWanklyGanger">
        <winersTrogonsAbying>wilsomeUrsSpots</winersTrogonsAbying>
      </ureides>
      <scards skinksAcoin="carfareImaretsLeapful" canidsEmbraseEuro="rumples" thiokolGetterPulping="tattingCutesMoosey">
        <alumineOlacadArchon>ynambuCottePranks</alumineOlacadArchon>
      </scards>
      <justestPagadorHyleg enteriaMentholCorrive="641819254" atticeUrimMalty="clivMussukPartim36">
        <lecheryTetany>fthmRepurge</lecheryTetany>
      </justestPagadorHyleg>
      <gumboTabooedArdent>
        <smelly>agoraZibeths</smelly>
      </gumboTabooedArdent>
      <biddersOscanFrontad fridge="dottleInlaik" didine="2581">
        <attagalDims>drearLupeose</attagalDims>
      </biddersOscanFrontad>
      <awareAdmixes ouzosFacials="hainaiWhalers4695" bebless="sonnetDoug" hoolJammed="deek">
        <daliSevum>kryptolSmirchy255</daliSevum>
      </awareAdmixes>
      <nitrousTrining agletSweat="45" saftMindersAncor="flipsPusscat">
        <trashipGastful>anoesiaDrublyUplifts</trashipGastful>
      </nitrousTrining>
      <patand chinkyGuttCresyls="unismHibito" comical="mohar6315" swaggir="upbrastNunks">
        <camisasSweeten>boread6</camisasSweeten>
      </patand>
      <cutterMistilyShrilly petreaFutePyralid="lesbiaAminded" mimeoSwird="tsunVaneRunback" ditoneAgugliaAsians="cement">
        <dismalsNickumSultans>whipperUnbagGoala</dismalsNickumSultans>
      </cutterMistilyShrilly>
    </seqfchkSorningColeen>
    <herdsTapajo piest="caravelAwfullyRhumbs883" sophene="refryOuenite">
      <myases>21370</myases>
      <shrapCulet>
        <toadishBroncos>purinMainHurdle</toadishBroncos>
      </shrapCulet>
      <levulin snipper="tosyEnsuer30" stoundsTotemyFantasy="kudus" theoriaPhenolsCpi="alkalis" dunk="kennOolithsEngluts">
        <grumblePickyMartha>geckoid</grumblePickyMartha>
      </levulin>
      <thingalOmensHeron caonTrigram="gloat" piroToughraPrivet="stooterMode78">
        <klausSquinny>glumly</klausSquinny>
      </thingalOmensHeron>
      <puffier kolkozy="veloutAdverb" hopoffDeignsNarcoma="gazebosGrx1771" enqueue="16724">
        <pagans>68</pagans>
      </puffier>
      <waddied javerYoks="nupsonHatsful3020" curstAbscise="haircapBefop1074">
        <apnoeicSalpoid>4289</apnoeicSalpoid>
      </waddied>
      <hauls racemicMatzoon="devilerHummingTorrens" untaintDakotas="adviseeTornalGyrinus38">
        <cotsTaataVogul>unburn</cotsTaataVogul>
      </hauls>
      <lobelet>
        <pourersEpiDickens>foilerKeteneFoppy</pourersEpiDickens>
      </lobelet>
      <swishElegist>
        <citricShwebo>gawain</citricShwebo>
      </swishElegist>
      <robotTousedHyphema reaumurAsinegoJuloid="gathersCymbaYaffler">
        <geedPledget>disced</geedPledget>
      </robotTousedHyphema>
      <chappowUnpaled>
        <logriaFleasAlgazel>job</logriaFleasAlgazel>
      </chappowUnpaled>
      <manumitBoolyaRabot iurantSpoolsQuinism="growlyEvicteeUngrave" querreSpydomIntine="lexeme232">
        <wagoma>buchu</wagoma>
      </manumitBoolyaRabot>
      <returnEvirateFather>
        <laighStopedBursty>devexDieses</laighStopedBursty>
      </returnEvirateFather>
      <girseUnhorseTuboid conite="220">
        <rooky>462871467</rooky>
      </girseUnhorseTuboid>
      <plexalBettersDaur dinksLouise="714199973" bloteTabasco="builderSneerySlavin">
        <bragLysolAirth>adoorsViragos4702</bragLysolAirth>
      </plexalBettersDaur>
      <fullomSubpart>
        <sifter>fauve20</sifter>
      </fullomSubpart>
      <antaeRiddle>
        <funnelAsherahYemen>grameGaper</funnelAsherahYemen>
      </antaeRiddle>
      <gyveBaizas rainfulReunifyDuddle="degumsChainon576" chultun="disbindAdinidaFannier" toftFahlerzSeasan="rotuletMislieVinculo">
        <rebrew>verbileCrowdedLathers</rebrew>
      </gyveBaizas>
      <jocoteTushedCohow tepalReesty="bulgyPlatoonBifolia" grouseDef="unparedSpiraeBraza" swingelRoaches="scums" jacketJusten="uraeiHurrianUrazin">
        <pontagePloverWoldy>quondamBemataTurbits767</pontagePloverWoldy>
      </jocoteTushedCohow>
    </herdsTapajo>
    <wales gemmedEloigns="iceboneNandinsCussos" ebraickDiscoidWhamble="introfyAquageStenog" layedKhet="reliesDertraBegorra" dairies="wakeman" buckledSoapsSurrah="riffianCaduaGnaw" twiltSirsWassail="4738986">
      <sledfulEmpover>imamGazookFigworm</sledfulEmpover>
      <mullerInfula coxalgyWurliesCampier="sarahWeening" mechir="holloLeeched" emraudAudingsGiveth="sahukarPtgQuelite200" phytomeServalsPanela="agileRale">
        <haverer>zapotecIambic</haverer>
      </mullerInfula>
      <quedlyDewlessHelled>
        <tip>souarisScouterHaje65</tip>
      </quedlyDewlessHelled>
      <impastoMyeloma>
        <battsArguers>baffedSylvaChithe</battsArguers>
      </impastoMyeloma>
      <abacMagas>
        <foelikeWadmalsAbobra>unhoodsOutsiftStoas</foelikeWadmalsAbobra>
      </abacMagas>
      <rasterFeasedWonga jetonsMenskSwops="maggieAsartaWizards">
        <saiphVagrom>hazelsLechwePrayed</saiphVagrom>
      </rasterFeasedWonga>
      <gipserDep bortschRefoot="assifyGena" blayneJowery="824767705" armitFlawsUdos="coshes">
        <paverWiping>3391</paverWiping>
      </gipserDep>
      <incomptLysogen zips="rezones" thrimsaZizith="noodlesRoarHolia" linwoodGarnetz="45030" freakedSensedHondo="mimics410">
        <tastersUncharmKaruna>swigUnalarm</tastersUncharmKaruna>
      </incomptLysogen>
      <gippers haikunSlipped="scumber" thraepEesome="apnoeal" messiahTolan="malthasDeyshipOrville">
        <fleets>pralineSchtoffCrink</fleets>
      </gippers>
      <frizzly blowoutImpends="92963530" like="plumetMooned" subahBayheadSorchin="banff" quarrelTorcher="cartelMekbudaJoying">
        <kiri>triply</kiri>
      </frizzly>
      <kinetinCumbuRatted acetine="camois">
        <shankarEpigeal>pelopeaNimbTenutos35</shankarEpigeal>
      </kinetinCumbuRatted>
      <hawStepped unrowed="predial" atabals="quidditTrestle">
        <bahoOverallVeeries>rowMissuit</bahoOverallVeeries>
      </hawStepped>
      <totingTurioRinde yearnsTaccada="867846242" aegipan="alumnal" ricingUnsung="rock" unravelTier="vedet">
        <turbethBadeArbutin>abloomMustifyFarfara</turbethBadeArbutin>
      </totingTurioRinde>
      <valensTzarism dineroOgrishLion="comournTwixt426">
        <extypal>dwinedIdeo</extypal>
      </valensTzarism>
      <weigherAuloi>
        <stridorGrangeTaxing>parganaAglance</stridorGrangeTaxing>
      </weigherAuloi>
    </wales>
    <legged>
      <outswamPopify>latimerLottos</outswamPopify>
      <sattvaArabineNambe>
        <ketuCrewmenAmnic>tynedJapingAugurer</ketuCrewmenAmnic>
      </sattvaArabineNambe>
      <becrushKrsCatmint dorbelCaymanInvious="zoriMillimeBrique">
        <ganges>shairdJigman8</ganges>
      </becrushKrsCatmint>
      <genesesMuclucsBach punamuIndentTeens="rankineFountsNitrid" pinballIrpexIdylize="trouseCowages" rhetor="901002116" quadrum="passirAirns5">
        <guichet>ramekinBelatedCansful</guichet>
      </genesesMuclucsBach>
      <azymousBota bromic="totersVestry">
        <benesUndelveCoaid>sramana</benesUndelveCoaid>
      </azymousBota>
      <mordv knackyBlesse="crisperExingCoryl" alleged="243" brevaOption="roak" enteralDerere="mannan">
        <tinneYawpedOlchi>caligaTitersAphoria</tinneYawpedOlchi>
      </mordv>
      <swelter jutishTsun="azotineAcmite" dauniiShirk="8845">
        <outcant>divanTalajeNostoc1782</outcant>
      </swelter>
      <piaffesTlaco diacoca="argansMukluksFattily" ogamsSokokiMahesh="28635" tegulaePotsieTaigle="azoleDriddleSpores">
        <frisianVeneneConning>flacianGlistenNovelry</frisianVeneneConning>
      </piaffesTlaco>
      <besprayWommalaTotal magaGypsiesMoonway="aplites" impentFolatesChiefer="phossZenith274" wongaraJow="cozilyTassely">
        <kainiteEssedSneezer>reannexVesp</kainiteEssedSneezer>
      </besprayWommalaTotal>
      <afounde radCoda="20839774" canthiUnwitAbraded="3469115" atriumAnoxiasPepinos="bulbus">
        <basenjiArson>proplexHypoxis</basenjiArson>
      </afounde>
    </legged>
    <exalateAlgomanMonacid commie="6094123" kadagaRakelyThatch="ellanRetimesBoyaus" fideismRetardDaggar="soccerFerretyGladdon" flear="199">
      <feruleAltair>arrhalShacklyAbitibi</feruleAltair>
      <saumyaSamburuRippled genrosPairleSnap="loutsSuggUsques">
        <mijl>dossingBegrims</mijl>
      </saumyaSamburuRippled>
      <sabaothSinolog beech="60590" bouncer="39352" claveAdeptQuamash="romanoMucuna">
        <iou>1025146</iou>
      </sabaothSinolog>
      <encheerNoblify whity="balsaUnfloor">
        <belaysMousses>dinge</belaysMousses>
      </encheerNoblify>
      <streep reeden="adodEburineBalked" mateyYakker="kanuriSarcelRastik">
        <degommeHilltop>stood</degommeHilltop>
      </streep>
      <miniumsAbunaColt taiTungosSecede="842766">
        <syndicLorisOotwith>precide</syndicLorisOotwith>
      </miniumsAbunaColt>
      <nablasHaysuckTaiyal buggingUnum="miskyCressTheseus">
        <eagererRegurge>gazelGrapery</eagererRegurge>
      </nablasHaysuckTaiyal>
      <humoral arrouseIronesRefoot="53745814">
        <herpetInarm>leydenCrazierFayence</herpetInarm>
      </humoral>
      <craving shickAtmo="55325550" beedomAphthicSantims="fowlingLepton" culCocusUnberth="augiteMediumsAbaculi7748">
        <screighPrefabs>daidlieMenses</screighPrefabs>
      </craving>
      <kalekah rhapheAcerbly="coaterPinged">
        <upseyAoristLuffa>brigousSluiceFlavedo</upseyAoristLuffa>
      </kalekah>
      <ausonesBabbie>
        <ennuiedGazumpVedro>osweganMusjid</ennuiedGazumpVedro>
      </ausonesBabbie>
      <snibelVolgaMudders>
        <atuneGlodJacture>4</atuneGlodJacture>
      </snibelVolgaMudders>
      <drained grabmanJumelle="4675202" macusi="cooterGuigneThicker">
        <ghyllPursual>throned</ghyllPursual>
      </drained>
      <huspil>
        <schemedAvoid>cardonaUpbeatsWhereup6469</schemedAvoid>
      </huspil>
      <apopyle jimpy="gyleBerogue">
        <pivotalSpelderWaipiro>agalaxyTestReveil</pivotalSpelderWaipiro>
      </apopyle>
    </exalateAlgomanMonacid>
    <crohDeftestSpails douanesMoored="93014554" canidae="36" misty="gudame" virtuesSendals="shrip">
      <adhortMarmion>baculaCroakTintie</adhortMarmion>
    </crohDeftestSpails>
    <cousinPatwari>
      <merseOwenismRazored>gnusMurdrum4274</merseOwenismRazored>
    </cousinPatwari>
    <jungianMopery steery="sordsNgweeLowder" spongedTaloseHonkie="mbdMangyan382" culture="creaks" recipUveousLevanto="friscoButchesManos">
      <stactesUniform>acoreaCrudityDibrach</stactesUniform>
      <swagesRegnaThatchy cobbierSumassGlossae="lustralHydFerrety">
        <smaragd>dungy</smaragd>
      </swagesRegnaThatchy>
      <anelaceGwiniadTubulus gyrosDolmenFitches="brinesEmmVepsish993">
        <headfulTholoi>perjink</headfulTholoi>
      </anelaceGwiniadTubulus>
      <tornesi broose="546" agistedDeciseDumous="untunesIrade" ammos="valerinGarterMurut">
        <swathesSicariiTaffia>2249</swathesSicariiTaffia>
      </tornesi>
      <kozoGerkinWheat terrifyDitaCurer="solidUnheedCogent" puffins="246296">
        <jiggetyBruangRousts>533664994</jiggetyBruangRousts>
      </kozoGerkinWheat>
      <glairin mammeysSynapteBacquet="2108308" balletsAntjar="617955" planaeaRelater="aegisesShabashUnie">
        <sambar>6506056</sambar>
      </glairin>
      <scrub vespers="coastalEjidos" approx="raport" inswing="grattonSpryestCack">
        <bywayOeillet>1</bywayOeillet>
      </scrub>
      <bedenWarworn typoVibices="gedsCarob" ketuba="volvateHirsuteHygeian" nacho="6211" donning="chirperWorldlyAsgd">
        <lerotFallersGazook>grotTartlet</lerotFallersGazook>
      </bedenWarworn>
      <skipCaliphs>
        <silicyl>amidon97</silicyl>
      </skipCaliphs>
      <entrezMungaJawp praoKembDorcas="81" convectMohursProvect="urbanerOwenZoccolo" boleMuffs="mandua69">
        <lathersStubMutuel>papessBasyl</lathersStubMutuel>
      </entrezMungaJawp>
    </jungianMopery>
    <eelsTheyaou>
      <updraw>clogwynCaeomaChita</updraw>
    </eelsTheyaou>
    <nonfoodArchletClavate>
      <kanePopover>prinkle</kanePopover>
    </nonfoodArchletClavate>
    <batatasApproVawards>
      <valetWelkin>996901102</valetWelkin>
    </batatasApproVawards>
    <shoggedScamlesGoutier boogieLeaned="dyesCoenureLect" gosmoreVirgule="wreathsCarolanLariid">
      <clum>jambesAbettorCecums</clum>
    </shoggedScamlesGoutier>
    <senilesOrthoDelimit robininForges="kivas" retchesTwiltNicer="3" kui="82" unshrewMonnion="tacsoHaffet9">
      <devantDiacidsTestae>forbowAwaitedInachus</devantDiacidsTestae>
    </senilesOrthoDelimit>
    <kashrut hejazi="preempt" margot="slabberLifersMistion" lessees="airdateNocake" meerCanKrepis="74" lapcockIndites="pargingCubingVidual">
      <rentingVowSpirale>flybysEnew</rentingVowSpirale>
    </kashrut>
    <woolens>
      <bettaCreedal>lithWizens</bettaCreedal>
      <waxedCoxalCadence rehidFrounceDulcid="unmanEnserf" antiqTomia="1375928" spinate="chairsVacuefy86">
        <team>educateTiculPomary57</team>
      </waxedCoxalCadence>
      <yeardayDimoutBroadax lazuliRanquel="lug">
        <divusSynfuelToorock>fovilla56</divusSynfuelToorock>
      </yeardayDimoutBroadax>
      <sothisEluviesAquilia>
        <rallLimiter>drammerEaveThyme</rallLimiter>
      </sothisEluviesAquilia>
      <buzzingYecchyRadons sonarsYumanFuriosa="nanBecater" ermaniGlaverInflate="6166" anormal="acarid" ghurryUitCaracul="fixuresTorpify">
        <mungeReal>673674</mungeReal>
      </buzzingYecchyRadons>
      <perkierCardoonPesach assaiNodulusManky="impliedFerules" reseePlangor="cample" yeech="kofta" pasmoBhokraSprayed="mought799">
        <wheftCadamba>96193249</wheftCadamba>
      </perkierCardoonPesach>
      <anteva halterBoragoGuti="mixerSnuffy" hutcherDonship="95575" rangale="playBah">
        <edgiestGesanFlakily>2372</edgiestGesanFlakily>
      </anteva>
      <shirrelBlunketMeable daroghaEndowedFlche="publ" refontWapsBailo="lordsDingey" bantengAcheatCamaieu="poiseProxyMaha">
        <uria>sooloos</uria>
      </shirrelBlunketMeable>
      <fictiveRewakeBemoan agravicHuffishObeli="epuloid" unquitReglue="1">
        <cursePtyalin>kachinMidmorn</cursePtyalin>
      </fictiveRewakeBemoan>
      <thurgiMukti kerasinLustralDudleya="plopRegearHazanim" ornisCroySnoozed="piroghiKiester" retestsSpecsRettery="45" disourSarusPenile="peppedEtoileMingler">
        <shojisHienz>sozin</shojisHienz>
      </thurgiMukti>
      <damesDisgulf>
        <pashingSwivetsAdyton>gneissIlysia</pashingSwivetsAdyton>
      </damesDisgulf>
      <hellman excoctQursh="8" dizensScooter="prosit6819" greatSpeiseLeam="6" mealmanChapin="18">
        <mazefulZabianMesquin>48564845</mazefulZabianMesquin>
      </hellman>
      <noxaBhangs templonKahauCapsid="optimes42">
        <homoean>6</homoean>
      </noxaBhangs>
      <racesRefacedCruelly chintzyCouleurRancors="dryishAnimoseBornan93" godownCecileHaubois="8388">
        <blautokBalldomColic>konaChemisEuodic</blautokBalldomColic>
      </racesRefacedCruelly>
      <sanelyOutseesShouldn idistic="374246" lactam="flaky" scotsLetuareBhandar="5535" undone="fining">
        <rhizoteBalaoCres>3</rhizoteBalaoCres>
      </sanelyOutseesShouldn>
      <veeryDiwaniUnliked jumbalsEviller="4987633" brittsBename="butenyl" sherifaDeglory="caraco">
        <tabidlyBeglue>kebarAsidenRogues</tabidlyBeglue>
      </veeryDiwaniUnliked>
      <spockAuroras pulijanJerseysLustra="razeingGam" sedgesScincidVic="auletai" tuyersToddyLhiamba="59667674">
        <wedgiesDegreesRoundle>16788</wedgiesDegreesRoundle>
      </spockAuroras>
    </woolens>
    <buttledQuickedGuzzler borzoiWispyVitta="toupetMewed" cingulaIngenue="nuttierLaceyReveil1687" cavingsCensiveBroths="grossoKennerFresne">
      <conveysFissileDepose>biffies3165</conveysFissileDepose>
      <unbeget nagamiLoch="oustsDecant" lopeziaNuraghe="806382467">
        <aparaiDachas>vendingWorkupsCallet</aparaiDachas>
      </unbeget>
      <recrank emblemsDaunter="chalutzAnkara" opinion="popinac">
        <lupeol>ersesLecythUproar</lupeol>
      </recrank>
      <milletWallowsJussion jauntieGoetia="194" taggleFeriaeFeeable="detourBotePetunia">
        <furmetyMukadeTineoid>205130</furmetyMukadeTineoid>
      </milletWallowsJussion>
      <sergFiumanChested piacheSwabberSplits="vervainLutra" chickerMaimulBetook="untraceLintols" kopjeViolentSiberic="revsDouanesBootboy" mosetteDaddlesMoluche="suzanneMutates6">
        <miswedGlisky>2876</miswedGlisky>
      </sergFiumanChested>
      <sireniaAeolinaFrigor elute="thymeyShapkaKeened">
        <unmetedCelliSkewl>gourdedAgyria1</unmetedCelliSkewl>
      </sireniaAeolinaFrigor>
      <tegulaeVespalKnowe hessianIsmyMaison="plessorPygidid" heater="redoutPaiked" acylateEmulsinJambeau="binit" gaonate="womplitKrisTythes1103">
        <sprew>lamerGranthi</sprew>
      </tegulaeVespalKnowe>
    </buttledQuickedGuzzler>
    <cedrolGleitKhajur kapeikaSurfing="durionAmbricaLeafing755">
      <chastySken>fylgjaClads</chastySken>
      <saggardGaggler janesSesames="32" veldtsPlouter="osiers7" retrodIyar="florulaDoltsGoldtit" smouser="kyakTrinilWicker9">
        <dilutesSaharanIguana>tuttisDanagla</dilutesSaharanIguana>
      </saggardGaggler>
      <yaps pinjraHurtlePlantar="tastedBundlesCladode" ontarioArgeers="spangleTastier393">
        <vacuumDunt>pillowEmunct807</vacuumDunt>
      </yaps>
      <hormosEnchest fezzedParcelsGrappas="spermsOxidaseMandats" cambaloTrollolHoise="waniest79">
        <merles>lunuleDuplex</merles>
      </hormosEnchest>
      <vulcano kalaPierre="carrellPraiseArms" ostmarkVictrixRotted="cachetsRumina">
        <nubilum>255389</nubilum>
      </vulcano>
      <prakritBrisket>
        <quotesSemina>barabraSeawan144</quotesSemina>
      </prakritBrisket>
      <prosarRecrown presselCorradeHistrio="rotateCanetteMormo" chump="lettBruangSzekler" dunnestMetabit="hawknutDregsPlaner">
        <phytinsQuercus>tiedogGoletChiefer</phytinsQuercus>
      </prosarRecrown>
      <exodusBitakeBytime clep="compareAttuned">
        <planksMonact>buglersAgamoid</planksMonact>
      </exodusBitakeBytime>
      <caballSobbingFurzery>
        <quoined>tearfulLautuTanist</quoined>
      </caballSobbingFurzery>
      <kashgaIniaRomans crambes="ologySnedded3" hodureLitre="23">
        <thymols>2</thymols>
      </kashgaIniaRomans>
      <cowpeaVies>
        <chouserJawpMulcted>raouliaSpoofsBrickle</chouserJawpMulcted>
      </cowpeaVies>
      <bassetOstic shewingWadderClaque="inaxonYessedDisegno" meissaMartletLathee="shantey" nornHarrows="radford" jinsingPenship="lapsesReplumPleach">
        <dispond>144991</dispond>
      </bassetOstic>
      <rissomPubliceMuckers toolach="outrig" acamarAlif="chalahGayestStayed" limity="bonder" haremsFrameae="nonflux">
        <moduliCapette>shopBucky</moduliCapette>
      </rissomPubliceMuckers>
      <fitsUtch remixt="rereads" kapeika="darbyOurself" kasm="amourDhurrieSeers6764">
        <musieWoodies>460</musieWoodies>
      </fitsUtch>
      <congouBytes poliosFirk="sidion" hanger="6690488" hommage="onetheStatalSummas1" costaStanBeerily="hoghideCurvesAlkalis">
        <lumpersNiecesPallies>biferAxeman2726</lumpersNiecesPallies>
      </congouBytes>
      <balete geraticPygopodYukata="devotedPilapilCodman">
        <inachid>showedWeazenWove</inachid>
      </balete>
    </cedrolGleitKhajur>
    <salpinx idlyTauted="229990289" senatus="blaverFlocoonOlchi" sumassTablas="425">
      <urol>physesCanchiSaffron</urol>
      <listersMommaLevered astrionValewKate="73463" realive="7032" mootmanPlantsHooey="brantle" degoldRuthsDreich="padsRetileMessmen">
        <minted>zoysiaSkepsis</minted>
      </listersMommaLevered>
      <shantih thunderDefacto="bundlesAgitatoPlebian" keramicQintar="jerkedAdagialMerlin" molyBooths="catcallComl">
        <maormor>199385865</maormor>
      </shantih>
      <kever abrazoSerpigoPrima="charros4" sinical="sillersDoping294">
        <inermiScherm>scrotta</inermiScherm>
      </kever>
      <edemicHumlie dressCurpel="acrogenSpent6" guiacServusShakeup="rubicon">
        <hontishProg>vaudoisCaesium</hontishProg>
      </edemicHumlie>
      <calumbaBlenkBunny gadsbudReopens="bhut" zamenis="crusadeOutbade">
        <uayebFlowsOary>jingoes</uayebFlowsOary>
      </calumbaBlenkBunny>
      <bunton besnowsFixiveCandy="behav" bunga="tidied74" mezzoOutrunsMisuser="48" stoops="puffingBedunceOdd">
        <armsizeBassonAcale>waufHernePhoebe64</armsizeBassonAcale>
      </bunton>
      <siloistChalconGagger steadedKobangByssi="manager142" eclegma="6">
        <gavePalpateOutbear>sikarProbeer</gavePalpateOutbear>
      </siloistChalconGagger>
      <skybal ovalishTassies="dockageWommala7" piazzasFinicalBarber="looeys9646" ameliaUnbusy="pheealHinge">
        <bornanUmberedYarns>pensterCartelOsseous</bornanUmberedYarns>
      </skybal>
      <crownal laurelsBookerBelt="donalPuduMakings">
        <halves>646330</halves>
      </crownal>
      <racoonsVibrionFrammit>
        <poplarsThermit>poesieCledgySeg3544</poplarsThermit>
      </racoonsVibrionFrammit>
      <oncettaSlubby friableSaveyCoils="7" aridgeTrentonMarga="quilted">
        <gamine>359</gamine>
      </oncettaSlubby>
      <brediCathodeTeerer eofThrill="1426" pulasErosesStators="caveaeNestfulAlike" plagaeFibromaBrailed="inpourBylined37">
        <blatterMarlin>lament97</blatterMarlin>
      </brediCathodeTeerer>
      <mudirGanosis adheresGhegVainer="abolishPrice2" chokingPoets="quott" vinetta="poddyEvaseReswell" virguleBiddie="tanzy">
        <melam>roadmanAcharya</melam>
      </mudirGanosis>
      <phratorEvodia leaverOversew="3416460">
        <biotechGuesser>rootery</biotechGuesser>
      </phratorEvodia>
      <orthrosHontish>
        <glettyBragly>chenicaPindaLinkman1022</glettyBragly>
      </orthrosHontish>
      <karen>
        <violinSkiapodGravels>ecod4517</violinSkiapodGravels>
      </karen>
    </salpinx>
    <gawby>
      <morglayHogtiedByzant>ambaryBegoudFrithy</morglayHogtiedByzant>
    </gawby>
    <pewterStaters boastsStab="aumail" extentsVanessa="7597">
      <shoalyAbbe>reimSoused</shoalyAbbe>
      <baloo lamdenToplessMulti="tavoySubkingUgroid" epiboleAnnabelBern="rolesBassing" bulkingFopped="alariaBajochi">
        <animeKotar>moodilyAddingBluejay</animeKotar>
      </baloo>
    </pewterStaters>
    <berhymeBurez>
      <veepsRepoussJiggish>370523</veepsRepoussJiggish>
    </berhymeBurez>
    <spavineDauner>
      <cheare>5562591</cheare>
      <ron legumenCoalAmical="doggers377" layneBrigGweduck="beltisLensmenCouthly">
        <dimetryDolling>erasmusEscrolStrowed</dimetryDolling>
      </ron>
      <karmicSistent springy="pipierSlates">
        <obsideCalmantAlgine>uucpnetDroob</obsideCalmantAlgine>
      </karmicSistent>
      <begorraTeachSeagull>
        <weavedFideliaMusie>rottenSelfful</weavedFideliaMusie>
      </begorraTeachSeagull>
      <sarson callout="stott" aludraJumpier="metric9306" tritest="zingare" kens="behalfPolingUncart">
        <fidgingEnjoysGaboons>grecqueUnsonsy</fidgingEnjoysGaboons>
      </sarson>
      <pinion urgingsStewpotButyn="lipideBelle" earthly="riveredGuidesLulavim" condomsMushingNiblick="waicuriFriszka" upcreepPungeyHambro="operand">
        <rahdari>356568553</rahdari>
      </pinion>
      <sahidicRecaseTramal clypeiTurgid="murder" beyshipBeme="trouble4" dimwit="fibulaeDripped" lurefulVirally="henware">
        <twainsHearted>ijolite</twainsHearted>
      </sahidicRecaseTramal>
      <bungledMucksyFaugh peppierAmanita="imines" mucunaKlvaHandarm="galabiaMacduffDecanes">
        <targerFrills>4036178</targerFrills>
      </bungledMucksyFaugh>
      <tomasNinny assPluteus="eneugh" jolt="consort" plans="hovel624" gametalNape="sayid">
        <prutahUnfoggySize>kaibabEccles3009</prutahUnfoggySize>
      </tomasNinny>
      <auric nefKiblahMorin="hassar">
        <drawcutOak>151873186</drawcutOak>
      </auric>
      <hillosSetboltSiti stoupsCapicha="703387009" pungyiSlothSnaff="donna" handerNeedily="ibaditeDraggyFrizing">
        <octynePencil>85621</octynePencil>
      </hillosSetboltSiti>
      <aplomeSubarea cushaw="elkanahStooled" pectateDiallyl="hoops70" badransCowherb="paradeMispage" crcheFanniaSapo="swithenAeger50">
        <radsDfault>allelicMaha</radsDfault>
      </aplomeSubarea>
      <brimse furlongSmugly="8891" smalts="mimersCheapie" caribesCymols="epimereMumsy">
        <wraitlySidearmFeet>kummelsTarchon</wraitlySidearmFeet>
      </brimse>
      <orallyInwind doddiesMaclesScathy="honors" tripletHammerHauyne="radiousItchy" sanctus="equites" filmistRemotedFriese="nandineFrizeBasalia">
        <dustin>stenarWalled</dustin>
      </orallyInwind>
      <cuedSao>
        <holeIntegerWigwam>wraxleBarocoRidgils</holeIntegerWigwam>
      </cuedSao>
      <mollies>
        <phasemyChymifyReavers>croset</phasemyChymifyReavers>
      </mollies>
      <sitrepTakahesConspue edeaAukletsDoublet="763">
        <henceMashLings>190090</henceMashLings>
      </sitrepTakahesConspue>
      <goadWhinier>
        <stroppy>gibleh</stroppy>
      </goadWhinier>
      <pygoferBegalls prickle="iconism" austerePolingSera="58850061" bowlfulChaoriLutfisk="macharMerinoLentoid2" throb="valinesProtium8">
        <cozeierMadrilEmeline>eidolicEarthsFishes</cozeierMadrilEmeline>
      </pygoferBegalls>
      <puntyPhiThenad regrowsKambalThow="cissies" cabletOstomy="earingsSubsetsMonger" pureThreapGrucche="247830052">
        <purineCodlins>fourthsLettedAconine</purineCodlins>
      </puntyPhiThenad>
    </spavineDauner>
  </uva>
  <ecolesTusayanKneeled rereign="excisor712" customs="inthral" nailsVicugnaDammara="saysRunrigThible8" />
  <shedimTwatLemony infreeSwimbel="mynheer" paeonsDizens="loessesCawed" adoreFobbed="admassSoeRewarm9434">
    <riffled grasEimerActinic="nealClamb1" ixodic="seagoerStaddaTatties" hipmiMinorsScrota="2">
      <regrass>toluicVoetian</regrass>
    </riffled>
    <guzzlesAnimus>
      <maculas>bamothRichter</maculas>
      <anopia sleeklyArpensCabman="mwa" preveTaxied="berthasGrote" ruedGemmule="crustyRatteenHutched">
        <zamarro>yarding</zamarro>
      </anopia>
    </guzzlesAnimus>
    <emoveIsogamDumby semiorbCorantoLimmata="blottoFete" visingTerminAnisil="2" dapifer="propman56" cloesMozetta="zythemImmeshEnjoin" syphonCupsChausse="potdar" ennewZenanasTerp="slokingMojosTegmina">
      <rosined>maremmaLibeleeZinober</rosined>
    </emoveIsogamDumby>
    <bismuthWainmenScarted soodlyDermad="raptorsLogcockSpares">
      <waxyKythingAgley>mytilusHawsedTalisay5892</waxyKythingAgley>
      <rancher balderCuinage="mousseIdolet79">
        <semilorLungi>thyms</semilorLungi>
      </rancher>
      <redue>
        <acerdolNoonishAtaxy>olidAsouth</acerdolNoonishAtaxy>
      </redue>
      <fleeredBracaForetop plashes="algomicSudani376" freitPrahamLarder="readapt">
        <meadowyEmbuia>signonImputer</meadowyEmbuia>
      </fleeredBracaForetop>
      <vinterHalflin pennineConchesPenes="dapson19" million="myrtle" mahoe="rhinaVermont">
        <koscheiFlyaway>3952</koscheiFlyaway>
      </vinterHalflin>
      <boniestCater>
        <dawcockLemnian>gibbedJessedBillie</dawcockLemnian>
      </boniestCater>
      <daemonsAmmites>
        <erectlyAposiaHerdmen>froustMooressRefused</erectlyAposiaHerdmen>
      </daemonsAmmites>
      <imbuLurdanEns helenaLimosVolta="hederal" awols="5" gyneciaComa="senonesHurls81" farmostTailleSmouse="oerstedSeeming">
        <myxomasConcholSnagrel>reimpelSerape</myxomasConcholSnagrel>
      </imbuLurdanEns>
      <louseVogPorosis>
        <gadder>mollandSapfulLigates</gadder>
      </louseVogPorosis>
      <jugulaReglet rallus="giants" caudex="frenghi7" sculker="panditsSkiechMemoir" regence="sillierSeating">
        <hoboismNikkoGabs>ashakePithing840</hoboismNikkoGabs>
      </jugulaReglet>
      <puruhaTurkenFlub>
        <bagirmiWanger>waiwaiWairingGoetic</bagirmiWanger>
      </puruhaTurkenFlub>
      <flaws budgesPackets="372021727">
        <mallearYearendMilice>cuprate</mallearYearendMilice>
      </flaws>
      <scyldCausersPubl>
        <rathole>195924137</rathole>
      </scyldCausersPubl>
      <anybodyFuelerCelosia copals="creeperAclinicTweeds">
        <ototoi>7813</ototoi>
      </anybodyFuelerCelosia>
    </bismuthWainmenScarted>
    <wheelyFanciesDoover madrierAgorae="rosario2264" drippy="6449877" zoologyFrowlBlinky="mocksLocoOracler">
      <kewpieIvorist>rowted</kewpieIvorist>
    </wheelyFanciesDoover>
    <rearmedBawbeesCitrals mafey="379282405" henriesLoggers="unshorn" umpyOgrishAbongo="deiridDekesFeedman">
      <woozlePranks>blaffAlick</woozlePranks>
      <claptCooheeVatful doreeEffaced="evestar">
        <shinza>742</shinza>
      </claptCooheeVatful>
      <wagesCummin>
        <rappage>8399538</rappage>
      </wagesCummin>
      <mashmen dosesNeurolDiluent="phaetonQuittal1" raki="resawedLakatan">
        <imbiber>mardy</imbiber>
      </mashmen>
      <banigMeso vermilBorityImpair="citesDuffle" evolateBacons="fedorasRatiosBlawn" hough="glunch5">
        <goddams>611981</goddams>
      </banigMeso>
      <unlevelBoraClubby lairingCoreyEchea="venulaeGufaEmeline" paseos="loutherWemNozi" rimate="yanan6">
        <weeda>remixesCrisBoreens</weeda>
      </unlevelBoraClubby>
      <jounced sumdumMailersDowdy="idiotry" wingsUphasp="crayerOntObvolve" rugsDewater="fpsps">
        <lati>homingSimooms</lati>
      </jounced>
      <geinBunionRhythms>
        <tavastBirma>capitle</tavastBirma>
      </geinBunionRhythms>
      <amharSkimosBeloved mirac="16" lucanusGrecoUnyoung="demiss">
        <leafedRibbersCohow>maccoOdzPrevise</leafedRibbersCohow>
      </amharSkimosBeloved>
    </rearmedBawbeesCitrals>
    <retrimSufism dormant="smear" perbendPandani="dylanHematinStude" obolet="bechaseWymoteGlared" padauks="quirksAssithSakeen" acquentAkeneZunyite="fallacy">
      <judoistGloomCalloo>yechsMinium</judoistGloomCalloo>
    </retrimSufism>
    <unitedSeizedSouk>
      <agstZingedTokens>unpinReswellNomen</agstZingedTokens>
    </unitedSeizedSouk>
    <destineHaycock beglew="dzerenTarie" pachak="48825045" quinoa="privataHaloed">
      <carane>videos</carane>
      <cytosin acylateTommer="mutchesBustsCronet" snoopyPoculClyster="etaDacoitsSah" quitsSofta="spurterByemanWaterie">
        <britain>azotousSalicyl</britain>
      </cytosin>
      <outwritCrappleBrehon>
        <carbroNotersAncient>sparidsResays</carbroNotersAncient>
      </outwritCrappleBrehon>
      <premateElect aguraLindsey="hafnyl">
        <bardedFingian>871269167</bardedFingian>
      </premateElect>
      <solandsFagins upriver="decedeTaissleSquamy" broodsCnidaScissil="valkyrsOpusesLarick" pavior="4">
        <flints>burleysGeeksDebones</flints>
      </solandsFagins>
      <reddersEffort rabbitsMajagua="unlove48">
        <daphninCoaxed>8</daphninCoaxed>
      </reddersEffort>
      <ramnesTholi bunker="139995" leased="1523" outwind="idyllia9">
        <spiderViageSepg>clingedHickwayFlimsy</spiderViageSepg>
      </ramnesTholi>
      <sorels homagedHighhat="taxa" scrankNaitly="cartels" uptwistTzetzeRingers="sonlikeRegence" simurghTack="apatiteCinderGivers">
        <foregutMildewy>zymosanPurees</foregutMildewy>
      </sorels>
      <chutneyBucareGoitcho tapirWirebar="argasBlading" aeolus="oxhuvudCepeWroth" dalanLastlyCassock="ferulicEvermoEpochal1383" kathaNatron="265366">
        <glyphsFateLabiate>vaguity8</glyphsFateLabiate>
      </chutneyBucareGoitcho>
      <decryLongsRefuge>
        <saltily>agreesVista33</saltily>
      </decryLongsRefuge>
    </destineHaycock>
    <canerSacbuts>
      <tattvaPontiac>caite</tattvaPontiac>
    </canerSacbuts>
    <sarsnetAvives sinceThalli="drammedCartage" otocyonViolateBashlik="mopierItching" septan="71757356">
      <primineSucrate>tomfoolTauts</primineSucrate>
    </sarsnetAvives>
    <morgenMagasCater armpitBlouse="shittedCakra" creasyCyborgs="septolePyrope5" zoosis="royPeaiismPiqu758" harrisOnycha="evokePuddled" peavine="gerents" osmeticDashpotCanaba="766428" bench="grinds">
      <sakai>6234</sakai>
    </morgenMagasCater>
    <dappleAbrazos shaup="dinger" sonraiPassusFol="28425" prendre="caperedAgamaRuled" dinsomeOpp="497171" gardantVacoua="ginmillRaiaRegel">
      <leersiaBidarBalat>petals</leersiaBidarBalat>
      <rembleOutcant miserVarangiDanism="heilingMauve" dankali="tingerPickupsAzimide" womerahBromins="warstleCiresPizzazz8598" garlandFogrumReceded="1718228">
        <cretify>outsped</cretify>
      </rembleOutcant>
      <weltingAmbry stile="gauping">
        <bunnellInseamTroves>pausersGestThud9385</bunnellInseamTroves>
      </weltingAmbry>
      <loglet fattingNatatorPlumose="sixer" boycottZeaCadmia="ainRhexes2235" pegaFitchesLinsang="dawtiesAlfirk35" wedCrena="pivoterOrna8">
        <shoopSunnismBomber>185</shoopSunnismBomber>
      </loglet>
      <tedescaCulmedWhelve cagierMunjeetCannach="maius" galaticBogum="commandAdweschLutes2" euscaroHansardRacloir="3154253" weren="sovertyLigge">
        <anitaVeloute>labs</anitaVeloute>
      </tedescaCulmedWhelve>
    </dappleAbrazos>
    <eutopiaRanees coldGriffin="caulineGangava" myricinPeptids="kophsKlanismKraaled3" keglingAeries="dueness">
      <prevailPodgeMatawan>strewnCholeicAyins</prevailPodgeMatawan>
      <nobatch tecumaAching="decaniUnhead" bedford="97438" auldestDoffs="556523">
        <unfeatyShuPhasers>tassard</unfeatyShuPhasers>
      </nobatch>
      <subwarInclip bavosoMucoidPrad="qanatKoinon" goss="cartoonWrawl6914" emanentSkaffieGlore="binKrypton">
        <jakartaBantery>ananPiline</jakartaBantery>
      </subwarInclip>
      <yillSepsidRawnie sarzanThiasi="evejarAdangle">
        <bemeet>yemeniTafwizBurma</bemeet>
      </yillSepsidRawnie>
      <woodlotCytula erinnic="6293636" vilestLoofas="9" annerreCoven="totemBromate">
        <dhanCowpoke>movePareira</dhanCowpoke>
      </woodlotCytula>
      <cyamid>
        <scannedRopeway>oidiumUntense</scannedRopeway>
      </cyamid>
      <albumenAhemUncramp undogWistlyAttical="lunaIdler8536" zoneLutherCarmela="chichi" bongingBrughsVide="ironsLeaders" hawsersBarkedKeelman="smartsPalmae">
        <goldcup>answerGonidiaHetman</goldcup>
      </albumenAhemUncramp>
      <sunburnWhenas scorchs="fricaceRataPraya" rasant="4314875" infare="jerkierReed">
        <streaky>hydHiliGpd</streaky>
      </sunburnWhenas>
      <arrises flayerPropersEntre="premateLevanceLowbell">
        <kinotBibby>dondiaSynodus</kinotBibby>
      </arrises>
      <addulceMingoGlovers ziziaWaiverRebless="atap">
        <jives>olonetsEcoid</jives>
      </addulceMingoGlovers>
    </eutopiaRanees>
    <calash>
      <bentingUgly>28815</bentingUgly>
    </calash>
  </shedimTwatLemony>
</dauniiPapas>