<?xml version="1.0"?>
<resinCamelsFumes>
  <tawhidDilemma sorbedBipedHewel="8" kyschty="jibbs" carwashMarengoMaine="telsonsItchierSonde">
    <sackful>
      <prologiRuddilySmirkly>303</prologiRuddilySmirkly>
    </sackful>
    <mantelTrionfoCordy>
      <hyp>foretFortranSyst</hyp>
    </mantelTrionfoCordy>
    <pastingBureaux>
      <vogt>dizainFlaying</vogt>
    </pastingBureaux>
    <pogeyRumblyPillar>
      <bereFrutageRedbait>eosinesEpizoal</bereFrutageRedbait>
    </pogeyRumblyPillar>
    <abruptWarblyRomance>
      <dripPlouk>topcap</dripPlouk>
    </abruptWarblyRomance>
    <camanayDawishRainful>
      <dressedKylinVerily>bixaScenaryCauser6</dressedKylinVerily>
      <berwick urgingsSusanne="inbeAcrisy" tergalOrpinSpited="skirret4508" micellaLeery="uproar">
        <daidlie>triads</daidlie>
      </berwick>
      <sacroGermanyReclass>
        <seem>slik</seem>
      </sacroGermanyReclass>
    </camanayDawishRainful>
    <cachinaSibilusAflaunt>
      <foredayBractedWhist>stotterShoot19</foredayBractedWhist>
    </cachinaSibilusAflaunt>
    <rohunVoivodeSeg>
      <penideTiersArolia>unscarbBrimseChilded</penideTiersArolia>
      <subsort adzerKirkman="weevilsYodelsColor" catvine="mantleEmerizeAttuned">
        <thristPellets>agnize5</thristPellets>
      </subsort>
      <chamferFomentoWhelks juza="squatsDoping" bravoesOrderPlanxty="couldstFeriasRosbif">
        <gurges>kraaledFraseGienah3480</gurges>
      </chamferFomentoWhelks>
      <pechtBoardedSkied>
        <stupas>84083</stupas>
      </pechtBoardedSkied>
      <farerCods analogsUmpingKings="hoptoad" ekhimi="petiole">
        <bounds>vellumyGrowse7</bounds>
      </farerCods>
      <kisang sashery="muckna" chevretSubruleFatbird="resinic" typingTievine="combineChert" yarl="fishmen">
        <puma>soapi329</puma>
      </kisang>
      <mirexesSplice portio="gripeSternoAncille">
        <bolledFrae>enkraal</bolledFrae>
      </mirexesSplice>
      <kylikecBetas ronCobaltsAmerced="elohim" psychidCottid="8498495">
        <secluse>tukeMunsRemene</secluse>
      </kylikecBetas>
      <trocars washed="uplinksTahanunJeep" kiackSeedboxArriere="107565816">
        <trehalaDitt>kanga</trehalaDitt>
      </trocars>
    </rohunVoivodeSeg>
    <snaper scolops="hamfat" tomnoupCrs="deftest" brughStumourUrsa="foaming" lobusBrassyRiver="pigeonNourishReveals" rummyLampman="405273678" beadedFarcistBeth="mommyKelpie79" lintieQuoinDroger="432">
      <dishragFormicTajik>565753</dishragFormicTajik>
    </snaper>
    <betainPaisas decoct="forgoCocullo" drearyNoctis="silicylWangun" cowfish="voiders" loredMasticsGaleeny="boxings9179" shakaTringaKella="coucherChuje" talletBungeyPithing="bots">
      <anoxicPonyEatings>beemanHybrids</anoxicPonyEatings>
      <bagpipe>
        <bert>vasesZiphian</bert>
      </bagpipe>
      <mismate>
        <ethionBarkhanPaesano>paganHolloosPrivier336</ethionBarkhanPaesano>
      </mismate>
      <mamzerBeerage rigolet="mulesInomaNegrita" rawest="50" undrawsBillage="917183" dungy="4222978">
        <pilings>acktonOnduleGums</pilings>
      </mamzerBeerage>
      <fleetlyLineas tampionDididaeEtiquet="gaging" osmium="estuaryUranate">
        <sma>isotopyStubber</sma>
      </fleetlyLineas>
      <avatarDeified tholesYeomanMugweed="pawning" cordingTexan="pyxesFaucesSnoop" gummousHeaten="intrateGuls" unitsCuringPurey="chaksi">
        <heroics>reccheEnvied</heroics>
      </avatarDeified>
      <least koft="37773" misseatReflectAlibamu="729" keyhole="dapichoHurgila2" decapodNuggetySharif="305">
        <hagueShooingShojo>patriotBurbler</hagueShooingShojo>
      </least>
      <beglareDespiteExpose sanjeevMokySpicula="abba" tenlineFaucet="cymtia">
        <skitedDoddle>laddiesPlodge</skitedDoddle>
      </beglareDespiteExpose>
      <thanageValanceBifolia craner="sovransDipAlidade">
        <approx>fustie</approx>
      </thanageValanceBifolia>
      <entrustSpline plotted="scaleniFlyless">
        <humorsLovery>abc</humorsLovery>
      </entrustSpline>
      <redness nativus="outbarkCannons" repiqueBertha="drainePhonicGreeing" potherb="pikeyPatsy" crepingEthenesCoonily="3">
        <tarri>spoliumCabaSpail</tarri>
      </redness>
      <draviteFeltedAnni>
        <sionite>afflictKiefs</sionite>
      </draviteFeltedAnni>
      <oogleaToroid rifiRoset="677025729">
        <rejolt>iringQuartinAdrenin</rejolt>
      </oogleaToroid>
      <tagRotasPards minxishRetear="tunasExine" amidolRisus="rooksFlinterAirting" plewchCottaePipidae="464">
        <relicsGundogsNerolis>leed</relicsGundogsNerolis>
      </tagRotasPards>
      <sprang hole="mislestBezette" gutwiseTugriksMucosas="itoistFootieDrant" unparchYrs="pleach" downby="92585">
        <coronaZenanasPptn>foments</coronaZenanasPptn>
      </sprang>
      <mousery guijoMustier="gaslit">
        <traikedChesonCorser>600271</traikedChesonCorser>
      </mousery>
      <wahaheAslaverDexter>
        <concn>flota</concn>
      </wahaheAslaverDexter>
    </betainPaisas>
    <brantaPsst tampers="glochid" vadisHein="mararaOxheadBiffin" milkmenJayeshMewer="unsawed" biffed="bal" meropeGobian="balaoLect4">
      <bowses>85</bowses>
      <hoaryPrecox apastraGrugruAlumine="ascentGazabo" vagient="polyneeDighter4165" kerl="neurualSaliant" apostemGlia="subparZingLimpid">
        <forrilIndigo>bespoutCanallaJurara1502</forrilIndigo>
      </hoaryPrecox>
      <senatus effacesModica="slipt5519" premateRodlet="charciaMarchLarynx7" hewtCaulote="joug8916" strawyItaliteReboils="manics">
        <fooderRadded>donnerdRegard1049</fooderRadded>
      </senatus>
      <taxir lomta="cabby" britany="49408" shamedPivotsSauroid="gobble">
        <altGore>46171609</altGore>
      </taxir>
      <samanidMetazoa collin="31" agavesBlites="shockedKidang8">
        <huddockNipVentoy>rindleHasting87</huddockNipVentoy>
      </samanidMetazoa>
      <lakerIgnorerEmpires sesquih="itemyDiaper" ladylyIronist="31" ionizesArkie="cinuran927">
        <phytylBredHour>566236</phytylBredHour>
      </lakerIgnorerEmpires>
      <awaitsTopicSponger unhateZonulaeLaagers="jctnBehight" scoteHauteur="durenol" cyulCautel="limulidTasty" segathy="unpale">
        <canzonaTchapan>114</canzonaTchapan>
      </awaitsTopicSponger>
      <sandpit sabrina="abamaAmoebasManioca">
        <anesSukuTaivers>menyiePlow</anesSukuTaivers>
      </sandpit>
      <gambet oudsFitcheeSmokily="outswamNinthCooers61" deedsIcefish="cesses" gypsyry="wageredRanulas">
        <heedilyNiggraYardage>saliantAliculaPiolet</heedilyNiggraYardage>
      </gambet>
      <beenFixgigLors etouffe="lindTreater" silty="sotolUncededMumble">
        <dotletFlanned>linitisAbsisAtokal</dotletFlanned>
      </beenFixgigLors>
      <rodentOchavaCorset jowlishFollis="borinePoisersCzardas2589" sakeret="revinceLanolinSleeved">
        <amityBallup>94256700</amityBallup>
      </rodentOchavaCorset>
      <hagada>
        <bawdierEvidentFunnier>962</bawdierEvidentFunnier>
      </hagada>
    </brantaPsst>
    <icho>
      <asseUnrakedPorteno>spulyieDivulgeSheaves</asseUnrakedPorteno>
      <seceded nectary="tuzzleAmylateGobbin819" assumerShaltBib="reentry">
        <outwrit>mimingBravesClique</outwrit>
      </seceded>
      <confestButtonTopee ephedra="1006918">
        <grapes>valvateBabudom</grapes>
      </confestButtonTopee>
      <khayaSissingSabeing grekingAnasaWrithen="palisse" meadowyQuo="unbends" whorleStases="jonSebago">
        <ratafiaSnippet>chorisoNighlyTriplex5</ratafiaSnippet>
      </khayaSissingSabeing>
      <piroot vedaism="kameelKyurinMonist">
        <mickies>unfrozeDragnetReaming</mickies>
      </piroot>
      <dacoityGlummy dragglySuints="razzlySowinsEjido5" aretteChitheCrissum="tercelMisdietEnigmas" mutates="urazine23">
        <closelyEmigresBindles>acapuOxheartAcerval</closelyEmigresBindles>
      </dacoityGlummy>
      <lilt siever="6323489" unpassStainerFinewed="trifoilBaja" unition="protext" titlerGreisen="outwayCrche">
        <cooeedNutrice>waukingNewburgInhales</cooeedNutrice>
      </lilt>
      <misseatDefog galeus="abirUriahDumbest">
        <woody>isletMinters</woody>
      </misseatDefog>
      <rediptNeeAedes impubicBorylAffuse="kvar" cithern="exesUppbad560">
        <hushingGuazzo>oppone9588</hushingGuazzo>
      </rediptNeeAedes>
      <drateDipcoat boomierMeltonsTotable="deviseeRacemic">
        <shirr>retax</shirr>
      </drateDipcoat>
      <litsterFatsoUproars cfdTaen="visitNoniusSung" orgue="shone">
        <flunkedBurger>826</flunkedBurger>
      </litsterFatsoUproars>
      <arderDartars>
        <scarrer>bonzerEduceEncup</scarrer>
      </arderDartars>
      <nervosaEducTrois karnZariba="kerriaPitter332" misgive="305243815">
        <sileneDented>drieghRatters</sileneDented>
      </nervosaEducTrois>
      <spuedEpopEggar unmountRepoundEscoba="34949017" munches="repourLowse" burghsCrewingViewy="ablerOrvietoEnough" lehay="magmaHidFugging71">
        <upleaps>ziphiusCatwood</upleaps>
      </spuedEpopEggar>
      <bovateKomati additurBufidinMayhaps="3943" resolve="spailAlexius" wizier="dentyBadge3270">
        <belimeCatwise>reseatScopateBullpup</belimeCatwise>
      </bovateKomati>
      <caligaKloofsMacbeth emory="gelatinValourSlammer" alarKran="98790145" guaiacUsurpor="weak" cupula="scroogeDayboy">
        <winzePrinkIroner>stigmatMarvelsDeimos</winzePrinkIroner>
      </caligaKloofsMacbeth>
      <poxes exaunKat="acneFencerAplomb" birthRsvpHill="kalkvisKodak" roon="cadesseSixtesLunoid">
        <goalSapan>637236030</goalSapan>
      </poxes>
    </icho>
    <sampans enedSarlacHiems="9022264" drakeSoccersFilasse="disband" seetherAlefs="beebeeHeroinsWhse" rumored="cardiodSlakyScall" wylesStradl="zebecs" snowingUndocks="headendKentDeess" harsh="stithy890">
      <fearers>harbHildingNonpar</fearers>
    </sampans>
  </tawhidDilemma>
  <tenno skitTropine="breveteSquarkFlyback8" />
  <trapsKationsHoumous hyraxesClinchErg="mowableGreithLassoes" custodyAgamasTensify="2972381" />
</resinCamelsFumes>