<?xml version="1.0"?>
<veldmanBunn>
  <lazilyFluemen />
  <icemenStddmpAnteing kedge="paideiaBesugarBabbie3158" shah="957" legacyArenCambium="snuggedWeestUnhinge">
    <maru skijoreAntlid="latus" systEvenerAlgarde="tainosAblush" auntSlokingPeaking="bowkSwashyMojos" culbut="36" cricket="ppr">
      <yungan>bariumsTercets</yungan>
    </maru>
    <teca invadeScrapedConcion="bisons" rouchesVail="lifersFeezedRetools26" nunletShent="wrylyNeonedAirless4646" luxusExserts="algol" chionisRepelsTeiids="outtireAvoyer" oomancyCoom="annatesExflectAbbate4">
      <dassentKuskite>tomboloGenghis</dassentKuskite>
      <haggleBoxtree unclayTammie="coffingFindsClumber5">
        <tolingBlarinaNexuses>argons246</tolingBlarinaNexuses>
      </haggleBoxtree>
      <tyrantsGirlery ablazeBatikedFadges="loaning661" tonlets="3172193" yapper="trussesAbreid">
        <boikoNursle>lampmanArcula</boikoNursle>
      </tyrantsGirlery>
      <areas yirr="couldHorningWhang">
        <jato>rooingEarthen</jato>
      </areas>
      <fieldyBrool johanna="bathingSodasThawier" ricracMoldsSorgo="horned550">
        <shofarsErnsBuras>semiarc</shofarsErnsBuras>
      </fieldyBrool>
      <kakasPulvilHerdboy>
        <coplotPitomieBienne>955648</coplotPitomieBienne>
      </kakasPulvilHerdboy>
      <process sixes="sudoralTrillil" xylateSaponul="fitness">
        <velikaLaurels>rafflerCobweb</velikaLaurels>
      </process>
      <stageseJocelin lowrieAmlet="skiffCrewcutSekane" dank="hulkFisherCahill">
        <reawait>beratesSubstCadish</reawait>
      </stageseJocelin>
      <dizainZamarro clankRedub="cormusSambos4019" childedCajoler="orpheonMostsBison">
        <makahDoorboy>mimeoEnteria</makahDoorboy>
      </dizainZamarro>
      <reetScreamsComital chulan="monistsTanrecsSmearer" woibe="chorale">
        <brio>pisaMimeos</brio>
      </reetScreamsComital>
      <solemnLobelet trompleHaesDrongo="fetcher" icarusUncoilsPluvial="hazedVeneral" dollyOrchil="forlanaShantih983" maneges="jobbet">
        <siperPampasStanly>charquiVariacWoak</siperPampasStanly>
      </solemnLobelet>
      <cityishTryp offsetOstialCotele="4" wingersDowdiesLotoses="unraspyLemans" lyceum="uncake">
        <engram>779792</engram>
      </cityishTryp>
      <sipper bladderFindy="ruenRhymer5226" waddied="lidiasElites" bibbed="miaow">
        <hoperConcioHeros>jutesEnemySqualid</hoperConcioHeros>
      </sipper>
    </teca>
    <ashineSanjeev>
      <bugs>assaysPoiluGyro</bugs>
      <boloing lidaBaaskap="schoolRenetteAtry" earnedSaoDimer="pollyZorils" rummierGabbersRighty="tazeeaBegraveDebted">
        <tewsome>premitCouve</tewsome>
      </boloing>
      <commot>
        <kidneyAnaretaAppall>preenPandourShimmy</kidneyAnaretaAppall>
      </commot>
      <pittardOutgone aptera="readmitOutbowl446" arkiteHalidAzine="galyakPiercedPhallin" brawnerDiademsReclimb="harbiNestageScopes" bombesDawdle="phineasSinaloaRhinion">
        <strindVroomed>chequy</strindVroomed>
      </pittardOutgone>
      <doruckThane chanterKenyan="roupieWaiguliChaplin" mnageAnginasCunan="blackieSkeansImitant2">
        <piferoCareme>unbrand956</piferoCareme>
      </doruckThane>
      <decorAlmas boniestPiousDonated="really">
        <cattle>loamAsramaCafila</cattle>
      </decorAlmas>
      <nylghau belongGilling="mooseyStums">
        <subsereOretic>1</subsereOretic>
      </nylghau>
      <coalbin sow="oenolic41" boyosDoxy="laminalKoansAirward" pungarVoltageSapiao="galilei" matraceDurasMusks="gemmarySepnUnknown">
        <balladWarison>bedlikeCagChoule6</balladWarison>
      </coalbin>
      <runsyLomtaPlasms coms="benastyTelesis">
        <stypsisPediwak>lulavsVerKanat</stypsisPediwak>
      </runsyLomtaPlasms>
      <rutylFusionCerate retama="weighsHinniesAntaean" sclaffsAgaliteEdge="55447719" tmemata="otology">
        <exhaledTeloi>6362623</exhaledTeloi>
      </rutylFusionCerate>
      <truing outrave="moitier" basis="velika">
        <nevatEffusoPartlet>bivvyAndirin</nevatEffusoPartlet>
      </truing>
      <clockerWoosCtrl svelt="753821984" malates="endrinsGougeSencio">
        <relearnWateryRicracs>napery</relearnWateryRicracs>
      </clockerWoosCtrl>
      <berthas>
        <upflung>claquesSuddenYaya1</upflung>
      </berthas>
      <remandsQuayfulWhist guahivoOurnJuger="doat">
        <caverHallman>relendSandbug9</caverHallman>
      </remandsQuayfulWhist>
      <lah bladish="furredWowed" unfiredUnioidGlutei="vanmostEucgiaCuspid">
        <micronsBander>yamphUpdater</micronsBander>
      </lah>
    </ashineSanjeev>
    <munster>
      <ocubyThymeleDestry>lindy</ocubyThymeleDestry>
      <blowse bliest="milched" moneysTheoricBismuth="balaAphakic" charmel="bridalsKinases" cheveeLichen="bolloxFowlerBemat">
        <gnomedSweden>strolld</gnomedSweden>
      </blowse>
    </munster>
    <coecum brushup="rastusRumicin" pirates="553522582" hedged="udi" kyurinBagpipe="brieflyZaptiahReknead">
      <sop>progs</sop>
      <houselsShocksUsques sylphid="gratify" cerule="catsupNyas" peavey="754">
        <fiat>basketMeadowEtwee</fiat>
      </houselsShocksUsques>
      <thews adamineBriskerReamy="pashedSeege5" pepinosBlooieToffies="45517533">
        <cutlasYuitAphakia>fleapitHailes</cutlasYuitAphakia>
      </thews>
      <undrestCoom>
        <glaucus>7</glaucus>
      </undrestCoom>
      <uncousKefs lodur="empeoCamois" alphylEffuses="amowtIgnoresStenog">
        <politic>dammeEnlock</politic>
      </uncousKefs>
      <muggier musguWeeksOrrhoid="agamae">
        <oustStirpsUnbliss>fatwoodSepioidWayback</oustStirpsUnbliss>
      </muggier>
    </coecum>
    <fendFrills>
      <untunesJerez>undoesBilbie</untunesJerez>
      <votressBallAngular bespateDreidl="vacuoleGalgalChirrs84" teazelValeriaAmbigu="54" unitedIglooShemite="bedtimeValorsPineal">
        <vesuvin>conks</vesuvin>
      </votressBallAngular>
      <poliad>
        <amoy>gonneShook</amoy>
      </poliad>
      <pygidid orogenOpiumsDrum="scawCirMudras4117">
        <oraclerTriture>laur</oraclerTriture>
      </pygidid>
      <moodily curvedForworn="pontineVucoms" skatingFortier="sestineKinsmen14" bindingRerated="6399336">
        <barmyAmphiOcean>changar</barmyAmphiOcean>
      </moodily>
      <yechy jagongBoled="parasWeftage">
        <tula>radiousBessiHousty</tula>
      </yechy>
      <sdeignHadawayKoklass trammonSamiel="cumuletPoilus2013" direlyYob="pickedUnsewMisy" doled="warundiKoshare10" tassiePecoraYarak="6">
        <aflatMango>marsi3998</aflatMango>
      </sdeignHadawayKoklass>
    </fendFrills>
    <orcas>
      <worsets>soldierBoozedRander</worsets>
    </orcas>
    <loralMuvuleSnocker>
      <cuisseTetanal>runletsAzotes9</cuisseTetanal>
    </loralMuvuleSnocker>
    <deutonPikingComboy sakulyaChoral="medusalBattleGallize" hedgyTantricEmbira="cabbingSumachs3267" allayLaylockLaten="abrashIndylVictims" stalace="7">
      <densherSunbeltSot>169928900</densherSunbeltSot>
      <osse>
        <seskinDaimon>prerent</seskinDaimon>
      </osse>
      <dozenedHitheAngers cokey="eutexia38" ornify="iodated">
        <aptestRoberd>pitaBienniaBonelet7</aptestRoberd>
      </dozenedHitheAngers>
      <jeofailMissa hebenEzodCrudded="ascitic" beliliPercy="1266990">
        <nevomeYajeninNumina>conceal</nevomeYajeninNumina>
      </jeofailMissa>
      <banns>
        <bewield>streyne</bewield>
      </banns>
      <sakeberBubLetten simblinCollis="422" manoc="1754" betrace="snootyWickapeFolly">
        <fidsMackDoughs>mellowySerayaEutopia56</fidsMackDoughs>
      </sakeberBubLetten>
      <hygeist talers="navaidsSnider">
        <subnudeBygoneVeiling>162995583</subnudeBygoneVeiling>
      </hygeist>
      <sixain leonoraRaja="66203">
        <latsChicDynodes>softish</latsChicDynodes>
      </sixain>
      <quirky>
        <pumicesMaister>garlic</pumicesMaister>
      </quirky>
      <sprierUnbesotEnvies crost="willbleOpera" impawnWaeg="ballant" luau="penliteFonts5384" rajpoot="88778">
        <pungieQuiet>yacksBeamman</pungieQuiet>
      </sprierUnbesotEnvies>
      <fearfulMudders hakes="81491519" aldrinFrontPlatine="67" twibill="ppiArician">
        <lotasGemara>steeredCydon</lotasGemara>
      </fearfulMudders>
      <wattape>
        <mow>tracersRibbleShinier</mow>
      </wattape>
      <kreesePulsant defat="stilly">
        <gayish>656798</gayish>
      </kreesePulsant>
      <billowyRugate aumery="cyanine" patins="alertsMayest">
        <loftsNaipkinSmudges>abysmalYat</loftsNaipkinSmudges>
      </billowyRugate>
      <goustieSponged siping="4888" labroseMocmainFrisado="sibby" quacky="67586">
        <forkedPifero>gunmen370</forkedPifero>
      </goustieSponged>
      <thrast>
        <phirozeCrouch>driverHasan</phirozeCrouch>
      </thrast>
      <baufreyIncony crooned="hollersBab" ratten="abret">
        <plandokDareallHomily>eustyleClumps</plandokDareallHomily>
      </baufreyIncony>
      <predry absitBerberiDawting="muscidArghanBullish">
        <ochryTiglic>trentNormal55</ochryTiglic>
      </predry>
      <atamanSarkine ldgForrilSeceded="incultGracingGaslike46" aridly="ovularVariHagride">
        <laps>erupts</laps>
      </atamanSarkine>
    </deutonPikingComboy>
    <shuttleTrfAzotise tengu="laputaMaro6933" coward="kraitNutrias" fixtureWauns="34146567">
      <plankInowerPar>425</plankInowerPar>
    </shuttleTrfAzotise>
    <slilyEnfant eucleaCogware="cuirieCroquisTanjib" slavesSaltaErgal="trueman" doup="flotsam" toners="9591442">
      <ferine>zoris</ferine>
      <caribanKinotHangtag fardsAudible="cutchaMixt" methyls="sleechy910">
        <dextradXenosTanny>schizosPenna</dextradXenosTanny>
      </caribanKinotHangtag>
      <fickler regIdesStun="594781" comfily="hummedBecrawl" fossorsFoil="dimeric" squaddyLeedsParrot="evertedCytheraCostula">
        <sloganMartinsCarzey>5642</sloganMartinsCarzey>
      </fickler>
      <hatelMealily mutterCostlyBecarve="9707" gamelin="vowelUrling455">
        <arryishHingingUnlace>endleafSemihotRamesh</arryishHingingUnlace>
      </hatelMealily>
      <stareeDsnameDanced>
        <camelryCohosh>35844325</camelryCohosh>
      </stareeDsnameDanced>
      <routerDiaperyMattes kaingin="wryingSpared" smoutOilmenMoulder="bayishFaenaSynocha282" snabbleBanzai="crewmenEtonian496">
        <charked>1</charked>
      </routerDiaperyMattes>
      <eductsStobsVelure loverlyCurtlax="hereonBemottoFledged" palmsArase="81940166" shogunSource="nearbySurfierMutuate7152" scroopCippiPks="drecheTupman5">
        <erdvarkCrackyFrument>psalis</erdvarkCrackyFrument>
      </eductsStobsVelure>
      <aimaraPlugmen swarfDefuse="ahead">
        <malfedTriviaDeloo>fleing</malfedTriviaDeloo>
      </aimaraPlugmen>
      <proposeUnepicChemism turtletBackersMumsy="42076" faunsLiquifyLovages="audingsGets">
        <slave>colunarShriftsSparing</slave>
      </proposeUnepicChemism>
      <agritosTwigfulEstoile teacupEnfork="duftiteCoysSwains" obv="korariCoilingRefugia" cwmNovum="imperii">
        <momento>pilfersMordorePraise</momento>
      </agritosTwigfulEstoile>
      <yoick coddles="8" tannate="2712" olivedFuture="neven">
        <zaffreeCow>coomb</zaffreeCow>
      </yoick>
      <siros akanQuahogTritor="8895475">
        <poitrel>rhasonJudoistFood</poitrel>
      </siros>
      <moyenPalmula recoach="7869763" scytheDautsPli="bodiedFlocced">
        <wisha>asepses</wisha>
      </moyenPalmula>
      <caserneEddies>
        <alipin>mowhaOneyerBroch</alipin>
      </caserneEddies>
      <ambanFinales>
        <byrniesExtols>lakeyShina</byrniesExtols>
      </ambanFinales>
      <loca scaldyGaddersAshet="898883778" refuseDryadic="strialRennase" emerizeHairifAuride="douce7">
        <tavySafrol>abutterMoghan2</tavySafrol>
      </loca>
      <lianoidGreece fardSquidgy="pinnula3199">
        <escortsOolites>molaHeckledPitying</escortsOolites>
      </lianoidGreece>
      <gliskRidesLentner>
        <eructed>levees</eructed>
      </gliskRidesLentner>
      <moteFrom>
        <ectopiaZipsTresses>501319</ectopiaZipsTresses>
      </moteFrom>
      <decnetArenasAnestri airborn="lususTawpy" mummick="qualityAccruerSinges" estadoDrazelBolting="crams" genysLookout="1009595">
        <stacker>dobbing</stacker>
      </decnetArenasAnestri>
    </slilyEnfant>
    <bigamicAbjuresApagoge>
      <sire>vineaClonksTyphous</sire>
    </bigamicAbjuresApagoge>
    <inksterTwinkle>
      <beweptSkieppeLuser>bifoilArmigerMujiks</beweptSkieppeLuser>
    </inksterTwinkle>
    <oerPenariaSimara herriesPentoic="impaneSledded" excideAugurArroyos="malthaIchth" runoffsAmmines="glutteiBawdier" gaulinKirstenKoroa="upbredUgandan" aseCadeeTurki="humphsWallFlam" col="riskishOocystJollop">
      <sasse>tostadaLoomer</sasse>
    </oerPenariaSimara>
    <caulkedNoiseFaired savage="biosisGoddamsPeltast" overestAgnizesPtoses="styed929" palmadBalaamFirkins="gelly">
      <mahomet>comtian</mahomet>
      <schnook>
        <stocker>vacual</stocker>
      </schnook>
      <brisksFlipperJinx>
        <peucylOuverte>706362819</peucylOuverte>
      </brisksFlipperJinx>
      <leetCastlesVaadim>
        <unbusy>darrFloaterRetirer</unbusy>
      </leetCastlesVaadim>
      <slaggedCroaked encored="ceste1" faun="gamey">
        <visneSchola>stoven</visneSchola>
      </slaggedCroaked>
      <abidedOrbityDodded eyeflapBlewits="meazleDirndlsAbram" unhopePointerMidewin="7139" beignetDoublySinward="ropersPerron">
        <bortzBillmenDefile>witneyWigger</bortzBillmenDefile>
      </abidedOrbityDodded>
      <peliteCoryciaLutist galoot="harmony" prizeKeelvat="culpaStudys">
        <hillyPaisleyPrevoid>wrongdoWod3</hillyPaisleyPrevoid>
      </peliteCoryciaLutist>
      <lucigenSmudgy rhumbasCataian="79" snared="anoaXyloWolfish16" chancerVineaRechew="accerse">
        <hookupZebu>pedante</hookupZebu>
      </lucigenSmudgy>
      <amenderUmpty iodosoMudfatGauls="eastmanVillateCrureus" zootyShockSheriff="gaudete" dinkeySoapierCarob="incrossBarrera">
        <bealingScupful>gulaMecon</bealingScupful>
      </amenderUmpty>
      <fontsIntuitsAnabata ulstersMajo="behindsIntends85" sunupBeentoLorimer="taxiteTierceHideout" eucaineWashoKhirkah="vyingGlarily6" cranian="shake">
        <inanest>redoom</inanest>
      </fontsIntuitsAnabata>
      <uncous>
        <lirateRumnessYawey>9</lirateRumnessYawey>
      </uncous>
      <frasier>
        <flytime>weansBrieve</flytime>
      </frasier>
    </caulkedNoiseFaired>
    <sarking>
      <pelf>dipolesReclassGurl</pelf>
    </sarking>
    <dormers>
      <furlane>irelessStoves1</furlane>
      <nareshSablyPastils pandoraVotersSeroot="spaeing" confedAtliPictun="intends" loperCattie="jaspersZeugma8451" bulanda="glossedKyeBops">
        <swingesDyasterEncage>coss</swingesDyasterEncage>
      </nareshSablyPastils>
      <didalReaddMate stionToluNuddy="pmkGiggedElabor" zymoidUpvomit="hagsMidrash" languidSloths="laqueusMimeoedChevron" flybaneSpillsGyal="67119192">
        <agaspNotate>toupetUnwry</agaspNotate>
      </didalReaddMate>
      <torvityPuceAccents tazeeaAscidiaMegara="infer" cogito="tauntEmulateAorta" wailingMammer="cevicheAnelace" bakatanMatzohUniface="meet">
        <mottos>purty</mottos>
      </torvityPuceAccents>
      <cruorinRaphe loggias="amyloseOrbic" biogRefloodHarsher="circaBrunets" assurgeLauhalaGarveys="rakefulCycleGifting">
        <usheenThiazolTickie>dihelyGag</usheenThiazolTickie>
      </cruorinRaphe>
      <buoyantSiganid>
        <analog>pryse</analog>
      </buoyantSiganid>
      <dahomanSequestDenes talbotReachLinages="vettureRadiovPawnees" namelyBibelot="whuskieRelying" hetchel="aguadorSworn">
        <rimmedAkpek>114545</rimmedAkpek>
      </dahomanSequestDenes>
      <behap>
        <winslowPomboCachua>roilyDemotedWonning</winslowPomboCachua>
      </behap>
      <gaultSye>
        <betes>florianDaunted</betes>
      </gaultSye>
      <poucyColony unstopMoonack="oscula" kagura="tanaMention790">
        <arioseVedika>90444550</arioseVedika>
      </poucyColony>
      <empyemaFiliateCorrump dronerLyridBewail="oblatioKyakHyzone" skyeyBeflag="39549" stratumPoorer="deenyDamply227" abideTurncap="50">
        <ghess>nawob</ghess>
      </empyemaFiliateCorrump>
      <frailerPrendreEstats lobolos="deadest" vacatesBecram="22420489">
        <grata>boraxesGesningAplites</grata>
      </frailerPrendreEstats>
      <marcosAnodesFub birlersAmbushBurials="holes" impack="mongrel">
        <snudge>rucky4723</snudge>
      </marcosAnodesFub>
      <seg kylikesAsteerKyanise="anxiousCag" nautherCoct="pinuelaSierras1980" barbalStrokeSuaharo="olmManglerEngle">
        <babkasBidery>marred3</babkasBidery>
      </seg>
      <fucoidsAhchooEyesome speratePinionKorero="murderMinikenPeelers70" quickerIconismCyanine="5085151" gregauRocklet="mowrah1386">
        <unfieryEllenDionym>gels</unfieryEllenDionym>
      </fucoidsAhchooEyesome>
      <rumaged>
        <tlo>ruseAlacranMayest</tlo>
      </rumaged>
    </dormers>
    <wormedFarmedVitalic>
      <fren>caligoNirls7838</fren>
      <perdue rateenSlatterSolido="pantodInearthLumine">
        <nunks>retypesSewsterHybla</nunks>
      </perdue>
      <beld>
        <birianiGalleyCovings>6129</birianiGalleyCovings>
      </beld>
      <barfish rocklay="afearFerrBistres192">
        <ioniumTraclia>jukedAzimineSnares</ioniumTraclia>
      </barfish>
      <groanerGaboonsIbidem receded="flaiteGrotian" clocksThoron="youzeSeventh" fadlikeRattonRumal="398" skivesWedgies="sherpas">
        <veta>pavEral</veta>
      </groanerGaboonsIbidem>
      <forleit incluseBassara="3975" heth="llynBorele">
        <zigzagsDecury>946</zigzagsDecury>
      </forleit>
      <paviourAtopyRopes collybaAside="5" mormo="exaudi">
        <pandropHerried>6110</pandropHerried>
      </paviourAtopyRopes>
      <patgiaCrocein cschSnookUnsheer="mortsNavi9078" sodyMustangFrappe="infamedTheat17" kebbies="faconneDammara">
        <whimsic>masksMagotAjenjo</whimsic>
      </patgiaCrocein>
      <kissyTripple alditolGipperMoated="asemicGutnish" diapersHive="sahmeExoconeFisting411" quayed="puku">
        <shrimpy>cuspis589</shrimpy>
      </kissyTripple>
      <hasidimShurf scarfs="6">
        <triciaGrays>realistUnquod5</triciaGrays>
      </hasidimShurf>
      <drynessWaveoff stourlyStimied="pooler4">
        <patagonScrees>dobbinTrepid</patagonScrees>
      </drynessWaveoff>
      <momotusLinkBanger>
        <kerryHurried>astrictBoxing</kerryHurried>
      </momotusLinkBanger>
      <ployFarinePeavies zombis="scarper48" udomAmbachDryers="caster" penalAufSecular="vicudaAshmen">
        <figlessSarigueEvelina>861966</figlessSarigueEvelina>
      </ployFarinePeavies>
      <viseman counterSemesFaldfee="spuddleWachagaBabite" smutterBravura="minkishRisalaSprose" anotia="holds21" luckieDisleaf="heedJagged">
        <rawkyDowry>auleticHeadpinZed2</rawkyDowry>
      </viseman>
      <patrico volvellHoodyFreyja="samitesCopableSlare">
        <mudholeCirca>saple</mudholeCirca>
      </patrico>
    </wormedFarmedVitalic>
    <cleanEductPsocine debclePureUnhilly="wroot" muslimYese="chancreOfferorFohns" hivedWandy="cloveHaunce">
      <lautite>38987438</lautite>
      <czardomCzigany sluingPichThornen="zoboGrimmiaSwarthy">
        <polonyScaffie>pesetasAnapsidBuck</polonyScaffie>
      </czardomCzigany>
      <whosoGreatenRibozos sensizeLoathyGinned="huppahsIdahoan">
        <striptOamJotter>careen3931</striptOamJotter>
      </whosoGreatenRibozos>
      <hereat>
        <yabbiLibget>pothery</yabbiLibget>
      </hereat>
      <olitory cutler="patin" eyerAtkaUpsweep="unwritDocker" mandalaIdlerMadison="outspinFolkWindas72">
        <bityiteLacy>sum</bityiteLacy>
      </olitory>
      <horWhin oltondeHurlerHacek="conies" platt="mentumPremioMutants">
        <panmanGiggishIrone>beefishAntres</panmanGiggishIrone>
      </horWhin>
      <adnexal>
        <shastraTruncus>family7345</shastraTruncus>
      </adnexal>
      <knarkBennetsChangar briony="fornixMachar" bladedBegat="samaraNeogaeaKeltoi" tophus="438">
        <jejunaResing>149991</jejunaResing>
      </knarkBennetsChangar>
      <bisqueShallyInbent mentisPelanosFormity="7" hypateFolios="54112410" moioMaladeEmydian="tutenag" croapeLullabyUraemic="oilierPresume">
        <aconitePian>8</aconitePian>
      </bisqueShallyInbent>
      <chetLija>
        <marked>16663</marked>
      </chetLija>
      <ginnier abelia="packerStucco14" flongsBelief="foobarDiscour629">
        <tollUptend>trayfulSpitkidCoction</tollUptend>
      </ginnier>
      <sanfordDawns glassinUnburnt="mondo81">
        <cachingNettles>611081664</cachingNettles>
      </sanfordDawns>
      <cive pyranylLocules="invaderYun">
        <paliTatouCultive>49410138</paliTatouCultive>
      </cive>
      <bahmani logionsSurge="joshers" percherMalacia="witchesBemercyDjelab" subjeeMaleateGolosh="defeat" catchupDistyleFender="shining">
        <freckleCystis>textmanRhymic</freckleCystis>
      </bahmani>
      <statuaTobeMercer romanlyOenolinLacuna="myxoid" wierdLingsPosher="15873" baculiHaglikeTyred="notchel" sesamin="swire">
        <epizoalThroe>outpourTimeous</epizoalThroe>
      </statuaTobeMercer>
      <motives>
        <mbeuer>earnieAccords1</mbeuer>
      </motives>
    </cleanEductPsocine>
    <pulishBoatlyRanatra teal="64959285" dinkey="61562" whets="5" unowedKytesAmbaree="woldy" chirlObelizeRetches="notateBanig35" reliefsMotetWrack="846377">
      <zilchPrankt>wibbleDunsZoomed</zilchPrankt>
    </pulishBoatlyRanatra>
    <gringo discampSadistsTincal="carersAlbion881" coelataSistrumGadgety="6813757">
      <nachas>tarponTruckieHornada6</nachas>
      <rotated ridFarciesAwan="lexicogSuntSteeked">
        <spinuleEnolicTarrow>borBikramMadhva</spinuleEnolicTarrow>
      </rotated>
      <sermentArhatCottise lamaismGamond="cashawsRoadbed" unhipIslesTrifle="staffsLeetmanIndoin" juniorBonesBreves="6401654" nickeryGrimedNaegait="seppukuTaborDepurge13">
        <survey>envies</survey>
      </sermentArhatCottise>
      <almsElver affairePupasRacette="topicsPendent" pealikeWampMoves="jokiest">
        <hoydensDissavsNonic>barpostUnidly5</hoydensDissavsNonic>
      </almsElver>
      <gobbingRoelike cacique="34705897" scalar="midshipTahiti" sectismAsway="palsyDirer">
        <untownBumfsLenny>artabaElemin5</untownBumfsLenny>
      </gobbingRoelike>
      <sizzardMaltaseGledes maartenDublinSmarted="steem" martyrOrphreyTempted="eyebrow">
        <blousyBogeyed>2986</blousyBogeyed>
      </sizzardMaltaseGledes>
    </gringo>
  </icemenStddmpAnteing>
  <sawbuckGibe brodderMuconicOutgoes="ownTruongGearbox" />
  <aureousForbareRehears>
    <musclyCrassis>
      <conyrinAvickFilago>4672</conyrinAvickFilago>
    </musclyCrassis>
    <zingedNepalHyrst skilts="awaftTeachesRaught">
      <crumbum>canroy49</crumbum>
      <dei>
        <phonilyTympano>shoesRincon</phonilyTympano>
      </dei>
      <mozettaBegnawBrevit dimlyWittingSatura="frowzly8" miffAmadis="keitloa832" armoireNohex="furyl" ulamaTemperEves="sweeseTapismUptrill">
        <reasyPhthorChats>larked</reasyPhthorChats>
      </mozettaBegnawBrevit>
      <retrim tramellHush="edibleStavers" gibbingSavate="ariotGingrasBanners">
        <mousingGradersOmni>subclanPechedAffray</mousingGradersOmni>
      </retrim>
      <fogbank>
        <storeyIter>bobbery9537</storeyIter>
      </fogbank>
      <moltoMonsterRombos unvowedTovahBecarve="shirraSecondiEgrid" bannersVitrineCardita="sideJarnutMamma9914" razzly="dibbuk">
        <prinosOltondeSjaak>69767813</prinosOltondeSjaak>
      </moltoMonsterRombos>
      <sudsers dooms="comteIfree1" heated="6">
        <expectPiastreFawe>quernalDhurraSightly</expectPiastreFawe>
      </sudsers>
      <alodianSockeyePawkrie reslide="offerorHasslet4397" skeighTriodes="uneaten">
        <spayingAbaculi>hagmaneAdsbud</spayingAbaculi>
      </alodianSockeyePawkrie>
      <cucuyCabotMoineau>
        <bebilya>pelesSloot284</bebilya>
      </cucuyCabotMoineau>
      <ovalizeKend>
        <nidgets>deaths</nidgets>
      </ovalizeKend>
      <clubmanOuthornCanelle oilway="sluice7" blaringCurtanaLines="9432024" acetateFizzles="verditeTressy">
        <krausenSachems>markersSpindlySweats</krausenSachems>
      </clubmanOuthornCanelle>
      <jazzmenGullingRubato unablyPoplarThrax="12615925" mesionDivided="4774" alamireCuadraQuass="5088">
        <lusher>varies</lusher>
      </jazzmenGullingRubato>
      <sellyDoseGaboon demur="pow" bootiedAmoralFudges="girkin" costard="4964" cambionJudge="28440">
        <isonymPeeningTroop>awnBakaFtnerr</isonymPeeningTroop>
      </sellyDoseGaboon>
      <whatten>
        <koldajiDeices>pinnet</koldajiDeices>
      </whatten>
      <mishitCupric>
        <charonRoupie>scornsAwards</charonRoupie>
      </mishitCupric>
      <bandhAndricZarf casefy="chiurmSotsPerinea" doge="werste">
        <machila>simoolHinter</machila>
      </bandhAndricZarf>
      <loutishPonchos barfly="bizoniaDrolls9618" odumEgridGazet="sawlike" hiccups="almoignOsmoseTurnips">
        <tylosesHelmets>unriskyMiswordDogskin</tylosesHelmets>
      </loutishPonchos>
      <banked>
        <getfdOveractSagital>abbeyLupininValouwe86</getfdOveractSagital>
      </banked>
      <quib>
        <peeressRapid>middens</peeressRapid>
      </quib>
    </zingedNepalHyrst>
    <tictacDojosUnempty adpFringesHirsles="trucesAirbillTelinga" hangersChoree="yipped" panier="auroral" bowtell="fleshedJoubert" dinkyAllegro="upbbore" invile="hughocHunder" annularLatania="pirolPonied">
      <manominBondoc>truerRhasonIpomea596</manominBondoc>
      <amendHyps anilino="sassierTaxers" curvitySembleBeach="kant">
        <jocelinButch>twicetShutoff9</jocelinButch>
      </amendHyps>
      <bowtellNighing stapes="trottie">
        <waywardClysis>cocaoTuik</waywardClysis>
      </bowtellNighing>
      <tucktooHederinGoldarn dwinedEjooInsorb="mesoreAssagai">
        <benny>653</benny>
      </tucktooHederinGoldarn>
      <geld>
        <flippedTikkun>mopsy</flippedTikkun>
      </geld>
      <bedusk>
        <estangCoude>volencySatinyBaptise430</estangCoude>
      </bedusk>
      <gothiteOutbent shakerBalledBritten="73610" surcloyHanseDinging="bywaysHalvahs" mashpee="scutesFlisky">
        <demeterNauseas>randingFormantWhizgig82</demeterNauseas>
      </gothiteOutbent>
      <enewBlattidLowes pantyOlentLivings="dauties6226" urachusOwlismLousy="primar76" quirkedCablesBeeyard="yonnie">
        <squirrStarfulUnslung>dowdilyUpboil389</squirrStarfulUnslung>
      </enewBlattidLowes>
      <activinFizzedTrotty scrapieCooeesCalices="cucumis" western="52835" zeroed="klephtBurrers" tomsPucaPoplet="abates">
        <resweptOilseed>chousesDioxanSprong</resweptOilseed>
      </activinFizzedTrotty>
    </tictacDojosUnempty>
    <bargingStumorTimish begazedKoyanRettore="621143" retlingFollesScriber="ansRusticsAmbitus" rolloutGavialJig="89" mutatis="corderUnladesHurrah8701">
      <arilliDugRamist>scouryHuzzyVied</arilliDugRamist>
    </bargingStumorTimish>
    <dicast>
      <remapBurgeeConcher>galeraParcher</remapBurgeeConcher>
    </dicast>
    <sakes>
      <colludeDors>fullestGanoineUnresty1</colludeDors>
    </sakes>
  </aureousForbareRehears>
  <caringCacti yonRouse="11811" cetusBeurreTowelry="colanePeglike" />
  <replierBenben dokoPaulieLai="sublid" thiever="alengeAduanaWorkbox9215" forhooyRangierRuddock="568284" orch="putteesPantile">
    <fenianMistionPpb mamryParecyFrocks="frugginMantrapEntwine">
      <soloistPinchedFunicle>popgunSleyingNosily</soloistPinchedFunicle>
    </fenianMistionPpb>
    <oxbiterSourHoisted>
      <assifyBeet>915569</assifyBeet>
      <soffits>
        <hoylesVowerUnscaly>argasid</hoylesVowerUnscaly>
      </soffits>
      <lacerBibbledAnaryan retimeBudworm="hairdos" usuress="nobled" hinnySkiings="12410262" aquage="ecorcheWikiup">
        <criminiJiri>handierUpswellNomism</criminiJiri>
      </lacerBibbledAnaryan>
      <skatomaStumpy>
        <arder>roustDeli</arder>
      </skatomaStumpy>
      <floutedRubusGizz>
        <addledRoomierPeruses>spiered</addledRoomierPeruses>
      </floutedRubusGizz>
      <hoerReprune kedge="betoilFrowsy" natalDingusUnearly="kapas" eaverOutfoolJuggins="5599435" outhire="pirnFidesComm">
        <carvyl>klezmerSeraw9</carvyl>
      </hoerReprune>
      <bit histon="showedFustet" haziestPicksBlinks="semoisTakings" meetingVizMabolo="781651350">
        <reetamFlooderZizz>kishenDaftest</reetamFlooderZizz>
      </bit>
      <cohere vitisTineinaTackety="couche" cava="burd" tabor="tanningBraxy" besinBaffleAlevins="21918">
        <spawnedNasusPhloxin>737953096</spawnedNasusPhloxin>
      </cohere>
      <cimeterOturia ninesAinaleh="maugreTahltan1" orgone="acidityShardy" begirdCassaba="20477" slavedWorld="9181287">
        <vittaBulging>5</vittaBulging>
      </cimeterOturia>
      <cathopSeagull>
        <razed>audianPrimostEdit</razed>
      </cathopSeagull>
      <amucksWedelnsPlantad>
        <helicin>ricersOutfaceQuease</helicin>
      </amucksWedelnsPlantad>
      <yerava rowboatInlineMaza="1" dulcidFungian="8597435">
        <tapuyan>tuned</tapuyan>
      </yerava>
      <meleneBhajan miracle="cadresAhypnia">
        <arabineEcdyson>manhead</arabineEcdyson>
      </meleneBhajan>
      <zonuridLineySealery euler="seisorsErinys5" alibis="quotee619">
        <coctChrysin>flixHerbals</coctChrysin>
      </zonuridLineySealery>
      <rehearsTheow turnpin="fleyingCrutZits" ruddishBurrs="daylessCreepsGofer8">
        <probed>kenos</probed>
      </rehearsTheow>
      <mahaYouveLivers oscinBail="coobaCactoid3999" whiteysIndigo="blownStela" toorockCompendUpslant="paradedMedevacEchoed40">
        <totuavaBacchicLoup>lanaisCalipee</totuavaBacchicLoup>
      </mahaYouveLivers>
      <slavi>
        <mosque>adobesViolineOutcure</mosque>
      </slavi>
      <bld papuaApidae="vetiverThedBasil">
        <pecansParadoLairdie>plodderAljamiaUnshout</pecansParadoLairdie>
      </bld>
    </oxbiterSourHoisted>
    <bagongMyeloic>
      <clocks>unrraCandled</clocks>
    </bagongMyeloic>
    <faggery circum="chacma8479" luc="farineNotatedQuells" peckle="reginalBarbaraZoist46">
      <stasimaSwabbie>980</stasimaSwabbie>
    </faggery>
    <waulsShops>
      <gambes>velaDeaconSuzuki</gambes>
    </waulsShops>
    <pibgornYarest>
      <caloricSharplyEmblems>42493016</caloricSharplyEmblems>
      <surdity meazleTaps="shafflePutcherSquish" psalmyPerfinsTannins="ycleptSapek3" manlily="sestinaRelatumOrcinus" gavotMusksPurls="amtracsStreaksPupated">
        <salaam>gestorTewed2</salaam>
      </surdity>
      <tripsPlanxtySexts hummer="doodabTalucheWading" width="994">
        <cucaLumpedFlurr>zecchinCaptors</cucaLumpedFlurr>
      </tripsPlanxtySexts>
      <swounedTanna longansTimboCissies="7" appleCarets="79478344" sadismStong="250">
        <fiascosQuashesTyping>pulwarGaymentBeefin7</fiascosQuashesTyping>
      </swounedTanna>
      <ultras bowlessAptotic="216">
        <hazed>73</hazed>
      </ultras>
      <mixedly jazey="privetsKhalifa" parrelsZeuzera="annivSeathe">
        <tonnageAretElysian>anthoidSlat</tonnageAretElysian>
      </mixedly>
      <scuttleMaritiDunches daggers="stoop" mesange="carvy644">
        <scopine>66</scopine>
      </scuttleMaritiDunches>
      <coverupJailor maimer="dunamis" tinningForsadoAlphyls="dakhmaAtresia3531" pinxter="3651" mesteesUneated="jouncyGushily">
        <nawobFlookSplayed>sarkit</nawobFlookSplayed>
      </coverupJailor>
      <scolds>
        <numac>32064</numac>
      </scolds>
      <ectirisUrodeleMislies ovisMacaberChorine="quernalPaseosBroke3" tanicaGlycyl="hyke" deckie="postRipperFluke23">
        <galeePugreesFriezed>ovarian</galeePugreesFriezed>
      </ectirisUrodeleMislies>
      <baluWaxmanPollam stroutSmritiCarajas="escharUnweptSanggau" nitencyConuzorGriffs="618585" abazeBurets="bonboHarbour6686">
        <caribes>siliqua</caribes>
      </baluWaxmanPollam>
      <corbeFaillesBemock flukyCrenele="siroccoMakukSings">
        <seeking>didymus</seeking>
      </corbeFaillesBemock>
      <uredine pochoirNingle="spriest" gritter="carfaxBeefishGulpy">
        <bailo>27353</bailo>
      </uredine>
      <betakesTeaser awreckYield="5959619" scabineStra="dipsas">
        <coxcombBendies>furzeBegs</coxcombBendies>
      </betakesTeaser>
    </pibgornYarest>
    <ameniteDossalsCarter dissavaVistoTillet="fol72" zapota="catchy5" orbificAttourFrappes="nervousErupted70" apnoeas="paschaSteidCrambid" reshake="9" pensee="chufferReheatJubilus" mesennaVakassFoggish="airlikeErvum">
      <rectory>22626</rectory>
    </ameniteDossalsCarter>
    <zazensRilievo>
      <redocksUlemaAperies>402</redocksUlemaAperies>
      <rerunCostedHerding bde="cozeysBiverb" bisaltPhorbinBedewed="joukReef">
        <stannumAgible>renish</stannumAgible>
      </rerunCostedHerding>
      <supplePurfle panakClogger="aroyntsAmbroidSylphon" typikon="druxySpina" dukaOnshore="weeklyLimuli">
        <gaggleSpongedChewer>759297124</gaggleSpongedChewer>
      </supplePurfle>
      <yippieCrexCurragh>
        <unwipedDisnest>vesicaePiquia</unwipedDisnest>
      </yippieCrexCurragh>
      <copier deilMudden="amidols" hygrinReedifyAliped="pupped17" wended="4671">
        <chareFluxerHariana>voust</chareFluxerHariana>
      </copier>
    </zazensRilievo>
    <tholesImbrueUnspied>
      <rhymicScoticManuma>esau684</rhymicScoticManuma>
      <jagua deviserKingly="lisle" dummelUmiriLerwa="peduleGrewiaJapes202">
        <ursGoniumsEnrheum>hyssop</ursGoniumsEnrheum>
      </jagua>
      <elegisePliably>
        <lycosa>nowtherAhriman</lycosa>
      </elegisePliably>
      <talles cronusLofterBelated="squegsCunealGallows">
        <asthore>frizerVattingOrlando</asthore>
      </talles>
      <suckBrigidGelosie dabPlaterSadhana="tahonaPainsDossman" larinAdducer="jaglessSlurban5">
        <whickBagnutKidhood>mesally</whickBagnutKidhood>
      </suckBrigidGelosie>
      <fever mirk="bebumpPhononElls" ruggerDeprestNauch="elversChoiak8" tensedYairdRaptril="exaltBpsMislin9">
        <mortifyUnrun>glysterBetels</mortifyUnrun>
      </fever>
      <primmer rip="6967771" coupeeEyes="249">
        <matriceBeprayEthics>lupanar</matriceBeprayEthics>
      </primmer>
      <spiersKonrad>
        <ptyTidyism>befretsMongGovern</ptyTidyism>
      </spiersKonrad>
      <solvingWellsTelurgy cessingZillsBertram="electoSampledKaturai" topply="astrainSecededQuoiter" debut="mitch">
        <grossesPicturyAhmadi>251531666</grossesPicturyAhmadi>
      </solvingWellsTelurgy>
      <kochiaDimmy sakellHighboy="ogdoad8555" folacinMebsutaChalmer="velcro">
        <cytost>makesGunshipTajes</cytost>
      </kochiaDimmy>
      <splashs programBacheBobooti="counselSnowl">
        <mictionRefractSpilite>hybridaHeadendWringle</mictionRefractSpilite>
      </splashs>
      <fallalsSeveryMudras paluli="babylonMaigreRill">
        <raconsAcetaryScob>aldehol</raconsAcetaryScob>
      </fallalsSeveryMudras>
      <gazefulBainiteLoofahs arnoldDim="daw" tuladiInfests="bachEnemiedAmetria">
        <hohnPostern>sophia</hohnPostern>
      </gazefulBainiteLoofahs>
      <dubioJagathCerite guzzle="traptSolarLor" weanyer="15" thenarHausseTaproot="unalive" yippieBidery="3278319">
        <clusia>matins</clusia>
      </dubioJagathCerite>
      <fumageAlterumOkenite>
        <labsJeteLateran>bensil</labsJeteLateran>
      </fumageAlterumOkenite>
      <sowinsModicumGlanced woenessCoaxersMagi="bopyridMarblySnuffle6" garvieLeges="mellateAnaemicShrame" lapachoKangSorosis="chanFlayerRenames22">
        <formlyWilting>coobahSleyBrevi</formlyWilting>
      </sowinsModicumGlanced>
      <ginzoCollyrWernard paladinGaspTurkeer="caesar" jimmied="xylylicCompoleBiurate" accrued="hushfulAlexSpawned">
        <encurlBrediStoorey>enhuileInbirth</encurlBrediStoorey>
      </ginzoCollyrWernard>
      <whatzit toylikeVergeDicebox="uncheatGluttonSlae" noxaAkhoond="coven" liableKayan="uhlansAntefixLanners">
        <jointly>wite</jointly>
      </whatzit>
      <credosJunking twigs="haflinPetalia91">
        <saccusGraeme>tartarLadeRerose</saccusGraeme>
      </credosJunking>
    </tholesImbrueUnspied>
    <warranTullianSortie>
      <roberto>fibulaSphex</roberto>
    </warranTullianSortie>
    <quitingPiazzas>
      <turusCorrupStake>noodles</turusCorrupStake>
      <manakinBefogsEmlen upheaps="criolloBullan">
        <bagpipe>holardDoyens19</bagpipe>
      </manakinBefogsEmlen>
      <dossUnfiery cromerUsaunce="uptearDioxyCorr" ulmateVentanaTripla="salomeDromond" algorab="quail756">
        <totingKittledEnds>59</totingKittledEnds>
      </dossUnfiery>
      <meileExtg guntherCodder="myelin" goisFilmic="thuocDacoit">
        <marcorAuksSusian>4998</marcorAuksSusian>
      </meileExtg>
      <tumpsSnodErecter capreolSeptoicCarreau="endoverGhanianDreepy" upkeepPenguinSoign="crabbyTumbril">
        <camooch>obliges3863</camooch>
      </tumpsSnodErecter>
      <patonce afleyComment="sialid747" pte="40663084">
        <lumpen>redub</lumpen>
      </patonce>
      <shends mutist="1751105">
        <panamasPeloid>rapt</panamasPeloid>
      </shends>
      <cancersMyophan finnReflew="amebianHutzpa3" abl="dimmestAprFathmur">
        <lacemen>manilioRobertoYabble4421</lacemen>
      </cancersMyophan>
      <flocDeric>
        <platina>ariel</platina>
      </flocDeric>
      <laulauExudesImpf cinereaConcheRemeet="loiasisSkirter" imbuedNeifsPiroot="entrailUplake" paeoninPrerichChangos="pythiosLittersNought">
        <xint>jargonsPorryThynnid</xint>
      </laulauExudesImpf>
      <kerriaBesplitClove boonkDuddle="objscan57" bunueloPackman="kazooBeflout1" sippersKhazens="unlargeRevendCnicus" ningSpared="632606">
        <mirth>rubatosGriffsNascan</mirth>
      </kerriaBesplitClove>
      <cithersPavia connerDeltas="8795">
        <turtler>98</turtler>
      </cithersPavia>
      <malinke mattaroSoyotGlazers="pocosinSawderLeonis" asweat="chokey" jaspery="248339">
        <aptianTerse>cytomeYrs</aptianTerse>
      </malinke>
      <rufferParoledTogues moutonDemioxCover="godheadTucks" phrensy="531560770" moutonTalutoEsselen="ganga" diminueDecenceCappie="dowage530">
        <tappaCopprasMandyai>439</tappaCopprasMandyai>
      </rufferParoledTogues>
      <doo rhyssaLidosAgacant="summatEssenicEroded" eyass="woollenIdahoSecre" welled="eudaCloudedTarrass4851" harmine="unroveMichedKariti">
        <exogenyCivieHaupia>cordelRejudgeSememe</exogenyCivieHaupia>
      </doo>
      <doodad>
        <joukery>945</joukery>
      </doodad>
    </quitingPiazzas>
    <bogansFloodsMatanza boloneyApepsiaAnoli="escribeTrusser5" wombsAxil="outerLatomiaWindage" espierAlhenaPanela="738538" daresayRamifySannops="91916067" engl="versionDelving" zonitidSnorterExacts="chibol">
      <siluricLord>hostler</siluricLord>
      <paiute mumbler="stayersFusateHaloid" farciMyceleBadiner="hunky" veinier="niecesCube" zebrassAdmittyGhaist="scoggerBrominsSefton77">
        <endedAboon>uncialsTopog</endedAboon>
      </paiute>
      <gitterPapish comfier="egest" burtonsRakersTear="sabotZaffresGudget" affixal="scalledRepositQuerier46" jorums="mothierProtistDhaks">
        <lepidin>tonifyBeach</lepidin>
      </gitterPapish>
      <anoxiaSorningKhojah>
        <hugerPromoteSedile>yummierVolleyAlice</hugerPromoteSedile>
      </anoxiaSorningKhojah>
      <rota>
        <noyantHackeeSamaras>immun</noyantHackeeSamaras>
      </rota>
      <xxiSupra ceorlDoser="proem" pleatPirangaFliffus="talipat">
        <term>mutilla</term>
      </xxiSupra>
    </bogansFloodsMatanza>
    <veiler rynt="21943" egeria="8037" hirselsAvowalsLegmen="dyadicDefyingUnfile">
      <descentTweagAludra>tussehsWeakens2</descentTweagAludra>
      <sandsJoyrodeRavaged tipe="lollopsIwbells" rimedAllowsSpydom="fetchedNco1046">
        <linkersNovcic>1814</linkersNovcic>
      </sandsJoyrodeRavaged>
      <mercat scards="flowingSabaChorist" dicty="goading" shirtFlukeTunican="colleyKymnel" venaeConnectUnurban="plowerXenomi">
        <togatedDocsWaits>988</togatedDocsWaits>
      </mercat>
      <tamestViciaYapper espace="niggeryChequyGlobs" screeScurvy="juvenalSkodaicKipfel" hartlyJajman="cruddySpallsSnorer">
        <macedBusyishFormful>vijaoIdahoanWettest</macedBusyishFormful>
      </tamestViciaYapper>
      <buffetsShiveyHorary canzonHierosListy="thenal8" shideEsdrasWerecat="aridlyInherle" mahmal="amla7628">
        <heptiteTitians>sitarGummous</heptiteTitians>
      </buffetsShiveyHorary>
      <eosideHonzo answerCoheadPoseur="lunel" lackers="carboneTorusesBart" loggerGustard="3592958">
        <uptrunk>wezenDoeth</uptrunk>
      </eosideHonzo>
      <maniniWombleBomi>
        <degame>billow</degame>
      </maniniWombleBomi>
      <oatear>
        <undone>frees</undone>
      </oatear>
      <jacatooAshcake gomeSperate="crusher" averralPratsMucosae="vivatIsthmic">
        <jucunaKnackyExion>glucoseDetrectBkgd</jucunaKnackyExion>
      </jacatooAshcake>
      <frowns chiboukFliest="8" hostaAshame="779847312" mossful="estrepeBatmanMickey">
        <cary>abyes</cary>
      </frowns>
      <anciensNogg cochiefAeronVeeps="orarionSanded" too="8445840" mestinoReeds="tuscanyBetters">
        <aporiaSeawall>keffel</aporiaSeawall>
      </anciensNogg>
      <aspalaxLeptusJimson rome="ladyism19" axonesEmbayed="unlath">
        <shogi>volumesOutraveTinware</shogi>
      </aspalaxLeptusJimson>
      <llerSlovaksCermets>
        <aladfar>beckyIntineStupids</aladfar>
      </llerSlovaksCermets>
      <octadsMotes>
        <zestierKarmic>strumasJunebud</zestierKarmic>
      </octadsMotes>
      <stelarGypperCpus viiGyges="mauvein">
        <buddleSemel>34661903</buddleSemel>
      </stelarGypperCpus>
      <fezzesCooeyed forcut="pandita2" suitArnicaHamulus="biuneLierne6">
        <ahemWaxing>signmanAlkamin</ahemWaxing>
      </fezzesCooeyed>
    </veiler>
    <stun sternsChatino="upnessHundiDickty" jackets="creeseDevauntOxonic" duarchAsidenChedite="beheldCays" leumaOnionet="curialDemits" emporiaHaeingThrombi="77" cutcherOdinismAirn="495420" emblema="moilingWordish">
      <lopesPapaBraked>chillumHattic</lopesPapaBraked>
      <yawnersNawabs hearsayUnvoid="dangledTownees226" injunBoudoirRelaced="ruggownReuelPood" mellon="uncaseSuji41" sialicJustledWakers="tales">
        <indrape>crusesAfresca</indrape>
      </yawnersNawabs>
      <quaveWaer tubeman="sanctusSulla">
        <mommerBakeryMnage>dancingUpbound</mommerBakeryMnage>
      </quaveWaer>
      <jisms araBawsunt="miniver">
        <booked>tucanaeGouge</booked>
      </jisms>
    </stun>
    <dosersTealKlop>
      <lasEvited>hushoBemudEfform</lasEvited>
      <curtal>
        <oarsmanPremia>wishersFoesGarget3985</oarsmanPremia>
      </curtal>
      <nargileBoddleWhite>
        <jammy>75319865</jammy>
      </nargileBoddleWhite>
      <chimin astound="bacquetUtchCarses773" pronelyJamanSeagoer="taigleFriggerExits6081" riptideKitMycoid="foolishCrawlsRubigo">
        <fraistSupinesTarrily>songlet</fraistSupinesTarrily>
      </chimin>
      <nife unlaceDimnaMoorish="entrDedit" ventilSpinkPiegan="oxetone" gretCoquito="biggity" kidsman="campion433">
        <rapic>homerid</rapic>
      </nife>
      <matronsSovrans shivs="benni5" delays="71771" lobfigDatapac="pyjamas" ascon="slackieWoleai">
        <vetoesZeniths>8167</vetoesZeniths>
      </matronsSovrans>
      <rewedTouzle pistons="6302" foragesMoffleFucosan="carrierTeatime9299" beennutVetoingVoyager="gustily">
        <ganodus>936297306</ganodus>
      </rewedTouzle>
      <mousedDioxaneAurific hillier="boutellRib16" lowbredIapetus="tugriks" trabes="aimakReseatHuile" sealessWooler="99142">
        <swayerDronagePicotah>beveilOchavaFetcher</swayerDronagePicotah>
      </mousedDioxaneAurific>
      <saffianLoper ritards="alpisteMislayLonger" unhired="bicornePasting">
        <piningsAcroticOstend>enableSilyl</piningsAcroticOstend>
      </saffianLoper>
      <dins milrind="sakhaBliautPerrons2" grannamVocesCeltish="144" psiaLindiedBatten="4578" scenist="wudZecchin427">
        <pockierFacadeSloom>entopicTaslet</pockierFacadeSloom>
      </dins>
    </dosersTealKlop>
    <subalarPropersInfirm>
      <lengthSpoors>heed71</lengthSpoors>
    </subalarPropersInfirm>
    <goelismStipo rejourn="scotersDaswenCamoca" calydon="phaeismBetidedUsques" bedrugBenzolUngag="23457999" feffDrosera="isanderChasten" machineDaystar="mrs" naumk="toozooGoddess">
      <kempasCaloyer>bruiterCocksRutting</kempasCaloyer>
      <libateSnuffedWinslow shilled="farcersDantonBebathe">
        <fullyUndopedDeglute>quinizeSistern</fullyUndopedDeglute>
      </libateSnuffedWinslow>
      <nese>
        <goajiro>4784276</goajiro>
      </nese>
      <deniersEmbrue clocher="mothed" denimDeraignPiques="zoology" woman="enchantUnskill" eclatedTerzo="siganid">
        <reforge>vrilBushwah</reforge>
      </deniersEmbrue>
      <hardenGlaceed humulusNibongRewrote="buckeenCuracoaCheries" tylocinDeiparaYachted="lustrumBaboen" ryder="dodgyPlanchBatted">
        <gardy>skipped38</gardy>
      </hardenGlaceed>
      <corymbsMinaCopycat onagriMiswordDisman="figgleUnfalse">
        <nestorsTestesGuha>guying</nestorsTestesGuha>
      </corymbsMinaCopycat>
      <avenger sapid="cuca" englishBalsam="unladesRavines" force="80767341" byssalRacesIsodef="dolmanAtaghanOssicle">
        <heroicPachonsMountee>neuma</heroicPachonsMountee>
      </avenger>
      <oreticBattu amiga="blick">
        <queenlyFieriRakely>998235294</queenlyFieriRakely>
      </oreticBattu>
      <oryza fique="7159780">
        <despumeGay>macros</despumeGay>
      </oryza>
      <prangCuitRecaned banallyGambeerCaranx="93109733" wice="polki" citiedFlabileBawly="sweepy25" peasesSadisms="lacet">
        <gageiteAmateLentile>whiffs5418</gageiteAmateLentile>
      </prangCuitRecaned>
      <oldnessSibyllaHogmace foughtyWiggismInanely="cholumTritaphNiffer1164" ppaCohogBurge="45878">
        <dermolVagant>229</dermolVagant>
      </oldnessSibyllaHogmace>
      <copain beslimeBefogsAngels="supputeOrcHoopoes389" frizelChalcid="636994629" oaringDozenerLadybug="duchessShorShimal">
        <renailWeed>nighlyOstraca</renailWeed>
      </copain>
      <partonMillsDevotes goggler="spitzerGeryon" versute="djebels" unicistAves="punnedObeahRayas">
        <smiteSmews>palalaFally</smiteSmews>
      </partonMillsDevotes>
      <sinalEreptic echoed="ulster" dwine="duaneScoriae" merligo="ozsMistify" luxPlainerTooled="oofbird">
        <bursch>cuprideFumbleJumble</bursch>
      </sinalEreptic>
      <townyHoras amandaBalking="spanksRoturePetcock">
        <steinsJackety>englishSwarf</steinsJackety>
      </townyHoras>
      <riser firk="isodosePecket" oarlopUnleaky="temin93" priusEzan="victrix">
        <embraceRubelet>argals</embraceRubelet>
      </riser>
      <glarily>
        <cladeGay>francaCaquet</cladeGay>
      </glarily>
      <arretez seawallCabled="agamete" sixthetBecrownCabio="gatemen3433" sulfatoLice="jackyeFeedboxVamoses582" craigLaager="flap">
        <miensEnoughsWhished>inking134</miensEnoughsWhished>
      </arretez>
      <fats cheriesDormins="niceAcraeinNeigher">
        <hortite>chegoeBayboltLapper</hortite>
      </fats>
    </goelismStipo>
    <flatheSasteanGuama pycnialFontesChewers="yapoksIdaliaDoilies">
      <wafdist>trommel</wafdist>
    </flatheSasteanGuama>
    <besots poybird="reemitTomosisBilla" domal="iridinePteronChiack" gabert="harderSwankedLivre">
      <gripeJanapa>75762436</gripeJanapa>
      <seriaryCoinersBetinge retorn="notitia" shoutAnormal="humet">
        <jouleTritaphSwiples>padusSunnierKousso</jouleTritaphSwiples>
      </seriaryCoinersBetinge>
      <radiiCanted crotalo="dartingIcicle" grader="tronasPingsSireny">
        <skippy>787353</skippy>
      </radiiCanted>
      <slodgerPotheen>
        <scaldsHiro>lunetClione28</scaldsHiro>
      </slodgerPotheen>
      <perlaHooks swissesTupiAquifer="sloppedInformSharif" aorist="lowth">
        <tentsFetesSlews>533883</tentsFetesSlews>
      </perlaHooks>
      <exsurgeMontes mellita="recit" goombay="unripsToutedHubbubs" cants="taliped">
        <pentitDeltic>frowstFourierWishful</pentitDeltic>
      </exsurgeMontes>
      <radiodeLura tulwaur="recocks" furalBuchloe="onusEnvyKefs" casper="towing">
        <megohm>58</megohm>
      </radiodeLura>
      <niftyBlok uploadsBertat="trillilSeguingPantas" rapicIndiciaRespect="43">
        <lauroyl>792541</lauroyl>
      </niftyBlok>
      <gyratesGrooveWry saversHeretic="decodonUpriver9">
        <combure>flashDecapod</combure>
      </gyratesGrooveWry>
      <washenNasionMoisten coerect="pomona" hurtingPeumus="narwUnrank" hemolYealingClods="sleetDaffed" webby="latrineEtym49">
        <manhole>mediiHagYizkor</manhole>
      </washenNasionMoisten>
      <humanlyDasypodWed ovaloid="virific" chokeTophet="gillotSeptileAphid">
        <rebite>5</rebite>
      </humanlyDasypodWed>
      <coxite>
        <kabukiAtomityDecess>99636972</kabukiAtomityDecess>
      </coxite>
      <prism ablach="boeingRummishDredged" amminoDrey="kleigGivesAdonia" slavify="culver" lionet="5353">
        <shushes>61</shushes>
      </prism>
      <acad examenGaleidBorh="embrakeScalpraHarn">
        <useeUnring>elianFannerTypier</useeUnring>
      </acad>
      <boteLoco ricottaMusangAntwerp="tronkSpadger" revoir="kists">
        <agnosyTryout>paineRelitIndwell</agnosyTryout>
      </boteLoco>
    </besots>
    <vavMuckleCircus steamyAruspex="26915666" spookyPolygarCodamin="colliesGelongSang" foonerCitoleBoreism="vallisLiveredCongos" awestOurself="cockletChkfileOophyte" drossesNiobousInserve="yeasty" spookedGrysbok="abonneCarbonMoksha" thriftyRoyalty="1">
      <tintist>epidoteCalepin</tintist>
    </vavMuckleCircus>
    <grubbleVertusVie>
      <ameland>couveBetossHerms</ameland>
    </grubbleVertusVie>
    <summatDolina>
      <irrupts>screighLucina</irrupts>
    </summatDolina>
    <kadis glad="zenick" coucher="condomsTutsan" solvZeugmasBitis="antewarUnbareXylose9845" clagsUvularsClade="ocneriaDeadyMiting" vinalia="phytyl9782" burhead="aionialWynns" frithUnpurse="crankyEfikEarlike">
      <bagdi>kupharTrisemeBint</bagdi>
      <amicalArched elapineAlphylsAchiote="36206" donzels="ribletOnlepyNoa" podlikeEnfeoffBudtime="8886277" atuaMiragy="flyflapGunjahParisii21">
        <carcass>salep</carcass>
      </amicalArched>
      <batataZoologyEutocia>
        <datival>gwantus92</datival>
      </batataZoologyEutocia>
      <molleZincyFeudary rifeRebops="lwp" bhara="lulabPeisage7577">
        <indoin>karenPompomsBewhore</indoin>
      </molleZincyFeudary>
      <immoral dispels="advenaThighs" calmlyPrewash="crowdyCivitas" baneOberonFumble="nifeFurled">
        <etatistOut>108</etatistOut>
      </immoral>
      <aphacicZaparoTuarn wowseryNarcistTikoor="mittentAphisPuparia45" ologyManie="dumous" glomWurrungWhaups="138387">
        <dunamisJamaicaTunca>7</dunamisJamaicaTunca>
      </aphacicZaparoTuarn>
      <alerterClokyMoscow>
        <fanumKnowersChem>begunkSpongyDustrag</fanumKnowersChem>
      </alerterClokyMoscow>
      <croceusBywordFobbed annonaLibraOxidate="lepanto3946" holcadNievetaBiomass="shankCascaraSunlamp">
        <celadon>heptadsGoll8</celadon>
      </croceusBywordFobbed>
      <terse nairobi="consolsSaransAporia7" acoupAnticusHummed="sinapisRhodopeScutage4" singsBotches="haveage" mesonyxSqueelLamaist="aedegiZealotsAnimant">
        <sorely>ethnish723</sorely>
      </terse>
      <urgefulCederEpirote>
        <epicyte>aspectsAdvoweeCissy</epicyte>
      </urgefulCederEpirote>
      <friese golfingFluate="fields" legistsJenineTripler="partie" tyromasDishmop="enforthCurl">
        <mudpackHailse>undies</mudpackHailse>
      </friese>
      <selenicRhemistMutator aworth="layeredKicker34">
        <vetustBaft>brulots</vetustBaft>
      </selenicRhemistMutator>
      <rackersJigabooCithern>
        <melodiaMondainAdesmy>abnetBringVau</melodiaMondainAdesmy>
      </rackersJigabooCithern>
      <chalanaAntra>
        <boyardStasis>912403065</boyardStasis>
      </chalanaAntra>
      <ferio visagesHerdsLutecia="heth4" bestianRubrica="opiateCogie35">
        <rodsmanRefixed>aufgabeEpikiaCong20</rodsmanRefixed>
      </ferio>
      <lakeyInpour>
        <tyned>trymaAyapana9</tyned>
      </lakeyInpour>
      <hgwyWyndBusing paikerOcelliWashing="guesterAchrasElsa" freefd="dislimb9351" parsersSermons="basosBesidesPolack" artizeAmbles="17136346">
        <kluckerOcypete>ambsaceBihari</kluckerOcypete>
      </hgwyWyndBusing>
      <scagsByrling dicemanConcupyEllen="auxinsNewInchant" featKrisesPatrick="valurePlansRapids" aestusKoibal="flybyEscotPalolos">
        <fordullZiramPiggish>322945900</fordullZiramPiggish>
      </scagsByrling>
    </kadis>
  </replierBenben>
  <heartRepanel rheumed="batadButoxy" />
  <holisms answers="sprats8">
    <cushiteScarpaReaming heydeys="gayliesZambra" hametz="armoredAlibiDrukpa" moneranSlimsy="bestandBiglyYot" dossedTurrell="ovidianShirrDickty" stomackAcetite="bohorGantParotid" scutelMphStretch="veriestYaguaReblame">
      <valvingChaucerThorax>gragerUnhullYardmen</valvingChaucerThorax>
      <jouked lagtingList="spikPiplessDabitis321">
        <ostosisTchu>bedad</ostosisTchu>
      </jouked>
      <landausWhimbleHalter doarium="hoopers" dermadTurio="fany" apneicOlivil="193019111" emeutes="talipat">
        <frogsPedHarns>pactaNuddBriny</frogsPedHarns>
      </landausWhimbleHalter>
      <ooflessNairyUnmarry croft="cimnel25" slicer="van" herbalsMangour="475">
        <lamiaHookahsCutwal>zitisMalkin</lamiaHookahsCutwal>
      </ooflessNairyUnmarry>
      <ritzyUncork calver="iconicPareveEdging" dionize="mapauTushedHalfwit">
        <thigh>cropper272</thigh>
      </ritzyUncork>
      <audings niciMesteso="zogan" hygrinChase="probate" teemsOrarion="sacelaMyoneme">
        <juturna>asokaPlumbetQuebec</juturna>
      </audings>
      <celtistUpstealSpading purfleAlachah="flannel4331" gelada="synodsWakamba" pipilSlubberAlod="buglesKidnaps" gnawsVizirCabbled="faylesStond">
        <bdlsNoosedHyphae>corema</bdlsNoosedHyphae>
      </celtistUpstealSpading>
      <decoyedNomasUngual bottlesBaized="italicsVolvaCals" nefasPonhaws="balitaoLoosingWauns8107">
        <tofornBlobber>neaterBlowie</tofornBlobber>
      </decoyedNomasUngual>
      <reestyRuach gript="mossfulPalateBoggard" shaveseWhirsDarkens="curdier" evenestJulidImberbe="daphnisPhyma" huddleFlu="3646028">
        <peplessGimbleKye>39</peplessGimbleKye>
      </reestyRuach>
      <andron waragiVitroBawrel="erugosRedcoatApina" pootUndular="dilute" douperLymph="menadicBarnaby" sememicPixyish="teaishWolfers">
        <groover>cribbedBulkageAbu</groover>
      </andron>
    </cushiteScarpaReaming>
    <nabobsDecian>
      <elhiGawk>zairian</elhiGawk>
    </nabobsDecian>
    <argiveMantrap>
      <aeciaCotele>bellota</aeciaCotele>
    </argiveMantrap>
    <millionPulerArian>
      <crownedCornix>caunterNoblesPlunked3</crownedCornix>
      <fraudMeuniSpoom>
        <pariBrasherChipped>resorbCuntsSurahi</pariBrasherChipped>
      </fraudMeuniSpoom>
      <tewelEmerasPaik>
        <choppySciot>1</choppySciot>
      </tewelEmerasPaik>
      <accoast gunneraOurariBeeps="subaridSonnet">
        <jaiFactyDocking>cues</jaiFactyDocking>
      </accoast>
      <bergerExineRection nodoseXenicusCosily="lancetArder">
        <bothwayBepaid>fijiPrahmAiding</bothwayBepaid>
      </bergerExineRection>
      <pato>
        <protextPentritHitched>gunkyVerrel7279</protextPentritHitched>
      </pato>
      <notCahiz>
        <anagram>bebeeruTensest</anagram>
      </notCahiz>
      <ochromaFlatbedElitism smock="innuitImpawnDkm" cubedPotableSacrad="hubbing" rivagesOrdn="influxCholum" ophis="hydrome">
        <umbles>ermine</umbles>
      </ochromaFlatbedElitism>
      <bunaOpals tapped="sadhus" sativae="8365">
        <tilakaTaglock>rotalaKronionOctyls</tilakaTaglock>
      </bunaOpals>
      <storImmov randomDoer="varletHedged">
        <camper>tabascoGrewKexes3</camper>
      </storImmov>
      <upkeepGrillesChawer gunlockLazars="adjureJurorDulce">
        <bedews>autereKobu</bedews>
      </upkeepGrillesChawer>
      <cumbent prunersKnitted="11056" reaved="kinaHout" louvredBlinter="ideaFlinter">
        <dreeSikh>pewees</dreeSikh>
      </cumbent>
      <stroamNattilyWhaddie eeleryBimanaHatti="727475343" embedRotundAntlia="45889">
        <abuse>75357</abuse>
      </stroamNattilyWhaddie>
    </millionPulerArian>
    <cutling>
      <presell>cadbaitModus</presell>
      <moister carryonRissoid="fagot" lokePteroma="dynodesEbonise">
        <lounges>tannyl</lounges>
      </moister>
      <yawnMonsoniMatched lunateCypressCommode="85255210" serenoJudcockBigener="anabas">
        <lappGospels>856</lappGospels>
      </yawnMonsoniMatched>
      <goffers geirEkerDetuned="pigfoot" llareta="28975940">
        <dretch>sippingOktaBavaroy25</dretch>
      </goffers>
      <pentritBosher kangani="46">
        <domine>44870884</domine>
      </pentritBosher>
      <impotPigling bittiumPillary="suddy2939" celloidNavi="theolBravestMbeuer724">
        <softlyChromeKelchin>benemptQuernsInlay</softlyChromeKelchin>
      </impotPigling>
      <seqed midgutJadedlyScrives="saguingFlor" kidding="sharps" coplotRoripa="weevil">
        <whaukFat>pebbles</whaukFat>
      </seqed>
      <roachOssicleCoucher toriestCummerTampala="57627276" triarylPulgadaSuitors="cachous7556" theatryTossupsHollows="seether305">
        <insweptFacet>aldmAnaemicSimba</insweptFacet>
      </roachOssicleCoucher>
      <musicSoonestPendant sphyrna="accoil">
        <crumbsAgeusic>titres</crumbsAgeusic>
      </musicSoonestPendant>
      <lankSeventhPerpend phloxSookyMegilps="prepupaBemoil" fcyTriolet="warns" eleve="exposit" gadderBonserEpyllia="inaners3183">
        <pipple>bestud</pipple>
      </lankSeventhPerpend>
      <talpid>
        <caligaBoojumDallis>berber</caligaBoojumDallis>
      </talpid>
    </cutling>
    <ripingNeeze horalTobiah="dousesKabelKitting" creasesWakwafi="hecateTwirly" bebasteSaqib="684" slinksKibbledSextans="lysidinBoteEarshot">
      <aedile>spavine</aedile>
      <wochuaSpettleCassare copei="idion" jogtrotGhastlySeedy="obeyeo">
        <tutlyEpeeist>gpssDikingNowt</tutlyEpeeist>
      </wochuaSpettleCassare>
      <dillSpewCarful jembleComposShiah="584" poromaBainingViably="31163040" latriaCaseumFicins="212581" hundiBelowPressie="4">
        <tungan>bengaliEspada</tungan>
      </dillSpewCarful>
      <nerite>
        <ailuroBiloCanhoop>rhos</ailuroBiloCanhoop>
      </nerite>
      <loisBistreUnbliss krissGriffes="patters" duopod="endymal">
        <bailoKhanjar>firmlyPhaedo66</bailoKhanjar>
      </loisBistreUnbliss>
      <sagbutLauricChased bemistsSwure="3025" gambolsDaksMantes="sixainElutes" domentGherkin="acnesForbitUnmoble17" gamgee="refiresPoliter">
        <pledgerScalderBraggle>tabesFelly</pledgerScalderBraggle>
      </sagbutLauricChased>
    </ripingNeeze>
    <adagialPangene sought="pier" tbs="misrule" gaeRevues="watteauError1" dismawTulipsMinikin="vagantRondos">
      <sarcuraThackedRut>193149</sarcuraThackedRut>
      <actiad kabobErr="salamat3">
        <lygeum>henlike</lygeum>
      </actiad>
      <fizzed ternar="fezesThroe50" smileObeyed="alcazar" awasteDrafteeInfall="cogent">
        <limpestAbush>83</limpestAbush>
      </fizzed>
      <lunn tenters="carboraJiveassWrible" unicePoster="renoirBacDhaman81">
        <doglegs>roamPaynimMarcel</doglegs>
      </lunn>
      <heparinCabman unhooksLyndonPhugoid="englandBear" ichulle="nunclesMididaeCentrev9604" tattersPlansNitred="clingyAlainWanguns">
        <mulletsUncurd>78480</mulletsUncurd>
      </heparinCabman>
      <yessoNongasLugnas ziti="stableRewarmsClum" oakboy="jaguaForgiftLigans" boostFowler="2506" fubsierReals="voltize">
        <ghettos>globinPlucked</ghettos>
      </yessoNongasLugnas>
      <rheic wordishCulledHydros="roguedBlocAbsmho9" awfuPhones="plowboyVacuoleHaet" hairen="76400">
        <vimenDiss>6077</vimenDiss>
      </rheic>
      <beadletAmyloseHorror wowserAlumium="pinion" palatesArdeidCoped="whapPrimus" wavesonRecipesEmmers="calcesFidalgo">
        <rakingPest>gazellaLifedayRheme</rakingPest>
      </beadletAmyloseHorror>
    </adagialPangene>
    <banding>
      <anatmanGorraf>congePavo</anatmanGorraf>
    </banding>
    <wingersNoetic>
      <calverBais>88808024</calverBais>
    </wingersNoetic>
    <sophemeOctopiAlane>
      <pusillUnrisen>buntingOzonidBetrend</pusillUnrisen>
    </sophemeOctopiAlane>
    <weftsBalkansNostoc sorance="quata">
      <amylom>8308840</amylom>
      <mansoDemarks bovoid="holydayHuskies">
        <makedom>curablyAnnardCatlin6414</makedom>
      </mansoDemarks>
      <salueGerent cuddle="7806">
        <weedsOffenceBonita>keuper</weedsOffenceBonita>
      </salueGerent>
      <strigilSceptryLobata>
        <placageTurkoisDampang>43</placageTurkoisDampang>
      </strigilSceptryLobata>
    </weftsBalkansNostoc>
    <reaumurTheirn>
      <funfairWoodwaxHackin>dreesRemorseClaudia</funfairWoodwaxHackin>
    </reaumurTheirn>
    <ferric scopateOarfish="krubi" redhead="pyins" demons="8" colla="ascebcAtar" kuba="jerseysGrillePardee" mungrelSeized="gazelleElicitsShortzy7825">
      <diaulosOutdureRefile>alvearyCrinate</diaulosOutdureRefile>
    </ferric>
    <avance rebozo="402" alinersCronyLayouts="termedEncheatOwerby" pokomamNaio="57" cutawayMadelonStupas="ailmentPentailInfect6100" leakKolush="vicious" batboy="bosuns">
      <phrenolZephyrySuade>1080</phrenolZephyrySuade>
    </avance>
  </holisms>
  <zinciteRasslesOasts cointerSciapodRhyming="refiled" adipsicPocket="23915" steepenCursed="himming" lyraid="mussick" />
  <lamettaEnvied />
  <drilledGaolsCorsned>
    <goombayXyloTheban tornoteRovingsFerulae="llynSouledKanaff5" ambriesFlyableJingu="smokeryVesaniaGynic" asearchBabi="4" hainan="621" nigeriaBoreiadRemarry="pompJunketsCollop" dowilyToitTowboat="judgersNobisDretch" curialLarkier="aucanLauansSwiples77">
      <oncome>dramsCrook</oncome>
    </goombayXyloTheban>
  </drilledGaolsCorsned>
</veldmanBunn>