<?xml version="1.0"?>
<wournilLineas>
  <wolfenCrotch slurps="lamnidManiereBajocco" sawyerBylaw="dyewood" uplick="naggar" sploresAraks="anewLensesBudlet" />
  <enherit />
  <bowtelFourthAltica coynyeBicetyl="wullcat" />
  <magogMarree eyr="figary" cuvage="degrainTerron">
    <almaKinkhab labrum="kiranti">
      <zambezi>congoes</zambezi>
    </almaKinkhab>
    <sisalPernorUnslain gujeratWidowsRepile="papyrusLoppedFlocked" gufferMire="keckledMidmornPakchoi" effigy="chanteyLycaena312" tisarFactureNides="1">
      <staunDelight>joleWrack</staunDelight>
    </sisalPernorUnslain>
    <quillsEnweb alasas="tormen" carsonSylphonPize="38824092">
      <halkeSinismCultus>induceSamnaniColonic</halkeSinismCultus>
    </quillsEnweb>
    <wightsGreaserTutti>
      <magpiesTattier>predefyPoussie</magpiesTattier>
    </wightsGreaserTutti>
    <gegg>
      <myophanHorryNahuan>forkerSugarerWittal4</myophanHorryNahuan>
    </gegg>
    <lulavimHetairy>
      <cutoutsLobosaBranny>satsumaVitrial517</cutoutsLobosaBranny>
      <rolloutGongsBenelux>
        <bespeteRelivedSidle>kingrow</bespeteRelivedSidle>
      </rolloutGongsBenelux>
      <kiho>
        <godlet>49922412</godlet>
      </kiho>
      <navigPalalaArrace miladi="rancheLuxate" babyishBowboy="977973523">
        <hoagieUsu>hereoutSicular1112</hoagieUsu>
      </navigPalalaArrace>
      <titheOchring hetchelEmesa="groszScintle" belast="mispenKetotic" cupcake="guazumaCocasCotyla6672" pesewa="lura">
        <hengestUnsolveSaily>marsianOunds</hengestUnsolveSaily>
      </titheOchring>
      <defined plurel="bedgery814" festineCauseys="steamerSpiels" pinnyReheat="premune" dumsolaUnlowlyRivets="ensignsAbraxas">
        <nepmanAnademsDivests>mottyTillot</nepmanAnademsDivests>
      </defined>
      <sappingReariiRookie ooidPriestReduce="kithGirsleGabert">
        <carlinaSetboltFinnic>follyCompert</carlinaSetboltFinnic>
      </sappingReariiRookie>
      <prevot hoddinsCocomatTwick="aitch" stereomAntealDerbies="saltato" uniate="collumBuckoes">
        <whemmle>697922336</whemmle>
      </prevot>
      <oliveanBunging tibey="9" gallusDengue="potmenDhamma" enforth="gondola">
        <dimanePrecipeGanyie>retwist</dimanePrecipeGanyie>
      </oliveanBunging>
      <yogin panini="chukchiEkahaNasals9492" sekaniSeropus="neuriteSuingHyp">
        <cresolsCleric>serapesNoetianBallist3</cresolsCleric>
      </yogin>
      <fissura sleezy="ukeVernonAdjoint">
        <poduranJudgingCulla>calvary40</poduranJudgingCulla>
      </fissura>
      <chromyRex>
        <shawingInclipFiercer>buttiesAzimineRecheck</shawingInclipFiercer>
      </chromyRex>
      <rasedMalmed>
        <unwares>windierDowers</unwares>
      </rasedMalmed>
      <sardana gunlineHubbite="skip">
        <llynCheminsVapid>steleFloppedIracund</llynCheminsVapid>
      </sardana>
      <nobleyVerayWorm arentVangJudy="155414" stroudsAffect="roueStraussEverich2806">
        <gambangManius>jaguey</gambangManius>
      </nobleyVerayWorm>
      <noloPlatypiShirrs cepAnisForager="eclegmArylCloot" deviForgift="gpdBedsCoutil">
        <ryenSpile>211</ryenSpile>
      </noloPlatypiShirrs>
      <aequiFarrow slagged="5">
        <ouphsUncolt>sprugs</ouphsUncolt>
      </aequiFarrow>
    </lulavimHetairy>
    <rhdArena teenishNevelClued="26032473" mitisesUnsadReplum="997706899" mildew="qintarsCathryn" botargoTydieDahoman="wouraliMeruitUnpick" giuntaMisfallJeff="yusdrumBurdockSimeon">
      <meakConiumsBespell>toughyClotterBdle</meakConiumsBespell>
    </rhdArena>
    <megaradStickyQuegh koinonEyesSpader="nouille" dobbed="zambo">
      <bitumePavia>apulianAbhorsPandar</bitumePavia>
    </megaradStickyQuegh>
    <offlapCatoism>
      <moderVocatIberis>66848</moderVocatIberis>
      <quartetMelianFucused lovingCompar="nerka" waylay="dossalsDias" coaler="sugannRabatos">
        <hogpenZaphara>serimpiForloin</hogpenZaphara>
      </quartetMelianFucused>
      <lards townmenNarthexCutins="strigaePhotics" villotaPeyotl="balletsMilkman4">
        <aroras>623</aroras>
      </lards>
      <teals uncrossAlumiteTrolls="dissent" treacle="scrobeDicerShools" kyatsCassida="wallabyAwaits" beddingCoigns="cachingBeslur8927">
        <rissTempuraBontok>quirtsNephric</rissTempuraBontok>
      </teals>
      <captorSumachs lignoseEmbarge="volensSiegerCarceag">
        <dypnone>obj</dypnone>
      </captorSumachs>
      <tyneHelpersQuantic>
        <travelsGrandoTaryard>optime</travelsGrandoTaryard>
      </tyneHelpersQuantic>
      <yearly ablendFrames="chaggaJutsPsst6">
        <muskat>ahimsa</muskat>
      </yearly>
      <pifflesVeninesTangent poteensPeages="osone23" eelback="unshadeBakubaDobbies" crustCzaric="discardReseed">
        <damages>47</damages>
      </pifflesVeninesTangent>
      <slams sharnyEnblocMaana="tarriedAgallop" itches="sewagePepper" aliyahOvinae="8924" pandaniPasearConga="allureTriflet">
        <vapid>debadge</vapid>
      </slams>
      <keach cackleIncas="saw" toluyl="754539" talcousAhir="sosieQuaedam" thoft="brinesLegits">
        <fas>blamsForgetSerener6364</fas>
      </keach>
      <samielReaders>
        <swooper>surfeitCorixa</swooper>
      </samielReaders>
      <workupOtitis>
        <brazesPrateyBuzukis>3329325</brazesPrateyBuzukis>
      </workupOtitis>
      <fjeldRaisinLurched numericPuranic="56171841" vigor="disport">
        <ameniteFegsGundeck>deticksStourie64</ameniteFegsGundeck>
      </fjeldRaisinLurched>
    </offlapCatoism>
    <halloAsperlyJostler dejectaBushyAyenst="loessesLibber1" barleys="787456918" masjidsIfreal="nadAaruWilter" homos="733525" adrianArmary="unfieryLaking" nachoCossid="5884085" ethanolAncona="fone">
      <dent>chuddarColingDrubbed</dent>
    </halloAsperlyJostler>
    <outwalk>
      <subaidRout>88315438</subaidRout>
    </outwalk>
    <flybackGawkier palmaePeucylAxstone="premies" resect="amiPaisans" slonDunkirk="snasty" lepridOvallyWismuth="quipuThreeps" closky="1573642" araceImparWafers="argiopeHogginsVandyke7" refetchVugTrusion="tusher">
      <giddierKumykJoysome>glyoximPettierKanzu31</giddierKumykJoysome>
    </flybackGawkier>
    <inbentDadap>
      <calomelOutseek>patapatTagragGeoids201</calomelOutseek>
    </inbentDadap>
    <poutful porretOverdryOakwood="385372128" pettlesParangi="cleftMalatesMelica" thatShrinky="hadji">
      <doz>iacchicDeemer</doz>
    </poutful>
    <scruffsBullary>
      <lowboysNurture>drabler1</lowboysNurture>
      <gaudiesTewedOatear werenFollilySolist="legatus9053" artou="dopantGuiled" haverelAccrued="matres">
        <twitePeekeMorrow>siennas</twitePeekeMorrow>
      </gaudiesTewedOatear>
      <landauCibouleRehead wentOkruzi="teachy2" liquidPompaVinal="isatid" osculumPreens="cabiri3895">
        <caviarePlaided>ferahan</caviarePlaided>
      </landauCibouleRehead>
      <dullsIsba extundRatalDeben="arsenicHolwAssist" hockingYowlers="scaff">
        <mingPiewipe>tirret</mingPiewipe>
      </dullsIsba>
      <belive croatanReviveCavetto="741070270" tremexWamefou="3" gladiteAcopSnares="affinalDebits" piggies="187744">
        <borghiOpaleye>redoesLisette</borghiOpaleye>
      </belive>
    </scruffsBullary>
    <rechartClition mushedCaviesEverted="taylorMakah" unlocalAnion="maidanFlawyFisty">
      <apteraTetotum>ottars</apteraTetotum>
      <swertia exiling="tbspMoosey">
        <potboy>59869</potboy>
      </swertia>
      <maridPatrolTicul pyroneJewisClemmed="theorumDods" manismAlmugClayer="2434691" meropeAlonsoa="cassataSeaport84">
        <eburna>yieldy</eburna>
      </maridPatrolTicul>
      <chartsSitaoWeerish>
        <tunniesTitanoJutting>relitDiteHamadan</tunniesTitanoJutting>
      </chartsSitaoWeerish>
      <triadic quota="37125668" westyPowders="undecylReloveKajar" tetonWadis="feofferSybo">
        <pulgada>10</pulgada>
      </triadic>
      <sabras basatUnfitlyCello="leekLathamExhume" fustyAtopic="eggnogsArugulaWealful" shits="fillers">
        <napsPares>unhoard</napsPares>
      </sabras>
      <virusFramersCadying isles="516044784" utopias="tumbakiBroch" basicsMoanedRepps="recantStoiterUnlearn9" isthmFierte="6">
        <diazomaUnluckyJufti>varmintMammet6409</diazomaUnluckyJufti>
      </virusFramersCadying>
      <mongerTarhood>
        <togedSwiftie>jarg4</togedSwiftie>
      </mongerTarhood>
      <scomm moeursWashy="3" odylWhisson="ailantoDeeds">
        <sewersCutoffs>bromaUpsolveFossils2740</sewersCutoffs>
      </scomm>
      <fumers manuel="gristy" kestrelSnobismCleric="brogueNounize">
        <await>curdler</await>
      </fumers>
      <semples angoCariban="unsealsAuca" wali="3050">
        <leafingBlayneHokey>essed</leafingBlayneHokey>
      </semples>
      <scarabs oreads="justing" players="39">
        <snakeyLecyth>dan40</snakeyLecyth>
      </scarabs>
    </rechartClition>
    <fraiseChaharLordly>
      <vaunterUnpoiseFeigned>defrockZuludom</vaunterUnpoiseFeigned>
    </fraiseChaharLordly>
    <injellyAntipotDotlet>
      <liningSkoptsyMary>glood908</liningSkoptsyMary>
      <fardingFrock clumperNigrifyUnrest="egbert">
        <exertLace>eryngoPoogye</exertLace>
      </fardingFrock>
      <fiefdomPinkanyDactyls dispartMikraLackey="aruloTones">
        <towbarCondosAlmuces>pugaree1243</towbarCondosAlmuces>
      </fiefdomPinkanyDactyls>
    </injellyAntipotDotlet>
    <rectiBorschtDeicing>
      <drearIsuroidPiwut>cyclopMorish</drearIsuroidPiwut>
    </rectiBorschtDeicing>
    <looter libbingBloomer="arace" cuteyHatfulsLabels="anuransParava" piecesFloroun="myocdiaResumer">
      <leumaNuances>calvishGpm</leumaNuances>
      <lysate eightsFuttahTeemers="dharmasBulandaAgadic" unfain="diety">
        <lindVelumen>dobChassesLadles49</lindVelumen>
      </lysate>
      <moltersMicheRumble bursts="136207396" hypoxiaChulloKollast="israeliSupvr8" swotted="6334791" demoid="juriesFallowsOaten">
        <rhymicForearm>polkiAssarySkelper8</rhymicForearm>
      </moltersMicheRumble>
      <cashooEnvelop voice="6">
        <prosing>31054</prosing>
      </cashooEnvelop>
      <pranaTomtits serraeAgendasAfloat="246979">
        <stintedArsleYat>eroticaPomonalWheep</stintedArsleYat>
      </pranaTomtits>
      <evzoneCestui trioleCanaled="lhota" divests="tringleUnornly" potherb="cauld" ablauts="ritzHooved">
        <ethnol>nittyRuttilyAlbi8</ethnol>
      </evzoneCestui>
      <emender>
        <warmishByes>bauchleNoreastMarkab</warmishByes>
      </emender>
      <pilersScutage memordaCalef="exempliLessons" rewash="westsDriversSoaked" batwing="durocDicconCraftly" kirstenMobilia="caireneMeters">
        <mohabatOnmarchCzaric>thymomaWhinierFotive</mohabatOnmarchCzaric>
      </pilersScutage>
      <cicadas>
        <quaggyYodsMaskoid>anvil</quaggyYodsMaskoid>
      </cicadas>
      <rakefulVetustyEkphore>
        <noseyMetepasWorship>becomes</noseyMetepasWorship>
      </rakefulVetustyEkphore>
      <cotylar lexicalLiti="wallasPrimos">
        <vennel>mothsWaylandGarau</vennel>
      </cotylar>
      <enheartWezn hugRinsers="284" enaliteHootay="chrisomSabot" embatheMisdietCares="scotchyHosterGraith" infightHenwileTrollol="tensorsGliadin">
        <bowlyScotismRouped>putrefy</bowlyScotismRouped>
      </enheartWezn>
      <humulusOffhandBellyer sighfulTelomeDarling="8" acetolLimpsProle="yohoMirabel">
        <voxKnark>longwayUnlNasty28</voxKnark>
      </humulusOffhandBellyer>
      <aerobicDefleaLoined contend="931" gambols="bonteeDogblow" deduceOhoLiftman="dogget" atterIntend="azuresScorpii">
        <spunkieAdoneanTonemes>jougsTranviaPoss</spunkieAdoneanTonemes>
      </aerobicDefleaLoined>
      <elcheeUpdries>
        <greensDryfatKentia>mhosClaimed</greensDryfatKentia>
      </elcheeUpdries>
      <envying orangeFasciliSmaltos="crumperDeafer">
        <swigger>618042</swigger>
      </envying>
      <guacosTasianGawby blooped="scouseGloatTooart" medics="tourneyCantilTaxer520" solazziCactiSnifty="siryanDudism" korhmnCrouponBleck="aciderAzha3151">
        <coalpitLoutherParcher>jute</coalpitLoutherParcher>
      </guacosTasianGawby>
      <gulpedInfeof stekanTchekaGrazie="uniatHauteurBylaws">
        <sicular>32877</sicular>
      </gulpedInfeof>
    </looter>
    <shickerAscots>
      <khedahsNignye>7210011</khedahsNignye>
    </shickerAscots>
    <balloen>
      <fidalgoSebasicCiudad>celebs</fidalgoSebasicCiudad>
    </balloen>
    <yonnerEudaAtheist lanes="punched" trilithLeanishGorging="wodeRavioliJambing">
      <shutes>yocco2</shutes>
      <settimoStatues descry="endeUncave">
        <allylsPplShun>bosses</allylsPplShun>
      </settimoStatues>
      <usunVentingWabby sulfato="forsado" zoogeog="crewerHygeen" unstuck="12565" revertBeanery="fountToftsShotman">
        <rucky>veter</rucky>
      </usunVentingWabby>
      <typo>
        <guibWetsLumpers>sicel</guibWetsLumpers>
      </typo>
      <futharcEstaminFardage smutWeirdy="aljamiaMueddin" celloidScorkle="druith" inbyDisavow="enruinNainselCandiot">
        <drossesOogleaAirlock>543163</drossesOogleaAirlock>
      </futharcEstaminFardage>
      <pondfulForlaneCobloaf lotusinGirasol="chincha" tabanusHitTipmost="qurtiUnstoicCulotte" gunselLamprey="lettedJalopLepero">
        <lowboys>5520345</lowboys>
      </pondfulForlaneCobloaf>
      <turnorOstrya lagnaMaysinGazook="davidPapess" forearm="inaxonWeeting">
        <tonsile>catnipSpicyJovial</tonsile>
      </turnorOstrya>
      <arcades cutties="phasmInliers267" segathyBeglozePulps="retime565">
        <coevalDazzlesSemicup>absoilPyvuril</coevalDazzlesSemicup>
      </arcades>
      <adsbudJoshedAltoist>
        <dobeGob>mimmedTheines76</dobeGob>
      </adsbudJoshedAltoist>
      <emeusSspFuffit alatern="miscueEternal" kinuraSingeDeglut="unbowedProgger" kolkka="virgilWinyClues9">
        <vividMelon>guttersLabioseVows</vividMelon>
      </emeusSspFuffit>
      <nervismMilCurares librRexen="dialledAhey" offbeatSluttedTarpum="stratasNicotiaDragade" mitered="6" cionsBegazesMisborn="whosisUswardsBritts">
        <burleskWonders>casualCortBottier</burleskWonders>
      </nervismMilCurares>
      <untelic pumpers="ponica" recurveYode="fistula" fipenny="anadromUnequal">
        <stout>769024</stout>
      </untelic>
    </yonnerEudaAtheist>
    <wagoma ayless="18" howishKalmuck="renal" anoineJaycees="snipedOusia" firearm="bollCactal">
      <muons>gunther</muons>
    </wagoma>
    <livesPorto>
      <snared>reposalThorite2890</snared>
    </livesPorto>
    <cohitreBonnesShiitic>
      <bate>726742</bate>
      <megasse>
        <embrail>358533</embrail>
      </megasse>
      <barque bashingLiegely="erikitePaine" endlessCymbel="cordery5792" phenic="giansarPadding" sandhiPickout="meaTeeing96">
        <suppageOrbs>crojiksIdic</suppageOrbs>
      </barque>
      <romanos durityRicketsHieron="bakie" saxesJessantGestion="rodsEyemarkCaecum" sireMandyaiUndomed="watchedBeebeesHuzzas">
        <cadee>sdeign</cadee>
      </romanos>
      <kokoTuscheUtil bartreeRetral="snirtCowerer" hatsProa="cixiidCenturyLentil" gormanFlauto="longuesDoodlesElflock">
        <cotGullet>79541244</cotGullet>
      </kokoTuscheUtil>
      <chaunaDemeans refutedNigella="jazzersCoedsNutlets6">
        <alwayAdopterHarry>56493918</alwayAdopterHarry>
      </chaunaDemeans>
      <kappaRatablyCoward manseRazooJagath="psychAeonistNunnari" wintles="infosNousCalmant">
        <rapicBottles>wealsGatch</rapicBottles>
      </kappaRatablyCoward>
      <menaldKingly soralCopsingAmuchco="rosttraNiftiesDiver" miasmalClaxon="coexertUnthink" wongenBoychik="740740">
        <looverSibling>mackleFangs</looverSibling>
      </menaldKingly>
      <turboLandmilCoendou alcippeJarra="fumyCommiseFeudee" dattosTocome="schola" woom="carryKidded">
        <unsightWelshesLongleg>swing</unsightWelshesLongleg>
      </turboLandmilCoendou>
      <abmho maximed="riantly">
        <odwyer>olonets</odwyer>
      </abmho>
      <latukaAthold sniffyHakeemsMender="nepidae">
        <yclepedMoperIpocras>atrenneAneurinTobymen</yclepedMoperIpocras>
      </latukaAthold>
      <digitsPuir plebs="glossedJalapa4" seaghanBiviumRebrown="congasAdvents">
        <exarate>murphFlaxenSitter</exarate>
      </digitsPuir>
      <lurchSpeakerWiz>
        <mimming>sienna903</mimming>
      </lurchSpeakerWiz>
      <joual saltilyFoughtPandava="senvyKuehLashers" dereism="renvoisArgenolWaggers" towdDoggery="vilhelmTangelo">
        <cloutedBombedBukeyef>tigre</cloutedBombedBukeyef>
      </joual>
      <ooseZeismPoniard manlierSweets="simlinDourJilters" zoaria="647480" fifthsBrent="blendor">
        <curvierCursers>notemanNeural</curvierCursers>
      </ooseZeismPoniard>
    </cohitreBonnesShiitic>
    <dolor>
      <goryThirstEggnog>comingHippoidTritor8</goryThirstEggnog>
      <stay stylets="ankuses" nonene="ranquel" warlockRidges="447505">
        <kappeMuhly>coilers</kappeMuhly>
      </stay>
      <plashet quakilyCastor="amortKokaneeKoreish" invenitSubdialInsists="24324">
        <uteesDecent>skivTipulidGabbled685</uteesDecent>
      </plashet>
      <ladang bleederRedipPufflet="40" askewNoshesCobbin="40868095">
        <spierJailersColent>smog</spierJailersColent>
      </ladang>
      <wabsKyabukaPanfish tielessEpergne="caitif" amyous="ailweedFurcule" gabbing="palpDiaper">
        <shimperRimplesPlaidie>welshes</shimperRimplesPlaidie>
      </wabsKyabukaPanfish>
      <irelessWankelMelling barresDomett="enrough" stimes="92">
        <withinsLuce>scrawlsGauzes</withinsLuce>
      </irelessWankelMelling>
      <unwarmNumbers dharmic="bushed" jubardy="regaveWetter">
        <mikvahsOweltyReversi>darren</mikvahsOweltyReversi>
      </unwarmNumbers>
      <libreGalleys copiesAiger="sloungeKauch" espiesMdseSpikier="goutish">
        <erysibeCozesAgenes>toyersApheliaPhoss</erysibeCozesAgenes>
      </libreGalleys>
      <jatakaChowing vitastiTrioecsMatrons="fossorsBogtrotUmpy3" quips="maskeg29" hutletFeiCyesis="tetanalStroupRiled" agroof="cymeneLorenzo">
        <unswungDeice>cuspInlineStelled</unswungDeice>
      </jatakaChowing>
      <serut>
        <lagunasGladenGerbe>7621486</lagunasGladenGerbe>
      </serut>
    </dolor>
  </magogMarree>
  <choleicMyraCequi coombsAmobyr="drafted" />
  <furlanaTannidSmelts wisshe="furor">
    <azumbreUnkidSmooths westsGawkers="6" airglow="keynote" qiviuts="4000787" heuauUnilobeRedbay="timed" bendsPredryAnthela="loxedEsteems">
      <dullerFowlingJurists>ramadanWedding</dullerFowlingJurists>
    </azumbreUnkidSmooths>
    <lakingCanhoopBogier rusotPhalanx="776659909">
      <clumberTimpani>harderImpairEmeras2713</clumberTimpani>
    </lakingCanhoopBogier>
    <outasMoulvi>
      <pollent>decodonRusticsGnarled</pollent>
    </outasMoulvi>
    <brainerUnwield>
      <bowessErminedSparver>jinglerDisjuneYowls</bowessErminedSparver>
      <jibbsDuckSphagia>
        <loggat>kanredGroatBdft</loggat>
      </jibbsDuckSphagia>
      <tammieInsue>
        <cosshenDogmas>1185</cosshenDogmas>
      </tammieInsue>
      <duhrRamseySeljuk>
        <abrine>myalism</abrine>
      </duhrRamseySeljuk>
      <maoistsHawkbit burkeiCretify="opcodeSacrary350">
        <spurlet>pereiaOutbeam6</spurlet>
      </maoistsHawkbit>
      <rudesbyBeirutKozuka tasselsWhisker="drawlyUncurls" gemseItsImpugn="wejack" rewinds="repolon" theerCatella="89729">
        <need>2</need>
      </rudesbyBeirutKozuka>
      <macule vittaeComanic="bunkerWorritKook205">
        <sena>251</sena>
      </macule>
      <impugnBenaFlappy bounds="locandaSpalledSinuate" sindleLeafage="ductureGlonoin" waltNomadeThwait="croochEmicateCoothay">
        <hengSpeedDeterge>684</hengSpeedDeterge>
      </impugnBenaFlappy>
      <wasnAnkara>
        <faucreProcbalPolynia>3086</faucreProcbalPolynia>
      </wasnAnkara>
      <sinkbox>
        <anodyne>cebid</anodyne>
      </sinkbox>
      <herberAlclad yirkRestiveGarous="phoneme7073" delime="sumpleFeyestBetalk">
        <evasion>ratline</evasion>
      </herberAlclad>
      <colonsWindierChoker foramenTiredly="trucker" hetaeraRevigorGliding="susanUpthrowRhd18" circutEduc="redrootPorture" purlinsJewlike="518">
        <terek>bldrArunta4</terek>
      </colonsWindierChoker>
      <lunk armfuls="14898" trothedWithdaw="ungiveUpgirdComplin">
        <dortsPetits>korunaDepulseHurley</dortsPetits>
      </lunk>
      <evictor>
        <horsilySmoothyUptuck>fugu</horsilySmoothyUptuck>
      </evictor>
      <agnesSugarer reiningBagwigRetreat="museMandala" rotularUnhideRitter="applaud" onciaAlcumyGarrons="strumaeRohobNeglect" ikeyCoakumAmandus="meteorsHusks">
        <mobbed>roustedLunatum</mobbed>
      </agnesSugarer>
      <cleuch>
        <sitteeUnrisen>bravos</sitteeUnrisen>
      </cleuch>
    </brainerUnwield>
    <schlumpUnclay snabbieBeamyOutborn="sigmoidInwood" glyphic="graalsUplaOlacad488" tabaxirWimplesPumple="unquemeGossard" knits="gardeTamalesLugs" foplingFenchyl="99">
      <spiresHenting>yquem</spiresHenting>
    </schlumpUnclay>
    <labrets>
      <facto>obtentNyalasFumulus6218</facto>
    </labrets>
    <doa xemeBilla="koelliaCuvy" ekteneDurezza="35140" marronsEmpest="8034" phasmidMyc="apposeBdftEiry">
      <modemsClavial>seawifeTraumas</modemsClavial>
      <latentsEstrus trefaSquabProtyl="ursone" gateman="79689" tarnXviii="wonton">
        <unsane>7992</unsane>
      </latentsEstrus>
      <feselsEighth extacie="xiphoid297" coulierMollesDipody="narrate" mules="coecum15">
        <sanfordSassies>bootful</sanfordSassies>
      </feselsEighth>
      <enjoyJant kongu="cowlikeBlackeyArmadas" vomitRugous="tidyismTumorPropria">
        <empDepictRidging>elaeisHufflerCurvity91</empDepictRidging>
      </enjoyJant>
      <awsharBefoam kababs="coiled" erucaToller="tyingHamletYulans" blazerPsiRutiles="nevoidHowletsNitons">
        <thomasaConv>saeterLaterad8</thomasaConv>
      </awsharBefoam>
      <shortzyLets>
        <regletsHorselyBlend>bridged</regletsHorselyBlend>
      </shortzyLets>
      <ruleJustina camisiaRelentsPinkeye="60004" poopsUsuress="4149064" sollerAhu="pavo">
        <rutting>siaStrialFugit</rutting>
      </ruleJustina>
      <talents>
        <hoofersLeifPeptide>sowcarVacuuma</hoofersLeifPeptide>
      </talents>
      <jehupContenu lecideaBeloveUntap="mandant4" sphenic="72757">
        <agonsAffaire>lewisiaMemoriaSecure</agonsAffaire>
      </jehupContenu>
      <unthrobBravers wampeeMimeos="pegwoodCollyr3" kelebeShellakOtalgy="88756121" taskitEndwaysLum="boskierSeidels6190">
        <rhomb>procureNohex</rhomb>
      </unthrobBravers>
      <yomudIconvReagins>
        <bremeWinkles>procure</bremeWinkles>
      </yomudIconvReagins>
      <malusGunfireLiver agoraeAwarded="freers">
        <labiate>219591</labiate>
      </malusGunfireLiver>
      <hurlbat>
        <tath>actualsExesClaggy</tath>
      </hurlbat>
      <fatuoidChelloEcize martsSepticsCulpose="dows">
        <pitmen>swinksDrifterOhed</pitmen>
      </fatuoidChelloEcize>
      <fording wantyPalanka="3273635" douceurPhlegmy="tituli5780" glamourCotsetSobered="nimmingBrogue" grumeOutfortMages="limosiSabatonLuvian">
        <cumhalSubsill>heafTerraAbord</cumhalSubsill>
      </fording>
      <mogulsBobolAbanet rented="comtianConalFliest38" lithicDrone="bantingKintarVicugna481">
        <hammed>sachemExtatic</hammed>
      </mogulsBobolAbanet>
      <dolingGagsterMichael kohens="heimdal" mounted="juno" densherShellakBlayne="818232" iareVeneers="skimpyPawditeBasale">
        <cortinIndraftSoil>debteeTilpah43</cortinIndraftSoil>
      </dolingGagsterMichael>
      <honorer oxidate="crappedFigures8818">
        <tongerCuban>datapacWiggishGenips</tongerCuban>
      </honorer>
      <distrBlairRantoon billets="dukkhaNerineRupia583">
        <riggingHonitonRobbins>477</riggingHonitonRobbins>
      </distrBlairRantoon>
      <chidersPashesHavier>
        <repruneJaobPales>3721</repruneJaobPales>
      </chidersPashesHavier>
    </doa>
    <nattyDeratsGravat haftingClucky="84" stating="pouted" creamerMalleli="ipidaePorotic" smazesVauntSpoused="926">
      <tolas>695770</tolas>
    </nattyDeratsGravat>
    <borealConvert wolterFloored="outfindTuarnUnsweat5" arase="deltalSudsing">
      <wappet>499912</wappet>
    </borealConvert>
    <felsparScriteDang>
      <valerieDubberRipraps>mestizaPotlach</valerieDubberRipraps>
    </felsparScriteDang>
    <eskersDreadly>
      <biconeFiscals>yogoite</biconeFiscals>
    </eskersDreadly>
    <saxons refetchPoler="amies" gosport="poz">
      <paliestIllusCam>ethanesObolMoutan</paliestIllusCam>
      <dugong mating="335" welshesAgalena="daryaConnerPhillip" pekoes="sinceNinthlyUnwield" joyleaf="sondageMaltese46">
        <hoed>ruddiedThankGurjun</hoed>
      </dugong>
      <lodgesBijasal bonorum="raggiesThenCupman" roomedCajanusCohunes="83869529">
        <panganeEnwombs>limpestEschewPontify</panganeEnwombs>
      </lodgesBijasal>
      <leud>
        <kabikiNotedSalols>allotedCoalaKavass</kabikiNotedSalols>
      </leud>
      <skinned nerveIndazin="wekaKavaDriving8" dammingHoneys="dosserPoems" ppt="4868" gliadinAsker="4798905">
        <jewlingXylomas>laudeWhittenBuxom</jewlingXylomas>
      </skinned>
      <pentziaEthynyl tanjibConstr="bumpkinMurexan" majoraTalons="cipaye302" tupmen="vitaminMonos">
        <meissaForays>prasoid</meissaForays>
      </pentziaEthynyl>
      <beliesQueens siccingSpurtsSers="1013885" murut="celsiaNudistsPasser" reslot="897955" ungown="ghyllNebulyGemses">
        <haptene>korakan</haptene>
      </beliesQueens>
      <gnawersUralic twaSudsyOutlay="advisyScoldOilcake">
        <winchesGrippy>6</winchesGrippy>
      </gnawersUralic>
      <hipperSockeyeUpcity>
        <suranceTelomicStibial>heelcapRococos4</suranceTelomicStibial>
      </hipperSockeyeUpcity>
      <ovonicRuling coheresQuerierPinjane="religioInless6372" tawtie="ionomer">
        <lingula>hoidens</lingula>
      </ovonicRuling>
      <ebcdicRabblesLaps>
        <preezePeitrel>moralWhitelyMauser60</preezePeitrel>
      </ebcdicRabblesLaps>
      <bambuba caus="paegleLambdaWipe">
        <dellyHelpfulDolcian>gormanSeedpod238</dellyHelpfulDolcian>
      </bambuba>
      <lycealAuca peisingViolUplong="inspeakDulcinExonym">
        <cayucoAlloquyVoltaic>causeySwathsRiddle7</cayucoAlloquyVoltaic>
      </lycealAuca>
      <agaConyBegged thionylAsaphiaKlatsch="regaledBecapUnits" recipe="ratafia">
        <jayhawkMebsutaGaud>photoma</jayhawkMebsutaGaud>
      </agaConyBegged>
      <sealch zonula="vaticLoggierCixo" aspisLoadUnhaunt="71730787" bumpyRakes="leguanAcerber">
        <razored>294</razored>
      </sealch>
    </saxons>
    <cankery hooktipDisjectEmail="serapis" lilackyFensterTurbith="eablyZakatInflect">
      <flayingElric>nicestRiksha10</flayingElric>
      <genua paegelRazzing="shayOlive" matchetKrypticArcadia="chaff" horme="timidlyHackled7" abraidBarongStroth="95157">
        <ascotsExquireOctopod>90632513</ascotsExquireOctopod>
      </genua>
      <karmas lagartoBaile="unstop" lacunalClodder="crocard" sivanWadmolsStrayer="avars" vady="lemograRongeurStomode">
        <limitalOrpheanCorsite>72560</limitalOrpheanCorsite>
      </karmas>
      <tinnerBrotelQanats townedSativa="ledgerJackmenSingler" barium="valerylAlmost" biurea="sardineDeftLooted" almohad="10">
        <wharf>lawnsLorUltion</wharf>
      </tinnerBrotelQanats>
      <wedelUpshot ardentFlatmenSjouke="lexic" bantusDogfallUnplace="865" spavitCadInlake="arumKiddierRuler" tepeesQueridaWattis="talkieUnpliedNitride1924">
        <pronplKraitsInia>dubbah</pronplKraitsInia>
      </wedelUpshot>
      <endouteDevalHeparin>
        <pestledGadsman>gadid</pestledGadsman>
      </endouteDevalHeparin>
      <parolee culmen="excudKitschyEtch" bewrapsRundleCanaut="883056" skimmia="mensingPlungyMahwa" cystoid="lands">
        <deform>juristsSpivvy43</deform>
      </parolee>
      <tattle sojourn="zeroize" totoraUntile="sooperCheareRot" cerin="86254">
        <alumiteTusheryMatzahs>sooterKeptZipper</alumiteTusheryMatzahs>
      </tattle>
      <armoredCanopicSlidder nookingComfrey="286187431" stoked="aumAggadic4676" coos="marinasBuntingAloft">
        <rerackDana>kivasMadeiraCointer</rerackDana>
      </armoredCanopicSlidder>
      <mistell tipmostGuaruan="thomasBitumenFrameae" jelloChorook="whoo5" vexLorimerGrizzle="oxland3587">
        <hewhallEnablesWhekau>boundedCurtain</hewhallEnablesWhekau>
      </mistell>
      <voivodeBlowieCyphers exposedUmiacsGhilzai="toterCrazedFaucre70" damaged="eskimoChizzHye" croakyCapless="wardmanGrapesSunned" paronym="driftsNonacid">
        <dariiDavidic>tarriesWestlaw</dariiDavidic>
      </voivodeBlowieCyphers>
      <unquemeWaits abidePangene="morulaLeprine1434" rustlyGadslidBurao="puttooSplintyAlmose">
        <strawenHulchyWaxes>dendraSofkeeBouet</strawenHulchyWaxes>
      </unquemeWaits>
      <noex>
        <almaineTattledRen>bowsman</almaineTattledRen>
      </noex>
    </cankery>
    <pongees ficheValvula="upendKnitch" panoply="dragmanPascal6" mallsRottanInspan="4370" mirligo="barile" natatorGoalers="azanPlash5365">
      <preuxGley>halmaBunce5790</preuxGley>
    </pongees>
    <smuglyOrators>
      <oddityArisedAcastus>hagdownWarlord</oddityArisedAcastus>
    </smuglyOrators>
    <tangkaArmeria nedStiffly="egeran" tod="921977244" grontTrinkleReigner="killjoyTyto" gowkitTophi="glimingCanelos" suddsNuggar="legally">
      <anilicFoams>suidianVerger</anilicFoams>
      <sternly sloperVengesWalahee="59">
        <zealLawines>reputeIsogonSluicer755</zealLawines>
      </sternly>
      <unfitForecar gnomicEndiaPerter="buffingSurg" hypogeaBletia="mynheerDannySubah" farrier="maumet">
        <lawishLorchaCouldna>3156</lawishLorchaCouldna>
      </unfitForecar>
      <gemmeryAlchem stagyLiever="781023" peoplesErliche="3444709" barytonDryadsAmbari="475911">
        <turacosFlurnScowder>holardTyndWaufie</turacosFlurnScowder>
      </gemmeryAlchem>
    </tangkaArmeria>
    <woolsDink>
      <oolakTrinketKhirkah>dozzledCuryTieback291</oolakTrinketKhirkah>
    </woolsDink>
    <omenKnelt fratry="palateTernionMeddle79" hyppishDecus="unladenUigurIcaco" corcle="ollavGuyot" recook="popper" lowerTottedPepino="unstone6353" laksaCafeSpooky="remend">
      <jawboneCasper>120244</jawboneCasper>
    </omenKnelt>
    <duramenValerieUndrape>
      <labbyEnfortYoustir>tussor</labbyEnfortYoustir>
    </duramenValerieUndrape>
  </furlanaTannidSmelts>
  <butylic rogueryMoldOreides="gauping">
    <blabsVacandiDunner>
      <unsootyWhilie>warper1029</unsootyWhilie>
    </blabsVacandiDunner>
    <alliedAnaitis chatonTheyve="weber661" gaposis="wormsDurefulTypify" protea="glum" chaneDialingVariety="loricaeOutsert" unlute="palacedHangup">
      <gooma>796</gooma>
      <celeryGeneraTrah>
        <nonzeroScatted>encloak</nonzeroScatted>
      </celeryGeneraTrah>
      <wounded vinery="babrootOverset" ditto="1663" symbolParral="213860">
        <cephid>lanasParmakBeflag9142</cephid>
      </wounded>
      <dissavs behavesConcher="gayalsGregauDabuh">
        <finmarkMedicksWeirs>918</finmarkMedicksWeirs>
      </dissavs>
      <matingsMistook salinanFig="54" globs="sophistImbrue" noddiSidhe="conchae" dapper="servosBorasco">
        <henna>rooky</henna>
      </matingsMistook>
      <plowers nakUnlaughRhabdom="paters">
        <slidageWaughySooth>exsculpKempleEuchres</slidageWaughySooth>
      </plowers>
      <ismdom camerae="immis" curls="bicone14">
        <charnuPimbinaLeesome>yodel2</charnuPimbinaLeesome>
      </ismdom>
      <doormanAirbornUnfrill usselsVeins="judokasGoferWeewow" stounds="23464" dringleBago="cacaos" skaylesDojo="griefsTruddo">
        <inhumesHorridPopuli>45467</inhumesHorridPopuli>
      </doormanAirbornUnfrill>
      <deinosOlibene daidleLeadoff="skirled">
        <gepeooShaulaAeonic>stagyStrand</gepeooShaulaAeonic>
      </deinosOlibene>
      <census>
        <hamhungInshaveDullify>akneeLoco</hamhungInshaveDullify>
      </census>
      <pothook vinaHempierHangtag="bena" entrantFivishMoonal="marx" moreen="259">
        <cochalTempter>juddock</cochalTempter>
      </pothook>
      <hoarder hovererAphoticTeman="okeyMenfra" yeplyPurrerSetarid="82094" meagerChilina="boychikPapules6031">
        <ninut>burundiGirsh</ninut>
      </hoarder>
      <warthogTuningsCaliche>
        <viajaca>mukluksHeiringTurk8</viajaca>
      </warthogTuningsCaliche>
      <adipyl roustsBiparty="merkhetYerdEndemic" bewidowYards="48858">
        <urogramMislenMixes>8277</urogramMislenMixes>
      </adipyl>
      <wapperMulloid nabalPluff="dubbins42" atresicGrisbetAmuck="lambertEmbolon">
        <samarasDestin>70313</samarasDestin>
      </wapperMulloid>
      <iridiumChoca beef="penisesHuldahPycnia5511">
        <actgAllHexade>swedesPiranasSnocker</actgAllHexade>
      </iridiumChoca>
      <inglesGustfulJumma wisted="mem2" hawkish="bluesySwigger366" whidPinasSpicose="azuliteDiety305">
        <teener>415</teener>
      </inglesGustfulJumma>
    </alliedAnaitis>
    <crumpsDatable>
      <dipppy>unnethAericTartar</dipppy>
    </crumpsDatable>
    <pickax idistic="rowelWhirledThetics57" inbredPelicanSeels="9414466" fogieTrapKenaf="sopheneBodwordStripe" whealedNabPhat="toytownDreep">
      <romaneBliest>aletheaReplait</romaneBliest>
      <swanned dougWynds="titmenBeshow">
        <callop>orders3598</callop>
      </swanned>
      <quotumGurgingDiddle gallerLadakin="tamureRibonic" ich="beroeDatos9532" acetoin="ganseyBitchesPomeys">
        <widgetRicker>pyransHydroid</widgetRicker>
      </quotumGurgingDiddle>
      <indunaBaboen>
        <ungluesDescantJoyancy>craaledLechDamns</ungluesDescantJoyancy>
      </indunaBaboen>
      <wishesCribleStubboy mana="3015689" exodermSkidoosGoose="kirmessOverall">
        <plicateGeleeRemaim>439011</plicateGeleeRemaim>
      </wishesCribleStubboy>
      <forrideGoricStature moitierAhum="1">
        <cateScruffyFainest>piouslyPabloDhooras</cateScruffyFainest>
      </forrideGoricStature>
      <relastWeedsLavish morfreyMealsMondes="omegoid">
        <neigher>sarksFeeble854</neigher>
      </relastWeedsLavish>
      <nippleFrogmen sebaSpicae="altin" areaeTeniae="allotedUncrateLameds">
        <komiPerjury>thieves</komiPerjury>
      </nippleFrogmen>
    </pickax>
    <gaonMooder>
      <maid>3893</maid>
      <vorazSurging bloodyUnicorn="moffleWairsUnspilt113" mongo="reannoyNavajosInconel9" berakahSmaller="tariqa">
        <obis>freersFloadGirdles</obis>
      </vorazSurging>
      <agamiRequinWaybird godsonUpwaxPidgins="bougeDupedomHumaner">
        <mynheerCotised>choralsVirosisLollops</mynheerCotised>
      </agamiRequinWaybird>
      <broses tinmenBasale="repugn5715" cyanideSamburu="4175385" difform="boof">
        <vanceKnocks>9140</vanceKnocks>
      </broses>
      <tolesRuewort nulling="4238333" ubietyArsesExpreme="502876" organumPentail="inchDoorba" kidskinTaprootAtonics="950840945">
        <mastras>abanetKip5</mastras>
      </tolesRuewort>
      <upshot benzoidDigenyManuf="vicety">
        <zoarces>palmadDiscern</zoarces>
      </upshot>
      <rippled dashpotUnhazy="opens" gyvePizeEquites="talipotIsospin">
        <limpkinGuaoLiquer>cuppen261</limpkinGuaoLiquer>
      </rippled>
      <vistaed gastfulDuckishBalers="whiffet361">
        <solacesMorgSoffits>tinclad</solacesMorgSoffits>
      </vistaed>
    </gaonMooder>
    <lewParrsLotic>
      <solertTealMuraena>misbode</solertTealMuraena>
    </lewParrsLotic>
    <curdingCuplikeBivious>
      <jerkily>mitredFlossesDaijo</jerkily>
      <gunline acmiteDozYolden="horserLaetiLamiae" unherd="chucklePreknit" bruke="shovelCrinionBalds">
        <lastsTwayGobelin>takaSetaAjenjo</lastsTwayGobelin>
      </gunline>
      <brensWhompsMile naiadNosy="upblaze">
        <satisfy>cundy</satisfy>
      </brensWhompsMile>
      <aquose>
        <gabblerCis>gizmosEdilityLapb</gabblerCis>
      </aquose>
      <seemerPangwe>
        <flemingMortary>939742</flemingMortary>
      </seemerPangwe>
      <horme seragli="vanload825">
        <sejunctSaicBuzzsaw>trismusMurrainBridoon7</sejunctSaicBuzzsaw>
      </horme>
      <ungild layery="45552333" fainerStreit="cerningScotoma">
        <centry>specif</centry>
      </ungild>
      <abyHirmosGousty>
        <rebarBolden>dawutCirceGulonic</rebarBolden>
      </abyHirmosGousty>
      <tension reakBannedArank="saunaAtocha1962" westlawBabismRetempt="masooka" sagerForelay="fearers" flocciQaid="urtical">
        <eemisDrank>closelyFuidhir8</eemisDrank>
      </tension>
      <peracidMovable mileageSoyled="indabas" knubletJophielRestant="jolted" fluingMuras="talarLibyaJugum">
        <enwombsSaravanHumbug>165419</enwombsSaravanHumbug>
      </peracidMovable>
      <sanseisCogener washersMichielGrudged="jermSimia" libidosRedbayRed="bowlikeTostCgm2643">
        <poniedLepalCosmoid>8821</poniedLepalCosmoid>
      </sanseisCogener>
    </curdingCuplikeBivious>
    <keevesVedaic>
      <neaten>loaning</neaten>
      <ghaffirInvolveSettees>
        <uighurSteaks>625</uighurSteaks>
      </ghaffirInvolveSettees>
    </keevesVedaic>
    <chases tsadik="9" cedule="maimingDourly4" cutSchwasLikin="reluctCantarPerlid455" cledgyCritize="pushupsPewdomWitloof" metisseAkelaRiveled="daidly">
      <mogDirtenGrogger>gingalsTapiocaKwazoku</mogDirtenGrogger>
      <amulasRedes pacifyFatcake="turcize">
        <leedsProntoTinnery>stodPedialChaouia</leedsProntoTinnery>
      </amulasRedes>
      <synoecyLopePoked>
        <myrrhedCeibo>maritiIdaein9</myrrhedCeibo>
      </synoecyLopePoked>
      <mirzaGildersPaneity buffy="medusaRenigsGaleres" meaningHackies="watherScepsis" hurrah="kotaAmiga">
        <unfacedMexicalFugit>angaraFluyt</unfacedMexicalFugit>
      </mirzaGildersPaneity>
      <louisa zymeMonny="csnetSheuch" scotsFrontedWhens="4612258">
        <scabridOngoing>chunga</scabridOngoing>
      </louisa>
      <zod riblessBrownly="bubasLeopard" frowy="unnosedMiseMovable1">
        <readoptSeisureCytase>mishnah</readoptSeisureCytase>
      </zod>
      <krubutsJoram ava="strewDawe46" bylinedViningCibory="bansSiums">
        <millyHoned>pouchySteenDispond</millyHoned>
      </krubutsJoram>
      <tricotSpirateAbmhos>
        <togasImpregCanis>turkmanEpiclyImbark</togasImpregCanis>
      </tricotSpirateAbmhos>
      <adreadPrebade puttoVeneer="naggierScian" clonus="57" bhartiMurkishMiranha="unlimeFycesBeckets8" coombe="471">
        <dentalSmrgsIronize>520620328</dentalSmrgsIronize>
      </adreadPrebade>
    </chases>
    <flux teraphSmirks="prudyFlouter" soothly="elicitPairerExist" kinchEkhimi="moiseCohereFrises" oopsGazeeRegrade="66239826" amarineRenames="batelTyringGrecoue2" reedily="9" pungiVoidersPaven="caribouResighRived">
      <silipan>medic</silipan>
      <outlineVext tackedQuaggleRawish="9" estherForlie="93079" laughy="greeks" refires="intimae">
        <figural>buyingWusserFerrier</figural>
      </outlineVext>
      <siclikePolish mlangeToddiesDespise="londresRaisersYaud">
        <eschelEsculic>tuxes</eschelEsculic>
      </siclikePolish>
      <bouchRoansEspavel ritlingEffsPalmus="fessingMayasKanthan" weftage="beliingSlaveys" tallboyBhandar="mystBevue">
        <cowererDues>jibeMulches</cowererDues>
      </bouchRoansEspavel>
      <mols>
        <gruttenAworth>orchilManieBedew</gruttenAworth>
      </mols>
      <coloursCopita solidoTwiglet="vagally" docile="892992" rind="voetenKnive">
        <closetsLogrisDipl>breamedChaunaGarrupa1</closetsLogrisDipl>
      </coloursCopita>
      <kiblahs koumysGuanizeFlorid="unrovenExpArsines" dueful="splotchCopihue" prefersBummestEnlaces="parnas" quaddleUnp="gatObconicDystome2547">
        <reflushQuirts>guldens</reflushQuirts>
      </kiblahs>
      <letterGametal taggersAcara="7100876">
        <samiriSowcars>gemmoidWetted</samiriSowcars>
      </letterGametal>
      <wartyPadella aroid="sarip" acoupa="96326" kelia="90376">
        <unbusySceptry>auxilDognapThulir</unbusySceptry>
      </wartyPadella>
      <comanicSconced amanitaTurcicSabuja="20523211" assizedReaddSambara="596062156" weddeedLoupes="caribPhatic">
        <murkierAdangle>covid</murkierAdangle>
      </comanicSconced>
      <tholliPygofer creditSetpfxGorglin="strewsJuristsSpaik" tabaretTopplyUphelm="718351" yinsDado="crawdadMunting159" dinkeyAtlas="cottid">
        <isobathQuaffs>rivetedLewistWingier</isobathQuaffs>
      </tholliPygofer>
      <berthaFiguralAlodia hipsShallowBenshea="limpestBrasser" niyamaBittsRaport="heaves" kummelsEcchMahzor="weeLacqueyCumidin">
        <bedoteMyoceleBloused>escry</bedoteMyoceleBloused>
      </berthaFiguralAlodia>
      <huffle schizzo="104800004" jowel="64" chalacoLocaterRunkly="13">
        <intonePenniedSic>pluvianCiviePeyote</intonePenniedSic>
      </huffle>
      <generaSkidpan>
        <peeksSatury>tunkaQuilezWinch587</peeksSatury>
      </generaSkidpan>
      <repentsYamenNephesh condyleImperii="ambles557" romal="663161" mandatsStickReliant="huzzas40">
        <shoaler>234686375</shoaler>
      </repentsYamenNephesh>
      <bullism epiuralBateauSpanked="carveneGweduc2193" taxibusReignShinty="vimpaDamnit" cuberaShawsSil="apeekDrubberJollop" oxlipBalladColinus="747012056">
        <ferkin>sankParchyGayer</ferkin>
      </bullism>
      <awatHagmallPrivily subanal="opposes28" choileHangarOutset="mealockRubelle" mangels="meetlyGringosRomulus">
        <cudaPentine>forel9115</cudaPentine>
      </awatHagmallPrivily>
    </flux>
    <skylabSpirlieDowd>
      <permiak>71406293</permiak>
    </skylabSpirlieDowd>
    <pumpers alezanBassine="59519" poloiHocuses="advEvelynChamp" quagConableRodless="unstepMalpaisAthing" bedkey="gepoun" swevensHansesFerous="miasFinitePlatly" allylicAntumUnity="meuniTizzy">
      <larsShop>hollinSubarchVihara2</larsShop>
      <pouffsRearlyOwrehip amounts="anounou">
        <tsotsiSnobolPalsy>faence</tsotsiSnobolPalsy>
      </pouffsRearlyOwrehip>
      <shippon hefted="1" cirsoidUnownIncr="favorSsi7923" kempyThawed="barboneVia">
        <gainer>sozinesCowitchEspials</gainer>
      </shippon>
      <birder wonningQualAdib="icepick7" thermeSowersLoins="avenueDeader" misbrewPurimDca="writterTaveAyield">
        <pomeriaVitals>sixmoSkyline</pomeriaVitals>
      </birder>
      <eavesLeucismCommas>
        <gittithSunspotCoshing>3038</gittithSunspotCoshing>
      </eavesLeucismCommas>
      <museumsFreeDepayse overdid="polecat6" belfrySangerForleft="witheryJam" dorsale="wadmollFordull" augitesInvile="juncRips">
        <orlet>667867</orlet>
      </museumsFreeDepayse>
      <panging advowryShoes="oilersKabyle">
        <ergsBeqweteSabaism>4694</ergsBeqweteSabaism>
      </panging>
      <quarleGerusia>
        <hidingsCaserne>skepsisStrawerStrong</hidingsCaserne>
      </quarleGerusia>
      <sirgangHussyPlaner>
        <vizslas>prawnLastjob7862</vizslas>
      </sirgangHussyPlaner>
      <caphs fusate="ambeersUnlodge" kimonosCowbind="cleckPoundedSheltie" ungrasp="935">
        <yummier>surlily</yummier>
      </caphs>
      <isicleCaitifFerv loratePalaung="kedgerAnicut3">
        <congosPommelsPesters>enhance</congosPommelsPesters>
      </isicleCaitifFerv>
      <sedShouseNectria wolfedSuccothDipylon="recallsCowle">
        <rsumPulian>dorterTabira</rsumPulian>
      </sedShouseNectria>
      <allowed>
        <balsamoDollops>suppostZimarraKnuckly</balsamoDollops>
      </allowed>
      <exposalCreaky pilferySuiline="mordvinGarryaTanzib" moduletMoselMoires="pifflerBlitz" wovenTarhood="racloirAlidadsUzbeg" grieved="grudgedDeathlyHumbugs345">
        <quernScrit>rejoltMyrrhisPaukpan12</quernScrit>
      </exposalCreaky>
      <trophyFigurae diebackDemotedEmmove="vrbaite" beardedGrooves="bhoot" inburstUnsafer="airestSubdebs">
        <compsSkypipeBypath>bashawsMallsCorns</compsSkypipeBypath>
      </trophyFigurae>
      <khairScuddyRangale outleapLunka="4423684" justerFossule="walnut">
        <apozemaRiviera>76400</apozemaRiviera>
      </khairScuddyRangale>
      <palet>
        <chemmy>littlesCubica</chemmy>
      </palet>
    </pumpers>
    <topau emoteCommitBerust="crabsBookery" gliomaFratchBejig="5" foveaTitbitsCriollo="mcgAlleysEogaea">
      <huppot>dialled7</huppot>
      <toxicAswoon mokoBegunkJohanna="2">
        <brahms>pulliHabus</brahms>
      </toxicAswoon>
      <rattansDiolsYaks chowk="poikileSmazesWolvish" engildRecline="kafkaMimersCharily" smeeksUnpawedKalasie="azureMusesDurax" zanies="carline">
        <bagmen>eyeNickers96</bagmen>
      </rattansDiolsYaks>
      <phonilyKnaidelNicol didric="turnorMuran" cuminicNawabs="226361599">
        <horrifyAbaticAdonean>albianDippedDutra36</horrifyAbaticAdonean>
      </phonilyKnaidelNicol>
      <nappyLiang eustele="bundtPrimeroNed">
        <pirrmawMaitrePci>gulpierKayoingMelena883</pirrmawMaitrePci>
      </nappyLiang>
      <pekinsEmetia spaitsIncuses="102725" vectureCaplins="gossipEmanium">
        <novices>57</novices>
      </pekinsEmetia>
      <pvtBlights witshipCasavaAirways="ovarialPilifer">
        <pipets>enologyCraker</pipets>
      </pvtBlights>
      <pieshopNonfoodTegulae drovers="785" ledgetSeqwl="provoke">
        <tolstoy>clawersDiluvyStylets</tolstoy>
      </pieshopNonfoodTegulae>
      <bogwortHenwile beclaw="outrank" cageot="kantarSlungePunners2704" lowy="tuffet">
        <cordeau>238</cordeau>
      </bogwortHenwile>
    </topau>
    <bomblePadauksFidac>
      <grottyCliftsVailing>980</grottyCliftsVailing>
      <dabblesSmopple awned="sappersAvidity" conkerBatteryMergus="99575" tarraba="1022" meson="collegeReshiftTheezan">
        <susliksDautingBabasco>2253709</susliksDautingBabasco>
      </dabblesSmopple>
      <pampeanBeblear tungahUnleanRoberd="banagos" creesesJuts="safer" senilesRatoMegger="magnifyJennie" nixieSaccli="9">
        <gudameTephra>1539502</gudameTephra>
      </pampeanBeblear>
      <pouffesWhitsunNarial momoUnfloor="carnetsSpadix9524" smellExuviaeSurvive="diazideApproofLida">
        <izingMightly>shewingRecharGummage</izingMightly>
      </pouffesWhitsunNarial>
      <ushersSuerreMoreish>
        <hallmanRicciaUnpoled>dogcart</hallmanRicciaUnpoled>
      </ushersSuerreMoreish>
      <outgoer spritesBosquetDietist="guisedBisectsBourne" abubble="melds">
        <mazdurSmirchOzotype>535</mazdurSmirchOzotype>
      </outgoer>
      <citedSkirrsSmectis regosolDen="185" domiteRidottoLavette="wishy">
        <arganteMaggleAzury>172</arganteMaggleAzury>
      </citedSkirrsSmectis>
      <zinnia>
        <kitengeCamenae>arthralIntailSonic71</kitengeCamenae>
      </zinnia>
      <stipoDrecks protendSyrphidFemoral="455194" thewyRatchet="25">
        <ensignsCurbed>petrog</ensignsCurbed>
      </stipoDrecks>
      <betagOsmose>
        <atropic>surviseTraclia</atropic>
      </betagOsmose>
      <louther valvate="runnierHoopedProgs" tohoSmuggleWilly="suction420" hoistChloralJato="eoithsFooter">
        <surianaToolsy>nankin</surianaToolsy>
      </louther>
      <cytitisMenta mosaic="75" bedeman="stroky">
        <shapen>elemis68</shapen>
      </cytitisMenta>
      <mobiliaFascio banabaPaleron="papaCauseysHallow">
        <poppled>haplomeWhuff</poppled>
      </mobiliaFascio>
      <soporRunoffEnfaced minuses="ventedEarable" unfillUnwellBestud="pillowHough" edomiteMonotic="neaFoxwood">
        <balconGrameRevamp>outkickRisotto</balconGrameRevamp>
      </soporRunoffEnfaced>
      <dissavaLinking>
        <fusilsCardecuGrillee>ilpirra</fusilsCardecuGrillee>
      </dissavaLinking>
      <labibia randemClack="957456553" deesisSavantHungar="coupageBooger">
        <emplumeMucedin>118882</emplumeMucedin>
      </labibia>
      <begsCircler>
        <washenHatlike>specksBalled</washenHatlike>
      </begsCircler>
    </bomblePadauksFidac>
    <lintersUnzonedKith bruciaFilliesToecap="68486825" wingateCheeros="96" tychismLeukomaSoups="39248198" colpheg="65">
      <taharCoparty>nervidTaler</taharCoparty>
      <demits crankKuwait="ordo7" ophisHafters="jackbox" agibleAffixer="tuesdayDivviesWorlds" duodenaTheydSops="titty">
        <deleted>inbyHisselPrythee</deleted>
      </demits>
      <whimsSnortle grimaceDookit="flumesBoccia" rattlerMedakas="cleeks" radCaddoLefsel="boglandSelden">
        <guniterCurchyUnplump>nosean</guniterCurchyUnplump>
      </whimsSnortle>
      <chuhra acoupSorbin="lungiSheitelHerblet8642">
        <strent>arioiForcing</strent>
      </chuhra>
      <skilledCain silkmen="latenRevelerBoston">
        <specusFurca>scoury</specusFurca>
      </skilledCain>
      <lameSubtree markersMeets="pasteNobodyMutsje" lecthiRejoice="conningSnorker" gnarledInheresHanced="graven" wittols="beclose">
        <struntsSluttedSturin>brimsGloomyGargets</struntsSluttedSturin>
      </lameSubtree>
      <ethers>
        <yank>redlegBailiesRubin</yank>
      </ethers>
      <wifedom pismire="wifedTotals173" molalaCopeTaplash="dumdumsEgises" forts="controlBorstalWeal6333" lufberyAbsohmMisted="primula">
        <speedy>6165709</speedy>
      </wifedom>
      <cabaret enology="skatTarzan" kilter="edema3">
        <mekbudaSylphidBattuto>souperUvrouQueasom</mekbudaSylphidBattuto>
      </cabaret>
      <tamandu>
        <janiceEhrmanSabayon>sapsapAsylums124</janiceEhrmanSabayon>
      </tamandu>
    </lintersUnzonedKith>
    <vidonia>
      <harmonyOnagers>stoicalAsteria7</harmonyOnagers>
      <chieveWatched logcockAkebi="alyssumWoaldCrocard" upeyganAsteamPabular="god" clerksCanular="711">
        <cavusVagousLavers>veteranSwilledFarfels</cavusVagousLavers>
      </chieveWatched>
      <cozily>
        <soodlyPycniaFabraea>53</soodlyPycniaFabraea>
      </cozily>
      <stoep pacable="feveredPassedMelada" urchinFold="asea" sputa="wormyUnidlyBabis" punkasOnshoreAdvowry="gainingGenesicKations">
        <lakiestUssels>eddie</lakiestUssels>
      </stoep>
      <alienlyAdinoleScarp wutHarslet="6507" busloadHardishPavade="basinalOwnness" gamefulFlubsIratest="apneaRuvid" soldansPalpedOliver="dioonGeodesySneaky">
        <veiledFishpot>palelyUmbrine</veiledFishpot>
      </alienlyAdinoleScarp>
      <waenessKuttaur>
        <ptomainVie>tiponi</ptomainVie>
      </waenessKuttaur>
      <tuataraRick tensureTakeoutAldide="fhrer18">
        <zyryan>oozoidChien</zyryan>
      </tuataraRick>
      <lumpyShewel pullman="millsResell" lazarLoan="mescals" dehors="calvishGaliot" allegesFeceris="3365453">
        <festoonAgoutis>talkeeTeenishJangly</festoonAgoutis>
      </lumpyShewel>
      <redient>
        <messmen>anchovyFanegasShirpit</messmen>
      </redient>
      <doggleCoprahs rajes="diwata3" smart="39543" gavots="4994" trevisBogglesHackbut="yenningObs836">
        <foiblesFoutre>emergeRenuleBurgout</foiblesFoutre>
      </doggleCoprahs>
      <boasHeiminDrinn hidelRayful="chymics" neatensWommala="immerd" gospel="barcanZira">
        <cetes>sompayGoglets</cetes>
      </boasHeiminDrinn>
      <moppetsBrogansBlot feerCubists="nybbleByzant" mage="neet" songoiBaloch="misy3" erugateArchersTurbots="riprapAisleLobus703">
        <topatoSoftishGinnier>evangelIthand</topatoSoftishGinnier>
      </moppetsBrogansBlot>
      <mayeye pileiDsectsDaystar="farrier">
        <typify>gaiassaLou</typify>
      </mayeye>
    </vidonia>
    <enwindPharoPte>
      <lamistaPilgerAtmo>hewedDownway</lamistaPilgerAtmo>
      <lourShoogle>
        <echoer>mikaniaGerbe</echoer>
      </lourShoogle>
      <iradesGreyer rogers="celluleCadetcy" nomarch="cowerer" volute="dorjeHosels">
        <enmeshNaming>unlike</enmeshNaming>
      </iradesGreyer>
      <griffon tcheka="haoriChantedFon" slichGibli="39984600" oughtsPinings="oddmentLowaHabnab75">
        <corage>36</corage>
      </griffon>
      <unampleBehowlsLoafers birkOccupyEtagere="embace">
        <ensealMindlyKaser>51</ensealMindlyKaser>
      </unampleBehowlsLoafers>
      <heistedKutta petunseCentra="ulto924" biomeShorty="doneLinosYears">
        <laharSate>60109741</laharSate>
      </heistedKutta>
      <sheiklyTumbeki keasShoutedPathema="ephebus" kopecPoplet="snouterKgrTetum" laharEmpestPuddy="quereleZonurus" cancri="pogyAlgol1822">
        <orlops>cauking705</orlops>
      </sheiklyTumbeki>
      <hornadaParamFoxier edmondPuranicNoiler="crewsJuloid" pealed="unrestyApogees">
        <disco>sergiuJaped</disco>
      </hornadaParamFoxier>
      <dubiousFootmanExpulse ymcaPesetaAvellan="tensityDottler" pinaxGetaOverage="svcePandore459" brasReford="dativesBenemptUsara3" satiate="ereptic">
        <spece>xylidic</spece>
      </dubiousFootmanExpulse>
      <magpieEuconic tombed="vasaJumbuck">
        <salonsDihalo>80</salonsDihalo>
      </magpieEuconic>
      <weeps demodexCapon="caecity" distrixModish="signorsGleekGypsum" mangoro="velaricChangos" signoffWakeupShtg="brumousDonorsChoel">
        <heved>saur681</heved>
      </weeps>
      <nonfatKaftaVermian fugued="criticsFessing" scapes="cyamid" suratHushesLewisia="515755" famaShrank="973">
        <pollock>zizzleShockKinfolk</pollock>
      </nonfatKaftaVermian>
      <conure quohog="656562931" urucuDecart="forthby" disceptKhila="pardoRehear" locWhifferPyic="cleeked">
        <pulton>roneEnlifeSahuaro</pulton>
      </conure>
      <chitalCoaster>
        <unmiterTitivilPirl>nestler</unmiterTitivilPirl>
      </chitalCoaster>
      <cornuaDreadly galeresEatche="moit" estriolEelierPocking="albertaGif" woonsHustles="763849">
        <sockoCahierMoun>rublesEtuve</sockoCahierMoun>
      </cornuaDreadly>
      <polyped agriaScrawly="murderAtropos" divata="balaiPyrenin">
        <sunnud>culpate</sunnud>
      </polyped>
    </enwindPharoPte>
    <cuffGove soapier="46955">
      <tenuresMinot>jowars</tenuresMinot>
    </cuffGove>
    <quibbleTeindsGuayabo>
      <burgersSneers>sellateLawbookGoffle</burgersSneers>
    </quibbleTeindsGuayabo>
    <mell dargahOxan="foggy" ornoiteSoorah="butter" muktukCrunkle="layoutColyumPrimy8" zorillaGambeer="notanTapetal" tirribiScraperPluton="avengerAuctor" shruffSufiDueled="spurletCrownerBanket">
      <bogomilBummed>kerslamBlawingDeb</bogomilBummed>
      <beguardSharp aeolus="406633309">
        <beefer>dagoesRamsey</beefer>
      </beguardSharp>
      <colanTabanid>
        <bateauxVervainPlup>trails</bateauxVervainPlup>
      </colanTabanid>
    </mell>
    <deputyShantyPandemy nipaWeirdy="dozzledYardfulBevy" darcySnooty="styldia">
      <koulanDaysmenDzeren>shakingHobbies</koulanDaysmenDzeren>
    </deputyShantyPandemy>
    <kiloradAythya>
      <linns>wafersCesarPressly</linns>
      <tureen twantCoalas="agatesFamishDestiny" sphagia="miffTiplePiolet" pioxeBaronet="99781">
        <thibleMilleri>yak6986</thibleMilleri>
      </tureen>
      <cutletGenoese tenured="rasennaHugonis" matrix="tiradeDekare" sukkahBoatels="415">
        <exists>dissentUnlute</exists>
      </cutletGenoese>
      <canteenHongsPopgun jymoldInflateFilial="flyless" wordenBallismHuanaco="zaire" triwetJubhah="convey">
        <hawkeys>64</hawkeys>
      </canteenHongsPopgun>
      <kumiss geoids="suum942">
        <dendra>380247515</dendra>
      </kumiss>
    </kiloradAythya>
    <mergingZizzCymbate>
      <ping>milt</ping>
      <drooly>
        <outdo>totymanBefalls</outdo>
      </drooly>
      <artar mussick="sabutan">
        <rumage>infauna2892</rumage>
      </artar>
    </mergingZizzCymbate>
    <hinniesTaborsSapor>
      <carolusPolewig>hardset</carolusPolewig>
      <pistoleGlacial airpost="fatigue218" cistsFolksey="augure" creeses="drawerEstroneSamaj">
        <duffels>zandersWickKirombo508</duffels>
      </pistoleGlacial>
      <founteEstudy unsleptFiestas="siol">
        <aswarm>capuche</aswarm>
      </founteEstudy>
      <dwayneWowser chillsVougeot="froren" koppiteCalcesHabu="jinglesScions">
        <roosts>palpsAwlShauri1156</roosts>
      </dwayneWowser>
      <boldosLoppedHakim>
        <oilsWattman>hooley</oilsWattman>
      </boldosLoppedHakim>
      <spiseUphangDepend statelyTappallPulture="reelingMuletasRaiders" curtaxeSeor="humistSkeered12">
        <blushedByously>czars</blushedByously>
      </spiseUphangDepend>
      <trizoicMirach>
        <corypha>noonTainuiCasson</corypha>
      </trizoicMirach>
      <colfox subtext="indents" bewitSiena="cornrowSixth">
        <devalueHamitic>gyron</devalueHamitic>
      </colfox>
      <wlecchePolleraRoscoes alister="gaulsHood" auroreMerkinXerogel="995884" valleyPricesCarlage="osmundsCrozierHalling3460" triketoOlenidAnatta="23">
        <bubberLinkage>echos</bubberLinkage>
      </wlecchePolleraRoscoes>
      <prowessSurgDauri>
        <glomeliScud>diacopeWaltrotUnshyly</glomeliScud>
      </prowessSurgDauri>
      <peartenGlansCholers haggeisCutty="burpHulas" cateredBocasin="oncetWunsome" martnetScarfy="moronryWrixleSpicant" capstanGoreTapir="eweTrisulUnreels">
        <parture>951086755</parture>
      </peartenGlansCholers>
      <rangersOnyxisDampens chukarRisqu="391957757" raconsRusts="martext8">
        <lignous>piastNones</lignous>
      </rangersOnyxisDampens>
      <fizzerBrokageDangers vanKapoksSunnily="98225" napkins="untrodUrnal" unnose="zach" tulles="asemiaSeiTrussed">
        <stethySecernOwlery>acherAhull</stethySecernOwlery>
      </fizzerBrokageDangers>
      <aridest peziza="patsyFewmand587" ammonia="82" unhand="swivel" eats="erodedPerulaRacer">
        <droving>fitting</droving>
      </aridest>
      <cumhalTalooka pustule="variousRicey" glutael="hoodfulCleatSoutane">
        <trolley>sandiaEvalue</trolley>
      </cumhalTalooka>
      <termageJefe jewbush="cither" throuAlpiste="39" rances="18235524">
        <unbaitHassarDartoic>bowpotsWhudOnce</unbaitHassarDartoic>
      </termageJefe>
      <yonicScringe rhizoma="reaming" peters="hobsAccueil" ragged="cancers">
        <jowledTollmen>caroticReedifyGoldie</jowledTollmen>
      </yonicScringe>
    </hinniesTaborsSapor>
    <widenKagoParol>
      <calletsEpilate>egbertCornoTriduo20</calletsEpilate>
    </widenKagoParol>
    <anoesiaBlickyUnlock>
      <baktunBoltersSwinney>64532226</baktunBoltersSwinney>
      <fleas kareetaKobuPenury="bantus" taros="hoggieBoreen" sumpter="yodeMortiseMysidae">
        <simulty>tenty</simulty>
      </fleas>
      <presawHilloed nominalMawsJuring="araba" shogaolMacadamHowish="seiningWoozyKellys25" frazing="censive">
        <halp>kotowerSubsillPoditic</halp>
      </presawHilloed>
      <schoolsClosish vines="magismProduceInbring">
        <hako>paplessCantdogCuestas</hako>
      </schoolsClosish>
      <terrabaCiruelaGrinded peddlesGagersPerpera="ccmSaints" achromaSubmindFisheye="471">
        <themaEnripen>helves</themaEnripen>
      </terrabaCiruelaGrinded>
      <tiedForger foodWace="satinyBiocide104" glar="3">
        <spicasBonersGanja>dragbar</spicasBonersGanja>
      </tiedForger>
      <unwonDaeImide growse="5249281" sheavesTanicaLilac="savage">
        <daftlyFacette>lankier</daftlyFacette>
      </unwonDaeImide>
      <pishing didacheSamenWanky="aidsPhenixCaci" stooksNinety="2709486">
        <jettruWellish>ahab</jettruWellish>
      </pishing>
      <mabiLingalaPersia>
        <scrimTokens>418</scrimTokens>
      </mabiLingalaPersia>
      <reshoeWawsReturf dedanimFribbyAdeling="diskImaums37" putrefyPrecisKikori="haislaCoker47" arcidaeStymiesFlosses="tradal" nappier="awaIgorotTiger">
        <spermic>unspoke18</spermic>
      </reshoeWawsReturf>
      <whileySeemlyUndined oneismMoundedSulidae="inring55" plenumsGlandsBalks="outtellVitrauxUte" lobataPausersHowlets="datesPaynimsDonated76" indaminCedronWormish="blazons">
        <reppSpinderArbacin>3120845</reppSpinderArbacin>
      </whileySeemlyUndined>
      <hinokiChaguarHammily bittBarbs="kodiakSoaredCadew" croseIndiums="7">
        <snibsTrieneStoreen>hotdogsBalataCoost</snibsTrieneStoreen>
      </hinokiChaguarHammily>
      <spiraleFeatousWakens chavishPlutealIsatid="7" entires="flecked">
        <gobangs>knobSpeightDrawnly</gobangs>
      </spiraleFeatousWakens>
      <murder acholia="slotterAuberge" wrynessPrecede="ultimeBajardoLaveer" whosome="lucrineUnlocal">
        <outrap>mollaAlecCesti</outrap>
      </murder>
      <reunite arcose="svelterGrigris" gabbedDiurn="604829634" hieldGraspThereof="unpetalHodadJurors9" terrenePightMerels="holyHenwiseHeuk90">
        <athyria>roisterPotsSnerp</athyria>
      </reunite>
      <milhaDrubbleCoruler>
        <dispondGunwale>storialAlferesHout</dispondGunwale>
      </milhaDrubbleCoruler>
      <bondmen birsyPaginae="kolhoz" chillisPfund="showmanCymae" truffeInteger="dornNiece" gundiCareers="demirep">
        <sickingJennyGroved>catery</sickingJennyGroved>
      </bondmen>
      <babiesEgglerElapoid raglans="outdid" gosterPreknit="abaddonCranianAbient" reifier="582">
        <outrigUraeusOctic>10</outrigUraeusOctic>
      </babiesEgglerElapoid>
      <camions striveFolksy="almemarOutenShroff" tessHejiras="germensPhonGownlet" rye="grolierGilverIngle" bothwayDimane="62">
        <tiverGooierAxonost>purred</tiverGooierAxonost>
      </camions>
      <tambacSayer keyholeOlein="wartletAxedTrowel">
        <demoted>mistrySolvend</demoted>
      </tambacSayer>
    </anoesiaBlickyUnlock>
    <minious>
      <corkageTeaing>zaffres</corkageTeaing>
      <daddockCrofts wakemen="abuserTerais" snitchyPosts="tanya">
        <mooting>719347</mooting>
      </daddockCrofts>
      <micheal cimier="fremtAcronyx63" tietickPoralHath="jardin" vog="kedgesPaiocke" bossboy="chilver548">
        <versusOverdye>nomeus576</versusOverdye>
      </micheal>
      <bantyRobingPin pilaws="xylols" hedger="rusksRegalerMessing">
        <stickelSectorGrig>194484</stickelSectorGrig>
      </bantyRobingPin>
    </minious>
    <cheerlyTrudges>
      <damieAdultlyHurled>hethen</damieAdultlyHurled>
    </cheerlyTrudges>
  </butylic>
  <clonerNunatak checker="almudsCockade">
    <squiretAiluroClassis cayucoCauseTying="studiumBagfulsHangdog" skyeyWidener="48">
      <tipisAcquits>ahimsas</tipisAcquits>
      <foxes hittite="20440151" tarquinLetters="cirriNidgets" nanes="33">
        <chudePerlite>ecodemeSerious</chudePerlite>
      </foxes>
    </squiretAiluroClassis>
    <shivahSireeRamada preseePeruDulling="waygoneLowthSorer">
      <longearJiffy>shrubsNerium</longearJiffy>
    </shivahSireeRamada>
    <alamireSnockerKantist chimuLore="roddAwagRilling672" stefanCoritaNaw="betearTodidae" smurksCanthusGritted="71" bureWaddleGlazers="clag92">
      <alack>hichuRelaxer</alack>
      <knarkOctet>
        <pizzaNoonish>aimfulEonismsWecht192</pizzaNoonish>
      </knarkOctet>
      <astore sidecarRanger="120713833" lionne="rillPapyrin" neonedsProGeck="bagels" dehornsMauler="abricot">
        <tannaTruthy>mangierImpalaHectare</tannaTruthy>
      </astore>
      <outadd>
        <bouk>wommala</bouk>
      </outadd>
      <hewn sinopiaUnhornyGainer="cipoCast9110" argoan="fetchedSoupled" reslotKeech="nodular" shawy="wilningToyless">
        <impisTangaNumbest>brasseyBocaStrive</impisTangaNumbest>
      </hewn>
      <dourly barbra="tenpinHagenia" clammyCawker="dashedFriskle9" putchukBrink="brazierUnpaveBedress34">
        <vengingReviledDeriv>ericiusAcrylBellona6</vengingReviledDeriv>
      </dourly>
      <uvre sibbsPhialaiOfftype="roslandThowel" bulkageRhachis="dentesResojetEnsurer">
        <semitaDermad>arcadeLess</semitaDermad>
      </uvre>
      <magnonPunner smegma="checkleFullers">
        <lysingCloques>outeateWaitsOmen</lysingCloques>
      </magnonPunner>
      <armorer>
        <cornuleTrawley>garettaGentyUtrecht3</cornuleTrawley>
      </armorer>
      <illusorBurgeonJervina foleye="ghoulsWeirdo">
        <astrideShieldsDuffle>durzee3</astrideShieldsDuffle>
      </illusorBurgeonJervina>
      <frasierAurum angula="smither">
        <orselBubber>stymyMahraBenight</orselBubber>
      </frasierAurum>
      <blitzedLinet unaimed="undragGabari" enamorHunksTakar="awhirAttorn">
        <yens>14897</yens>
      </blitzedLinet>
      <japerWumble votist="natural">
        <owleryYamensEmlen>9483</owleryYamensEmlen>
      </japerWumble>
      <rogerWappKazoo>
        <allegedCrazily>sawlogsTersely</allegedCrazily>
      </rogerWappKazoo>
      <yanquisDickie winkingMaund="tacitlyElodeasOffload" cuttailEuonymyStrokes="regina">
        <rouchesFeezed>piaroanDorayTurkism607</rouchesFeezed>
      </yanquisDickie>
      <unalone toutsReslide="wlench">
        <extance>beezerPieman</extance>
      </unalone>
    </alamireSnockerKantist>
    <shorty>
      <diaAcinoseContoid>tikoor</diaAcinoseContoid>
    </shorty>
    <marang moneSumpman="haddinLeatmanYeply" bhotiyaTahami="demalVelours" muskierFarerTensaw="chigger" avocetConvitoOtogyps="crileOctile" sprucedGlance="ronierRemoveRallyes">
      <outnessSpadeOutfire>becolorStingsDisgown</outnessSpadeOutfire>
      <insuper>
        <prepupaCaguiJoshers>pycniteHarp</prepupaCaguiJoshers>
      </insuper>
      <meebosMackles gapoAtweenSusi="preoticSplad4" koreanParsingElijah="profile" cabreCommits="doradoBeetlerGibbers131">
        <beauneLaresEthenes>upstairCocoyamDowered</beauneLaresEthenes>
      </meebosMackles>
      <cancOyster octanolAppend="bobber" lessestAcardiaMerel="2">
        <grando>29</grando>
      </cancOyster>
      <holcus>
        <piroqueEnnobleScaring>84</piroqueEnnobleScaring>
      </holcus>
      <blayFloush garnetEnwoven="anosmiaOutdareLacepod" simlins="nimbi" hoarilyVakeelEndeign="tout87">
        <smeddum>larigot</smeddum>
      </blayFloush>
    </marang>
    <totuavaJaggedSaiga>
      <lianoid>redskin680</lianoid>
      <kachchaMeleeCollage caggy="88102" tripeVanfossInsecta="thrones" breederOuphishBanter="orioleUpthrow">
        <gillsCataria>cuckingSweerBoucles</gillsCataria>
      </kachchaMeleeCollage>
      <hyneSwished gripeyAquariaFlick="boletus" dugglerQuey="copied" detenueCrissFood="potorooAivrGalilei">
        <mileMucedin>croppieSpivvyCarboys41</mileMucedin>
      </hyneSwished>
      <taetsiaMedaka attrite="pionery" ahsPolers="dotersSlourRemixt" gladierHajisXanthid="panaceaConusesShout" sonchusOrthantRull="ochreaeRemeltAppl">
        <illeistHyrateOpaled>mamboedPlying</illeistHyrateOpaled>
      </taetsiaMedaka>
      <idaicTocomeBick yogasLampreyJewel="pikleRaguleCuret" rabicHandarmPokey="boragesNasab" enami="teakBaktun">
        <cheveysBesmut>bhabarKoiariMenzie</cheveysBesmut>
      </idaicTocomeBick>
      <mantasHumidorSteen drateRizzarGunite="kitlingCritchBuat6148">
        <garbage>acidlyAgmasHalted</garbage>
      </mantasHumidorSteen>
      <emittedElsa outawed="atelo" alchymyStiesCourlan="shrogsHonour">
        <veepeesZimocca>agonalCurtate</veepeesZimocca>
      </emittedElsa>
      <detenue pinkieGustingPinkily="changesGladwinBoba734" alepine="sixmos" muggedEluviaSparker="felidaeMayhem" thalian="unbrent">
        <bywayCrewmen>managerScallopBouet</bywayCrewmen>
      </detenue>
      <poppied tumboa="cradlerBee" kalongsPanes="natickKatsFarms" puristStoneMoll="rilledSoudansVenters" clasheeHeth="piteous">
        <shinesRasceta>646</shinesRasceta>
      </poppied>
      <tarresMatster footmenBraccae="unicePizeDebtful" forfeitQue="tined9303" vagitusVendee="uncurd">
        <panusBorshts>bywordsDogbolt</panusBorshts>
      </tarresMatster>
      <oilwellSuccumbDesorbs fatterJerlProvers="bouvier" widerNandin="macemanHolliesPlebes" ineye="haulierChok" colorerLeslie="fumeAmyousHaricot">
        <grumblyAnusUncial>lieut</grumblyAnusUncial>
      </oilwellSuccumbDesorbs>
      <tourteCheyney carvageKetenes="imposts887" whoopJeridsPonzite="aloes" dermadPiggin="hazellyDyke" orcein="amdahl">
        <dholes>amigas</dholes>
      </tourteCheyney>
      <halkeHeddlerProbits tophphi="mimmingInport96">
        <judices>lintel3</judices>
      </halkeHeddlerProbits>
      <medeFeisty>
        <clatterSweetieBatiste>reiversSoloingStrolls93</clatterSweetieBatiste>
      </medeFeisty>
    </totuavaJaggedSaiga>
    <sands>
      <sussEidolaBrazers>awetoMothRiant</sussEidolaBrazers>
      <lumbagoBetaskPrinkle coleyDrying="ayinsLonged" teeteeFungose="suedesCnidaeEmbelic">
        <skidway>gonakeUcayaleStu</skidway>
      </lumbagoBetaskPrinkle>
      <clumpInnsIsotome cometic="demobRepel" phillisDiscernAhi="894384" papulanDoltishLycopus="mnioidTheelolAccum" tab="koumissDoddy">
        <maskingTafias>chibchaAdheresLochus</maskingTafias>
      </clumpInnsIsotome>
      <eadLenaeum timingsPotongSetups="dumber" grillDewier="dirkedHeitikiUpflare" indii="radialeAttourGegg">
        <dorianLodensScuzzy>110210648</dorianLodensScuzzy>
      </eadLenaeum>
      <mikronKilter>
        <dwayneSuckle>hoosgowCrapulaApritif</dwayneSuckle>
      </mikronKilter>
      <wherereFairies chimed="coadaptHandout">
        <titan>agates</titan>
      </wherereFairies>
      <shotsBaruLequear magnumFashionKoran="rhombOleate">
        <fideistArtou>6085684</fideistArtou>
      </shotsBaruLequear>
      <anqueraBewigGuango>
        <biolithHerdess>obrazilErmineGainer670</biolithHerdess>
      </anqueraBewigGuango>
      <hammam>
        <clechyNigger>gulperPiotineBowyers</clechyNigger>
      </hammam>
      <bangersShticksTeths aginner="palmfulFritFifes">
        <roached>splurgyCurtEntom</roached>
      </bangersShticksTeths>
      <salamisCheare>
        <deadensGimper>gamelin</deadensGimper>
      </salamisCheare>
      <sieging>
        <outpassHaePriss>6810838</outpassHaePriss>
      </sieging>
      <tuffetAmtman>
        <sizzing>praxis7</sizzing>
      </tuffetAmtman>
    </sands>
    <skiveMru>
      <subaJawfeetStrakes>997672</subaJawfeetStrakes>
    </skiveMru>
    <succinCarrusIndivid>
      <zanilyCuittle>19510</zanilyCuittle>
    </succinCarrusIndivid>
    <sumo poserAdynamyHeughs="hangdogDuckingSquabs926" fund="sceat" strider="247311360" naveMidyear="5574298" saltedBrose="359833198" resuck="fagelia" escotMoisty="3">
      <decrete>profert6107</decrete>
    </sumo>
    <shippedBaldy homey="tipleHackerNondeep" liar="sirmark" umbone="gassierBoras" lordoma="zunyite" acerousEmesisEffuse="4437">
      <islandy>7</islandy>
    </shippedBaldy>
    <mnestic>
      <ottarCfhCorr>centred389</ottarCfhCorr>
    </mnestic>
    <subornsSeamew xyloidAciliusDecess="brant2054" blee="faitery" quatral="zabism395" likens="estafetBambaraAlepine" inceptDonkey="bezoar2" cowpeaFiqhScrags="shiedAftersFlathe" tritor="tarnishAspis">
      <goitre>abradedGiloHubbies</goitre>
      <frizesThisOvisacs englynsBootesUntooth="delbertDisterr" iraqi="loofahBumwood89">
        <buttyHeist>treemanFinmark</buttyHeist>
      </frizesThisOvisacs>
    </subornsSeamew>
    <sheevesZeroes>
      <chambulThioninLowered>siwan</chambulThioninLowered>
      <boatlipSyssitaVac filerTrullRodents="474" cobbin="pleiadsTintack" nannie="gamedJointsNiggles105" aeratesCornier="malkin10">
        <sleathy>yoopVenesia</sleathy>
      </boatlipSyssitaVac>
      <obeyerCaponeMorsel lustersCharger="manlet1" tutball="yungan3">
        <rebiaFipennyGestic>metrize</rebiaFipennyGestic>
      </obeyerCaponeMorsel>
      <monuronRecoach zemstvaVexersBoodh="debiAngelon" unslackAmande="ango" cuorin="blessDudlerSkivies">
        <croatanEnology>norelin</croatanEnology>
      </monuronRecoach>
      <mesitesLossCavers illectUplaMesteso="croakedUpleadRectum">
        <butling>coggerHalicot</butling>
      </mesitesLossCavers>
      <gringosGolemIncor heerOddballPonto="pileaAlfione">
        <backcapRya>hent</backcapRya>
      </gringosGolemIncor>
    </sheevesZeroes>
    <crinoseJinrikiOedemas chamm="cordyRecrank">
      <upflameUpbay>usitate6</upflameUpbay>
      <pulvicWinnaDevoted kanjiGloggsCretify="treefulSpokaneOdell" revelOutplot="earwaxSijill">
        <cocoaTolObeyer>thornenAnhele7531</cocoaTolObeyer>
      </pulvicWinnaDevoted>
      <gallerNantzWhittle lijaViolinsRhetor="taar" yapsToasted="unbluedHuurder">
        <plaintsSeqwlAbir>ensmallTagulaFester</plaintsSeqwlAbir>
      </gallerNantzWhittle>
      <hoghoodAmeniaEneugh shrinkyBosomsSaltly="93">
        <spelman>birgandUngraft465</spelman>
      </hoghoodAmeniaEneugh>
      <pobbyBeltaneMou augurerPurifyOryssid="guetareScarrow9" triduoRattonsClammy="fpm" phosInglesaAdeline="lilies">
        <urtite>paniscaSpiking4005</urtite>
      </pobbyBeltaneMou>
      <avidins pugmarkLimans="acrockPawdite" dealateAppmt="keglingSuccor" studiesBuntingAtmo="crawled">
        <vagrantCissyBalilla>adnateYaourti</vagrantCissyBalilla>
      </avidins>
      <andreAppals>
        <lakerArbust>gimAssithBogier</lakerArbust>
      </andreAppals>
      <imamicWouchCalotin>
        <physicsCivvies>roudasYacksLurers</physicsCivvies>
      </imamicWouchCalotin>
      <loutingNematic youward="braiesRichensWeiring28" ovines="erucBecarve" biparty="yucca">
        <releverGlutei>unisoil446</releverGlutei>
      </loutingNematic>
      <balkarScampsWursts>
        <duan>345542875</duan>
      </balkarScampsWursts>
      <gamblesIngrave isoldeNeumaBesteer="chappinYarly">
        <yuckerUnhandy>welches6642</yuckerUnhandy>
      </gamblesIngrave>
      <dozzleCalomelHairen willet="lamellaDiked">
        <furmety>bowlegsConchy2259</furmety>
      </dozzleCalomelHairen>
      <outpipeUpliftHepper bidgetIronice="pitfallCordersSubduer">
        <impliesJovial>ruddockVolt</impliesJovial>
      </outpipeUpliftHepper>
      <carmotPadroni chaori="resoap" koaliSyntoneHoveled="ulnageLadledOrna">
        <contra>evan</contra>
      </carmotPadroni>
      <thratch smitterConchalDisheir="veraKyrie" scraped="revete" epagogePlaices="54299426">
        <frangiShielTatter>starter267</frangiShielTatter>
      </thratch>
      <crinalAyre deitateDecorumAller="grainyGammedBuffa" pipra="adjustsInters" brookCurple="tappallMalaxisSotho" tergantBeidOzoena="rebrandRocPicots">
        <chili>812</chili>
      </crinalAyre>
    </crinoseJinrikiOedemas>
    <slapdabConima atocia="voiderOncin" safes="yelekAmraStudies" gnideFurial="probKlongVassar" insweptJuniors="meioParureRootlet4" sursise="skylike">
      <trassesPravinSynopsy>59157</trassesPravinSynopsy>
    </slapdabConima>
    <eila>
      <anubinTheah>vamp</anubinTheah>
    </eila>
    <wemlessYentaFowling dezincJunoVetoer="990985032" ratines="darciWittol" royallyKnar="1434070" vanloadWeltingGuid="hetter" blisterBildersLamprey="bandrolAzures">
      <uteroMalmed>mapuche112</uteroMalmed>
    </wemlessYentaFowling>
  </clonerNunatak>
  <fumadosPitiful wooster="mopokeHarpulaByssoid9" />
  <meu eolianSpinorsChammy="123395" affying="56192" mayan="infernoTonight" nuncMarkman="193" />
  <setsmanCoragioHyzone refixBiophorIdence="3487552" twankerGneissyGiggish="66" />
  <hyoidRabatoFurnish>
    <zygalAlvinaJubilee drear="morose5" towmastChacoliMowie="benignCoinageKos" mugwetBodilyHuppoth="813">
      <cagmagChnTourne>4872</cagmagChnTourne>
      <bausonSarkySinnen salivalGooberManwise="aumriePulps" extols="217573368">
        <topiaSclimReq>galeateTrinal</topiaSclimReq>
      </bausonSarkySinnen>
      <impiesPluckedAlfin>
        <sulphasPreace>earners</sulphasPreace>
      </impiesPluckedAlfin>
      <tigress twirp="prepgDominee" yummier="bowseMuggily">
        <pixyishOmasum>patache</pixyishOmasum>
      </tigress>
      <abalone stikine="368" pestledAgoingCatwalk="darefulPores">
        <argoAssever>nuddyAtomistSordor485</argoAssever>
      </abalone>
      <gunnung alcmene="bandar" okapisCarceagStingy="siever">
        <pailolo>923</pailolo>
      </gunnung>
      <commata neilZemi="taihoaMytilidSynodal" fidalgoStreiteEveque="fetidlySunburn9327">
        <midtap>fearsWillfulLooks</midtap>
      </commata>
    </zygalAlvinaJubilee>
    <learns>
      <sated>chromaBegass</sated>
    </learns>
    <wigmake tiedChazan="dasypusDingoSandhis" swiperGauby="beowulfMethoCupular" salivanCowalLar="scantLoathlyAret" arced="7115" rerootKeslep="damnsSubfiefWhirken" jammerCidBasely="bitingBushwahClause" pentyne="brazasInvaderClyssus">
      <nupson>chasingKusum</nupson>
    </wigmake>
    <sapeleBroilerPrecopy>
      <cistaeFin>annalTasted4956</cistaeFin>
    </sapeleBroilerPrecopy>
  </hyoidRabatoFurnish>
  <ethizeBaguios culetMealedFdub="debase" enring="pavoneUncited" asianicAscitan="becense" />
  <factoryWiyatBigness blitzDolcianTheeked="trizone" farmPorkmanJapes="22" craalSniteSvelte="economy90" />
</wournilLineas>