<?xml version="1.0"?>
<tattlerShoggly>
  <rawbone>
    <yippieAubeImmote speansJollierChuffer="114" erogenyAmmonic="2902" coll="didnAuditorMuse" mearMalapi="cat" plots="snodNayward2" climbsJasperyNiches="eelery" isomeryRander="unstackEvansFending">
      <vampire>whimperMilkPublics</vampire>
    </yippieAubeImmote>
  </rawbone>
  <machoBowtieOutblew chandulQuinsCrumpy="612656745" wolterBagwash="photicRidableMoulder7" swivesEpiboly="tugmanPulse">
    <hairof>
      <brensTumblesMawsie>disrootLangurBosh</brensTumblesMawsie>
    </hairof>
    <vaguiosGoateesTrining>
      <rides>sponsonFurnish706</rides>
      <mioticsEthenyl warty="moidoreRinggit" spontonToledosTrets="tuaSaltingPiskun">
        <privOnanismDidle>miasmsJaverSpangle2078</privOnanismDidle>
      </mioticsEthenyl>
      <sheel damned="accolle">
        <cyanite>pulsarEcteronVum70</cyanite>
      </sheel>
      <helewouSchinusMuktear cinqueNoemiDermas="suablyAvianCullers" pudicalPeikthaKirtled="untireLomentaCheater" packetGonadal="splore" lumsAddy="4467">
        <mikadoOdist>484995</mikadoOdist>
      </helewouSchinusMuktear>
      <satiBogfernAdjiga sutured="xeroxesBrusker" mucosalFennishBotony="xyloClucks288" tampoeOutswam="citee418">
        <gannetsBasest>atmaBombingTarkhan</gannetsBasest>
      </satiBogfernAdjiga>
      <stanzas>
        <octopedJonglem>17414</octopedJonglem>
      </stanzas>
      <prehapsGordiidFourgon>
        <wadsNuggety>acrogen</wadsNuggety>
      </prehapsGordiidFourgon>
      <kalpaksHoralHexades cavy="blackenLija" wray="seral" finnyToters="averred2">
        <sculp>dineticFetes</sculp>
      </kalpaksHoralHexades>
      <oasis sackageRowte="lordedIurantStreen" gresil="monismAmnios">
        <ghuzLususesTomial>puffs</ghuzLususesTomial>
      </oasis>
      <brucins illudeGuise="pyrrhus" cossidPetcock="izumi" clint="shiaWeldersSendals" etnaSicyosKyathos="shippenAtheousSexual">
        <spiresZioniteMonism>carderRouthyNopalea190</spiresZioniteMonism>
      </brucins>
      <laroidInisle coldestRefluxSooting="hecatic" ripostsGirleen="umbretPight4153" quebecFoulingMado="lorsFestine339">
        <durhamCopaiba>sprodTactive7467</durhamCopaiba>
      </laroidInisle>
    </vaguiosGoateesTrining>
    <propria>
      <dirges>thingsMaddersManfred34</dirges>
      <yarkeZoners adamas="pliskie" sheathe="flyer" lewdestMaillKazoos="direful">
        <strays>vinea</strays>
      </yarkeZoners>
      <summae lysisMyronicBrauna="ratiteAnurous4" wavily="tariricJabulBalr" privitySurwan="seemsLeavyKarela" likerCoughed="zizzlesFervent764">
        <younkerUlamas>lagendAdventsRunny4439</younkerUlamas>
      </summae>
      <terce stagnumFondleTetotum="nomosIdeaCroze" ragsTolu="unbonedLooingOffense">
        <haveVacReg>facadePunjabiUndry</haveVacReg>
      </terce>
      <existsBosoms>
        <trimersWaftageLibitum>oestrinGaggle9059</trimersWaftageLibitum>
      </existsBosoms>
      <holly demist="38897340" beveilComboGules="bailli918" reelectLotritePurge="majoremHumpsAllody">
        <mulsifySoodly>bilshNautica</mulsifySoodly>
      </holly>
      <pageantKirns sinderGos="toruOsmond">
        <faisan>25</faisan>
      </pageantKirns>
      <dequeueDorsum prancerDupesUbiquit="908630">
        <jacamin>streakSashing</jacamin>
      </dequeueDorsum>
      <deicingRemodel bassyStroyed="178211" kragGrubberMiguel="snick">
        <muslimClunterOlpae>toisechPhonetMaty</muslimClunterOlpae>
      </deicingRemodel>
      <terneryNaique ridded="spaFeudedTursha" unlikedPommageTilery="loupOloroso7" finedOkras="toolerLidded">
        <iotizedAwaneTuberin>embryo73</iotizedAwaneTuberin>
      </terneryNaique>
    </propria>
    <grousy stiesLudEpoxy="rexes" train="maltose">
      <conimaPomposoAlef>hypeTinting2</conimaPomposoAlef>
    </grousy>
    <trailer>
      <unsunkSoncyRussets>63364277</unsunkSoncyRussets>
    </trailer>
    <waerUnwipedShavese>
      <drubbleDyaster>outwickEssede</drubbleDyaster>
    </waerUnwipedShavese>
    <cotiseGrantAerugo>
      <foysenRummierNoting>goldangWeesheeGraven</foysenRummierNoting>
      <peerieShaftsCovid darkensSepias="retuckDraineAstone4757" fatbackNurling="7930">
        <heders>bakatanSeaman</heders>
      </peerieShaftsCovid>
      <offcastVespa punctusMarkupsBenzols="serin436" banyulsUphoard="bsktEnders" parodi="throwstProsFantast">
        <fifthUntap>chinkle</fifthUntap>
      </offcastVespa>
      <ouabaioFragor leoniteReveler="subsume9887" jupes="chemick42" crabbyTrassTopeng="coaptedTivoliEpoxied" drestCornea="reslateWellsetRot580">
        <readierBootleWeans>acquire</readierBootleWeans>
      </ouabaioFragor>
      <trackedMarysSavaged crookenCamacaAlf="vagrantCuculla">
        <allelicTernar>49398</allelicTernar>
      </trackedMarysSavaged>
    </cotiseGrantAerugo>
    <pact>
      <liernesMasonLadybug>brasAmigas4597</liernesMasonLadybug>
      <abrusToader wallowFixt="upslantAshame47" scurrilNunc="poopsieNakula" wallaSoloist="azotesMarvinGunite84">
        <bricks>boxworkAlexian56</bricks>
      </abrusToader>
      <lentilsVoided>
        <loadum>38097366</loadum>
      </lentilsVoided>
      <popperCopters carsStreep="utricleVax">
        <ptisansLifeletIncased>pollam</ptisansLifeletIncased>
      </popperCopters>
      <monaxToag>
        <almanacAhuatle>orbedLiknonDaswen7</almanacAhuatle>
      </monaxToag>
      <hormosSeoul>
        <alypineLanely>ogeeJowlish</alypineLanely>
      </hormosSeoul>
      <megilph dablet="shebangHagrideBirdeye" bryanWelfareAshet="61337306" waxbushLovefulVirl="7361845" altunForslowBaryton="kiddoesLazing">
        <churnYonnieValerie>2112581</churnYonnieValerie>
      </megilph>
      <gossRechipManks fidleyGaureUngear="arseEncoder" manwayElmerEtypic="martyrRegestOtc" cartes="regnaFretum" astasiaTicuna="alya">
        <fraterAlbitesPanpipe>toralOstmen5</fraterAlbitesPanpipe>
      </gossRechipManks>
      <blearyUnbar kleigGainersMethene="zeksGalagoArundo" wormishShmoSheets="lumsPhytolGladify">
        <tornalHackbut>ideated</tornalHackbut>
      </blearyUnbar>
      <nardusSumpage rebinds="coiling">
        <dueNegrine>scutesImbuedMyra</dueNegrine>
      </nardusSumpage>
      <outliesNicoloDawpate wagonDefeatSpang="unruledMiosesMesityl" miskillTipree="divans" lampionSneap="7841731" bashUniting="gonopodVanille">
        <orpines>upwardsArte</orpines>
      </outliesNicoloDawpate>
      <zyzzyvaWoiliePinuela cheetUnknot="poledBeaconAfright" prigmanNevi="carotol">
        <checksShear>colombLaude6144</checksShear>
      </zyzzyvaWoiliePinuela>
      <nurledIambiOxane regush="235" puan="whill" savvyShutout="unfedOutfedAwait" gaspTealessAloha="corbulaChuggerClaim">
        <jiglikeRoutedLeaker>arenoseHarryRfound</jiglikeRoutedLeaker>
      </nurledIambiOxane>
      <pussyEnjelly>
        <wattageDebone>gollar</wattageDebone>
      </pussyEnjelly>
      <friskedFishbed misactsConcert="botchedCompos">
        <alosaNassa>870978379</alosaNassa>
      </friskedFishbed>
    </pact>
    <sloshedSeaworn>
      <skipped>sowlthPorture</skipped>
      <deepestPoussinPalt bombola="arestCarvenPrater">
        <hootsKrissHilted>stibble</hootsKrissHilted>
      </deepestPoussinPalt>
      <elixateCuminolIodins prehealEllops="677" ralleryMbayaDites="eyoty" apsisPatrico="muddingGoustie8538" domine="73">
        <jacu>feloidGimels</jacu>
      </elixateCuminolIodins>
      <alfalfa wroteTalisayOlein="justinaCoalaGabling" outdone="diluteAfloat" unsootLushlyPursuit="unweldGadid">
        <additurEarplugCowherd>pigged</additurEarplugCowherd>
      </alfalfa>
    </sloshedSeaworn>
    <ascellaRunout>
      <curlers>frag</curlers>
      <warring dashy="sucuriLocaled">
        <liableCutweed>jicara</liableCutweed>
      </warring>
      <denotedThalerVisaya fensterFunkedMalicho="bikiniYacalEnstamp">
        <querist>resterIrisherDeicer</querist>
      </denotedThalerVisaya>
      <daffyFeirie>
        <capelanWastesSkulk>motion1</capelanWastesSkulk>
      </daffyFeirie>
      <saddleYakalo>
        <tithalSansaraNairobi>fiadorJapedGambits</tithalSansaraNairobi>
      </saddleYakalo>
      <envine typhulaPropylAbassi="margayExuviumTrysted" challieProachOutlets="glacisFortesUntoxic" gailIpseity="pleatEugenicAlbi3">
        <whissAdded>netchaHede</whissAdded>
      </envine>
      <joyhopLatria>
        <harms>290</harms>
      </joyhopLatria>
      <xxiiLatinusCelery roosing="bigotedTdrTossup" roaredDawdledAnosmic="unbindsBlason">
        <debbies>19648309</debbies>
      </xxiiLatinusCelery>
      <twaddleRhinalWull>
        <meleneFavoursRinaldo>85826926</meleneFavoursRinaldo>
      </twaddleRhinalWull>
      <shlepWollockButomus shilhaUrealTiniest="patin6060" impaledMettarPodogyn="baitedTrp838" eyeletParveMedico="burierFerisonPiths1">
        <bodrageSayids>sirmianWedelnDagbane</bodrageSayids>
      </shlepWollockButomus>
      <hits valeweInsect="9">
        <skerryUlling>wivern</skerryUlling>
      </hits>
    </ascellaRunout>
    <koorhmn chunam="ewesThicks">
      <reamersAdielBubbles>struse</reamersAdielBubbles>
    </koorhmn>
    <fairing periwigJuangMallein="valew8" biogasOutwell="skirtyMoira">
      <ethel>920</ethel>
    </fairing>
    <silvexPodexBenthic>
      <adeline>fubsNiseiRamulus</adeline>
      <gerlandSettee cynthiaNobber="enrollLux" oni="expiree" papessTranfd="omits" filaoHarvest="63">
        <lemanryTrevisTracker>talkyJudging</lemanryTrevisTracker>
      </gerlandSettee>
      <cornetInst bagroomDeceitsCackles="66" regr="223" fusteeKoolauWud="amusesMeloe" urologyInyoiteTinchel="joggler">
        <raspyRiffianWosome>roupyTuumHomily</raspyRiffianWosome>
      </cornetInst>
      <pikleShadingMicelle chagrin="mataraJako" bidi="eigh">
        <dissuitHacker>eparchyNaveMile</dissuitHacker>
      </pikleShadingMicelle>
      <frayne hubblyKoolauHaggai="unhusk" unfedTetraneOwlet="sparser">
        <cauchSamDryfat>booking</cauchSamDryfat>
      </frayne>
      <sootySickensKroon>
        <mislyFleingCloseup>ushers7576</mislyFleingCloseup>
      </sootySickensKroon>
      <feedbin litany="untripeSemotedCarver" pedeePowsLawyery="moiled">
        <bemaul>inmate</bemaul>
      </feedbin>
      <cockies undosedMirandaPruning="57529914">
        <elideWealful>xeresAdeemsFolds</elideWealful>
      </cockies>
      <halitusSpankyTitano quizzedLaceryWhirler="ramblerSummons" nervate="wording" entrepDespumeJellico="pongaRinsingAcolyte" immerge="yodlers45">
        <upbreedSlamGawkier>scarpedLankFibster</upbreedSlamGawkier>
      </halitusSpankyTitano>
      <pleonFakingShahee>
        <pereOutgush>trowIdeas</pereOutgush>
      </pleonFakingShahee>
      <kolkozyBeslabMoue romansShimmey="sanable8240" nyssaKnittie="moodirProvide" cowardsChapelHilary="oaredObtundHalfen" uplyingMavensRapide="azorian65">
        <furlessKekchi>myocdiaCromme</furlessKekchi>
      </kolkozyBeslabMoue>
      <toadierRecipTeg riotiseGoalageGamelan="prunersSuomicJugerum" jeofail="vectorGourdedStarn" gyvesHiedBeheads="laddishAlkes" mucedin="39096890">
        <gweeon>trabantCesiousSpoom</gweeon>
      </toadierRecipTeg>
      <cyst>
        <hak>vexedlyJobo</hak>
      </cyst>
    </silvexPodexBenthic>
    <cokeEgging koas="journeyOxphony" kerewaTeresYoursel="chammImmun" agma="apinoidDiglyph">
      <mishapsCrissumYenning>trestleTranslApices</mishapsCrissumYenning>
      <kneltPewmate carolan="922192">
        <unhad>founded</unhad>
      </kneltPewmate>
      <dimbleAnisilDepeche pellasAttalehBetwit="botasVara" cuppier="tennist" remailsCourbe="gummicSilanes">
        <devotoHulver>pupa</devotoHulver>
      </dimbleAnisilDepeche>
      <dackers punkest="gallicMockingFict11">
        <attendsWistitiLinter>pedrero53</attendsWistitiLinter>
      </dackers>
      <rimpiAlcidae rainyDahoons="divines" orarionUdellFossule="agleyNaivelyRadidii674" amutterOvineLooms="quitely">
        <timaeusVolumesWamel>brucia</timaeusVolumesWamel>
      </rimpiAlcidae>
      <ekkaAdmix fabes="sleepsMinkeryDenudes704" hopersWastBibble="thrums" butty="visardsUnsafeElliott">
        <innersBayonetSayids>denier</innersBayonetSayids>
      </ekkaAdmix>
      <ottarGurjara>
        <pigfishBrownieKnish>incultSimula</pigfishBrownieKnish>
      </ottarGurjara>
      <nasat bribee="enchafe" zonulae="sphalmPlumeJocote">
        <enthralQuiddle>ohare</enthralQuiddle>
      </nasat>
      <furmityKotoiteTrilisa unpeaceTrubu="repatchPapeyVill" ataghanPromote="pleads">
        <hazzan>dzeronBonnilySwooses</hazzan>
      </furmityKotoiteTrilisa>
      <maunch wittalOafDoghead="glaceCheaplyDemean" stikineAllahLucerns="agunahAntiliaAflush">
        <facer>boxtreePyrgom</facer>
      </maunch>
      <towlineLaunderAnticly floss="4" torskSpean="weaser85" triduumDukedom="hoggismHinnies">
        <bodeHud>fifes</bodeHud>
      </towlineLaunderAnticly>
      <vogueyBeckie>
        <tracliaApteraObjects>kamassi</tracliaApteraObjects>
      </vogueyBeckie>
      <marteleBowlaRailer>
        <subvolaFlipUnleft>dirdum</subvolaFlipUnleft>
      </marteleBowlaRailer>
      <reback unneth="quiet" clumpedThrowsGlonoin="kabayasExult" canzonaWelsFurze="9903" portly="enshadeBoutsTiddley">
        <fearHouhereBeaks>selene</fearHouhereBeaks>
      </reback>
      <arzanTanking grantorSirosPufflet="chowseWhaur" gigotsReportRhinion="grogramRattleHerding" zoogeog="tidewayDagglesSeawant" comment="plumbSterna">
        <hike>72113441</hike>
      </arzanTanking>
      <wallerLockups usurerEgretsGomuti="romanosDrive" tume="384586724" fugAnnaliaOutlets="looies" tittery="beaksGyreReadmit">
        <iiwi>aesir7</iiwi>
      </wallerLockups>
      <repayOxeate wigfulDevises="xisInmeshLeonine" copaiba="azraelKexyCurvey">
        <cestuyAsellusInstyle>abroadPodites</cestuyAsellusInstyle>
      </repayOxeate>
    </cokeEgging>
    <moslem outformDaubMutism="treemanAzonal17" ergal="falxSkirtyMidyear">
      <heydayMedicksDird>889921780</heydayMedicksDird>
      <dudeensPentite cremor="jejunumUnveilsUnstill" revolveVum="doricalAetArgosy">
        <qophs>gimletsCamisCistori</qophs>
      </dudeensPentite>
      <nabk olivineBraxySandbin="fedorasAuxetic" buggersLula="9182" novaleCoronis="riddingDartlesEluents">
        <coughMarbleArgolid>glycolsAzulmic157</coughMarbleArgolid>
      </nabk>
      <buildedLaughyApts>
        <dubLethean>chauthShackScraped</dubLethean>
      </buildedLaughyApts>
      <ethericVoyeurTotoaba fummel="mituCarrels43" decumanPoacherMridang="435016150" bootees="88494">
        <moduleLentor>mendelWelk59</moduleLentor>
      </ethericVoyeurTotoaba>
      <konguSped seizerUlmin="608091103" stichosJupon="3714">
        <steward>drinks8531</steward>
      </konguSped>
      <joukingAmixiaRakery skirtRavenry="labral" gifts="abrege">
        <bedders>7960</bedders>
      </joukingAmixiaRakery>
      <piscary>
        <platodaUnmans>jugalTfrAfft</platodaUnmans>
      </piscary>
      <nonacidBoxlikeZinco bedtick="trueingEjectAbience" nereidsHuge="mone">
        <domoidLabial>urledJankersInaxon1828</domoidLabial>
      </nonacidBoxlikeZinco>
      <ganzieBecomes bushmenCamuses="untelicCorslet" cleeBarytic="desugarRedfootOyer" nandaMedicosPingo="netops367">
        <exostraSenecas>teasersTsadesBeet</exostraSenecas>
      </ganzieBecomes>
      <coddingNektonNeter>
        <ferityTeaey>75640436</ferityTeaey>
      </coddingNektonNeter>
    </moslem>
    <countyKneeled carajaDidacts="pratLogres" scarryMiszoneOriole="riparii8867" calli="gritsWapitisIntime" rustreOophoreCourty="27" reflash="sortyHeaumerAiriest">
      <lazarsOwlets>syeBytalksBillage</lazarsOwlets>
    </countyKneeled>
    <cilice tedescoDharnasMetreta="herniaeJuncite50" jingle="cervine" erer="repp1" merino="insecta" mouldedIntSynura="cabob" thymy="509" sucury="opiated">
      <gurney>gameticFlewit</gurney>
      <whamble gingras="cheaplyGogletDistend593" pluses="africaStepped" obolaryCarte="alucoWithery">
        <peracidAphony>grueledBrebaWaylaid</peracidAphony>
      </whamble>
      <yamuns atwinSmally="53900305" caliperBeakersPuss="mazed" perronPouchy="cerousOrator">
        <connoteSuzuki>425591298</connoteSuzuki>
      </yamuns>
      <atticsSmithsSmackee promoveSimplex="neons">
        <carobSmouse>berlinTabletOdor59</carobSmouse>
      </atticsSmithsSmackee>
      <thurseAdorBurdie sizzler="ballotaPursersGpd4">
        <arts>hodderKnobberMatters6452</arts>
      </thurseAdorBurdie>
      <jerkierVastsKnights heroicsUsherer="filtCytolBatmen" chinarSpirolCrisps="beshadePhlegmy" jaycees="owing" elytralLuvishHeuch="peatierSoiree">
        <rebring>ironiceAtredeDomable</rebring>
      </jerkierVastsKnights>
      <brumesTrypRte>
        <nihilum>honeys</nihilum>
      </brumesTrypRte>
      <aeciaPulsarsDrummed icicledRadiateMukluk="tuggery64" corymb="46">
        <towUrsaeApod>duploneAdoniadHoedown</towUrsaeApod>
      </aeciaPulsarsDrummed>
      <juntas fanman="dewlessSpeel758" vampsOrbicLusted="gasbag" poriaWeiners="fiefCyprina">
        <eyeishSwiwetPunker>tremorsAwrong</eyeishSwiwetPunker>
      </juntas>
    </cilice>
    <jicaqueKiddie solist="friezyAvocadoWiles" cumuliKevil="5898049" watterZeolite="pinman">
      <topekaEnfantGrazed>clr</topekaEnfantGrazed>
      <gushersRifleBirlie umbrina="elkUnwifedGlaucin" holokuBoobTrammie="katipo80">
        <skilfulAbsorptStrigal>91281</skilfulAbsorptStrigal>
      </gushersRifleBirlie>
      <gooralsHunh shebang="rustedAggur9458" querelaSoddensChappal="exodist" motelsKovil="279">
        <dongonAldane>56584603</dongonAldane>
      </gooralsHunh>
      <diciestFoamersSteed giltPeskier="tannishToying">
        <amies>coalsGazes</amies>
      </diciestFoamersSteed>
      <quaichPerkierDimmy>
        <apargiaUpended>putoffOutland</apargiaUpended>
      </quaichPerkierDimmy>
      <rapter>
        <currier>unhoardLacks</currier>
      </rapter>
      <unsewsBakutu litersSmithumGirths="aestii">
        <fouled>lazeFugsSonoric</fouled>
      </unsewsBakutu>
      <gyrantRupie laggardTirritPoustie="camletsTilery" alnagerJewlike="798" subtoneBidingLinsey="begrims">
        <dorlotKokia>sajPardaoCuppin</dorlotKokia>
      </gyrantRupie>
      <tenlineLassoDrawn oilholeRouseForpet="ferbamsFaham" unwivedBurn="sewery229">
        <salome>seemsPicLeeward6</salome>
      </tenlineLassoDrawn>
      <whatzitRatifia potence="steride" stat="pyrrhaGherkinSrac" wargusPalming="conchsBewaresTyphoid">
        <wiliest>6</wiliest>
      </whatzitRatifia>
      <siecleIllitic ancille="weavingPartitaMinster" sysin="windierTormaMiri" headers="cookyCareyDosa" gallous="enwovenCarty5">
        <onymal>guahivoDobiesHottle</onymal>
      </siecleIllitic>
      <ikeyTugging zapPositumAxogamy="bluecup" nickedSomatic="7560077" unshawlNoblifyCasual="mainDeb9" dyadicsPiscineBowless="8250">
        <gils>709298921</gils>
      </ikeyTugging>
      <vasefulFannySquiret tempera="budPropene" eatingsGlakedGuglio="eviteDecorum" mymar="djinn58">
        <peepyReavoid>longjawPiquing</peepyReavoid>
      </vasefulFannySquiret>
      <parnelAmt issedoiTelex="artemonBlurb" myeloidUswardSabelli="waftBrabble">
        <ales>airbusSwagMuphrid</ales>
      </parnelAmt>
      <khaPetals unweftDidlerPommey="159961" lessnBeqweteEctad="sowedAbamaSyll">
        <schemerFugit>orthalColics12</schemerFugit>
      </khaPetals>
    </jicaqueKiddie>
    <jarflyKlepticStewbum>
      <plague>meltTretButsu3</plague>
      <curua cinders="tippersAzides" lathiTwine="nrarucuYakonan68">
        <shipKoroaPreyer>cytozoa</shipKoroaPreyer>
      </curua>
      <slittedTex croylGnathalDental="potgutBarny">
        <melitisAcrawl>reseaux</melitisAcrawl>
      </slittedTex>
      <spondylDuopolyReroll mahoeChacoSatable="amadou" decussParpal="toysomeSpader1219" bakshisDoolfu="divertKishonHyphens" aratoryOnery="dinedBipedAlogian1563">
        <merlon>holler4</merlon>
      </spondylDuopolyReroll>
      <eustele zareebaRetialTino="schizLintier" yonicWars="ahuacaEmeers" longerLatukaMytilid="rasaDieters">
        <wagsome>96</wagsome>
      </eustele>
      <loginsTashieOvenman inshootBaugeHeaumes="monteCymarinRewend" azurine="loathesIsthmi" charge="harle" aurylDrostdy="18">
        <cocksyTaborRavines>tubuleSpreath</cocksyTaborRavines>
      </loginsTashieOvenman>
      <develedNayarit>
        <apedom>634</apedom>
      </develedNayarit>
      <checkupOfo>
        <valsoidMasse>212405123</valsoidMasse>
      </checkupOfo>
      <utterlyAciculaMandan whortsSparageMaida="rehonedArgosQuirite" adeleaMinted="5693" wigsStencilDeaned="stan">
        <taxSalties>smearedMurmursBawdies</taxSalties>
      </utterlyAciculaMandan>
    </jarflyKlepticStewbum>
    <comber>
      <bysackiUnleftPerpent>moio</bysackiUnleftPerpent>
      <stances eblisCynic="729239" tridra="seudahLilting" risiblyPaonForm="arsono">
        <rettornFitchyAutoput>180</rettornFitchyAutoput>
      </stances>
      <bonbonZyzomysAmnic>
        <gadaria>michelLagend4776</gadaria>
      </bonbonZyzomysAmnic>
      <mellicItchedCurtsey anoraksKanwar="mentaLoculedSequoia" disgageTroicBerakot="pavLoringWoundy" subduceScraberGuttee="noddle">
        <ketosisWalkieLimnic>820156</ketosisWalkieLimnic>
      </mellicItchedCurtsey>
      <evirate vahana="outseaScenas" bagieBribesBarbate="dreckCatelKnevel">
        <csmpJinjiliEnatant>ravels275</csmpJinjiliEnatant>
      </evirate>
      <kalmuckSalverAfreets bonaci="daimenCrumenaGalen9" conveyTsardom="tinamouUntown" heminAsexualScoke="nerds">
        <tulnic>gluingApnoeal</tulnic>
      </kalmuckSalverAfreets>
      <mottlerHagbuts blanks="axstoneCranium540" meddlerSiddhiUrubu="ferijee" tanhToriParvis="dotardCampos" purge="lived">
        <trfRamseyBugsha>pollers</trfRamseyBugsha>
      </mottlerHagbuts>
      <ausuboHajibViminal predineSlingeMisdo="premold" daphnad="ecphovaGraysbyGoutier">
        <tapetisOhoyCasiri>41046</tapetisOhoyCasiri>
      </ausuboHajibViminal>
      <academyBecasseDisyoke gappierLeafierPinched="eddyBuzziesGundeck" throbHerding="anabasDuskier" apios="539099522" viscusMayance="servingHoopingHemule3">
        <forebow>kraftLumbagoSoured</forebow>
      </academyBecasseDisyoke>
      <incl subgrinAdighe="insular" pumpedSpoilt="zarebas">
        <kidneysAzotiseFeme>98868</kidneysAzotiseFeme>
      </incl>
      <eskar derereKleenex="osteoid" feignsMster="gizzernBagsfulRidging" denimTastesWhatman="meso" begoniaKokako="wholes">
        <rapiersBusboys>machi26</rapiersBusboys>
      </eskar>
      <micronScart pukingOurieRipieno="piffles">
        <usurpRageryBoteler>mahdistCarerHomily285</usurpRageryBoteler>
      </micronScart>
      <choloid>
        <embaseCulliesCedrene>ensnareEuropeLent</embaseCulliesCedrene>
      </choloid>
      <boleiteScurfy cheapsCheeserCatena="clavialWivernPresto" pits="pomonicAmokMajesty655">
        <jaggingTurshaHorner>tercetsHeatsGcd39</jaggingTurshaHorner>
      </boleiteScurfy>
    </comber>
    <jantyCiboriaColloid>
      <gravityPygmoidReunite>curaras</gravityPygmoidReunite>
    </jantyCiboriaColloid>
    <gauzes>
      <yunYamanai>puzzledEntasia4</yunYamanai>
    </gauzes>
    <potheen tousingStepper="hilum" acushlaSordaVivers="mondainVaticalSex12">
      <shewelExaudiSiti>hadromeSiskinAnurous</shewelExaudiSiti>
      <kambaDreamt potling="venusReplateRabfak" durzadaSickens="enmewTeasle" artilyLatrineBonce="aveloz">
        <forpassRabboniArtery>blear129</forpassRabboniArtery>
      </kambaDreamt>
      <piankaDanseurTrekked>
        <gaonateGimletsArtemis>348505</gaonateGimletsArtemis>
      </piankaDanseurTrekked>
      <airwardSowelLadens therapyCig="762669659">
        <aliculaJainismScutate>othmanyTimucuaParotic</aliculaJainismScutate>
      </airwardSowelLadens>
      <pycniteApplaudFoleye hypped="titresBemixtSheathy" dobbed="7886854" braizesDispellItalite="763613272" dossety="searceEgre">
        <dourest>lyciumPadtree62</dourest>
      </pycniteApplaudFoleye>
      <medrick grecale="piasterSicanaHicaco" tarrish="trucks" tickenMazut="295" hypoedUnwholePlague="frenzy">
        <latah>bblsWayment</latah>
      </medrick>
      <cobbyWriest seisVarechEyespot="flubbed" betulin="trizoneCatlineLoups7" bick="tashlik">
        <beefyBoozes>veluresEstrum</beefyBoozes>
      </cobbyWriest>
      <kipper troperDiscard="alifTurcianBertin" upcrawl="rubsMesitae1563" eelpoutSizars="amreeta7">
        <hondo>tankle302</hondo>
      </kipper>
      <rubacesLar>
        <forslowBrava>coppetEndurer375</forslowBrava>
      </rubacesLar>
    </potheen>
    <taxiIonist bumpoffHiodontCreen="upristTowel" keekThitsiBoraces="downsPhytase" fecerisLegworkAccords="drubsAirtsKea" izingMereNavarin="sawaliHoppledExits2" campit="makouaMuletasFonder" gurl="doper83">
      <estuary>gauricFainlyFeague</estuary>
    </taxiIonist>
    <shivNavvyOphites>
      <gritterSteyQueazy>givens2</gritterSteyQueazy>
      <wyledBolimbaFlunked ppiHerries="prunedLokeXeroxed">
        <deontic>whomsoMaipure177</deontic>
      </wyledBolimbaFlunked>
      <ravenryOceansCates>
        <amblerHapper>gilseKnoppie</amblerHapper>
      </ravenryOceansCates>
      <hermae divellLanais="neiperBillers" akund="merlinsMoreoteGnomish" overtip="redoxGrewia">
        <stevenValving>styrene207</stevenValving>
      </hermae>
      <untiled spodeYiddish="853064">
        <bedlike>bamAlgy</bedlike>
      </untiled>
      <barseWaapa cacksImpaler="trireme" cellPrurigo="68528562">
        <aoudadsSceatZac>diluteTitiansVita</aoudadsSceatZac>
      </barseWaapa>
      <scalado infestsBourder="brutter" zoftigFlint="aromas" tallestVoderHearsed="tankkaQueridaDiluter">
        <isthBrucin>hastula</isthBrucin>
      </scalado>
      <galoreGilderJitney milageBilaanMousers="reads">
        <platicReannex>sudoric</platicReannex>
      </galoreGilderJitney>
      <ceiled>
        <scarph>keaweBinocle892</scarph>
      </ceiled>
      <greCagesNarcism>
        <panhasReptileGuffaws>515104</panhasReptileGuffaws>
      </greCagesNarcism>
      <randalBriquetDefiber nazi="krissLocule" pitlike="scarphDronteFlumps" strums="7070923">
        <crouponLudden>becroakKlipRissom</crouponLudden>
      </randalBriquetDefiber>
      <merceLowable ananism="supariMyelic" gumpus="dingeysEnacts" clewCreedTrammon="aurarKervePanchax">
        <monozoa>pogoStrange33</monozoa>
      </merceLowable>
      <whillPattPhiroze othonnaCanthus="potorooSaxonic1124" digenicMatter="hearsayPitchSpense" oracheRubblyHexogen="poleynCultualKexy" yonder="upleapBerber4">
        <cabberLeftWhir>yannamTroolyIodines</cabberLeftWhir>
      </whillPattPhiroze>
      <gasperCorsie>
        <laicity>laundOinks</laicity>
      </gasperCorsie>
      <slooBahar turgoidGeswarp="4737">
        <genianTutorsIntuse>violasLiftmenMild</genianTutorsIntuse>
      </slooBahar>
      <sfogato etruriaVarshaFunding="retrosLilialMaltine" augiteBawties="9096191" simps="chamois" alice="resterSlickerWashday">
        <harshen>934566</harshen>
      </sfogato>
      <spends mandsGrubs="5998129">
        <rikshaRusheeRumicin>7982844</rikshaRusheeRumicin>
      </spends>
      <subplotMenses>
        <pointe>refixes</pointe>
      </subplotMenses>
      <clarice panjabiSport="bleepOaricNudish" vexfulEnures="unogled" porches="7063370" poultSighersPrivacy="spilt">
        <almas>lacemenFeff</almas>
      </clarice>
      <appulseSimiidInaners dupesWindock="teachedAdonistDrogh">
        <tallish>7706387</tallish>
      </appulseSimiidInaners>
    </shivNavvyOphites>
    <alerionStearin>
      <brizzOxskinBruges>loricaEnqueueSemimat</brizzOxskinBruges>
    </alerionStearin>
    <wrack>
      <flagonOthmany>sacroPinball</flagonOthmany>
    </wrack>
    <spulyieOukiaBice>
      <sulfurParsecsToited>frenulaBelows</sulfurParsecsToited>
      <bioxideGaletteFlyover poonah="relacePapuan" ampassyToywortRanding="maycockPretium32">
        <bruetLag>diodontHocuses</bruetLag>
      </bioxideGaletteFlyover>
      <rubbing kelt="laymenPriory" remould="decalinReawareKittles" scuftPuzzledEsc="kissed" redriedBefogs="hiredPidanMiriest14">
        <anent>grav</anent>
      </rubbing>
      <dogbolt awarderGleys="unnewlyNailerApraxic6472" newmownViremic="aztecanTrifidScreich" anguis="lowsingJoutesPandita">
        <kakaposCommyErsh>entraps378</kakaposCommyErsh>
      </dogbolt>
      <subsets eliaBlanche="jobberBambiniKouprey" hiphaltByroadApair="pinkeyeSullens">
        <cinuranDellEparchs>ludwigElapseSmirkly</cinuranDellEparchs>
      </subsets>
      <goatlyBeseems jutishRewagerSpitter="aramuClinics" seidel="91876" schene="gassedDabbed">
        <basongoDauk>chronalMimusBalers</basongoDauk>
      </goatlyBeseems>
      <relookBallanTagger styletDuelistAwalim="spasmed" aspicsExerts="9093063" yipesShroverEpaule="miniardCupsful">
        <rappePukerYawnily>undoing</rappePukerYawnily>
      </relookBallanTagger>
      <cabrito>
        <urgingQuagsInsurer>wizensOlesBuccan</urgingQuagsInsurer>
      </cabrito>
      <sikhsUncoverLibbed lexemeImamSeels="7909" condignSuable="pulsionCaukingBowman" noticed="batonScytheDespond" bedip="treppe">
        <parleyFlitedZaftig>frises6411</parleyFlitedZaftig>
      </sikhsUncoverLibbed>
      <felupSegue>
        <hamesSmokesJerkily>ridders461</hamesSmokesJerkily>
      </felupSegue>
      <haoRemede forbowCasaltySnape="adwardBrarowMurphy" windup="mantoidUpheapsAhead3407" bacile="sensu" sueve="nuzzlerApyraseAliform77">
        <stannumTanner>scorpio</stannumTanner>
      </haoRemede>
      <owning rudge="2431" jant="ventingReevokeSigneur">
        <mituaIpidae>freijoLuciteEncage</mituaIpidae>
      </owning>
      <toptailAthenorJirble polygon="shalluBlain" monuron="9838" essedScapose="sillagoRepleatMymar" sprayAbsoil="cantinaDebuted">
        <inviteCoyan>240706</inviteCoyan>
      </toptailAthenorJirble>
      <tropeinNattStrafer jeeDetantSammier="deedy">
        <inhell>polledMiswend</inhell>
      </tropeinNattStrafer>
      <hartailBrutageElegise known="7" mendole="touschePlumous" nippers="288">
        <unpacksTaxin>3432150</unpacksTaxin>
      </hartailBrutageElegise>
      <messierAirtimeCried tortorBuns="demands" talliarTikoorRipple="275" harts="beseen" amused="heshvanWaddingOlearia">
        <picryPlacesArc>axman</picryPlacesArc>
      </messierAirtimeCried>
    </spulyieOukiaBice>
    <ballupUnsnareGod gamicChoupNettles="farrago" nunceCynodon="sore" heaumerCytoidOxalite="goosierYieldenWaygone" baratCachuaFormal="coupeEnatesKebbuck287" tychismHires="hyphaeBadaga3" deluderBitten="maltoPanzers">
      <bargeTadpole>8481194</bargeTadpole>
      <ringed patesSpacesOrbital="tercelEvilly" abbess="panionCowerer" compts="pulingDecatorMandats">
        <bromiusPhilDeiseal>aralkylGurkMimmed986</bromiusPhilDeiseal>
      </ringed>
      <nataleKedjave>
        <enhat>anionic</enhat>
      </nataleKedjave>
      <mahdian divergeTeanBend="chandu" syrniumSummas="tenthlyMonaShrinal">
        <dipsey>57667</dipsey>
      </mahdian>
      <tofileBrambly gadgety="letternColins" tarrSpurwayVary="11">
        <rhemeBailliGan>manbria</rhemeBailliGan>
      </tofileBrambly>
      <blatant dronerTangile="arpents" apophisSeecawk="outrick">
        <penche>arachis</penche>
      </blatant>
      <trancheGenesis invokeMiscropBilker="meanishCopses" barf="chabukSolanum">
        <matVisarga>trin</matVisarga>
      </trancheGenesis>
      <sigla>
        <sunburnUnark>randan</sunburnUnark>
      </sigla>
      <clewSlankPanthea distad="rewarm626">
        <sixer>884380300</sixer>
      </clewSlankPanthea>
      <regildNotifyWest maidanBloused="9896">
        <quivers>vedaismAerugo</quivers>
      </regildNotifyWest>
      <pinnyForzato>
        <interns>cretanAgric</interns>
      </pinnyForzato>
      <mestiza>
        <jigger>beared</jigger>
      </mestiza>
      <lumut wageCopusWiz="ailsRemakerTush6" repace="77702807">
        <bemeBecher>reestleLineage</bemeBecher>
      </lumut>
      <jaunerZophoriMohabat puririAnezehDispute="dehair" gangismEnquiryQueer="newburgScannerHirstie6">
        <pitlessArtemisFollows>marranoTzetzes</pitlessArtemisFollows>
      </jaunerZophoriMohabat>
      <obstantReninsCaddies unboldGlob="nymphs" myriare="resward35" kie="vamoses" bursas="kafaFurlingJudaize">
        <mane>166226880</mane>
      </obstantReninsCaddies>
      <dozenthSadite giltsOraler="gurglet" chekiMandil="cradockSirship1" coalifyDucally="485662433">
        <pantunOedema>growanLorate</pantunOedema>
      </dozenthSadite>
      <mildred gayatriAtacticSwithe="bypTopsmenThram3434">
        <altaredWhatmanVirger>52982</altaredWhatmanVirger>
      </mildred>
    </ballupUnsnareGod>
  </machoBowtieOutblew>
  <dramme />
  <kingedDugal wosome="jarinasAwolsPimple" apastraMudLaneway="bludged389" callunaKappaGrowl="172494" kerve="acarida2">
    <woofs>
      <baetylHirpled>bras</baetylHirpled>
    </woofs>
    <carideaWashita>
      <versaKnuttyTroca>iwwortRemote</versaKnuttyTroca>
    </carideaWashita>
    <happilyGumdropFungoes asgmtCauseurOrae="slamDexterArsines" slaggerMitt="83" miswordGoutilyModeled="ontoLycosaRillett" edwin="piastre" slutterWallet="319" benzoic="gymnicNocketHenfish" dizzilyApodanFazed="astianTroched">
      <asteerImpost>illocal</asteerImpost>
    </happilyGumdropFungoes>
    <vitisFantailWifes>
      <bonny>chutedOil</bonny>
    </vitisFantailWifes>
    <scuseDivid tweetsWat="poet" loamy="zebrula" sabbatsDrowndCogweel="verineDiaplex">
      <laymenImmixAramus>jandersArsHugely</laymenImmixAramus>
      <halBrinjal tunu="2039815" bibbyScooted="racierAdjures654" famed="slat320">
        <joyedGrads>52</joyedGrads>
      </halBrinjal>
      <grottoOutraveDeplete>
        <annoDisfame>psocidKanchilIare</annoDisfame>
      </grottoOutraveDeplete>
      <gutwiseBoilWipe>
        <crypts>buggierWarsleEthnish295</crypts>
      </gutwiseBoilWipe>
      <tyromaInkedNutlet>
        <kanaujiSwished>eelyAyletConch34</kanaujiSwished>
      </tyromaInkedNutlet>
    </scuseDivid>
    <tasselyMarseTotoro>
      <wormianDanaan>totient5293</wormianDanaan>
      <modules olease="aristaeElainsPicots" biffy="mags" albergeThereon="bonitaTapuyoTumboa">
        <adiceaTerga>bliny</adiceaTerga>
      </modules>
      <remains caneRaving="valgusOttroyeBurring" swoopViduageBehoney="atmid" gubbinSulphurStickup="493927">
        <rivieraAhemsSew>klicketSudamen3346</rivieraAhemsSew>
      </remains>
      <habetCocksyCyclene uneyedUnfleshKahar="decumanMalacon1139">
        <cashes>1</cashes>
      </habetCocksyCyclene>
      <temposMiniard hipshotTrintleMoisten="eeliestCub" ortWadlike="bagwig9">
        <lessens>kindleAvowant</lessens>
      </temposMiniard>
      <ginglmi staging="windigoSpinule" haulsMucklesRocolo="dowed" taihoaFrizado="76054167">
        <pinyinBistreFaulter>819144</pinyinBistreFaulter>
      </ginglmi>
      <kreaticMitosis eaglets="gymmalChinnyPiegan" loxodon="nougatsInchpinPepsins">
        <grillesSchrank>tarchonWallopsSchemes</grillesSchrank>
      </kreaticMitosis>
      <outerVocab zestful="1814">
        <wigwag>shyingLunarsEncia</wigwag>
      </outerVocab>
      <loom hangbyLoomery="fablersMilordPsoae" storkAgamaEricad="retialUprose">
        <koilaPidanYour>912</koilaPidanYour>
      </loom>
      <eutaxy curuleRaunchy="veiled">
        <onyx>kula</onyx>
      </eutaxy>
      <decenceLenoMiles fannia="jezebelLimeysCyclism" alypumChow="7">
        <halerzRanche>enfolds</halerzRanche>
      </decenceLenoMiles>
      <lycosa zonnarDmodSoarers="lamaistPedicle" brashyBrekkleLurrier="apptdGynecic" salmineFalloff="bladesCogboatRather">
        <tranfdBurgus>deckmanGrallic</tranfdBurgus>
      </lycosa>
      <lenvoiVolente>
        <lithosLettrin>smotherWartierBessy</lithosLettrin>
      </lenvoiVolente>
      <roebuckBarterGloy mimicBidget="oestrusLocoed" rockCindery="harmootAurorae" nellieCarlinBedways="120">
        <gawkedBorrow>overset</gawkedBorrow>
      </roebuckBarterGloy>
      <daunter>
        <pietTainFeuds>4648</pietTainFeuds>
      </daunter>
      <hoar agrufeTorqueAlbino="gerkin" phossyDowsingEnwall="cowl">
        <junkingBedouse>751232157</junkingBedouse>
      </hoar>
      <dishpan paramCorpore="gorblin802" ovistic="9236">
        <oxyl>caulkerCrafts282</oxyl>
      </dishpan>
      <unsteep foistsSemihot="guhr">
        <peroxySteeps>gulamanHatcherTestril</peroxySteeps>
      </unsteep>
      <manuals>
        <depr>degumsFoddaJimminy</depr>
      </manuals>
      <gnus>
        <resaidSubahTrover>accederScribesAmenage</resaidSubahTrover>
      </gnus>
    </tasselyMarseTotoro>
    <sabinsExpoundMurkily pogeyTorpify="lochy" scavageRudasFrike="roostyStowp" passadoWroth="foragesPraosYds" tetched="manobo" pastesTestier="chakraRewater">
      <alcazar>allylsGoodiesPetite</alcazar>
    </sabinsExpoundMurkily>
    <desmids>
      <nozzlesVallisNeoneds>rooster2</nozzlesVallisNeoneds>
      <clothy picadorDerivedLovered="vison" inhumanDrablerPlumbic="mukhtarGrammarKuttaur72" mycolSlurbanHexad="spicer">
        <flattieMontOvalish>soakyCapablySesuto</flattieMontOvalish>
      </clothy>
      <tofus instampBarundiAjivas="stalagsOviductUnfeel" aetites="fcpMerl58" knackyTropistMoca="ovalizeDelfs">
        <chapeFallen>safen</chapeFallen>
      </tofus>
      <oakumHandarm sizeTwingedArete="opposed" doppingLeamerLowlife="inflict5260">
        <choreicYpocrasJurat>912314</choreicYpocrasJurat>
      </oakumHandarm>
      <massa placksBegani="slave" laddishNectar="nunciosPuteliVerger" lathingLiegerCitify="6">
        <cornetPlonkedTopaz>gnatNagmanAlliums1</cornetPlonkedTopaz>
      </massa>
      <canedTamps dizenAys="grainOverwetStiver" seedmen="correct" overate="terekNomnem">
        <crakowCaseinDeeply>918269</crakowCaseinDeeply>
      </canedTamps>
      <tabuedCric heitikiClassYeat="stringsKnur" pesosYogis="aurene" unrosedStoai="83306">
        <philterMeiji>34</philterMeiji>
      </tabuedCric>
      <sunstarReapedScours slaggerKalifsShode="haze77">
        <consol>biunity</consol>
      </sunstarReapedScours>
    </desmids>
    <loneBecks prosal="commodeAuslaut55" bendlet="mudde" andyRedrewGouged="9093">
      <preeTuitive>41338034</preeTuitive>
      <snuffle uncos="cauquiRemarksSneesh" statuteHumic="50897332" minnieGangues="wascoShoed">
        <taxiesTibert>cauloteJayceeInduism</taxiesTibert>
      </snuffle>
      <waipiroQuietaAidance>
        <wayao>crumenCloine</wayao>
      </waipiroQuietaAidance>
      <cize cuppersTowels="ungagedElliottRattoon">
        <uprightGolokaKoschei>18712786</uprightGolokaKoschei>
      </cize>
      <yarmEquines tact="episodeWagger">
        <brownlyBandogs>55702</brownlyBandogs>
      </yarmEquines>
      <etaerio hefter="echoism" bravaBalineQuarl="dioecy" apneic="496990837">
        <slipingAmenAncille>lacer</slipingAmenAncille>
      </etaerio>
      <whittenGrushieHakamim pinnetAnomaly="shudderCaupoMythos" gaulsSunbirdVergi="1526">
        <gilourPlugman>gyveAnesAniline</gilourPlugman>
      </whittenGrushieHakamim>
    </loneBecks>
    <lobular jourGalen="dinge" raungeSuku="ruesUnchoke" fumiestSheal="treflee8" wigeonsSupr="choriso" rowthsArmadaBecall="447556795" censersPrimpUnmans="baitAmmiralEncase85" llanosSwinker="bradded23">
      <gurgledNemeanNeckful>anguineTergalLep</gurgledNemeanNeckful>
    </lobular>
    <dissue>
      <fovilla>62</fovilla>
      <betailCyathiHuskers>
        <grex>58946082</grex>
      </betailCyathiHuskers>
      <adharma dhows="animose">
        <bichordZithersPayolas>echoize</bichordZithersPayolas>
      </adharma>
      <cuthealPlevinKindled archlyBoltiGeebong="rechawPorgoPodetia" quipoFlop="alumium">
        <distyle>urgedQuality</distyle>
      </cuthealPlevinKindled>
    </dissue>
    <cumolStotGutium>
      <azafranOcelli>feculaeAnthemAmit</azafranOcelli>
    </cumolStotGutium>
    <carouse>
      <enginedDifda>cajuputAzoriteKettle</enginedDifda>
    </carouse>
    <dwellsBethsLytic quaggyCulpas="lyinglyRogueryAnsarie" quipsThigged="sankhyaDaphnidGoofed" bandorAnatomyTriller="mashak" arloupQuit="546723" wizardLoghead="cowlick">
      <consumoSocht>835416</consumoSocht>
    </dwellsBethsLytic>
    <tautly>
      <proplexBuggy>mesionKnevel</proplexBuggy>
    </tautly>
    <provect>
      <flytimeCavies>ampsDrag535</flytimeCavies>
    </provect>
    <eatenVenomsOkaying>
      <sakeret>gratSummar</sakeret>
      <flybyWrithesPayola tarpum="sucraseCavortsAnders1" foraysTazzasBellow="666451928" deerdog="druttleStimyBlew">
        <dekarchSnight>enewRecrushVernage</dekarchSnight>
      </flybyWrithesPayola>
      <adjuresMoyleOchro laron="halfyHapax">
        <deifyBepinch>seedfulGermMeward</deifyBepinch>
      </adjuresMoyleOchro>
      <hokerSmutchPotong pontileGirly="yucca" saharanDorad="titfer9" redowa="thraces" guyedChollasDimmest="889183347">
        <roxanaPostbagCrapped>dartedCuinage</roxanaPostbagCrapped>
      </hokerSmutchPotong>
      <diodonSchemed babbledJingoesHadland="motleysMealingUsurps" aas="834553076">
        <upboils>acoupa812</upboils>
      </diodonSchemed>
      <wakemenPatonce arsinoIsmalShrewed="antickThicklySodless826" guddledOatlike="caudataScootedFice">
        <endoreLoegria>54901</endoreLoegria>
      </wakemenPatonce>
      <dopersOosporeCultive siwashBorghiSummits="fibulas9" fakeerBarlyUpcry="dryablePeelersFilmset" frontesGoutte="phocinePilotryZonular" gensSubheroMezo="culchTacticKokil">
        <pigging>508594</pigging>
      </dopersOosporeCultive>
      <scapheVisor fluavilHelvineSurfs="sacketWhussleFlaneur" normedFilmerKites="halvah" bullySuicism="readoptAbuts">
        <twiningPettily>sequelaMolvi8417</twiningPettily>
      </scapheVisor>
    </eatenVenomsOkaying>
    <criss retrueEffacesTsktsk="jimp" tsadis="plumadeCaurale98" barbasUranium="alviaMismazeFrogger">
      <sautesCsmpChandui>trestleHanafi</sautesCsmpChandui>
      <lesion dotier="binnyRodmanPaiche">
        <briskerTitiansStull>mileageShewelRachets</briskerTitiansStull>
      </lesion>
      <crockRaphiaLorilet poesieRecallsTheurgy="loka862" emerita="prem" asksDesyl="knapeSabrasRes" foragerWok="fameProser">
        <ammoneaKeckledDen>3477</ammoneaKeckledDen>
      </crockRaphiaLorilet>
    </criss>
    <frig loges="baetuliDittamyImpetre491" tabs="buatWaxmanWynn" raja="brie" flexMucinsTritium="swapperUploadsShastri" vitrial="utible4" disksRindedAntes="outstepTellus" yorkers="crewel">
      <pearlySmeerResay>111564421</pearlySmeerResay>
      <getah casitaTerefah="prowlerShahdomGali7853" precyst="flunksFoments" tourn="milchJehovahMattaro" scaut="laughy">
        <mopani>spetchTappetsNegrofy</mopani>
      </getah>
      <scarpedPirog pronaos="toxicolTocsinSocager" clotty="13" spaned="pungyiLawingDustily" pithfulPetterEyedrop="inturnsKolobia">
        <birthImiCag>choateAmastyDhamma</birthImiCag>
      </scarpedPirog>
      <casaunUnsays crabletRamentBlanch="cauldsUnsoil" oxalicUnliken="48">
        <revisit>gaureAwber</revisit>
      </casaunUnsays>
      <histerBlirtRuddier>
        <onshoreMarcid>bantingUntwind</onshoreMarcid>
      </histerBlirtRuddier>
      <eclegmLevyneRiga>
        <dryopesMiradorRepure>unfilm</dryopesMiradorRepure>
      </eclegmLevyneRiga>
      <lessorsSigneePaup>
        <pollensYippie>10069</pollensYippie>
      </lessorsSigneePaup>
      <dadaist founderIceworkPlurify="religio" kolos="5788773">
        <haulm>gawgawPasture</haulm>
      </dadaist>
      <joukingSuberRequite resuckUnfatty="tortoniPeitrelImputer" washtubGibbier="abaShoad" elusionInvectNeeders="pregustTrotter">
        <senage>crcheCeyxNaggy</senage>
      </joukingSuberRequite>
      <captanWare sivers="scybalaButeos">
        <ghafirArolia>harpsAlnein</ghafirArolia>
      </captanWare>
      <insiteStrove brekkyOchres="faecesJessurCobalts" unwontBonxieArchers="quitch935" motilesFapesmoBlimps="becunaHarkeeBraille9439">
        <openerGuesser>morone</openerGuesser>
      </insiteStrove>
      <evacueeBilksPod graffDoariumBoottop="catcherBorghiBaywood3" pulvicPac="assuadeChoraToyo">
        <kafGrimingAdenoma>32</kafGrimingAdenoma>
      </evacueeBilksPod>
    </frig>
    <pituriPokedPlug scopolaUpgradeDearest="raninaeTribady99" baeriaUnshyUvic="begripeBaubles" sacre="trionfi8" oughtntKwazoku="amalakaTierrasVamped" sordidThoricArder="rootcapAdlessAnchat">
      <tunings>churnedTitlist</tunings>
      <gabbingLipseDit muddlesRespondLouping="dampang" poisonFulcra="rumaged" ejectorYaffle="992930826" abutMediansBuckety="31457246">
        <coldestOpaloidRents>1713</coldestOpaloidRents>
      </gabbingLipseDit>
      <foxishOdzFermate detents="5" tarascoBecalm="cineoleSesiaNinths">
        <vouches>doerCaroachClabber</vouches>
      </foxishOdzFermate>
      <pivoterNeukKetol>
        <bole>roomerLeopold</bole>
      </pivoterNeukKetol>
      <rhytaTrotty>
        <borschStorkenTies>unflatCorsieSynods</borschStorkenTies>
      </rhytaTrotty>
      <huff semipedChausse="gimelsManningKorin" draper="footleAblesCircler">
        <ended>hennery</ended>
      </huff>
      <leglikeFloras>
        <frowlAgatine>akuCountor</frowlAgatine>
      </leglikeFloras>
      <foxskinYomimHalalas phoneys="libate" jubbahsRinded="padus">
        <thereto>velarArgues9</thereto>
      </foxskinYomimHalalas>
      <midgard pschent="decriesFlouredMousse" axinAdfrozeKnave="massiveLucrous" fleshesTubtailSkint="uxorialEfs">
        <sebate>375</sebate>
      </midgard>
      <suckleDetache kindjalConacreTorahs="adiposePredata" bulkingBattaPeliom="hexesCalpacStrew" actineBundleExists="maitresSuppers731" guango="wiretapIhlat">
        <plenity>600050</plenity>
      </suckleDetache>
      <chamoixFangyPreamps chsFlashyRussene="sluiceCream" soakedZarYearful="bopKeresan892" boosts="moravidPaco90">
        <eftest>590511</eftest>
      </chamoixFangyPreamps>
      <nettierDecerns knagCoalboxWhydahs="311" waremanBoothesTewa="baalish" mohairCatnep="poop">
        <sissingTarries>koorg</sissingTarries>
      </nettierDecerns>
      <outblotHoveled heavilySkiversLatite="asbolanCoyedMarmit" sittenFlavius="vied">
        <gobioidHydroSerges>16618861</gobioidHydroSerges>
      </outblotHoveled>
      <enceintWhorish muckierSimmers="saphenaCysted" pursersVivreHatfuls="boulleAissor" titfer="unsunkEchesCornea">
        <cunasJoist>usterFidesPiarist</cunasJoist>
      </enceintWhorish>
      <wassailParisiiDecanal patchedFinny="cheven" wedelsBulla="anaspidTailgeUnsash861">
        <dissavsInk>sheepyJubile</dissavsInk>
      </wassailParisiiDecanal>
      <bruntUmpyMetra dunamisLatent="clothoElias">
        <accinge>1687297</accinge>
      </bruntUmpyMetra>
      <chancaRaphus eagreHelonin="corbet" donor="pearlOrbTalcose4890" gleetBilkis="ampassyWeddeedKate3217">
        <larrupHalverDomer>odyle3</larrupHalverDomer>
      </chancaRaphus>
      <jimDaikerAnchors>
        <spunchBeverBlizz>routhMeldsHila</spunchBeverBlizz>
      </jimDaikerAnchors>
      <tobyJnt pinched="reburseGillar">
        <slimerOutroveSkrike>azotiseYapoksMehalla</slimerOutroveSkrike>
      </tobyJnt>
      <synodJoshiButat>
        <shoat>2</shoat>
      </synodJoshiButat>
    </pituriPokedPlug>
    <fansBaueraTwilit>
      <unseals>haltersMopaniListy</unseals>
    </fansBaueraTwilit>
    <tithersPitySells>
      <nephronTabefyCryable>mislaysYaffilZapota</nephronTabefyCryable>
      <hullooDossier flossedScholaBanzais="digoxinNarenPurreic" fizzleXystCacumen="1910" mapo="nairyTsars">
        <adigei>simar</adigei>
      </hullooDossier>
      <deponesDismaysHoggy aseConvertFlout="dockers" lakist="crashed4515" pirolGluteiUnwary="cmlRewhirl">
        <habitat>aqueityScopOutsins643</habitat>
      </deponesDismaysHoggy>
      <roofers wickupYard="mongolsWarmupChippie" anjou="statingClioBeys" rancesPiouryDancery="thoughtWeensyThos" budmashTimbres="merligoScarabBuchite">
        <sozolicGoetheAtterr>knoppedTibiaeSinopic</sozolicGoetheAtterr>
      </roofers>
      <acinarDildos>
        <sakeenPennied>mikado</sakeenPennied>
      </acinarDildos>
    </tithersPitySells>
    <shug scouthsUnpeace="buicksLauded">
      <geodalBudgy>93505377</geodalBudgy>
    </shug>
    <amoraic fawnsBuxomCossets="mowchCoochMucosal" incusesAtokous="offing">
      <polt>cubbiesDiazoicWhekau36</polt>
    </amoraic>
    <gilledSeiserAphotic graemeOutpull="maestraPerseid" tiang="dioxideBrended86" stakingLintRikari="1134" peakerGemotes="4">
      <moonite>983859216</moonite>
      <forbsPoales choatyBrummy="cadgily5" toppers="gesning" amarine="shogunsThrow6294" boltageDecate="induceIxodidsOnt">
        <alphosEcstasy>gorse9476</alphosEcstasy>
      </forbsPoales>
      <upbreedJirbleNappy sweetlyGowferPetalon="20325">
        <jizya>trefoilUngreen</jizya>
      </upbreedJirbleNappy>
      <comalsQuiversEmplore>
        <framSouushy>furrure</framSouushy>
      </comalsQuiversEmplore>
      <seedboxFabaSelamin rufflePelitesBosque="telaryFrustaPigful2935" quareCorpusBowl="nockerlPorrigo" spaadPeccant="adveneSeldor">
        <goterThujone>lampateBoater9</goterThujone>
      </seedboxFabaSelamin>
      <glanderYarayBraker>
        <lodes>lymphs</lodes>
      </glanderYarayBraker>
      <sergerSpurius blooth="scuteSavagesLeadier" xvii="mel" artilyImdtlyDiploe="hector">
        <sauch>treey</sauch>
      </sergerSpurius>
      <seskinDorrsCushy>
        <lebensDemihagPosher>confort90</lebensDemihagPosher>
      </seskinDorrsCushy>
      <bandageApalit>
        <alarmsOutjut>saveyHalaNorkyn</alarmsOutjut>
      </bandageApalit>
      <heriotsWindz>
        <dhourraStallerGrates>unlimeProfileKanara</dhourraStallerGrates>
      </heriotsWindz>
      <bludgerGridedVolata murlinOttave="triobolMunchedBegger3">
        <alimentAvoider>gigolosLute</alimentAvoider>
      </bludgerGridedVolata>
      <meaned ringersDace="57559140" hectiveRuche="zaparanCacanSonja225" uplaDetach="hoondi">
        <sleeps>foldageHeel</sleeps>
      </meaned>
      <threadSledder justing="oenolicSauba" rewishCleoid="84" alif="claretOffsetEthnize14" alumni="enclosePozzyAssuror">
        <veganHexonic>rampsRobininLupins</veganHexonic>
      </threadSledder>
      <confitMinaeTrifold essang="dowable" uplegNasua="teihte">
        <waviataChards>houtingDuctureWarful</waviataChards>
      </confitMinaeTrifold>
    </gilledSeiserAphotic>
    <coresSwaggerGlarier sudWharp="patsPwcaWamus" petreaTapit="bundeliHaithal1" raport="sissiesLineaParses" gambs="jerkingVorlageStopped" beldam="8">
      <birrs>mahdist</birrs>
      <wabumaExpiresBollen miglio="fursOxetone" razerStuck="orleans" extacieRipcord="hoerCurdier">
        <shalyAuronal>strandsAvahiLagarto</shalyAuronal>
      </wabumaExpiresBollen>
      <clinid buckeenSkellAureous="ridgingEyalet267">
        <harrisRectoryBargir>dejectaLattin</harrisRectoryBargir>
      </clinid>
      <facks scoresEvenest="29">
        <rabatosYuanCults>90506</rabatosYuanCults>
      </facks>
      <hipmoldInflictHubba loonyUvicLycus="779791811">
        <sniperUproadSanify>cantYacked7</sniperUproadSanify>
      </hipmoldInflictHubba>
      <hirling sarsaPrewar="unlinedTithing" wanyasaGoofah="leadersPayolasKepping2645" anemoneVolumen="montanaUpheld" ovateValineBudlike="26380120">
        <butcherDunches>warned</butcherDunches>
      </hirling>
      <badlingLoin laicLimbie="saughyMatricePig" sucresGazabos="rosalesAridlySoftie">
        <atedPanadas>hurdlesChumar</atedPanadas>
      </badlingLoin>
      <cajeputNotitiaTonner lettice="prossy225" almiceQuatuorVerdins="whoaRiva87">
        <weaves>salableVictorShock</weaves>
      </cajeputNotitiaTonner>
      <flokiteAlleger haiver="8437" hant="chiackStubblyDandies" ariteAcidly="talckedTomines">
        <ostyakYoul>sagbutsTickers</ostyakYoul>
      </flokiteAlleger>
      <undeep manhole="shadsOnionSorrowy" homogen="fokker" concept="beteDortOutfly">
        <kainMousy>earache9</kainMousy>
      </undeep>
      <cordantInbreakUngood ogboniGomutisThyrse="645198">
        <sethiteSken>keelie</sethiteSken>
      </cordantInbreakUngood>
      <filetsReaward>
        <dragon>petosPelt1160</dragon>
      </filetsReaward>
      <gargets furler="apodaGaiusDrug40">
        <unendlyNarceinGiantry>shumalFussierTalthib</unendlyNarceinGiantry>
      </gargets>
      <abacusRehoe paroch="3964343" bevueEeliest="gulleysPodderLakings" volant="upbrowLances" sunbathTrunk="thisbeRestain">
        <adaptJin>622695</adaptJin>
      </abacusRehoe>
      <lithos cissyRegiftStraked="choler" funkersTruisms="54491784" floytGestateCompost="sattva" fraidWashesOutgrow="feoffeeEngines">
        <squelchGatingFinetop>boteinFrereUphelya</squelchGatingFinetop>
      </lithos>
      <nymphoOmicron efphChalacoNuzzler="4616784">
        <xylomasMetreteSabalos>90</xylomasMetreteSabalos>
      </nymphoOmicron>
    </coresSwaggerGlarier>
  </kingedDugal>
  <diddledTensure />
  <padeyesChurl>
    <snod>
      <canman>colitic</canman>
    </snod>
    <lunariaFactualFix lese="rubiaHeatfulAva" guttle="gashfulHourful" spanksEphetic="saivismMiriam" jaletFrights="diter" tripler="crozingThiolsUpdate" yetlinSurer="billbugRhabarb" jaapImpostsBowel="mestizoWhinesGilver">
      <grading>serger</grading>
      <dreksCopeckManbird fatuoid="dishesForums456" bougarFugueSupreme="26087704" smugly="sordinoHeily">
        <draweesSileniTaxless>3</draweesSileniTaxless>
      </dreksCopeckManbird>
      <basenetVirgal hammily="tupek">
        <comfortInsite>doddiesRechase</comfortInsite>
      </basenetVirgal>
      <ivinMassierElating banjaraCartman="daiker" fecitKaberuBhakti="9403083" infectRushersHaiku="crazesRawnie" speiseToledan="ourebisPenlopSubtext">
        <pinkeys>sikhra</pinkeys>
      </ivinMassierElating>
      <almesApposed chizzelOlneya="12527043" kindleLay="innedCramblyAtlee">
        <lunatic>283883</lunatic>
      </almesApposed>
      <rissel>
        <rebox>69706397</rebox>
      </rissel>
      <rearmRockoon>
        <keltsRefacedPertuse>alswithBrayeEndable5</keltsRefacedPertuse>
      </rearmRockoon>
      <pealikeGullahBushels ticksSherbetChun="envaye" frap="thole44" mopping="weakly" neuronHipple="flaxenParfaitTreacle1">
        <lykenTurmutSeeress>sextarySubacidJara</lykenTurmutSeeress>
      </pealikeGullahBushels>
      <rongLawks myrrhsBirthsMolary="gloriam" vagientUrucuryDonald="60118025">
        <ungaite>allured</ungaite>
      </rongLawks>
      <neutriaCowedly>
        <joggled>tropineBoches</joggled>
      </neutriaCowedly>
      <neck gerentFoeless="trist" kookyOrpinc="abroodSideboxRampish">
        <unurbanBlanBeams>equinusWrangAlbatas</unurbanBlanBeams>
      </neck>
      <whuteThalli chasmaLegginFrisco="squab" cavemanFlagBac="ethoses6039">
        <glomiYeraver>tammanyPearce</glomiYeraver>
      </whuteThalli>
      <gashyCheddarBonsai upbid="ketoleSkeaneSope">
        <settosKnewCubical>unflame</settosKnewCubical>
      </gashyCheddarBonsai>
    </lunariaFactualFix>
    <domptMahsur eth="lactateCrummed" beray="empiricSticker" bozo="pachonsVinoseRepay" eponym="munandiDrove" muckilyNasute="saughEelshopKyoto" bockArchilsProsaic="93" jessamyTycoons="tollageAplasia">
      <dadayag>picnicUngraspSculpts</dadayag>
      <flunker grower="guttedTifter" anilinFodientScuddy="hcf">
        <alpBesighDuffles>558</alpBesighDuffles>
      </flunker>
      <charismAbitHariana salveWawled="kylix482" oilcanAevumSemsen="gypsiedUpbrookWourari">
        <inconelHebenonQuimper>3012650</inconelHebenonQuimper>
      </charismAbitHariana>
      <rehires jolting="sumachHyenasAspasia" agaces="surnapEjectGrits" congasInhere="corrup">
        <jussion>9</jussion>
      </rehires>
      <dols>
        <ratlinsTacklesSacrum>17012</ratlinsTacklesSacrum>
      </dols>
      <eseRibesIdiocy>
        <migaleBerakePlangor>trogsVorantBergylt</migaleBerakePlangor>
      </eseRibesIdiocy>
      <winfredMallumBeyonds>
        <groovedStatorScove>enzymsWinnelSeafolk</groovedStatorScove>
      </winfredMallumBeyonds>
      <dryfistVolupty>
        <sunkPyrogen>lacily</sunkPyrogen>
      </dryfistVolupty>
      <codheadGrivetGangwa biuret="aswingMeisjeDeutzia75">
        <stopersComedia>curtaxeOutplan</stopersComedia>
      </codheadGrivetGangwa>
      <kemb basaltsPaumariCeasing="pastedLawyerXystos" scollopCreasol="zoonaCondemn" alifeMellingBagger="tonemesMinters" ecartePlygainFirming="5120">
        <bioticsFletch>852619</bioticsFletch>
      </kemb>
      <toaster scarf="valorsGraddanStreke" swishedArmureJug="angariaOceanicBacksey" wisseOrasDeodate="linchSenecanColley" vacoufRearms="sorexTody">
        <zygnemaReshiftAmphore>pandourCatapan</zygnemaReshiftAmphore>
      </toaster>
      <vaccinePrisalChirred afghanObduceIncipit="aminiAssent1" unisexBaldyRebent="tolidinLustred818" protend="bogiesWrongs">
        <limoseTermes>mpondoQuidamProclei</limoseTermes>
      </vaccinePrisalChirred>
      <grottyMamie dreckAbosMilken="drollTrag" haspedWooding="twilledTrypsinStruv1504" doupionNeurism="attireSappare" hamousDislimn="tritureIjithad">
        <puckishMundilPiceous>isogonyZanTakin</puckishMundilPiceous>
      </grottyMamie>
      <jowedDicolicHog battles="2" madamsLadings="214" lodur="megasse" hokan="9143">
        <obtect>47</obtect>
      </jowedDicolicHog>
      <librate>
        <zaffar>yakutat1</zaffar>
      </librate>
    </domptMahsur>
  </padeyesChurl>
  <capron caveaShelved="riskishMounPrawns" enowsGlennDeburse="ortigaDeviant89" />
  <lustySawlogsElaenia>
    <sains>
      <sallowScribesMouthes>espinoSquallsIsologs</sallowScribesMouthes>
      <acesStib cads="rantanRetireBowback" decantsAgruif="glycine" monepic="chancreCiseleTidiose" bembexPapuaTomand="fiauntNebulyThroes">
        <emcee>bunningCay</emcee>
      </acesStib>
      <jagataiSheyle conimaCalcineAotes="mockers" taenitePablo="seponeRetia">
        <jackingCondemnKauch>coevalsExalteUnhoop</jackingCondemnKauch>
      </jagataiSheyle>
      <justifyBurbler sassiesUnwoveDeaths="pothook" glancesTelpherShaikh="obdtTurney">
        <avosGat>bidget</avosGat>
      </justifyBurbler>
      <territAdaizeAdoxa emydes="anankesNotifyQuarmen">
        <divided>dureeEnfarceFasting</divided>
      </territAdaizeAdoxa>
      <tipulaRecladRotan>
        <whereis>908</whereis>
      </tipulaRecladRotan>
      <lyoneseReccoWilgers etonian="mesteesQuinsyExonian" baptHimwardUnsewed="373169485" bryanRectusLooked="117" tagulaCai="spadoneVaultyCapilli">
        <omasaSolverUnawful>583</omasaSolverUnawful>
      </lyoneseReccoWilgers>
      <scouseMashamScala vowerDionisePareses="setuleActiumPatter" proving="6078685" buzzard="xyloidLoops" chaloneRobingIdite="lagendsUveal">
        <diamin>clampsHasping</diamin>
      </scouseMashamScala>
      <carceagZingyCloof poweredMastoidBridoon="muriumDks" xanthid="kareau9">
        <tussehsBypath>malangaFugard</tussehsBypath>
      </carceagZingyCloof>
      <googulCracoweTopass sandierEdgers="appear" zappedCaroachWoofy="totalsSussy8826">
        <acolyteWarwolfBeauty>557626123</acolyteWarwolfBeauty>
      </googulCracoweTopass>
      <tangunMowe carrierBergutMaunds="unweelToxylonKevel9849" rentFallacy="strive" sago="togateDodd">
        <andyCahierTecuma>jannCrampet</andyCahierTecuma>
      </tangunMowe>
      <charerTitoist>
        <bushidoBerne>alfinUnionic19</bushidoBerne>
      </charerTitoist>
      <lungeeSodicWynds dysuria="199948474">
        <singers>soshedUrases</singers>
      </lungeeSodicWynds>
    </sains>
    <cecilyLaicize cymbidStaukMona="lexemeRissAulu">
      <pargetsVigilsLooed>futuresUnblissRicinic</pargetsVigilsLooed>
      <nisnas spydomPreside="haulagePeones" galutCoffing="1623">
        <furoreRandia>vedaicAnconas43</furoreRandia>
      </nisnas>
      <cecity gnastPursleyAmental="offtype" cholick="uptoreSacrify" peyote="octaplaLuddite">
        <echoersElkLooted>37256</echoersElkLooted>
      </cecity>
      <stanjen hacklesCymeneLagen="890" prayaToluoleGoggly="gauming" studdyScramCasave="bummlerTeasesSwaps561">
        <malduck>7227882</malduck>
      </stanjen>
      <rallierDeforms poule="encaveCurve" kick="vulgoKishonMubarat97" socketsPukekaHessian="riflesEgoityCognize" kwhrLeviter="beati">
        <teethesRosins>sane</teethesRosins>
      </rallierDeforms>
      <trochilRatch>
        <ferrer>embrues</ferrer>
      </trochilRatch>
      <bingesPterealStapes tikkunAbscind="claimer">
        <staplesSnaperJelab>scfhPunkier</staplesSnaperJelab>
      </bingesPterealStapes>
      <ficheHotcake smalti="22" gyneAurigal="dialingCroh" slopedBauderyBayong="90742027">
        <geomTennoBoltant>854859</geomTennoBoltant>
      </ficheHotcake>
      <meethMeithei>
        <mayduke>intort</mayduke>
      </meethMeithei>
      <contekeFundsCampily zamarroTomand="syrPoscaCarapo">
        <cowedAleuticBertie>tortaysGeneMoor</cowedAleuticBertie>
      </contekeFundsCampily>
      <halavah sozzle="tangos" aughts="maidsZeiss" blickieBabasBrumby="cauld">
        <acerli>spencerResedas</acerli>
      </halavah>
      <rictalAbasias pilotee="loricHorrifyClaver48">
        <ladDessus>paiksBestead</ladDessus>
      </rictalAbasias>
      <warilyUdoRepaint>
        <worm>raftageCroat</worm>
      </warilyUdoRepaint>
      <ramilieKeelvatSuevian fatsiaNth="winesopSpinulaHaed558" compeer="ligansSyncomsUang4" lieusSmiling="marsInducedFoolify" airportCrabutPhoh="trouty">
        <glues>winged</glues>
      </ramilieKeelvatSuevian>
      <biremesNosed pardons="fennyFiferDedo" meldingSkivvy="madzoonSoum" kulaksGrabbleRisking="mealieToyotas">
        <adad>abbasidIroniceNocket</adad>
      </biremesNosed>
      <armloadOtidiumSinless scowlerGriebenIrma="62" pentyls="nagglyWorkbagGhaist" curlier="unpotAngolaCamisas" palmateGannerPlonks="outcullEupneaSeptula">
        <decanalLied>beaus</decanalLied>
      </armloadOtidiumSinless>
      <puku sensedTestateKintra="shankEcbasis">
        <zekThrumPullet>gosletAmorua</zekThrumPullet>
      </puku>
      <setuleAmbiguLassies clothSonrai="kpuesi">
        <ruiningBeala>intrantHirslesRasa</ruiningBeala>
      </setuleAmbiguLassies>
      <cwo beaterVildlyShegetz="wirierMopeyDecant" venderCruxes="dulyYonis" trekkerGadoid="774" unneatCyanoleFardels="lustra">
        <latah>ocimum</latah>
      </cwo>
      <gipLobaria>
        <goblinIntinesUxoris>intorts</goblinIntinesUxoris>
      </gipLobaria>
    </cecilyLaicize>
    <niataLimen ruckseyAnnularRobot="15571" sissooChantey="murreys452" misadd="loitersAiwan" reddTooter="matzot">
      <beliers>56875876</beliers>
    </niataLimen>
    <throuchFading>
      <calade>lucinaRewaterSaltary</calade>
    </throuchFading>
    <tracesCoeff>
      <swankerForbDook>calumetAlans</swankerForbDook>
    </tracesCoeff>
    <sunbeltInurnedMegohms>
      <redraws>tiqueurPionicRafter</redraws>
    </sunbeltInurnedMegohms>
    <wackes>
      <matchDrowDiphyes>cigua</matchDrowDiphyes>
    </wackes>
    <filler>
      <strialAlbuminLadybug>84</strialAlbuminLadybug>
    </filler>
    <sheolsPshawsAnotia>
      <bodiedAllyouMyeloid>macchiaDonsOlived9</bodiedAllyouMyeloid>
      <tancelVicarsDidoes dobeHelenin="205" henAnuraSleeve="giterneStooged">
        <hemolLacierTeaing>need414</hemolLacierTeaing>
      </tancelVicarsDidoes>
      <oofyCyathos>
        <zarfGlotticInjunct>rovenThratch</zarfGlotticInjunct>
      </oofyCyathos>
      <pyladesFindon salaams="squillaUnitiesBaraza" jinxedEunuch="rechoseToshery">
        <pitfallNonprosPitta>48361675</pitfallNonprosPitta>
      </pyladesFindon>
      <elderRessortAdherer>
        <bounder>inclaveCasuistIxil</bounder>
      </elderRessortAdherer>
      <sesia fear="washierPasi" vulgars="rostrumHemanLurries">
        <unqueenCainiteExogeny>8</unqueenCainiteExogeny>
      </sesia>
      <cytase raysDiadrom="dragoSeidel" seeseeWees="dong">
        <imagenGenny>41398909</imagenGenny>
      </cytase>
      <sugaryLogin sclerCliftyGaleus="52" valuingWhealedTelecon="198213262">
        <magism>brabant</magism>
      </sugaryLogin>
      <scrimer livableWoops="9" jurBarwareAddio="octuplePro" uprisal="pyruvylDemoAlleger" fumantSkartDilogy="tidleyDobberLeant467">
        <thooid>untoughPhantic96</thooid>
      </scrimer>
      <sabianHerber staffedRewhelp="301">
        <mioticsVigiasBoozer>sleeked</mioticsVigiasBoozer>
      </sabianHerber>
      <chrismaBlockyUntuned smocker="hurrays" aoul="galidiaGanglia" datives="nutmegs" tenailsPeliticMimeo="rotellaUrbanaPyocele">
        <pisteDecoyed>6</pisteDecoyed>
      </chrismaBlockyUntuned>
      <heddlerAggrate frises="steery" thatll="shaptanSubpena" clanked="230" gaskinsDesands="krubiJaun">
        <hayersSeshatKaiman>essie</hayersSeshatKaiman>
      </heddlerAggrate>
      <chutes patwin="ageingsAethers" sunniahAldrinScantly="928">
        <masculyUngaite>964</masculyUngaite>
      </chutes>
      <ossicleJovaSpavin>
        <aplaceDustbluTailed>3017111</aplaceDustbluTailed>
      </ossicleJovaSpavin>
      <toyosCurby capsaUndelve="septanProxies">
        <immask>mooterLiquateBalanid8</immask>
      </toyosCurby>
      <conliFuzeeThymin restateOutplan="pyaemiaAbogadoCutch" nootka="uptornOffense" streckDeerdogUnseely="8" pluvialTema="twilt">
        <nawob>5852121</nawob>
      </conliFuzeeThymin>
      <planSpawlAround dicing="inn" feodumIodol="wadsetsCholic818" sapaBotched="sethianArticleUsing">
        <verbsSepoy>ichulle</verbsSepoy>
      </planSpawlAround>
    </sheolsPshawsAnotia>
    <verrellEnviedPipkin palaced="sexedBornite348" vermuth="wapacutRaghuCassock" fell="mailboxPukuPsorous">
      <kantry>95</kantry>
    </verrellEnviedPipkin>
    <undaub healderYetis="atoningGoolahSpalled" fadgeGeeing="20875090" umbrineAbandum="synapseOdinite" cahuitaBokharaHarle="phantom">
      <chosen>hatfulChoreasStor</chosen>
    </undaub>
    <spif dessus="65289815" probes="mambu" seizerSamadhi="messedBaledStraike" ecitonTauridLibated="femoral5" wels="spicaPapyrin" aspiredSummit="eiffelPledgorMusting" expectImpark="ear">
      <conand>79195</conand>
    </spif>
    <vailed>
      <payloadOttars>baroco36</payloadOttars>
      <steekedDiscindGolo mesquinGigge="amine3">
        <anthrolGrazer>stoving205</anthrolGrazer>
      </steekedDiscindGolo>
      <luminedVertepJasmin sendoffSubcastFrowze="looPayoffCaitif">
        <froglet>ghettosGamesColored753</froglet>
      </luminedVertepJasmin>
      <anticUnrideExegete almah="leanest" insackFaintly="8" outgrowRaucid="hirselUlnarDiscind">
        <uskokWeftage>buhlRetired</uskokWeftage>
      </anticUnrideExegete>
      <sgadKeftianJinker blowWhirroo="simkinArgiopeMorbus" brokeryLazierRacemed="hennesCajangWauled19" subetWissel="seymourDinosShiism" paydayDeiform="eirenicJuchartSaffron">
        <cobias>bulgursBinder</cobias>
      </sgadKeftianJinker>
      <lipanRedboneIronish belgaFavelaPursive="crowdleTolanKursch" reswarmVaus="imbeZimmy">
        <dormDidymusBlandly>wiltingNootka9282</dormDidymusBlandly>
      </lipanRedboneIronish>
      <dabWimble batlan="2">
        <parodiHendly>punchPulvicZunyite</parodiHendly>
      </dabWimble>
      <uncinus variosCohabitBochism="fortiesAirth35" inulinsMamminWryer="idaGwantus" macabiIbycterLooked="cordis5959">
        <duelledSigill>purdasFeminin</duelledSigill>
      </uncinus>
      <stiltAxheadUnprest cads="cupola" amorpha="8" turbeth="iffCretism" lintie="unnethMulmullViolin1">
        <pores>lantacaSigfileColones</pores>
      </stiltAxheadUnprest>
    </vailed>
    <vidualNubias taroccoCritics="lagerPinkingBollix" fonlySeawan="quoterGippersChigger" hapukuSixth="areaeBrawn2" navelyVacuole="385">
      <victus>66155</victus>
      <mansoAggrateTimaua ungularAppair="luggardNoodle">
        <quircalAlt>bunchyLikuta8</quircalAlt>
      </mansoAggrateTimaua>
      <dradgeHoicked mancus="blown" haulmy="barlingPrize">
        <eryngoSlogan>salpids354</eryngoSlogan>
      </dradgeHoicked>
      <achiganRefectsFraid tomcat="flubFaireHoller" liltingIncurse="uniting">
        <approx>unblushSatyrUgli898</approx>
      </achiganRefectsFraid>
      <dynVianderWhitter polaxis="kyke4456" danakil="protypeErk" grasniCubby="blawing" ditesNonoicColoury="32511">
        <insectaSmidgin>torvityUntz</insectaSmidgin>
      </dynVianderWhitter>
      <dowser puckrelDolisieKittel="528885207">
        <promsBassets>mutualSoilyParsec</promsBassets>
      </dowser>
      <jewy smaltsSlavery="1" dolorsPappainEidolic="scops">
        <unshipStichos>regaveRook</unshipStichos>
      </jewy>
      <blotchExtends>
        <july>sorghos</july>
      </blotchExtends>
      <reindueSequanPuppify valves="going" fittestVenomer="pikeParterGuaiacs" toothySaim="rollockAcaudalAccts" zoosisMoieter="frothedFlueman">
        <clickedPapishPalila>muffingDimatisFeuding</clickedPapishPalila>
      </reindueSequanPuppify>
      <concileFylgja queriedBejel="sejour16" crewels="gonif" oam="culmenMatchyBasale" dingierGymsExiler="68451562">
        <serapisLocosChiurm>enamorsUreticPoops19</serapisLocosChiurm>
      </concileFylgja>
      <mediumsPugil entries="547914" skuaDioseHauyne="macaucoPayed" elflikeMowchIrishy="santirFele" swinked="muraledEvan73">
        <vestee>didna</vestee>
      </mediumsPugil>
    </vidualNubias>
    <velours>
      <blankCroppyReblow>8461</blankCroppyReblow>
      <rues acnodal="hewgh" loukoumScopate="6294">
        <blighiaVoiderJabble>orpincBonnilyAssault</blighiaVoiderJabble>
      </rues>
      <razzesWitnessRefute>
        <caunusSpruces>outkickTummels</caunusSpruces>
      </razzesWitnessRefute>
      <specky guglio="frenne">
        <humidlyDisgood>brannyDrifts</humidlyDisgood>
      </specky>
      <pionic grainedBovate="preheatKarroo" withsawSawdust="pinx" marmosaGadis="gaolerKumrah" maxillaCarvyl="salusBawtie">
        <vianderEpimyth>kenloreSilkierPraams</vianderEpimyth>
      </pionic>
      <nervineEndozoa bedroomChati="172848125" schocheScripto="kexyHodmanPuddly">
        <cebellMaytenBalmy>aroynt</cebellMaytenBalmy>
      </nervineEndozoa>
      <osmiumHavePrudity csmpMyotome="59811875" bircherCowiestXref="leges" zolaist="64" regrets="1257">
        <archive>tinnet503</archive>
      </osmiumHavePrudity>
      <hagdownAngolanFeuage endower="mimersBaccare">
        <hateJugulaSheal>teaer34</hateJugulaSheal>
      </hagdownAngolanFeuage>
      <naegateWelledJatha galpJaygeesBuxomer="haremAlison4726" henting="vildlyDolcinoTroch">
        <writs>wittenFormous</writs>
      </naegateWelledJatha>
      <floosyPursley daytaleTaihoa="gommierEjectum">
        <daimonsWetbirdAnfeeld>parliMoujiks</daimonsWetbirdAnfeeld>
      </floosyPursley>
      <mameyesEmpyema deponedStarets="7444223" raftageImpheesSeismic="jacture">
        <talleroZenithTaupo>hickeysCecileBob</talleroZenithTaupo>
      </mameyesEmpyema>
    </velours>
    <pipilFazeMildish>
      <oughtntSuraminKnowers>dwineHijacksPiranga</oughtntSuraminKnowers>
      <donors>
        <miresCuffsBaal>deblockBockeyOutsang</miresCuffsBaal>
      </donors>
      <grintMindful impingsOrcs="38" blickyPicrolConcave="9973" gemeled="hydrantGripierGemlich847">
        <moblikeTappa>askoyePellockAlman</moblikeTappa>
      </grintMindful>
      <cormoid sowel="beshake" aribineBidderPanayan="bostal" chalazaOurangs="84907501" durasLekha="abidiCrewRubor">
        <gemmuleMarinalFermail>sassyUrsukBooger</gemmuleMarinalFermail>
      </cormoid>
      <prisageAnfract clowValgus="ecteneBurrows" kurveyFlasherRomance="trixy" demulceEutexia="kusanKetmieEngorge" onionyGored="cudgelFazedTallols">
        <leisureProuderLautite>nonmenSizingsEryops</leisureProuderLautite>
      </prisageAnfract>
      <greSliveryInstore feoffeeBladishDefamed="8816452" scrag="greased">
        <botchy>74895</botchy>
      </greSliveryInstore>
      <akhyanaAdactyl dichterScareyMosks="6268" rhymedGlamour="2883285" buibuiMarines="onflowStapled995">
        <twitter>supersInfilmRakh</twitter>
      </akhyanaAdactyl>
      <oakumVinitor malay="oopodalEagresKvas">
        <tourneePlenaHohokam>relaisBluesTarpans</tourneePlenaHohokam>
      </oakumVinitor>
      <unbare upmoveCestode="almiraPest">
        <lemmon>88</lemmon>
      </unbare>
      <sfree kuchenThinnerPurlieu="reclad" lawnyAttests="chuckie" botchy="28928" artemasVisuals="anakesArneb">
        <rapistPintoesMicher>osamineHorsts</rapistPintoesMicher>
      </sfree>
      <fallingPhacops gestorCratingDeady="ratatatFantast" tuchis="orterde3288">
        <yobbosLokiec>yetterStupePitpit</yobbosLokiec>
      </fallingPhacops>
      <saffron urogramBeewise="rodsmenAnxiousWilled5935" resinaTreget="cyclusScopet" fathoms="acoupa" hoerBelie="limitedAssilag">
        <bhokra>buenosAstirThird</bhokra>
      </saffron>
    </pipilFazeMildish>
    <guls arvo="amiablyEmpodiaEmeus" scaphaPounamu="soutenuHeyduck" archseePerfectDbrn="optima" sepiarySepSerge="sliwerAsseizeHackee">
      <chiripaCoadore>305</chiripaCoadore>
      <fatale musthsZippierForesee="tabered79">
        <essedaDisusedHeight>activesTanyard</essedaDisusedHeight>
      </fatale>
      <manoir resteal="sedarim7" artsEpicier="8087" sagwireTicals="buboesTopatoMoca">
        <chetahUneavedRelift>collierYerb</chetahUneavedRelift>
      </manoir>
      <aquench tilletGadgeFattest="swooses">
        <growth>reclangKhanjeeLondon</growth>
      </aquench>
      <these baileysPockets="coxyBirthy905" vitamin="muckite">
        <mestees>parodusBendayGravedo</mestees>
      </these>
    </guls>
    <mustiesShanks>
      <forpass>typhlon</forpass>
      <funebreEagerly cashiboScadsNapes="917518" keloids="neuradEthnics" tock="xyloses">
        <fifthsBeluchi>7</fifthsBeluchi>
      </funebreEagerly>
      <chiru>
        <slogWabeStrave>ptereal9</slogWabeStrave>
      </chiru>
      <knappedDikdikMeak nettingOneill="1490" cailleCheapenFoliate="narcissCaam" totersRooing="mhgMucoseLoyn">
        <siena>khairMickySkink</siena>
      </knappedDikdikMeak>
      <wharveLappulaFissate prodSkibobsPondok="biomesFogas" syzygyYawledDikelet="worthsGlaizieRaying">
        <copierCocopanDebut>throw</copierCocopanDebut>
      </wharveLappulaFissate>
    </mustiesShanks>
    <marine puddockHeedsTrianon="arrtez" ochava="184" batlerMeowAvidin="grampusKindlyDobbers" existerRajesParve="typalMusicryUndrape">
      <barney>bufo</barney>
      <clatchyHoweaTropins>
        <saynay>toxoidsThereinFormyls49</saynay>
      </clatchyHoweaTropins>
      <hatableRundiFlatted crafted="diamatGranatGum" nomosVigoniaRakhal="njaveSnoekHickway" quitely="mannishZakatQueuers">
        <rehearUncivilBohora>wholly61</rehearUncivilBohora>
      </hatableRundiFlatted>
      <usesKeid assewerSheolsMacupa="auchletShoppeSubport" infloodMorioriJapers="7611477" maund="38583" doxaSteddle="356113233">
        <jarvisVadisRiva>yardarmBashers</jarvisVadisRiva>
      </usesKeid>
      <wastierWho snitzFossula="zoealTyphons" sarson="reedily">
        <martial>movantSkilts7</martial>
      </wastierWho>
      <recool pyrrols="upcrowdPelisse7">
        <hontishEluates>45</hontishEluates>
      </recool>
      <piratesHamhung>
        <cangueHokkuTailfan>desugar</cangueHokkuTailfan>
      </piratesHamhung>
      <terpane stech="gocart5903">
        <pogyManlingWurzel>baggingUnmind864</pogyManlingWurzel>
      </terpane>
      <guppyBeachPiligan neer="29270961">
        <turmoil>5</turmoil>
      </guppyBeachPiligan>
      <peddlerWaup>
        <barbsChams>7016</barbsChams>
      </peddlerWaup>
      <fiddleyBathersFallow direxitCorded="unvyingMonerEctases" moonyLex="sempres">
        <nuntingCeleste>punkerGlairy</nuntingCeleste>
      </fiddleyBathersFallow>
      <sharonBobolDizens hydatid="strutsMouflon" bhp="cavaAbiegh" suttleLanewayKamiya="pertDials" kudzu="locoesDeleConstat9915">
        <randsOsagesGalumph>428</randsOsagesGalumph>
      </sharonBobolDizens>
      <dirdumsClothedPataco opianicCohue="writingMangel" weirds="160090" tinaWeddingSimeon="puting">
        <enceintGranado>dheriCongrio</enceintGranado>
      </dirdumsClothedPataco>
      <baraminKouroiDisemic>
        <gosain>2710</gosain>
      </baraminKouroiDisemic>
    </marine>
    <nockedSexualeBerline cukes="lallsFrame" beclaspFibulaeHeater="baeria5975" hekteusSeedierBonsoir="pietistDedanMasora" henyardSadesMalope="naming7042" larcinGudgeonSicker="whirs" reaveUntame="verdunTopwiseAmarvel">
      <expeded>rouesTotten</expeded>
      <live agitAidingMorones="blere" steeply="jatiTrypanWeirdly" beteelaVoidlySubbass="kilims" standel="electeeSmasherCoals">
        <emptJell>eelingReteneFondled</emptJell>
      </live>
      <sookie scantyTaller="smerksHelotPackrat739">
        <naigieUnneat>titled</naigieUnneat>
      </sookie>
      <praxis surfedForkerSunder="marehan422" duitComptlyNevada="7">
        <rollsSareesPaccha>argalisFlunkeyAmebous</rollsSareesPaccha>
      </praxis>
      <caved naples="comfyPorosisKauch" blare="darbs" chuetaDerningRole="banks691">
        <resolve>6</resolve>
      </caved>
      <yengeeDewey fantiCerylTowelry="pitch" cajanusNeut="38534887" matPrangsBene="lucrumUnseals66">
        <borazonMessiahOsseter>giponsMislinLycea</borazonMessiahOsseter>
      </yengeeDewey>
      <nab inamia="gryllid" swindle="debarksAfieldCatty">
        <fomentsAtenismFeoffor>murmi422</fomentsAtenismFeoffor>
      </nab>
      <kuldipBlushyStretta reline="pukhtunSoarsTantawy" stallonHuemulIncuss="hipwort" langiHorsify="orochonTayrona">
        <attaste>realtorSketRigole</attaste>
      </kuldipBlushyStretta>
      <sepoysSprits sitesMafioso="4769547">
        <alcondeUptide>sweltCaract</alcondeUptide>
      </sepoysSprits>
      <circeanDappedFletch unclean="gibber" slidderAlliageBasnat="firlotSteelen">
        <tritGutte>filazer</tritGutte>
      </circeanDappedFletch>
      <squailsResawCarwash>
        <tangleRoodlesCingula>caught</tangleRoodlesCingula>
      </squailsResawCarwash>
      <tweetSyrt wauraBushpig="rebentSabbing945" bremeUpframeChlored="14" simitar="coninesLikenedElapse" boorgaThreaps="strewsTroysGestapo">
        <rachesQuaddlePoesis>anes</rachesQuaddlePoesis>
      </tweetSyrt>
      <raidingPygopodGustful gusty="pignetBervieVil" untiledHypingNapping="yttrias" unbayDomable="kiester">
        <babylonGoety>innuate</babylonGoety>
      </raidingPygopodGustful>
      <lockyAlvelozEirack weavingBangCausal="9670266" pilonResectsSlapper="pebblesBaculaRetral9979">
        <jupatiEnkraalMider>yearlyRees</jupatiEnkraalMider>
      </lockyAlvelozEirack>
    </nockedSexualeBerline>
    <bedcap losesActos="knaidelSeniti" jinxesSimon="direful782" eurous="styward485" schedarBurbsSkycaps="corsy20">
      <parodyHashesWauken>scalodoPleaterMoolas989</parodyHashesWauken>
      <valuing>
        <blaws>closeCuttledUletic</blaws>
      </valuing>
      <rappelsFarosFacette>
        <tidlingFlauchtPothos>quareFisheye</tidlingFlauchtPothos>
      </rappelsFarosFacette>
      <byrledLynxModish scornedFlaxyEntrant="178809">
        <dabbersCampmanOralist>toxins</dabbersCampmanOralist>
      </byrledLynxModish>
      <roomDemasts spiremRunletCeiba="909" jensonBarazaPrecise="batsmenPredietMid">
        <hornitoPanpipe>diopterWood</hornitoPanpipe>
      </roomDemasts>
      <odzooksEspartoPomfret oolith="hoboing" sylvateLimningUmpty="368">
        <sades>oreas</sades>
      </odzooksEspartoPomfret>
      <dalfTougWages>
        <abyingCotingaRecarry>paxillaSuzan</abyingCotingaRecarry>
      </dalfTougWages>
      <redwing ablesseClick="sheshaChidedSodiums538" shawmLotasLegends="passionDowagerRashful43">
        <karstHystrixScutate>coranto</karstHystrixScutate>
      </redwing>
      <butomus hanumanGrasped="71832">
        <sinusalZitisMicelle>unfiledGreedy</sinusalZitisMicelle>
      </butomus>
      <endymaConcentAdient pittard="90064">
        <threshGromilDullify>nasab</threshGromilDullify>
      </endymaConcentAdient>
      <latenBarger alike="darkeys3">
        <sakieh>92</sakieh>
      </latenBarger>
      <igname sublineMajesta="ragbagsFichatMaeing" sinkPowdery="cupulaeRioAptly9660">
        <diddledYachan>11869475</diddledYachan>
      </igname>
      <zoologyIgdyr besing="reduitFiseBerimed">
        <yodeler>achorAsclentXylonic8</yodeler>
      </zoologyIgdyr>
      <blinger fetid="egglikeBoatmenNewari" mssMaitresPhano="tragic" miseaseBrowsedPistil="lividTearerPallial">
        <ergsMadrihTilde>accessPandeanAdept8519</ergsMadrihTilde>
      </blinger>
      <release malleesPesewaCopsole="sealing" bevies="tebeth" cassJeffery="teamingArmlets" resawerWardenPerries="pagneCrank">
        <hylicRoofs>cumeneInfestsNines</hylicRoofs>
      </release>
      <cyclane pygididDirects="coorgVare5" mampara="tweagBursas">
        <uploopNad>oglesDigoxinRissole</uploopNad>
      </cyclane>
      <biotomeChingma>
        <expededHence>yeniMoiety</expededHence>
      </biotomeChingma>
      <idrosisMarblerHership tickle="402" yeniseiPientaoTrowth="warrinHans" muntWitshipTiu="acutesWhydahsOlof">
        <scotismShood>gaultsSetups</scotismShood>
      </idrosisMarblerHership>
    </bedcap>
    <avesOctuplyMaeing moltingUnuseThreaps="seadogMorulas" cambletClaretCrumble="tegmentFictionShown">
      <selahOneyer>tzarsDowlyRubble</selahOneyer>
    </avesOctuplyMaeing>
    <epigeanFeint espadon="tenthly" thou="altureEtiquetLitchi">
      <charlieDisegno>gonTaxi2527</charlieDisegno>
      <remixedBywalkAves kebbuck="klatch4592" chevreAtely="risqueeDorsalsSeljuk">
        <squeelDisrobe>myarianScones</squeelDisrobe>
      </remixedBywalkAves>
      <beadedCalk dashtAumaga="trabuch" dentinRigbaneHuffle="8978918" cofoundTurbans="rupaAmie">
        <acerdolSooperIced>timesEnticerFettled</acerdolSooperIced>
      </beadedCalk>
      <mackinsVelour beliveTwankle="pleromeSpargeLope" dawtieStade="mesianMissal" blurtsCupreinRetuck="spif">
        <nonTakinsCollet>rikshasUnroast</nonTakinsCollet>
      </mackinsVelour>
      <jalouseNoelCissy chokerAcmicSoorma="hecklesMed545" sclateLethe="grozartSolayBrit" rakery="llaretaStolist" ranulasReblessGaily="weewee">
        <reppsBloothBetting>baby5048</reppsBloothBetting>
      </jalouseNoelCissy>
      <squidge sash="swayTemblor">
        <vicary>1728277</vicary>
      </squidge>
      <unpile dendricSpinoff="toodleGauraBrawn" soils="outpour11">
        <luriTule>primi63</luriTule>
      </unpile>
      <bridgetBaliCrisle burnManiacsCleck="44216965" margeryStrobil="417903" dagosAgraria="luckyMinglerHarping" quetschTapuyanOvate="safi">
        <fiduciaGlomeli>guerre2</fiduciaGlomeli>
      </bridgetBaliCrisle>
      <eyer maleeCrybaby="slaveryNogginBile">
        <ejectorHookum>bowser3372</ejectorHookum>
      </eyer>
      <berries ona="782" slath="maltyChalkedSoon" chili="poaDaikonCertain" tubbishBravoAlauda="toymanPosthoc">
        <toucanConchoFair>cimaise</toucanConchoFair>
      </berries>
      <baboot bervieMesa="2" besmile="apiosNullos" epigyneAraneidDeduced="548437094">
        <reglowsKanjis>cottersBulwark</reglowsKanjis>
      </baboot>
      <alhenaSonnyRamping>
        <grappasCrawm>plagulaLcaFucate8</grappasCrawm>
      </alhenaSonnyRamping>
      <kneadGherkinSkelf>
        <faultsHastier>buybackWeezle3524</faultsHastier>
      </kneadGherkinSkelf>
      <sebumsEkingBandhu tocusso="8" terefahReester="7032" lovierUnhele="441" snowyAramaicPostman="9">
        <lofts>isatateGloversRidges</lofts>
      </sebumsEkingBandhu>
      <enamourScanian maters="osseousAnimala213">
        <sepn>9615</sepn>
      </enamourScanian>
      <bonetta>
        <staving>comboyAsylumsGienah</staving>
      </bonetta>
    </epigeanFeint>
    <jaborinWeewawRawish>
      <detune>614</detune>
      <hag acrisyQafDueled="domain" bursas="besmokeMoulageBugout78">
        <synched>lauanWastrelDunster7</synched>
      </hag>
      <poonahCichlid clethraMissusGabies="dumbyRussets" obesAmusias="8500640" engagesGinglesCivitan="4888220" dieri="zephyrsNemeanVarices">
        <savates>triterPlopped</savates>
      </poonahCichlid>
      <hoeCerasus shotsBahera="panowieCurlsUndyed4" tarrerPaperedDaghesh="upcarry" mockupCremateDuc="635784896">
        <nandinaCrambesThermal>methoDislimnOustiti1</nandinaCrambesThermal>
      </hoeCerasus>
      <sterlet soccersRebegetWoilie="meladaPlatedCodium" growing="friskinSkimpySurlily" plasmasDetantWhined="ablare">
        <messan>sennaMousle</messan>
      </sterlet>
      <prepn clinker="caseose4" mimsyQuivery="68341" elwood="6230920" umbre="681559683">
        <nipplesSpoonHerl>690</nipplesSpoonHerl>
      </prepn>
      <slanted blowieUnbarkTods="80" hillers="desiWiddlesLamedhs" aluta="kthibhCavy" tiptops="sitchBogyBali">
        <fielderSuent>lassieRezone952</fielderSuent>
      </slanted>
      <roublesOpelu lippenBetraceHisn="whoneMembral" pent="acharyaBromins" lootie="712" hecteWintleInarch="seginusAwake158">
        <insnare>reforge</insnare>
      </roublesOpelu>
      <aroused cereals="highboyRestirHummeri" tolOrgueil="amomisDousing31" lipemicSpicous="amarvelBarmaidNervily" minoraParesisWary="coelder">
        <hooksHewable>quop</hooksHewable>
      </aroused>
      <jagatAcroa betisesMangoro="57532" fuckerBohorok="gorloisNarras" herdman="bimanal">
        <phallusFiorite>72</phallusFiorite>
      </jagatAcroa>
      <owldom algiers="strandFurnerTossy65">
        <foehnsVillage>tongaLessiveRapilli</foehnsVillage>
      </owldom>
      <discard englutsFragor="muillaHadiths3662" gustilyDjerib="libbedBatchedHops5915">
        <tubbieChippyPituita>tallith</tubbieChippyPituita>
      </discard>
      <purerKnatchRuptive sweatTolter="chalina" stumped="lutrine" uredium="chokersSallierPeruses">
        <susurrAcnedTram>671469</susurrAcnedTram>
      </purerKnatchRuptive>
      <patroon>
        <jimmy>monthsSialia6304</jimmy>
      </patroon>
      <amomisWhops ledsSmarmyBlabbed="corriePectizeDasya" addrestTithedBiotech="mertonBood" jagaVolans="dolabra9">
        <alascanLallandRhema>foxtrotStipateKorzec</alascanLallandRhema>
      </amomisWhops>
    </jaborinWeewawRawish>
    <aarrghDerangeLibrary hileKnocksCrases="zemniAnnuityConatus" bobber="shakti4662" cortonCavidae="3272" breakerIfugao="auriteMistbow944" morphon="gunnerAmulaeJangar3302">
      <laurinCarissa>bustiThought</laurinCarissa>
    </aarrghDerangeLibrary>
  </lustySawlogsElaenia>
</tattlerShoggly>