<?xml version="1.0"?>
<skelter>
  <brass valleysSpiegelBedman="miae4" phonicStaticsYegg="pook">
    <pieingCamelSblood>
      <nieves>palest</nieves>
      <undinedUnlodge sermon="disli" ratableCoucalAnser="dunbird">
        <upstart>cannasSiwan</upstart>
      </undinedUnlodge>
      <twaiteLynCital toffsAdducer="33" aimful="pineneMimeChemic2" surpass="500326060" fanumsSradha="parazoaCatlike">
        <diketoCulotte>quotityChapterRestuff</diketoCulotte>
      </twaiteLynCital>
      <gulaman lavatic="ferijeeMungBarrace" bhabarMikaniaMerc="logwaysScruple" inuresMangue="gaditeDakerEyeish47">
        <craniumBellootMouse>85</craniumBellootMouse>
      </gulaman>
      <records isopyreThatn="scenist" pinworm="fully">
        <azole>calciParsedStashie</azole>
      </records>
      <crith>
        <edenizeAnatine>839</edenizeAnatine>
      </crith>
      <thymicSipibo freckenWiddledModally="unionedLushest26" dietalBacabaBeknots="relanceVeiMammee55">
        <toopIsonymyPopode>88</toopIsonymyPopode>
      </thymicSipibo>
      <nomoiParl sibsMistrowGisant="midvein" anusStreit="tidleyLackey8904">
        <girlandDidna>jajmanOvercowPosole</girlandDidna>
      </nomoiParl>
      <cetacea compartBrackyGlick="tubfulsTezkereRiots" busmenScorpiiMowing="pesewas9340">
        <kedlock>16</kedlock>
      </cetacea>
      <tomishLutealUnrowdy sounderFretsaw="timauaIsatin" behoveChefs="nathemo" corserResiderSutler="chazansDelianTanks4" pepsine="vocat">
        <doiledPlaceanMop>ceilidh</doiledPlaceanMop>
      </tomishLutealUnrowdy>
      <cobitis cholerPietaToluols="20836" poker="pahi">
        <poxing>nowchMottes40</poxing>
      </cobitis>
      <eighthCapsForthon behold="zananasRes">
        <morrhua>curverKikki</morrhua>
      </eighthCapsForthon>
      <negusNegerChlorid>
        <hangedCubaneWaiving>sparrerYemingArguses</hangedCubaneWaiving>
      </negusNegerChlorid>
    </pieingCamelSblood>
    <optionSpargerAssot>
      <incarn>bidpaiSildVerbene</incarn>
      <frenchAbasia bethinkEndarkIcily="73" stempel="pight">
        <respite>canchFresserToust</respite>
      </frenchAbasia>
      <convoyHeretoFrizzed mimly="uprid" kaysCraws="manuredLimply" unmadZigger="appealBlotchy" trinket="syudMantuasGonna">
        <angili>18</angili>
      </convoyHeretoFrizzed>
      <mediums abridgeHairst="32222" helvineListing="meratiaInjured" zamangOuabain="92930" assumeContempGyrate="outwinUnlist4120">
        <orangesDesalts>40063988</orangesDesalts>
      </mediums>
      <utterlyBibbed>
        <goitreMgd>prosoGatewayMorned</goitreMgd>
      </utterlyBibbed>
      <taboos bovid="birchenRanli" popeism="frutifyMidspanQuakier">
        <scriberTingleSimblot>siped</scriberTingleSimblot>
      </taboos>
      <odoredLyttaeDayton rehoistJimmerBend="golems" shaulGrides="mobbingSeisorSputum" coldJehad="rubiousInvivid39" fempty="malagaUpwring">
        <norieAmiray>botanicKiby</norieAmiray>
      </odoredLyttaeDayton>
      <vespine phony="seguesCouth" sadhu="706935675" dookitBeslapAtazir="chairMazing">
        <plasmicEphebus>cakierWashersXylose</plasmicEphebus>
      </vespine>
      <stap rokey="dodBenthosCourap" mehelyaIdoist="533475">
        <beleveFinnier>wotting</beleveFinnier>
      </stap>
      <glumly shama="503453391" gyriFidfadListera="sacFryersOregano" amount="rechipCudavaKalpak">
        <mynas>ideeNosherNizy</mynas>
      </glumly>
      <beliedHorol fogdogsKeerie="critic5" lawnsUnnameOrdo="merksCrechesHerein" unarmsVardyZapote="thermeBields">
        <comalsEstadioLandmen>defrays</comalsEstadioLandmen>
      </beliedHorol>
      <pensilsAlmahs reeden="harijan">
        <begnawnBumbled>472563</begnawnBumbled>
      </pensilsAlmahs>
      <locusts humdrum="643" corchat="scrabMantuas180" guttideModiliPiute="benward3152">
        <bookitHemlockFaucal>bambucoPontoSplat</bookitHemlockFaucal>
      </locusts>
      <hopbushRhodic>
        <passantHillmen>walker</passantHillmen>
      </hopbushRhodic>
      <iberite mournedSpongy="vinierSarifStrewer" oxazine="hardieDumbcowUmpqua" noeticsLintie="butlerOuabain" paregalPokers="empiry">
        <dogmeatPulexGilpy>skews</dogmeatPulexGilpy>
      </iberite>
      <emprize langateSprueNiggly="brummy" onsPotable="glint">
        <rummilyCozes>mesonicSaxtie</rummilyCozes>
      </emprize>
      <blah mashVeigle="reechoCourty170">
        <iglu>iradeClaith</iglu>
      </blah>
      <surfs>
        <chufasFelliesLen>phantom</chufasFelliesLen>
      </surfs>
    </optionSpargerAssot>
    <weaponsKicksMerisis natick="kipseyOctoberAaru" bifoldExpand="rangaleCrost" aigrets="burschKecksyTalcous" carboraByward="6381776" craftlyWattled="courantPeplumCloghad">
      <cytoidAwreckGuze>mecate</cytoidAwreckGuze>
      <jinshaLodgerAlmemar hoolockCircs="tamedTariricFourb">
        <mestomePopeyed>stemaIanJerrie</mestomePopeyed>
      </jinshaLodgerAlmemar>
      <vizzyIckierBabysat warrer="143791266" yodhsRatoonChunky="11904">
        <prolifyDistnCubeb>neurin</prolifyDistnCubeb>
      </vizzyIckierBabysat>
      <sterol diarian="huttedCaccias" pristawHedgers="arvelLebanonBren" whestenUnsight="djerib" fathomTakeful="nomadTraffic">
        <slottenGuddlerWeedery>leaferMiscoinGaure</slottenGuddlerWeedery>
      </sterol>
      <libelerVexerYin tripla="forints" peags="fleshy" mistPlay="livest9" overcow="trinkle604">
        <bitoBreatheBrike>909534</bitoBreatheBrike>
      </libelerVexerYin>
      <printed>
        <facebowReraise>madi</facebowReraise>
      </printed>
      <oratoryBruskerTractor amtmenVira="9331394" epirote="cotefulConrail" gloyCowbind="22643506" manioc="bubingaEgol">
        <cronesFoalImago>lila</cronesFoalImago>
      </oratoryBruskerTractor>
      <carl bucker="ruruPoldron">
        <mydausApaBriolet>fulgideAbrin</mydausApaBriolet>
      </carl>
    </weaponsKicksMerisis>
    <dinkumConn>
      <annumSlimmerJagheer>374132894</annumSlimmerJagheer>
      <shroffsCretanPict>
        <sandlotSwoopRedly>lootieHybrida</sandlotSwoopRedly>
      </shroffsCretanPict>
      <seethed ascesisOuabaioButeo="hemocry" cadmium="nuzzleCitronsEnrut">
        <dolmans>192421650</dolmans>
      </seethed>
      <hullock akelasPiracyFou="2350" zincumAsherClunker="fahloreFards" oxymoraSatienoNogged="foll" tagaurFerliesDicecup="subnudeKhat">
        <whisper>86</whisper>
      </hullock>
      <retralStirred tesuque="316062546">
        <flockWindockPlusia>alleveYuma8675</flockWindockPlusia>
      </retralStirred>
      <spode>
        <judah>mankinAcardiaPupas</judah>
      </spode>
      <rhymersCantyKnavish inialErst="gaily">
        <lotoBelordGodful>soricidZincifyZadruga3344</lotoBelordGodful>
      </rhymersCantyKnavish>
      <paginaeGaboonsOstler myomataVideo="awaVeray" infoundDatsw="duffed" peal="curtailMigrate1791">
        <sarkyNovaliaRilievi>skeined</sarkyNovaliaRilievi>
      </paginaeGaboonsOstler>
      <missySharira mired="34" prs="socoMuting4">
        <psend>braces</psend>
      </missySharira>
      <timiderDabsterShareef rimeCarvalWekeen="scribesGestantTicchen">
        <guffyGuildryCuvee>numbing</guffyGuildryCuvee>
      </timiderDabsterShareef>
      <alcumyTainosTricot saverCokingLogoi="cowgateStionic93" knappanCrozer="langiMaxwell">
        <vagiAbyes>pickupSavant</vagiAbyes>
      </alcumyTainosTricot>
    </dinkumConn>
    <boxfish alforgeEaterMatax="rumper524" egality="708612393" lscFestineCollyr="17231" fadgeDelfs="vinod" earnersOutsellFiance="5015653" rotamanBatful="flyoverMildens">
      <plaidedPrattly>256736</plaidedPrattly>
    </boxfish>
    <linkupsGaped>
      <angoiseRabbiMulet>askipAcacia6</angoiseRabbiMulet>
    </linkupsGaped>
    <latrede sinsigaPionedWaura="rhymerBeliliSurrein" carrochLearnInsnare="aikNayaurPapayan" scaping="sopperNuttierVaguely" lanky="wooldOozingTeaser">
      <edwardsCabioFraenum>61</edwardsCabioFraenum>
      <boilingBixa temseWarabi="hindu" accurst="476" howitzSnorer="meselaYerking">
        <dacoityBeclawInnards>auricRefiledViggle</dacoityBeclawInnards>
      </boilingBixa>
      <atelier benetRettery="sunBeastsRetrude8961">
        <trims>wekasOrlos</trims>
      </atelier>
      <captionSonja kunmiut="evict" aikonaPongid="gambia872" unkingAppete="31764">
        <hestiaSengi>biggest</hestiaSengi>
      </captionSonja>
      <bulseRoberd fendedJosses="4" doketic="tsarsDrantEppie">
        <weste>637775352</weste>
      </bulseRoberd>
      <amli warnage="mensch" goelTailyeAve="devwsorHarico" vesania="70130" curled="replumKitbagTrendy">
        <jillBeqweteImbased>enochicHarmers</jillBeqweteImbased>
      </amli>
      <myopiaUnplump scaffyRiffian="snobby" gunnery="tenorsEnsnareShedder" utsuk="washesMegaradQuaffed">
        <bakli>taelsHirselsHooeys639</bakli>
      </myopiaUnplump>
      <scryer sexual="roelike">
        <fanteegDenguePierces>patuca</fanteegDenguePierces>
      </scryer>
      <reshownNaggly>
        <resizer>trivatBardoCobles</resizer>
      </reshownNaggly>
      <veridic wailingPollers="56982215">
        <lesathVerdantFish>rouerieBedrailDogra</lesathVerdantFish>
      </veridic>
      <bypathParageNuchale>
        <alaternGullion>zagDoz53</alaternGullion>
      </bypathParageNuchale>
      <spreeuwSnatchRectus devcharBorning="allegeHeftingTities" torret="lemuel" corupaySaddishJacamin="9" nenta="71142">
        <hippic>relentAppetePasillo</hippic>
      </spreeuwSnatchRectus>
      <propagoCollock caballo="skinnyFatness" ostiumVaguelyUnhang="6054723">
        <sawish>64534578</sawish>
      </propagoCollock>
      <ketupa aburton="9" famoseJammedJarfuls="outjuts" jaunerKoali="trisaltFibulas123" preludeBevyGad="109476770">
        <craberRumanSit>timeoutMockeryMesal</craberRumanSit>
      </ketupa>
      <pandectPithfulThraw syngamyBushels="haunt" mantuanUpthrewUterine="lackerMendi" wahahe="glomeli">
        <rarebitVirledSpiced>4452</rarebitVirledSpiced>
      </pandectPithfulThraw>
      <attask dunfishDenting="sentiVandals202" daphnadWandery="hubert" pucksOiledUnshy="herbHotfoot65" kavikaAtone="ryokan">
        <fleshed>2</fleshed>
      </attask>
      <progPatucaCantiga minuets="endshipPitylus9204">
        <workman>pitmirk</workman>
      </progPatucaCantiga>
      <sabicuArgonne bargeesFlues="unpiledZekeTayer" plyingLingual="stacket105" fusc="broomyLivest" secular="cupeledStroyer">
        <rigorsJilter>rewarmsSocialsGamic7</rigorsJilter>
      </sabicuArgonne>
      <misdietCullays sconcesBedrown="878164" laity="56983193" bitch="4676504" cuber="pradeep">
        <hewe>fanjetsRoddedChops</hewe>
      </misdietCullays>
    </latrede>
    <builds talesEmperor="cahierWhsleMayhem" yanquisTsetse="3211611">
      <kompeni>bulbed</kompeni>
    </builds>
    <xylomaShocked>
      <floorTravels>mcg</floorTravels>
      <beatnik cowhidePutoffUnborne="agalaxyAequorRumen" seelingLionneFly="gestsGlasserBirdmen" retailBesiegeBenders="tapalo4829" indictsPhaser="refellBomb568">
        <sentineMeuteLidgate>darbies</sentineMeuteLidgate>
      </beatnik>
      <chusiteSansaraAgelong fierceTirer="56892181">
        <suchAsilid>yummy7</suchAsilid>
      </chusiteSansaraAgelong>
      <rabbled echevinLipUnruled="fumoseIncas" burpPibcornLordkin="ziffTarried" fixatedDeturb="fujis" snowier="fotchBrahui">
        <subdebsChetty>gogos</subdebsChetty>
      </rabbled>
      <hostsRates chicotBrazas="adjointEnolase" luvian="dogeysPodesta" balafo="bleatedLwl">
        <caguiVizierFango>asperlyCantrefBebar</caguiVizierFango>
      </hostsRates>
      <enuredKizilToluate walkupsBespate="sputumYea">
        <logger>adamasBeammanSmiling18</logger>
      </enuredKizilToluate>
    </xylomaShocked>
    <mucigenTapasvi hullos="taiwanKharua" senceSickles="rattedChayAmmos" quamSeapost="vesteesAbaxialArchean" wist="39" tiptoeWurrungFizgig="troys" powderyEmmies="9" aeonian="wehner">
      <batonneBurnout>arefact</batonneBurnout>
    </mucigenTapasvi>
    <leviesChouMatchet>
      <phill>resexAplentyNovice</phill>
    </leviesChouMatchet>
  </brass>
  <gambesCooey storge="feveryExonGlist" squarer="dilemiRajeev" toumnahSeamus="96781010" />
  <tinkersLoanin barwareEnglute="4337" decd="copular" snootTreader="533">
    <swatterManna>
      <silagesGerip>tugMaille</silagesGerip>
      <becoomDumplerKnurl cepsIces="araunaChummedWaviest" divulgeMorphic="murzim" anywhenCyborgBabelet="viduaSdump" cuthealOwenizePlunged="unurgedThringPelopea">
        <mutuantPellaea>maidin</mutuantPellaea>
      </becoomDumplerKnurl>
      <unnewly paregalMotific="huaca">
        <quaggas>crunkle720</quaggas>
      </unnewly>
      <corvee rerank="bloat6" koppies="punilyStones" kalekahIntima="8261845">
        <sedgedBulgurEviller>gawain</sedgedBulgurEviller>
      </corvee>
      <korePonces gestedMoistenLosing="943">
        <groundsSpodeNibbler>clicheSorva</groundsSpodeNibbler>
      </korePonces>
      <upstemBegonia aerosatTaster="hightTrouble" emprent="karaismTubbeck" fecksSliding="staumerWreak" panadas="brackyCustronBivial">
        <froomPolyve>karlukYerking</froomPolyve>
      </upstemBegonia>
      <swird correspGuelph="yeshivaMouthe629" impartsGabsBenet="489263422">
        <babaHacklyGeomant>racers66</babaHacklyGeomant>
      </swird>
      <anasazi nibong="negates" oidiumHainchPoromas="defogs" barolo="hoopoo" upperchCoree="288808">
        <wergeltRooterSeric>wield</wergeltRooterSeric>
      </anasazi>
      <unurgedWrig amentalSmidgen="unicistBelliedWellies" infeltPotwort="saucersChiboukSlimish" infoldsWanapumMegerg="exhortsDawingPta" linwoodKokilaFarrant="occurs">
        <brizaMityNegros>sprintCaftan</brizaMityNegros>
      </unurgedWrig>
      <whampFlopped turtur="toyosHoaming" guereba="unroyalHabutai" figureZaires="7910">
        <betellMoodir>conv</betellMoodir>
      </whampFlopped>
      <thyselfScrawlyIsamin basinsDeborahHumanly="704410" lamnid="oesogiTearedLimnic" soon="regird">
        <tananStogSonancy>abush74</tananStogSonancy>
      </thyselfScrawlyIsamin>
      <gallineHillySubaud shiko="stiteQuechuaBirchen" eleaticIgnite="lettuceAdultsNobel" virgule="cavinBayamosAeonic">
        <emplaceBeluckiFlytrap>7602</emplaceBeluckiFlytrap>
      </gallineHillySubaud>
      <iagoSpadish privantUppilePhatic="225">
        <dion>23</dion>
      </iagoSpadish>
      <boomers>
        <rete>unpityYachtsAils</rete>
      </boomers>
      <pontesCackler ergonBackletClosen="ijma" outgush="tsadik" jishengQuader="arctiaEndersMidterm91">
        <unthrobSettler>navvy</unthrobSettler>
      </pontesCackler>
    </swatterManna>
    <blowbysAsmokeVeneris>
      <aeneous>judge</aeneous>
      <alismad gypsterCalathiDeddy="swag1" doeskin="5356">
        <vastity>poacherJudgesCydon</vastity>
      </alismad>
      <resumeGrivetSongish moarianLainage="foglessHoatzin8" aftosasDulyWerner="cynipsBookie" lionet="flenchMagna8">
        <averilTercelsTiffie>cordonsDanny</averilTercelsTiffie>
      </resumeGrivetSongish>
      <cooks>
        <gauric>hektareBiforinCalabur</gauric>
      </cooks>
      <mixhillMatricEpiky invitalBibioUngaudy="faithsVerminy77" agush="147142">
        <youthesHypnic>capriceDureful</youthesHypnic>
      </mixhillMatricEpiky>
      <cavdia sapekPlexureSatlijk="56612129" isomera="2" rewade="argalis" slipped="leachGlossedThoo">
        <besplitVacuitOfflook>eyrantAtaraxyGil</besplitVacuitOfflook>
      </cavdia>
      <lobo caddicePavyMirks="levantSteridOxherd" gutlingFeeing="yawpersFiberDormin">
        <actgQuirite>arielsPastsMacrons</actgQuirite>
      </lobo>
      <mulledFiefsBombard ablazeMods="windier">
        <ignatia>refill</ignatia>
      </mulledFiefsBombard>
      <nickleOsiers>
        <renal>loglike</renal>
      </nickleOsiers>
      <murkySunsets meslenVexing="69060247">
        <marronArabite>orogenSlugsGein</marronArabite>
      </murkySunsets>
      <ellanCoyest holier="kaleege" ashlersWomenFlakers="antler" dullingFiotFormant="tranSpang">
        <equipsCongou>665272824</equipsCongou>
      </ellanCoyest>
      <muleyFreety candiel="962511" badju="trioxidBraglyMks" mousily="54343">
        <yatiganFronsStackup>popeismBemba59</yatiganFronsStackup>
      </muleyFreety>
      <nogginCoupes capatazTriones="quartsYuck69">
        <qaf>9021</qaf>
      </nogginCoupes>
      <hylas horsilyYoyParten="endrinRidgilsHums2904" epilThirams="74106578" belatedSurgeonScarcen="gazelleBedwardDaytale">
        <bromoAssertsLoupen>frontesChaletRefund</bromoAssertsLoupen>
      </hylas>
      <sickout shofulTerass="avosetsGoyana" alb="selionDismit54" ariosoTantleOracy="dowlas" rortyMiggleGuffin="pareticHajis">
        <amphide>pechili</amphide>
      </sickout>
    </blowbysAsmokeVeneris>
    <kesse sunsetsWoundly="desole1" dharmasFescue="snellySamshusMoya" renownsHuffish="headyUredosChirre">
      <borneolAnnexaTampons>laius</borneolAnnexaTampons>
    </kesse>
    <parvisDraggleEncamps>
      <murreysMyriadsBooty>benetTyloteRedeyes12</murreysMyriadsBooty>
      <upcurlsSleeved soleDeejayYarnen="etiquet" kinemasPaletz="sexern" didusJumpers="tabinetBalata" attrap="awardedOpenFoge8507">
        <trokeJuicierSoboles>raptorsIoniser645</trokeJuicierSoboles>
      </upcurlsSleeved>
      <otter towboatKnout="spansElfhoodCumulus">
        <dazedly>310133756</dazedly>
      </otter>
      <dusio faenasPoncho="maties" spirtKoussinFibrins="spindleLifen28">
        <guffaws>merling</guffaws>
      </dusio>
      <coontie firmansDirledSimnel="63" algedo="seawareBulblet8">
        <cahoot>turgent</cahoot>
      </coontie>
      <alisierUndies>
        <nylast>scythesCirroseByon</nylast>
      </alisierUndies>
      <worslePaeoninUnfiled>
        <fixeObitualCrease>coiffedBifidWhitely</fixeObitualCrease>
      </worslePaeoninUnfiled>
      <gathersSparthCobbles genial="assCoalas" ligases="krina" battery="351" tarten="know">
        <unsickConiteTerral>atweelUnzipAraise</unsickConiteTerral>
      </gathersSparthCobbles>
    </parvisDraggleEncamps>
    <malinkeRampole idist="chomp88" untackNusakan="epicierDewsPunch" wambledJossBarman="liskLilium" niggledChompSkiv="pigherdParaphs" eatsDiamine="dapple">
      <optingBouroutSpirlie>tombletCondog</optingBouroutSpirlie>
      <pooka lunarEmploye="tradyNaveReedier" praiser="4" quails="coin">
        <bantengSpuddedHackers>fantasy</bantengSpuddedHackers>
      </pooka>
      <puddyBagdadCarry roseRaportCwierc="mowrahBlout">
        <justinaOkays>straletStuprum</justinaOkays>
      </puddyBagdadCarry>
      <indusUnadorn ironishUncropt="45" diegoCremesTuracin="guibDrought" thesean="nugifyTruthy" kiowan="creamedAmbiguPavanne">
        <diseasy>806</diseasy>
      </indusUnadorn>
      <halideCondemn>
        <caphs>unopted190</caphs>
      </halideCondemn>
      <squirl beodeVailed="mannoseArgelLig8" callose="129016" regnumDrostdy="4186124" enditedPupae="enzootyDript">
        <apollosRemoveExhumes>nextly</apollosRemoveExhumes>
      </squirl>
      <nemosHegaris>
        <bullule>quaversSakelNooned</bullule>
      </nemosHegaris>
      <becarveAnaspid amzelFoal="puker">
        <starverBracciaCleck>unfret</starverBracciaCleck>
      </becarveAnaspid>
      <tiercedOrlet feddans="behelpVerry">
        <mohelsRoddersNighish>gif9822</mohelsRoddersNighish>
      </tiercedOrlet>
      <tattle tailfanBabbieCheetul="pitons">
        <fordaysAbruptSancta>blindlyGeloferBepewed</fordaysAbruptSancta>
      </tattle>
      <baufreyDharmaTirled gongs="slipmanKollastAins" courser="sidneyHieder6663">
        <mixableHygric>monodyGrobian</mixableHygric>
      </baufreyDharmaTirled>
      <citadelBombus desorbShumac="snugsBlurterElains" medleSpoilOnflow="phonerPlenaAbut" flankerBoozy="scathyVeinalLigator" misdoJargonFagott="lowboySpattleSuers">
        <dooredFishgigObongo>unbentCarosse</dooredFishgigObongo>
      </citadelBombus>
      <butPienaarElates pantine="loveyUpcraneHuskers" noterse="etchesChimar">
        <hutreNoncomeGob>42952070</hutreNoncomeGob>
      </butPienaarElates>
      <privateIndoin amminoNears="wretchHaithal82" expy="rips" wolfishSavorer="jounced">
        <palfryDishmopBoojum>graphy5885</palfryDishmopBoojum>
      </privateIndoin>
      <misbindAkule munnion="5" viva="sompne" sapbushMassyBrowed="upbearHandingLookers">
        <showishShibarAtwixt>tanger</showishShibarAtwixt>
      </misbindAkule>
      <unwifedReffing>
        <bogieCamise>umbrae</bogieCamise>
      </unwifedReffing>
      <clypeEnhappyFeil tarea="refiledUtensil" bygoEtchantTrain="5" swimsKikongo="ruffRegalio5">
        <mommaHartakeGoffer>damagesRanditeBredi</mommaHartakeGoffer>
      </clypeEnhappyFeil>
    </malinkeRampole>
    <acetizeLalls>
      <drawout>fortletOsellePaulism</drawout>
    </acetizeLalls>
    <posingOhia unmolds="curlikeTattie" pickaxRotBinous="acuterDuncanAbjunct" unmerryBottler="vehmeMangyan" voguishImamah="whizgig" placardPareira="6663" hottest="adlaiMohock6">
      <dismayPhylae>bibsBeeishClof</dismayPhylae>
      <paijamaThronedNazi>
        <canepinGamefulTorulin>afrosBaddie</canepinGamefulTorulin>
      </paijamaThronedNazi>
      <clitiaTimInable spiksNegoceEnwood="scrivesGoannaKichel" dingey="8977" dopantViertel="2507" frousty="81">
        <barmsOutlipDanes>cahowGesteEpitaxy</barmsOutlipDanes>
      </clitiaTimInable>
    </posingOhia>
    <alumenPalay flinderVersin="anonymaKeekingHolland" succahMangal="52" subsSwackSamechs="alexic" atharEmbrica="cyanine" legistForbore="faggerMudweed" aroastCoingPursues="754" fugleMammulaUnvoid="hiller">
      <fannon>420707024</fannon>
    </alumenPalay>
    <newsierSaggerFoister>
      <rawheadHoveler>petioli</rawheadHoveler>
      <elwoodVestasGuiro viandsMoulinAtrous="biotechEnomoty">
        <moulterFloozyGavelet>hederalFilmist</moulterFloozyGavelet>
      </elwoodVestasGuiro>
      <fudge hool="mangoesLiards">
        <beataTousyThicket>ostia22</beataTousyThicket>
      </fudge>
      <reliantQuercin>
        <gnomish>barraDoketic</gnomish>
      </reliantQuercin>
    </newsierSaggerFoister>
    <stroyer>
      <siftsAlchemyPapaya>pietistRelandWhen</siftsAlchemyPapaya>
      <puggier liviersMussal="chiggerCarport" hafts="besoilGorsyAtone" fagaraSwooshUdder="zafreeTewa819" tigroidPaniMiridae="featous">
        <heroicDyphone>palemanDaddlesThreep</heroicDyphone>
      </puggier>
      <girosolLenapeLaudist sakiyehFreshetPaisano="861118354" eugeny="muteMeiobar" ducatsSetfast="90178247">
        <nighish>8</nighish>
      </girosolLenapeLaudist>
      <lyticFeminal idesia="kebarsPeritChew" owesHameltBesmile="harpago" festers="22">
        <adtevacMungeMambos>eria</adtevacMungeMambos>
      </lyticFeminal>
      <lastlyFike bescurf="ugliestHelcoRended" deseamTight="34497759" nonformEncolor="mudden">
        <welsher>coryza</welsher>
      </lastlyFike>
      <sarzanFoveole tecoCaravelMangel="327" ennuyeeEllinge="cartmanCoze">
        <cheepy>euniceCarrara2</cheepy>
      </sarzanFoveole>
      <metalsBarbuteRambeh>
        <proponeHectar>51680907</proponeHectar>
      </metalsBarbuteRambeh>
      <centumsCapito>
        <areachGudgetKimchee>snoozeKenyte</areachGudgetKimchee>
      </centumsCapito>
      <mouthFizzer>
        <pinons>32079</pinons>
      </mouthFizzer>
      <fibrilsNigrePairer nowtScythHarpin="nangkaPicrol" congeal="pannes" pte="bulgarSered" amorphy="cumuliFou">
        <skatomaAubin>17099</skatomaAubin>
      </fibrilsNigrePairer>
      <toposSheenieVolleys>
        <rafflesZilpahShalt>myopsUnary5</rafflesZilpahShalt>
      </toposSheenieVolleys>
    </stroyer>
    <farciedUnslyJetsams airiestAtwite="biassedFixage" loverYakin="timaliaRaccoon" zemiismLidless="besra327" asemiaConformDoter="5" bookie="molttenCumenylPellas" bowieMunchedNooklet="driveSemiorb">
      <unarkMantalMouthes>298896</unarkMantalMouthes>
    </farciedUnslyJetsams>
    <sharryBustlesElemis undried="lyard" phrenolCurranFuzzed="scoloc">
      <skimeVandalLevied>dhanValetAffiant3</skimeVandalLevied>
      <sabringAmangMoonjah taver="tressonAlcali">
        <daddleBeauingChoak>28600358</daddleBeauingChoak>
      </sabringAmangMoonjah>
      <trypeta banjo="eloiner" emimParmakCirrous="tarin" squeamMasonic="207921839" wackerToric="dujan">
        <begazedDrizzlyAaronic>rezonedAssertsBiscuit6590</begazedDrizzlyAaronic>
      </trypeta>
      <louver resilia="fraterZoaria" dittay="rsum">
        <platTuedian>5</platTuedian>
      </louver>
      <dumba ovampo="315163" mannieTourersNeuters="inept" laputan="corvoAcracyFrey" wergil="kiltingBeepsDebut">
        <ascones>debyeCroatanSpignel</ascones>
      </dumba>
      <wurzelUneasesSwarm>
        <rollout>carmineEelcake</rollout>
      </wurzelUneasesSwarm>
      <cattedUnblade glazersBrushyLama="spragMisdiet5288">
        <hurriesCuretsFoot>arriageDonnas7</hurriesCuretsFoot>
      </cattedUnblade>
      <unitizeFungiHindoo baldrib="roakEaters" forageWeensyDoigte="golgi2" unipodNuntiusSpongy="untill7">
        <apology>caconymJuris</apology>
      </unitizeFungiHindoo>
      <ariesPerche nemeanPeartlyBhandar="teffVolubleInt">
        <ozophenOkaGeysers>sheitan</ozophenOkaGeysers>
      </ariesPerche>
      <minahCeps caireneWalkers="mixenPunktHackled" ogams="deripiaVenueCharuk" learned="riviereDaikers">
        <campHaplyCrip>siccing</campHaplyCrip>
      </minahCeps>
      <hashishAgallopPremed uptree="beaconDebits" easels="opimian">
        <bigasFencesUnsnib>unsillyBribeLibitum</bigasFencesUnsnib>
      </hashishAgallopPremed>
      <rubiousUnmoodyAnorchi>
        <waltyWhyever>joreeSliest</waltyWhyever>
      </rubiousUnmoodyAnorchi>
    </sharryBustlesElemis>
    <gealToluolsCopolar yemsel="75162" slewerGuzzleCannels="5" myrmica="urethraPetwood">
      <dudishKophWambles>fasheryCoaxedRidden</dudishKophWambles>
    </gealToluolsCopolar>
    <acostPharo isidaeCamboge="toxicPilfre" resents="exulateSaftly" vyase="typicum" mismetRestep="fagoterBetter" balai="164484368">
      <amateurGaterPilula>cyeticPapulaeHuic</amateurGaterPilula>
    </acostPharo>
    <cretifyGasherSurger>
      <forleftFallenUnpious>oxeaBukatCicadas</forleftFallenUnpious>
    </cretifyGasherSurger>
    <ererMislead emphaseVindict="sukeyMozarabGammon6028" gapers="448" hookingDrearly="forfare">
      <dicingBriton>zymurgyEruct</dicingBriton>
    </ererMislead>
    <muraenaEspleesGemmer>
      <ozonideMib>albeAbedBossboy</ozonideMib>
    </muraenaEspleesGemmer>
    <wools schorlsCoppa="begripeMantram2435" cteniiOvalityImmy="12" rials="allying" fiats="aurisAddendaCabulla" lodges="palalaInvadedAzores">
      <footmanLxxKoryak>2082</footmanLxxKoryak>
    </wools>
    <gowpinGaslit>
      <hawkySixthet>cornuto</hawkySixthet>
      <aitisAsportCynthia skyman="apodanSabuja" somdielNassaVinylic="noachic" seweryClunter="infarctKgf15" prissCompts="kadayanRicin">
        <spaitCavina>vetAlboinUnrazed</spaitCavina>
      </aitisAsportCynthia>
      <centro metonym="clawedFlukedBaits">
        <bester>dortAlabama</bester>
      </centro>
      <rebunch heer="cojones">
        <rehiredMarkman>belongsLillLulabs</rehiredMarkman>
      </rebunch>
      <abasia lightenDarkerLimbed="754074" pentBretons="shooing9" decides="cowpeasKeekingJear">
        <forebay>79688905</forebay>
      </abasia>
      <unshave>
        <gerundVarve>rockierMottoesTarbet3525</gerundVarve>
      </unshave>
      <semiRiflers manga="finialCatvinePelts" verutumCaeciasBeclang="mictionSambuca1" agyieusDresses="kraals9896" fridaysAgricApast="2">
        <flecked>kavaicFlurtAubain</flecked>
      </semiRiflers>
      <mistimeYokelry>
        <ungyveWheep>craftedTrayne</ungyveWheep>
      </mistimeYokelry>
      <hoosgow chequePierageCarson="bahmaniMintsAnsa" riteClothed="odwyer">
        <miskal>grazie</miskal>
      </hoosgow>
      <baculeArmer henhawkKoftgar="acanth" cutbank="carroch" acepots="holloed">
        <anticumCheetalSkags>rearly</anticumCheetalSkags>
      </baculeArmer>
      <omerCorvus>
        <lalaquiCapuche>notBasify</lalaquiCapuche>
      </omerCorvus>
      <tarocEquineAlps tuxes="saladInsularDeb548">
        <foregutDroob>23</foregutDroob>
      </tarocEquineAlps>
      <tapu>
        <cadmiaLieverSupai>nigeriaCyaneanBrooke</cadmiaLieverSupai>
      </tapu>
    </gowpinGaslit>
    <roofs>
      <adrenchWaviest>stubsBoycottXenicus</adrenchWaviest>
      <dineCanopyHikes>
        <palpedCora>croodleProwlsHangups</palpedCora>
      </dineCanopyHikes>
      <baptist volupty="87985344" tardyEthiopsErasmus="1">
        <daniele>capmintYamTarocs</daniele>
      </baptist>
      <siggerUnanimeWasabi carajo="430157">
        <stipuleUnglorySuade>musquawKolobiaPhallus</stipuleUnglorySuade>
      </siggerUnanimeWasabi>
      <claw>
        <wrongsGuidonsCadged>twinner3</wrongsGuidonsCadged>
      </claw>
      <epinardEqualsVendage feelerBosnianUpblaze="froustPokes" hadarimTowpath="toshyBebayWintry">
        <blitesCanuckThreep>owerby</blitesCanuckThreep>
      </epinardEqualsVendage>
      <res tebbet="reposerReposed" elapidsStamnos="rangle">
        <frolicSoriInsteps>32</frolicSoriInsteps>
      </res>
      <atropicTyponymDoffing butene="skewlyTamed" boydom="thiolSazen485" sakellKoppiePeridot="70236" craberJoists="rachialHogget">
        <brassetUptrackMirdha>fissureFoldoutSement</brassetUptrackMirdha>
      </atropicTyponymDoffing>
      <pilageMismean sofaneLidiasSows="commit">
        <tyre>gobberNettles</tyre>
      </pilageMismean>
      <dancy wedgeInsane="ungild" dozenedCariyoPinch="sassingRelayedCanari">
        <sendWhirly>puggishHamataPlagate</sendWhirly>
      </dancy>
      <dentile frowstDonnee="fanosAligned" junkmanNarrowsCarrys="anaheim" fealtyLinaga="vergiDigitusSwath">
        <wongaDassiesBanana>dorPoietic</wongaDassiesBanana>
      </dentile>
      <busked tetryl="feazesTidedSubmaid518" momzerAlmsful="34787831" mayeyShapenArzawa="frass" dotate="haptere">
        <wadmalsHymensHugo>pockingSaiyid</wadmalsHymensHugo>
      </busked>
      <heftsSougan opalineHairst="99062265">
        <sweetie>fascioHattie</sweetie>
      </heftsSougan>
      <halesiaLongeveNork coxStroll="foulageRacistsSmytrie" kippers="ephelis">
        <gratingGurglesBaffles>heizingIsatisBatzen</gratingGurglesBaffles>
      </halesiaLongeveNork>
      <vennerLockout racialOrpit="doweral">
        <skempYakala>warty</skempYakala>
      </vennerLockout>
      <cannoli>
        <toledoTwanged>adenaseLeaferOhias</toledoTwanged>
      </cannoli>
      <octonalCourse goonyInsuree="coheredSmoothBlamers">
        <durra>macula</durra>
      </octonalCourse>
      <azotateBegloze coshedTowable="pycnial" hepaticLatedHates="62">
        <bemataBab>129130324</bemataBab>
      </azotateBegloze>
      <sluing bhutiaPlaud="yerbas" zootypeScrooge="imbueBoucherHakamim" scoliaMilty="149108797" bandhDryadicGuttule="doddTagishPredeny">
        <hoddle>madrona</hoddle>
      </sluing>
      <pietiesCowpats refiner="wordGardensClowned5">
        <mesonyxEndnote>mitellaFrolic</mesonyxEndnote>
      </pietiesCowpats>
    </roofs>
    <mantalChacra>
      <starkerThetics>nonfluxAlisier9</starkerThetics>
      <inarmedPapawPal>
        <bendayTabac>palpus</bendayTabac>
      </inarmedPapawPal>
      <lampadAecidia casusSalloo="triplumFeffHalutz" chimblyBluegum="digor" blastedMalady="pannage" crustedShakeGeoids="berendRegildAnthine">
        <stoff>chokeNupeSneezer</stoff>
      </lampadAecidia>
      <robigusJosip goldishDunlap="barvelEnopla">
        <snivyToolerChints>indulin</snivyToolerChints>
      </robigusJosip>
      <turpidRunning dombeya="5424" nowStabile="tomjon" panaryDuraWhare="agible">
        <soshedButcherUlexite>monksBlickie695</soshedButcherUlexite>
      </turpidRunning>
      <slopyVirgerCreel>
        <gourdes>riempieBibsDildo8</gourdes>
      </slopyVirgerCreel>
      <ummps goaSmackerRidgel="boloedAlipticEmerize" someoneInclose="syreTraduct">
        <gradinoLoeilTrining>9351</gradinoLoeilTrining>
      </ummps>
      <swickRumors phacaRindVerbify="32775116" obligorUnlivesAmober="bistortSubducePickage" muillaFarded="purges" drabbleMadelonCatchy="adlai13">
        <barwinYoungsHyracid>pentadsSeizes</barwinYoungsHyracid>
      </swickRumors>
      <palama>
        <deanessMallam>stipo6809</deanessMallam>
      </palama>
      <gumweedFiverPeotomy>
        <unity>weeSamiteBavette7</unity>
      </gumweedFiverPeotomy>
      <batoidEesome gypsiteTeaches="76753414" prosed="dentalsHagdinPalas1347">
        <kapeikaEgghotSlip>paraphCujamSagaie</kapeikaEgghotSlip>
      </batoidEesome>
      <hynder scagliaTellySteptoe="lidding" licourCoppaVingt="bawls" sparverSnakingCoft="cantingZosters" hexaceScarphsAmylums="permianGoujay">
        <pujaRoofsPotoos>talterSuyog</pujaRoofsPotoos>
      </hynder>
    </mantalChacra>
    <ullingToner>
      <lyase>tisCahootsSchout50</lyase>
    </ullingToner>
    <decrete>
      <pereiraThae>rhymerKirtlesBeeway4869</pereiraThae>
    </decrete>
    <riotous>
      <dizzardBardel>cherieDainClarina51</dizzardBardel>
    </riotous>
    <owlheadDidy>
      <woleai>beanbagNiceish</woleai>
    </owlheadDidy>
  </tinkersLoanin>
  <venular />
  <proodeCrambidIllites />
  <stufferBdrmCassias armuresDresden="elutes" legalFaxedProlify="biprism" shotesRewoven="jowedSimplexDoming" walletCohere="puelche">
    <citatumOutwaleMuist>
      <scherziRebind>uncowAstondSwayer</scherziRebind>
      <ulnageApedom tendoorLir="lupeoseNetbushUnpaced830" shingonBleepedLoaner="624209603">
        <ako>crinelPowtersNascan</ako>
      </ulnageApedom>
      <longer quilterBeseenCercus="logeia" prophetEarholeVesses="reinerErosive3955" waltrotParotis="kolushDrent" rackman="kludged63">
        <dmarche>6</dmarche>
      </longer>
      <hommeSemianEponge>
        <holmiumMelis>75</holmiumMelis>
      </hommeSemianEponge>
      <gweducs pipilo="lipidicLimningSchnoz">
        <jnana>65173957</jnana>
      </gweducs>
      <edibles toot="linpin" crakerWagoned="skaterDop" goethe="mailman">
        <laweourBagasseTongan>thitkaDag12</laweourBagasseTongan>
      </edibles>
    </citatumOutwaleMuist>
    <millrunBoysBedsock>
      <livenedStrumaImpaint>107963</livenedStrumaImpaint>
    </millrunBoysBedsock>
    <xurelRayageWicks>
      <bladingBandido>slavishSubCalzada</bladingBandido>
      <unswell stoutsFide="4044330" anonLymphy="15690950" brosesDoorwayInfidel="3113875">
        <molaryValence>omegasEmpaler</molaryValence>
      </unswell>
      <cryptosChola difformScents="712034934" sprays="miasmsWeetingReclama" gallousNoisedCambial="apayApparLacto" baywoodStonilyRoupet="sish">
        <lumbarPraosDuper>saidsMusty</lumbarPraosDuper>
      </cryptosChola>
      <mararaUnwork turfiteUnmeetZambezi="halsOpcodeAgorot3" manrentSimialSlatter="spawnsKitling" cocklet="dulcidShittah">
        <belace>numPsychonGurts</belace>
      </mararaUnwork>
      <sawderAttarsFoulder vulvaDecem="benin" pyresFeeliesTiter="fidgesDogholeProneur" apsesYaupersLactant="napalm" amicesPannaRailly="groused">
        <hurlpitBowsmanVibrion>vitriol</hurlpitBowsmanVibrion>
      </sawderAttarsFoulder>
      <phizesPooriWaved negaterCurdler="41864711" copses="6214558" sasseMussingFeigned="pheninFixture">
        <nobbler>2476</nobbler>
      </phizesPooriWaved>
      <axstoneRedive sprewPredusk="82">
        <sowbackOvergetPenance>pluffWhuskieUnsty</sowbackOvergetPenance>
      </axstoneRedive>
      <mimp>
        <exhaleManageeDurrin>sebagoWadder</exhaleManageeDurrin>
      </mimp>
      <mayfowl undinedHyphae="381" ruinousPsocineRewrite="igadRegidor">
        <suluGurglyUphoist>oltonde1</suluGurglyUphoist>
      </mayfowl>
      <devisee corgeProVaruses="shaly" neogeneTolueneLes="6">
        <redips>eucgiaFolkish</redips>
      </devisee>
      <chaouia superedSteatinPutto="569633054">
        <uralHaceksPivalic>snawsEnwomb</uralHaceksPivalic>
      </chaouia>
      <garbedKennyPibroch roguedHeeling="enclasp">
        <ericNeumsLocatio>taharBatchBordels</ericNeumsLocatio>
      </garbedKennyPibroch>
      <wallahsHorae movingBlitheCoppery="3" pupfish="behornSmiddieAlgums">
        <whorish>1</whorish>
      </wallahsHorae>
      <acroamaLint sparidBalete="loftierMucinsVoraz" malouah="arrant" huluPallier="exemptMuttonyDespoil" vates="curies">
        <bidets>skatsInorb</bidets>
      </acroamaLint>
    </xurelRayageWicks>
    <ciscoesEyelet>
      <fanwiseSkeough>staigOutredeEliding</fanwiseSkeough>
      <sita kombuEvenooMabela="56435632" gelds="zombie1087">
        <ascaridKokumin>deservePadigeKnub</ascaridKokumin>
      </sita>
      <prossy saidsBinkFuturic="676870515" tripla="utopistAgaritaHelvin">
        <poalesSteenthChalutz>urb</poalesSteenthChalutz>
      </prossy>
      <bidgetJilterLessive neozoicTashrifPholas="canopyHugeous" radeau="76145456" likenDeseret="725635602" beparchCorverBombace="borax">
        <kirmessDimmy>289</kirmessDimmy>
      </bidgetJilterLessive>
      <variesDormer stivyHafis="vampey" biblikeAntipot="cluckedWeanerInc" diswont="wailed">
        <skyhookGoops>kneesBaisCongaed</skyhookGoops>
      </variesDormer>
      <launceOrc stumerCorserUvulas="40310891" puttie="30991942">
        <flecksIdgah>toolboxTomboy</flecksIdgah>
      </launceOrc>
      <scorce>
        <ecthymaCompear>dunneNightlyPiaroan</ecthymaCompear>
      </scorce>
      <unsawed iqsGangsHokan="8" shavingDisrootSieves="bhoots" pirrmawRiaNasab="21085663">
        <panfulBluesy>parlayUvic</panfulBluesy>
      </unsawed>
      <kangaGromiaTerrine munifyBurgeYonkers="120959" nosselGushy="shabbyLarve">
        <foliateNavars>jonas</foliateNavars>
      </kangaGromiaTerrine>
      <edema barfly="reflow" cornua="unplowDiscosTaqua" bhistie="helio" winker="eimerUpland">
        <avos>muruxi</avos>
      </edema>
      <finjan>
        <pouringThirtyGrues>752474008</pouringThirtyGrues>
      </finjan>
      <seawifeRadiant snudge="giftie" bridgesSikaMawing="immunesBenthonVestees">
        <aviate>21059682</aviate>
      </seawifeRadiant>
      <whinge stadiasThioSpoot="ejusdPathsGawsie">
        <asarumIcicle>tampang</asarumIcicle>
      </whinge>
      <flowed bolasHuashi="2119" axed="duskedFacto">
        <woolenTussars>parbleuOavesKurn</woolenTussars>
      </flowed>
      <mosticPartageGally>
        <tobe>brieve</tobe>
      </mosticPartageGally>
      <reederLuciliaBollito unbetDaces="cusps" pitasVaxSaucier="doebirdOrdu">
        <gasconsFeedbox>guffinGurkSeiner</gasconsFeedbox>
      </reederLuciliaBollito>
      <hommeNongod minoEsquireBrought="wilily398" statusTolanMktg="during" micellePegger="morsal" fluorinTurrumDais="bulgyGiggish">
        <essartJohninBrotula>shrieveNubileSorting</essartJohninBrotula>
      </hommeNongod>
      <ideaToady sudserPrecisoEoside="gladesKoniga" sakeberTalliarJettons="siselFrostsParacme" luxeThymsZaptieh="690443698">
        <grecize>yukWeirds</grecize>
      </ideaToady>
      <zaffirsCobangTouched refulge="primmedDyking1" crissalEmulant="unitalAbistonBazooka" veta="33">
        <drumBirkies>themselUncram</drumBirkies>
      </zaffirsCobangTouched>
    </ciscoesEyelet>
    <shoers>
      <frying>981891895</frying>
      <armadoWrote saiphTangunTuth="167319211">
        <ocularyCockieQuanti>thrown66</ocularyCockieQuanti>
      </armadoWrote>
      <coriumSiker trannieSwattleYippie="statues">
        <agoingLagunaSuff>terrieDottles</agoingLagunaSuff>
      </coriumSiker>
      <bespiceVowless ulpanimSains="feel" thyroid="behoveQuintanDot">
        <jamboneVenerer>8</jamboneVenerer>
      </bespiceVowless>
      <ghuz uplight="91" sillockRestackBhunder="themingChortiThickly" sossleYelm="latchetDualitySnoozy">
        <klamathLapelLususes>soffitsSplints</klamathLapelLususes>
      </ghuz>
      <scrauchScupfulWhirly eyedrop="flattedRended" senoraBerger="wrothy" marc="dictumsSchnaps49">
        <clawsCanvass>fishy3607</clawsCanvass>
      </scrauchScupfulWhirly>
      <dreepIdose>
        <toluylsIcespar>caper</toluylsIcespar>
      </dreepIdose>
      <tamilLappa birlerAnabasFage="hurriesUrealOversea6" dreggyEmydesKairos="sciniphVerbify" britskaYesesPirny="cifVenularRazes" mousmeLichensUpgaze="hogget">
        <kilned>verzinoJasonCutitis292</kilned>
      </tamilLappa>
      <caratEricPhobic site="enemies" squabVai="19" dago="929" lcmAxstone="myopiesSullan">
        <breasts>3867947</breasts>
      </caratEricPhobic>
      <baulkyTemenosXeroxes cahotDries="mnioidRottaCating">
        <bullnutGimpedLaria>399858410</bullnutGimpedLaria>
      </baulkyTemenosXeroxes>
      <cutlas>
        <ellice>maltine52</ellice>
      </cutlas>
      <bedarkSaccadeSaily>
        <simul>subgumAssumes</simul>
      </bedarkSaccadeSaily>
    </shoers>
    <upwaysEmeroid percidDaydawnCow="2" unproudImmergeIceni="dogma" terrors="ataxicCytulaComport" wristsNotchyHarmine="upbrowUnsets" reburseDorn="ivies" saubaFramGlandes="resmellPuddleDiagram" laugher="queerlyRifted63">
      <buggierHaggard>chapperImput</buggierHaggard>
      <bathesFoliums>
        <correctKooka>ceruse8</correctKooka>
      </bathesFoliums>
      <aionial basally="unrudeBeetledSarodes" plunges="2">
        <trilledCrosier>terner</trilledCrosier>
      </aionial>
      <cuerdaMordGlaver whick="catclawVerzini" tuncaRaymond="dicingFlunkyArundo" daerBowdenAntitax="lobosDipsasErump">
        <liftersOrbless>darshanNutlike90</liftersOrbless>
      </cuerdaMordGlaver>
      <unbusk splashSwinneyCivets="whapUndustyArchils80">
        <barrasUnbias>earmarkUnsexedSemi</barrasUnbias>
      </unbusk>
      <zanana>
        <apodMooring>tractusCoch</apodMooring>
      </zanana>
      <harvard noilyOvenmen="creepyPhymaSuppost6" canapeOverbidKnucks="deviser" bulbierScritheDisturb="calverKalmuckStratas8555">
        <tetrylBegirdKueh>orchic</tetrylBegirdKueh>
      </harvard>
      <beadrowUlla roelikeClaversLimu="risingReissueDesist" glossem="scalyVastityBizonia" altClerusBallup="1817786">
        <thack>pasts</thack>
      </beadrowUlla>
      <gunatedPipeful breyMashru="furling" cressonGestsStut="payable" vennerSemian="96" shawmsDeesGraphis="deliceAlcovedProduce">
        <wardingMinbar>4457126</wardingMinbar>
      </gunatedPipeful>
    </upwaysEmeroid>
    <slowrie>
      <mucic>5201108</mucic>
    </slowrie>
    <fonds ropand="slawsRenove" hoodedClouds="yellowyMaytime" humoredEmmyGreably="997661" plupKeeksFluxed="43" aruacAeryPonder="entopic">
      <sylvanMealedReglues>adonaiCordyEmirate</sylvanMealedReglues>
    </fonds>
    <replays>
      <puplikeRouting>chefOcreae</puplikeRouting>
    </replays>
    <safenTellimaJemadar>
      <stenia>shuteGreekNettler</stenia>
      <aswough judgedRebake="warfulUnladenOutlung">
        <recruitNeck>bilgier8152</recruitNeck>
      </aswough>
      <nolos>
        <unfoxyQuelled>wirilyOvinia</unfoxyQuelled>
      </nolos>
      <lithifyGillionLawish>
        <artize>cecallyOxalyl</artize>
      </lithifyGillionLawish>
      <promptsColeen>
        <malting>dogearsAgreBombax</malting>
      </promptsColeen>
      <forpassAusuThugdom>
        <rawnessGargler>rebaseSheugh</rawnessGargler>
      </forpassAusuThugdom>
    </safenTellimaJemadar>
    <biggah>
      <repined>parleyAjugasOutwin</repined>
      <ethic panos="impliesBowsedVivre" padeye="deplaneClechy" yuhOctaneGrooper="despiteMurkily" labourEnamdarPantas="4472">
        <dubsGeraty>snoop2</dubsGeraty>
      </ethic>
      <lipworkCabulla gigantSavagerShorls="heronsUnavidSchwarz" healfulRamekinBolti="entericDuffed">
        <ahoy>xinca</ahoy>
      </lipworkCabulla>
      <marlpit>
        <uprootsAzotineOjibway>yederlyEmusive</uprootsAzotineOjibway>
      </marlpit>
      <outpompAntigayCabbagy stapledBurnt="quanted" undrape="unsunkJehuMiswend">
        <fanciesMillmanMuzzily>yustagaBogmanGaj</fanciesMillmanMuzzily>
      </outpompAntigayCabbagy>
      <acrisy kuffieh="wacker">
        <coolestMustang>unwaxedAvouch</coolestMustang>
      </acrisy>
      <deuxRouche yuruna="monster" sunglowNatick="459">
        <pull>boylasOvaries</pull>
      </deuxRouche>
      <slaty>
        <ceasedOldenedRanched>hallotHefts</ceasedOldenedRanched>
      </slaty>
      <dayanimToeshoe ports="jeziahTediumAhoy3" runfish="algodon">
        <sicsSuntrapEobiont>loudlyBesiege9171</sicsSuntrapEobiont>
      </dayanimToeshoe>
      <brahminPrecoil ducal="643950" vagileNurl="queererHamlineVain" morbleuAmbay="83325" conkedLorenzo="defuseMazier">
        <arawakWitted>ocqueYadava</arawakWitted>
      </brahminPrecoil>
      <codecsDilly aurateLogwayScullog="chunksOmening11" popian="corbulaPinkany">
        <jonahsScaladoUnlade>rumblerPatagon32</jonahsScaladoUnlade>
      </codecsDilly>
      <outspedStayedTye>
        <carboysOtariesVulgus>persicZaburroGalgal</carboysOtariesVulgus>
      </outspedStayedTye>
      <prevued>
        <tituliFingian>kevyn</tituliFingian>
      </prevued>
    </biggah>
    <sortiedAparaiInsula>
      <aidance>tuille3</aidance>
    </sortiedAparaiInsula>
    <cschResack toshyAttachElbuck="7739" belieSplats="410981726" ycleped="villiRabbler" macularGermain="unovertDeposedPoured" moulageMalice="horme" nazePartwayOrients="80197772">
      <caduaSinjerCampho>myaceaXanthid</caduaSinjerCampho>
    </cschResack>
    <finned>
      <jamie>comingExtolls</jamie>
      <logresCantonsCleanly depassBuckety="soumak" fireboy="lipemic">
        <ninetedKunmiutKamansi>presentPanged</ninetedKunmiutKamansi>
      </logresCantonsCleanly>
      <hawsers diaulicGinnerCamias="200">
        <yaweyMaltase>3995640</yaweyMaltase>
      </hawsers>
      <dreadsMiddens crickeBullit="fizzesAlaiVomicae" zafferKalunti="rayful">
        <glopsQuango>peachedRebuteTerras</glopsQuango>
      </dreadsMiddens>
      <kilomPavingsSowf cerat="keelman" dungierFueled="laban43" caderas="guhaynaSinicBowser">
        <jobberyVidetteMimeo>helvellDurriesBeings</jobberyVidetteMimeo>
      </kilomPavingsSowf>
      <lushedMishmi parangiWistit="amoebid" fillers="36" netiHuffle="manteauStaiver">
        <kphCeritesMuzz>khalsahGuller</kphCeritesMuzz>
      </lushedMishmi>
      <sowishRecastOmasum strokerGagate="albumen" metrifyDemerse="swarbieBuntsCatjang1333" moostScrapsYardage="gharnaoSacian">
        <willers>belierResift</willers>
      </sowishRecastOmasum>
      <caption fuyeRoberto="typhousUpcock" ptisansClamorRed="sheeve">
        <umberedAramidDaylily>teianVicaryOxazine</umberedAramidDaylily>
      </caption>
      <dueling jugum="watfivGithTordion">
        <ottroye>awag</ottroye>
      </dueling>
      <refund kissarMincio="amusedVeloute" peasesPuelcheShamba="9920237">
        <misrulyDaytale>gatherTiger</misrulyDaytale>
      </refund>
      <dzeronClichesXyris jamlikeDrevelDeism="maywort3874" shawlsAunty="censer425" junBritzka="carbyRomanyCramped" umpquaIbicesProctal="secyCalifsBiotype">
        <bywonerHouve>enwisenBarkersBassan</bywonerHouve>
      </dzeronClichesXyris>
      <grenat frameae="burkerBroodOuttold4457" zebedee="croseRosy" arimasp="kinoSirky">
        <stowceScherzi>185843480</stowceScherzi>
      </grenat>
      <beeline uniquerRackful="taldOkoume" plattenRocks="windles" dynode="savoryGuineas" begluc="nutted">
        <aefaldy>oologic</aefaldy>
      </beeline>
      <embase>
        <josBoyo>frozenMildestLeasers279</josBoyo>
      </embase>
    </finned>
    <focallyLernaea>
      <mirkWames>empasma</mirkWames>
      <bluggyPipet nephilaKingcobBogatyr="smithyFarleAyyubid" cajolerRame="agraffeCooches" lazilyBroosePlugger="burlerPlanerSpoiled" skryerCheviot="matureSadi">
        <stated>patamarClypeiTasting</stated>
      </bluggyPipet>
      <skiapodWans santirNangcaHexapla="floria" sacraErogeny="618669879" mustela="heliaea">
        <scholiaPangeneDisme>jadeAwapuhiBrasero78</scholiaPangeneDisme>
      </skiapodWans>
      <yankton doreeGriots="hugyFogydom" outsoleTzardom="coulierDong" tyne="apocopeMartsPrefers">
        <rangoon>jarflyWontonCreased</rangoon>
      </yankton>
      <wadmelRigorsPonceau panels="sutaioBrabGhoul" pryers="rungsPoundal" impf="spargedWispish2346">
        <wontingLearnGlomera>tufterPyroidZendos</wontingLearnGlomera>
      </wadmelRigorsPonceau>
      <ashcansAthinkEyelid hoboedRadWoeness="mandoer" tajAngryWissing="156" libitum="isortPilon">
        <bunya>turpisDisavowNjave</bunya>
      </ashcansAthinkEyelid>
      <scionAculeaePes pocill="amokDeicticLaunces" hyraxPhookaCamelot="meetlySwaverRetaken2" meatier="7804306" bummers="sausagePlanontQuachil">
        <sacral>aculeae</sacral>
      </scionAculeaePes>
      <gooderCoronaCrinel>
        <galeEnderon>63</galeEnderon>
      </gooderCoronaCrinel>
      <supinesBlanqueDaffed sleathyPorkman="zoogeny" cosy="83267" sceneGuaque="snipe1">
        <omers>98673</omers>
      </supinesBlanqueDaffed>
      <bess lowrieHipple="respeltAculeae">
        <bun>smethe</bun>
      </bess>
      <begift crakow="uncrownHowfingPeebeen" raptureBeckedTangy="slainteUntoned870" bisexedTopmanLeaping="532060" forraUsurerMirage="pignutsLoma">
        <pottahPromsOriya>cakeyAlalus</pottahPromsOriya>
      </begift>
      <ruddersGrison newarDinahExcuss="tarrieSinify">
        <edestinPhoriaMagi>9</edestinPhoriaMagi>
      </ruddersGrison>
      <showy decumanHabubUndim="5858658" linchMaoism="3456739" axfetchFreakDisbase="hawingHoopoo" rialsTocsin="scolbMissCyclian">
        <elitism>poonsAlantinHurdle4393</elitism>
      </showy>
      <hippen uncleHighboy="salivasMusha930">
        <kimono>1872</kimono>
      </hippen>
      <morsalTozer wendy="cercisInters">
        <footmenPolarPremies>andingPapulesUnb</footmenPolarPremies>
      </morsalTozer>
      <cabioShia peropodCornual="rasourPulling" didn="43542187" tenselyKay="paupers" talaric="unsued">
        <kombuTenlaAerily>kogai</kombuTenlaAerily>
      </cabioShia>
      <hective>
        <bemadam>unyokedTruthy</bemadam>
      </hective>
      <quezalLockletFirbolg credent="433200573" incult="fulmenSawyers445">
        <pothookEquate>bokharaDeridesTippler</pothookEquate>
      </quezalLockletFirbolg>
    </focallyLernaea>
    <toatoa>
      <sunsetBabloh>look</sunsetBabloh>
    </toatoa>
    <belueLogger>
      <carnet>550</carnet>
      <fullamJuger annardSecundaRiffs="flavousBorts" realesSeech="2212">
        <rikishaGrade>lintieScotal</rikishaGrade>
      </fullamJuger>
      <nymphosTrendyManlier>
        <homey>scrotal</homey>
      </nymphosTrendyManlier>
      <hilsahMalkite>
        <lauterSulkySetdown>6193817</lauterSulkySetdown>
      </hilsahMalkite>
      <ilimaLoessesSnipy shakerMairieWebfoot="hashes" loutingHerlingHazen="allelicThills1512" picotsTelsonBole="dictaDray">
        <codMorrionDefogs>179</codMorrionDefogs>
      </ilimaLoessesSnipy>
    </belueLogger>
    <confest>
      <osmiumFauves>characSylphonHeller</osmiumFauves>
      <dronersMidmostHijinks>
        <rhymedDorlach>grouse</rhymedDorlach>
      </dronersMidmostHijinks>
      <sayids>
        <kopekFlynessGoshen>actDeguKava</kopekFlynessGoshen>
      </sayids>
      <manquBusting>
        <cepeMountedGypsy>801</cepeMountedGypsy>
      </manquBusting>
      <getid zoologyBurman="22159" speary="syrmaeaLithy" rapeful="solionMoonjahTuggers" hureek="wazirShemaka">
        <waneMicastsViremic>loggierSlumped</waneMicastsViremic>
      </getid>
      <recover fluvioDillis="acrasinBespiceAppel">
        <miaulsDodecyl>spoonsStuprum</miaulsDodecyl>
      </recover>
      <maxisMuns gorstRiotous="huiaCornels">
        <poringAdapisGascon>8399</poringAdapisGascon>
      </maxisMuns>
      <unlaid roadersInwood="4749" lyssaBidery="teapoyCoddlerSlates6911" kerrieSmectis="easing">
        <aswingGodson>832345448</aswingGodson>
      </unlaid>
      <whippedAmpules toise="lumpenPearly1095" mows="5" shasta="poorgaEranist">
        <piazze>snirl</piazze>
      </whippedAmpules>
      <aidesDurrNigori>
        <wormerHuipil>376826131</wormerHuipil>
      </aidesDurrNigori>
      <masoraLugerCace>
        <viva>beekAltern</viva>
      </masoraLugerCace>
      <sanai orpitTrysteRapier="sok">
        <beseenUnwaxTongers>dentesUkraineDeturb</beseenUnwaxTongers>
      </sanai>
      <biddyMitogen langsat="6923" skein="dimersHexades" fabrileEngild="umiacDomba">
        <bushieGeoform>82078</bushieGeoform>
      </biddyMitogen>
      <nickelMockup zygiteErugo="agogeVacatur1039">
        <outingsTampionTurio>enchairRainfulSalar</outingsTampionTurio>
      </nickelMockup>
      <viagramBogued bantuDeathy="417" roister="cording3294" gazySalten="dinkyOctaviaRowan">
        <payablyImides>rsvpTweakPlanaru</payablyImides>
      </viagramBogued>
      <adtevacColyba aeneanEase="tibicenDetant" matipoRosillaTamarau="pulque92" upwaxCfsLoaned="swattleBile">
        <ruminal>unglove</ruminal>
      </adtevacColyba>
    </confest>
    <succoseRottoloHepburn>
      <reliefs>quinelaDaft44</reliefs>
    </succoseRottoloHepburn>
    <blere>
      <crepineAlegarExcamb>30448</crepineAlegarExcamb>
    </blere>
    <gypsumsRamboBedaubs>
      <medietyExrxUngiddy>bifilarThuliteHiding</medietyExrxUngiddy>
      <spotterCovetedGustier upspeedSermentMensis="lunareVoicersUrsae" ironingSambukFending="596971545" bambusaYenAper="tollon" orcinol="bequalm8">
        <demulce>yachanLuella</demulce>
      </spotterCovetedGustier>
      <paras amidideGaloch="muzhikRhombicCould" selleSpokedAsaphia="luteicSaltpanHumble" renkLibeled="unrobeLasher">
        <talukasDouglasBothers>picry9491</talukasDouglasBothers>
      </paras>
      <rented paiutePoemetDrawl="chenier" loatherTiceNervid="wedders">
        <gambogeSeamers>truckerSpirae</gambogeSeamers>
      </rented>
      <strawedYemenic edemataMarted="677" dyeings="keyaki">
        <vouge>wagogoSautedEkphory</vouge>
      </strawedYemenic>
      <corebel dawcock="thunorTestaRewish90" puther="97" didine="grottyBawdCimbri">
        <sorraUpwayMaioid>rompedEdgeSabelli</sorraUpwayMaioid>
      </corebel>
      <shrills eviteRidley="brodeeEagerer" argolid="sinuous4290">
        <moppy>22</moppy>
      </shrills>
      <frills>
        <ruthful>serean</ruthful>
      </frills>
      <frownyLagenBobs outpurl="657558591" screichBrumeSysout="threats">
        <crysteContekShaikhi>601</crysteContekShaikhi>
      </frownyLagenBobs>
      <uvalCringe>
        <baryte>43020</baryte>
      </uvalCringe>
      <blastieGozell whoreEstuateMoronic="2" toag="henpeck" dimnaFilial="owlyIdleful">
        <seriema>8967178</seriema>
      </blastieGozell>
      <rastledLibant hoggeeDebitsRelents="anguidHayrake" initial="dorianCivvy">
        <ferriGleans>566248</ferriGleans>
      </rastledLibant>
      <obeyingLlanoBearing fliskedTiming="313706143" arachinSoakageSocials="16" anataseRanglerUncoif="potrack5" flatbedHable="flutingShook">
        <motoric>pantodAmbrain</motoric>
      </obeyingLlanoBearing>
      <cooks>
        <denariiSoupfinStrom>eluants</denariiSoupfinStrom>
      </cooks>
      <nyeWarkMenzie magotAngersUnlocks="swaggerElvetRaggil">
        <calabarPyemia>taichEelfishBattue</calabarPyemia>
      </nyeWarkMenzie>
      <begrayJeromeSorrow hashabiKidlet="carabidBerbersLethes" beetewk="haltIotizedSaleps" heppenEntame="kleenex">
        <cluff>sporid5</cluff>
      </begrayJeromeSorrow>
      <bausonDidus narwSnortedDelft="gatemanCircled896" creeksCarvone="destroyEegrassClerked" mendigoPeyton="sarafHellene">
        <pursers>modesty</pursers>
      </bausonDidus>
    </gypsumsRamboBedaubs>
    <audile larriesPolicyFatten="jewismMari" mutedlyOstein="baby1" kohlanAbaserOftest="42" romajiSlicht="9862" warperSeizorTommies="underfoWokowi">
      <makersCaneton>chablisBadaud14</makersCaneton>
    </audile>
    <taku>
      <waxwormUmiaqsFloosy>ormolu</waxwormUmiaqsFloosy>
    </taku>
    <palmo>
      <graying>millierAcronym</graying>
      <amorite ephraimDotant="fecksSkivies" radioed="leveler" areasonAnepiaBorlase="verdantLiar">
        <vengesMacabiYell>korrelHorner</vengesMacabiYell>
      </amorite>
      <arcsinElversUngull>
        <sowfootHonorsChanced>cowsonFoolsLaity</sowfootHonorsChanced>
      </arcsinElversUngull>
      <everestElianicPapered warpageRelatchWreat="manille" distent="phonet3" secured="phloeum3151">
        <ressortDult>incomerCerise4</ressortDult>
      </everestElianicPapered>
    </palmo>
    <unduly gonadicCocainePolys="swatted" thermalButchSpates="hoersNeukHeath5" jupesFerth="washita2983" expo="olds" quirtClingerPlimsol="ronnelCarmenTogate">
      <baclinMammet>coelian</baclinMammet>
      <doo>
        <cawny>taboos</cawny>
      </doo>
    </unduly>
  </stufferBdrmCassias>
  <moultenDares />
  <ibaTils domain="teeterEvadedFooting" pekansStingos="marlinGlossem" baccaraSleekly="impanelForeact48" />
  <cossasDogfish />
  <mahsirObiasMeacon scout="outsulkMalayicBebeast">
    <chansonJaquimaReq madril="premialLoadersHarm">
      <gobbedAssault>pulayaCurable</gobbedAssault>
      <aimable>
        <penbardTebu>aumaga</penbardTebu>
      </aimable>
      <jiffleSynaxis waspishMamers="tetrao" razedBartJanapan="105660">
        <kiddier>yengeeLoungerDueful</kiddier>
      </jiffleSynaxis>
      <unfenceTerreneAbove cele="calmedRegracy" fiordedInanelyLinget="374">
        <hibbinArboret>wipeout</hibbinArboret>
      </unfenceTerreneAbove>
      <mandoer synusiaDinetteTortays="hartailLibrateLazuli" astrerDafla="meg4" brasils="7387" encellAwalimNoncash="hydnumSippedChares">
        <gignateSclimDiaries>parolsStetchPinker</gignateSclimDiaries>
      </mandoer>
      <pus>
        <jibiBummie>clinked</jibiBummie>
      </pus>
      <owlerBasenjiFeater>
        <misdidWochua>caddiceCnemis857</misdidWochua>
      </owlerBasenjiFeater>
      <curcasMogote tituliHermeleQiviut="accourtKrakens" beaglesSeriemaFunking="opsDegorge">
        <chattedJawboneBulged>trapansPennied</chattedJawboneBulged>
      </curcasMogote>
    </chansonJaquimaReq>
    <luckierPavia>
      <kismet>luteinsTwattle</kismet>
      <sartain daisies="balledLoaninReposer" maficCenotes="gisantCausScamp" liposisLebbekCouac="737">
        <hearses>28884776</hearses>
      </sartain>
      <jeopard>
        <walnutsVitasti>sylphyWipers</walnutsVitasti>
      </jeopard>
      <brocadeFirmansMouthed unwaterAquage="nichael" serra="befitRodmanJackie82">
        <hangLaches>anolesRectiCresol</hangLaches>
      </brocadeFirmansMouthed>
      <ygapoCroppie fanciedFumesMistion="evecticReflog" emerizeSubaOohs="2" breeRhumba="bigotedAmharicMinor">
        <hosiersRosineStolons>wofulGiaourZaptieh</hosiersRosineStolons>
      </ygapoCroppie>
      <cimices realterBeerily="22" ailurus="1336247" malarRelumesTumbles="acy" gistWriteupScaff="42613759">
        <moldier>quiffsWeetedSubicle</moldier>
      </cimices>
      <streng suevicVitamer="belarRepas53" lealty="badious" ilaImmoralPannag="98238090" kenai="8666343">
        <rheboksPobChazans>skirlsTublet</rheboksPobChazans>
      </streng>
      <stroudsTheoremKrag finchedRoukySlype="7" fulup="naebodySignsApteran" pinkerMerrily="cursenApt" flyflapQiviuts="broiderSneererCavers">
        <halticaEquinesReshod>krengKinkhabFro</halticaEquinesReshod>
      </stroudsTheoremKrag>
      <lamnid helco="goreFinmark" errata="sleeverPosit">
        <chardsInwards>3385721</chardsInwards>
      </lamnid>
      <setaeEtwite geyserFiningsMoped="flymenDisker">
        <main>gorbit</main>
      </setaeEtwite>
      <laganPreposeLash>
        <ladykinDomajigUnpaid>bugreRandall</ladykinDomajigUnpaid>
      </laganPreposeLash>
      <newborn chevage="alnagerCokie">
        <woaldRotulusFoutre>unebbedIncantCoon</woaldRotulusFoutre>
      </newborn>
    </luckierPavia>
    <budgetsTrigonCockler>
      <clotsMurids>copen</clotsMurids>
    </budgetsTrigonCockler>
    <sabreurMurchy>
      <eeryEelshopQuiddit>behearsPerreiaEcphore</eeryEelshopQuiddit>
    </sabreurMurchy>
    <adamasReinterWelded streel="hapaxesThermalConveys" cyatheaNappierCoteful="236" aigletBrassic="rugaUnshaleHeth" moronTripperNearby="7780" caddyYawls="topplerShalyCastory2" arvos="allaysSciniphLaigh" hunchetZero="peixereInosine">
      <kowtow>areawayBillersPercipi</kowtow>
    </adamasReinterWelded>
    <etheria conchesWithins="kistsKurtas">
      <tipfulPuttockRegave>mispaidJumping</tipfulPuttockRegave>
    </etheria>
    <beaner decernsOdorantHynder="fanback" negoceMuonNews="atmanScawDoggle" ankletJacoby="trifleJudcock" utopianHeadyTuwi="criollo">
      <colchisAbbeys>toonTurvyCocoyam</colchisAbbeys>
    </beaner>
    <antiope>
      <gluttedForwelkCorrige>sprushHomarus</gluttedForwelkCorrige>
    </antiope>
    <petziteVersutePrimps knatchUnnighFoully="752718358" inky="druggedMeaniesAmorpha" yakalaGullied="locos" peroneiWoefareChoana="69">
      <blest>willersGlutens</blest>
    </petziteVersutePrimps>
    <cameBuritiFulyie>
      <pausingSomeNibs>fumette</pausingSomeNibs>
      <boltedScrawGharri sauncyRoastDaphnid="pinhead" maresCordiesJacket="colleryTimet">
        <drongosSubcash>bemired</drongosSubcash>
      </boltedScrawGharri>
      <ungruff lagunesTun="aescEta6161" chazzan="22656" broguedOpossumPipit="3448093">
        <piratry>rollHoulet</piratry>
      </ungruff>
      <guises nude="ossicleBromaDoug" dromondCubicle="bake" sculk="comake">
        <reedier>flaresPahmi</reedier>
      </guises>
      <wipeoutThole>
        <foetors>choragy</foetors>
      </wipeoutThole>
      <infund wyvernsLewd="gossanAgorasHunt">
        <mascara>unmoved</mascara>
      </infund>
      <geldantJewfishSurmit zingersTimbals="3" jerry="runtierPitied" kiyiGyroma="untwindOrgiesMelody" endentQuinite="2459">
        <lidia>49337626</lidia>
      </geldantJewfishSurmit>
      <hicksNerineVocally marionHiperDazedly="pupilMatross547" taverPrayTug="69" uncrossRoseine="copers" feridjiShodden="fleetsQuina">
        <adageSalmaBandar>rodentMatheUnwaded</adageSalmaBandar>
      </hicksNerineVocally>
      <mappistChip electsMucorUngull="217246660" nounalAlizari="72703" kraitChirksForgett="triteSugis67" coolantRowlandStabler="libridCuculeFrisk">
        <coxalgy>vespids</coxalgy>
      </mappistChip>
      <cougarHallotExiles meath="excud" dimesByesSakkara="diacle" dawningOutbuzz="959584">
        <hintScliff>rumble</hintScliff>
      </cougarHallotExiles>
      <coping>
        <breaghe>basosOranteReave</breaghe>
      </coping>
      <airsome rheumy="angolaAchangoCariyo" neem="rillsListelTrienes" asherahWirewayGte="prolateSnicks77" smarm="hadadaOopodalCanions94">
        <akamaiRoture>idoism</akamaiRoture>
      </airsome>
      <bafaroCowbird fledgyEned="dioxyPawmark" tpm="atoniaBetime5" fetlockSaltingNebulae="galesGrinny" nankingBelowAnalyt="hotchedSniffy">
        <solidiRude>dardicIgnify3</solidiRude>
      </bafaroCowbird>
    </cameBuritiFulyie>
    <ladled>
      <tweezesGefilte>37156</tweezesGefilte>
    </ladled>
    <spurnsBindingLoopful>
      <afftDevance>cytisusBhoot</afftDevance>
    </spurnsBindingLoopful>
    <contgCricksDaledh>
      <demoted>kanaraSpannedHellelt</demoted>
      <mellowMiningMemoir merging="calydonResectsPrangs" mantrapFicinsResign="lacticPedaledScreaks" yuitUplickIsotria="untenty" freezesRelets="revealsSubdit">
        <hathi>7</hathi>
      </mellowMiningMemoir>
      <quadralHoudahCaff cassoon="8">
        <returnsTinc>84254</returnsTinc>
      </quadralHoudahCaff>
      <cambuca woodier="beguard">
        <sunburnTaberChewed>frisksTrionym</sunburnTaberChewed>
      </cambuca>
      <tirazSucciSalpian scalado="bigamAboded" karos="demitRuble" rewinsShawneeWillock="clausesUnwieldSledged">
        <oozoa>habiriMarmite</oozoa>
      </tirazSucciSalpian>
      <imid dulotic="47" trigo="scotinoBodings131" snarersFluxingTweesht="93">
        <nabbedSiftedBummer>forsetUnbegotAuguste3</nabbedSiftedBummer>
      </imid>
      <birrsNonces yowleyTaxers="typebarCoruco9453" lettern="darkestFaces">
        <daddyKiths>gumlySiloam</daddyKiths>
      </birrsNonces>
      <kochabTipletCammock brickelDreche="867672" vogliteHomChakra="altezaSenary31">
        <buntonCultureGoran>boloney</buntonCultureGoran>
      </kochabTipletCammock>
      <elle conchae="decadiJouncy" subaquaStade="bengalYummierEnjail" chokerAgilelySirdar="armory" hardiesAstate="mafflerVolatic">
        <ulu>sleetDaterAstrer</ulu>
      </elle>
      <shinner bletheCobiron="stail25" strumas="idiotBajoccoLasius4" gasboat="255">
        <obisListSweal>roer7899</obisListSweal>
      </shinner>
      <visualStudyKyrios earlobe="dialerAwatFrisbee" octicUncouth="sandpitJowed" heedfulYauponsHumbugs="voided">
        <andevoOrganer>843103</andevoOrganer>
      </visualStudyKyrios>
      <retoolRebab flectTostonScreeno="whelks" celtiumIdalianUncalk="10" dowveDeggerBerm="814565">
        <laitSurd>withes194</laitSurd>
      </retoolRebab>
      <nighly foxZuisinPenny="alexin" ierneHairpin="oakumSeveral">
        <entiaComonte>hawkersMutisms</entiaComonte>
      </nighly>
      <minum shaffle="tessLibeler" spitous="cardiaeSeniorsCraylet" digmeat="bicronBoracic" polesawKeysets="sissooWashtubMeles656">
        <sekereCallantAllwork>orrises</sekereCallantAllwork>
      </minum>
    </contgCricksDaledh>
    <fanitGenros footsyTitty="15">
      <muggerEnsand>7</muggerEnsand>
      <yelm naique="noilerAsbestVerge">
        <martingSowarry>7050650</martingSowarry>
      </yelm>
      <timarriHasslet>
        <goxesTappa>875404</goxesTappa>
      </timarriHasslet>
      <enactedToolerSalting amelSabalo="bulker" neotype="921732" markmenZapota="978">
        <vialedRumorerHatrail>enfreeSnailedPrimus</vialedRumorerHatrail>
      </enactedToolerSalting>
      <halideEmbrawnZill vacuumaVaguioAvailed="sationPabalumAmbash" fifthsDracinAdion="607851049">
        <sepsinBabyingEyeable>falutinSartLlautu</sepsinBabyingEyeable>
      </halideEmbrawnZill>
      <locular unbegunBesomsWeighin="duddyUpwring">
        <ballanRegianHummie>8</ballanRegianHummie>
      </locular>
      <cimbriReblendTeeming ida="simplumUndomed" figwort="9076219" ouphish="71" moil="obeySpurrerOuabaio">
        <shereefSingeySoldans>guisardLimySiper</shereefSingeySoldans>
      </cimbriReblendTeeming>
      <elaidin mounded="urticaClimaArmies">
        <senatesNappies>doaty</senatesNappies>
      </elaidin>
      <blouses pradoHurtTailing="477322" toucher="noduleGaub" howsourBesan="geogen" roguedCamuses="92491467">
        <holdupsMails>cainianZonariaArchsee</holdupsMails>
      </blouses>
      <kirk uprushGasconsEbraick="2754">
        <flankerNabisInquest>urogram</flankerNabisInquest>
      </kirk>
      <bribersFlak>
        <lazarOhmicStyryl>titisSandeepTorrid</lazarOhmicStyryl>
      </bribersFlak>
      <diffuseOvaloid bezique="tarpot" doorboyGraveFacer="tomansHexine" savvy="diabloPickery">
        <bewiredSkenaiIricism>cimaisePangara</bewiredSkenaiIricism>
      </diffuseOvaloid>
      <noddles disgageTabanus="coruco">
        <porion>873</porion>
      </noddles>
      <weedishMoolahsGlairin gadbee="urinary" chainon="chatsManifer" ratines="raplochBurped" kharifGriecedOregon="giller">
        <phulwa>vacouaUnladed</phulwa>
      </weedishMoolahsGlairin>
      <fatlessMuscot invigorChams="razersMatins" canardsPrefHatress="pietist" vireoOilcoat="punnierMouthesArdass" pestersDodderPickers="biogen">
        <poopJerkyOutpush>sykes</poopJerkyOutpush>
      </fatlessMuscot>
      <plissCarbonsUncoded skedge="mashingDisruptLum" thudded="7769604">
        <deddy>regald</deddy>
      </plissCarbonsUncoded>
      <baberyNewtonsFiqh bertie="hearsTactsGhana">
        <pingingRadiac>orsonGaposis</pingingRadiac>
      </baberyNewtonsFiqh>
    </fanitGenros>
    <saad>
      <estherLeonShaggy>puleMorphinPaster</estherLeonShaggy>
      <pendentLuctual tunasPulquesSleaved="gorgedDwells" vrotherTedder="affects">
        <billyoExpeded>marquis</billyoExpeded>
      </pendentLuctual>
      <cruise unfewRepanel="94551402" gnat="stamensGunzTaketh" myosote="42" impship="370">
        <echeCycases>pilularKevynBorism481</echeCycases>
      </cruise>
      <acme cachesAnthosUbangi="trahSextoKwhr" auhFlether="jelabPeewees">
        <padouks>sossle</padouks>
      </acme>
      <fatsiaOlesWiddle gryllusEutopiaGuidons="1716303" crup="moneyed" choisyaTweezed="drabaKonrad">
        <wrestleBeerierDecoke>zocaloVerbum</wrestleBeerierDecoke>
      </fatsiaOlesWiddle>
      <glideFugues enemataNonsuitTepas="repique" salmine="evolate" hodmanPrevostMerc="3281978" krasis="cebidsHogsty733">
        <kempas>hafganUpwith</kempas>
      </glideFugues>
      <knospedSquitNevell durgah="357824161" ateeterTombicSafe="tepeeVirgaRetunes" talukasMediate="fry" umbrose="spicousRestioUnclify">
        <cotysUru>toluido</cotysUru>
      </knospedSquitNevell>
      <boloingDannie dinersMakutuCatwise="patball" angaImpeach="snootsColob">
        <zeism>chalkerWelch</zeism>
      </boloingDannie>
      <toredFell graysby="segouStintsScutel631" sabadinMoore="niff" kearnWarpage="burying25">
        <gualaca>grimmKabbalaValsoid68</gualaca>
      </toredFell>
      <zoundsEaringPinjane thymesSlopy="hammalsSegmentKharwa9" guyed="striftCamorra">
        <leveredMizrahDiether>89</leveredMizrahDiether>
      </zoundsEaringPinjane>
      <roding>
        <treateeFangerGalla>cowhageMartius</treateeFangerGalla>
      </roding>
      <impeder noblesDhurryEmptier="unhazedBeeswax">
        <desylPcm>coition</desylPcm>
      </impeder>
      <obelizeEhlite embus="86550943" mimicalMadronaBurrier="29030" toilerWiikiteHichu="grecizeCaulkedCanalis" neinHyoid="panarisCoempts">
        <duckedHighestKaas>teared</duckedHighestKaas>
      </obelizeEhlite>
      <causataSherpasRoad hacklog="clarosIdaeanCurrach" pipals="hammalRifleryPoditti" bigburyAnorn="coccinEmporiaIof">
        <kieranPangiInachus>natch</kieranPangiInachus>
      </causataSherpasRoad>
      <belsireTelexesFrenzy kiri="68101910" laure="goloJavasSuture814">
        <quinoyl>ohiaLymphyPlagate</quinoyl>
      </belsireTelexesFrenzy>
      <submainReekCorvine canroy="puddeeShackoNutlet">
        <kadein>unlacesTrijets</kadein>
      </submainReekCorvine>
      <calathiSoodled subjKaratasRedefy="siniticPsocidTots" hullingUneaved="maormorBroguerTalkier39" monton="82">
        <mickPanisic>trixieAnotta</mickPanisic>
      </calathiSoodled>
      <shivahPatins>
        <hafiz>bhistie</hafiz>
      </shivahPatins>
      <reaveryIons wangled="talerComicryParch" knockerPewmate="3" byrladyGridder="80418" supaiAmtmen="lactimOdonate4654">
        <jukesBeloamPretold>7171</jukesBeloamPretold>
      </reaveryIons>
    </saad>
    <kwapaSunnyBobance>
      <seizorsFlaught>paintsCallets</seizorsFlaught>
      <czechTha>
        <deaved>ignobly</deaved>
      </czechTha>
      <westlan outkeptIodides="genesisDrowsedAccrued98" mavinsWoken="wiwi">
        <settlorKing>333426819</settlorKing>
      </westlan>
      <tanalaSpacing kytes="campman" clapeJollifyChold="upthrewHerniae" pewsDemoted="kelep6641" unthrob="56">
        <wizenDenmark>unpray</wizenDenmark>
      </tanalaSpacing>
      <cebidsSwathyGeomant dabbledPuruhaFixing="coyan" accruedFurzy="wendiOpacifyMatrass" scrumpyPagnes="892310687">
        <doarium>stonkIsotoneHaziest</doarium>
      </cebidsSwathyGeomant>
      <richesSwopManiu soothedRootiWaxcomb="bauldOctantsNothing" cramel="580034160" obeliskMetis="unbrentSimul">
        <planar>circleSmilerReeshle</planar>
      </richesSwopManiu>
      <webs callantDiviner="lebanonCarolan" tineaMoo="hexitolCadrans8">
        <pedder>thumps</pedder>
      </webs>
      <alveus miasmic="chitonsArbitryBec" moggingHtel="rumper16">
        <astondCliched>stokeNervalRaves</astondCliched>
      </alveus>
    </kwapaSunnyBobance>
    <tallis barded="bihalveBrigid" cawing="pawnedWeepful5">
      <toolsi>stanlyUnhedgeUndecyl</toolsi>
      <coluteaCereousDenty tunasBantay="typeesUncaMichabo" sauCyanole="drivageIbexLactant" soe="escudosMawkish" winraceBender="3173">
        <brentsCrazilyRemaker>sulingWirGibel228</brentsCrazilyRemaker>
      </coluteaCereousDenty>
      <paletteEssayerHab enlodge="orchardJargleRecock">
        <regaugeDozent>rhynia</regaugeDozent>
      </paletteEssayerHab>
      <melon poniard="1" phasmaDragnet="plakObverseBoughed">
        <thins>japans6840</thins>
      </melon>
      <calliPrismalIrene jugalMaucacoAlkoxy="hagbolt" lazeGibletsSculk="garfishIsatide">
        <cfhFarciedKemp>rebindsPimpish</cfhFarciedKemp>
      </calliPrismalIrene>
    </tallis>
    <polaran dimnaSpargerSocles="woteSculptBolelia8" adin="incurSundogsBangled" islandMuch="eimerOhoGregos" canulas="haleniaTuncaJorams" hayrickDys="8118" panfish="trisomy">
      <magnon>bettorsLaydown</magnon>
      <gruineRobed goschenEnsiled="13">
        <mondialConteurDesert>7</mondialConteurDesert>
      </gruineRobed>
      <lenadIntradaLowborn zayatLlama="442694525">
        <addyPrimosBenched>zonula</addyPrimosBenched>
      </lenadIntradaLowborn>
      <stroyerSyd rustfulGuacoSummits="stearin" iratestSoccer="ongaro4652" samanCorsagePontiff="rehoneUaupeUnshook3610" flossieFibersMiddest="nagnail319">
        <peptids>boney</peptids>
      </stroyerSyd>
      <uncoftPattens maltese="lanazMildAfernan" blinyCibolan="morulaeTediumsUller" encenseLongear="rusinTansyStiff">
        <typify>nudniks</typify>
      </uncoftPattens>
      <gineteCursing cothon="vouched">
        <feelerSixtyConfab>swarmedSpailFrette</feelerSixtyConfab>
      </gineteCursing>
      <unsleekTriages awnlikeAlbinalRoofs="berakedJacht">
        <abedge>70</abedge>
      </unsleekTriages>
      <judgersReplial alima="surmiseUndubLichis" mulishSagiest="cleftsTruer" cincherBafflerAnteva="342072718">
        <boodleIncurs>73</boodleIncurs>
      </judgersReplial>
      <smokies>
        <cedarnBrahminShackly>adjustRuers</cedarnBrahminShackly>
      </smokies>
      <bouser epicalBlab="burgHaters" wifeism="unsewed2726" celoms="tapsterLuddyMossery" habReweds="sorbedBrazens">
        <pinnock>sclimPulsion344</pinnock>
      </bouser>
      <yeather>
        <ratably>83533759</ratably>
      </yeather>
      <mollahItenean albianStollen="resterAuratedSunbird" globous="7547" evident="dorymenFicary41">
        <ranquelForums>crpeCondyle</ranquelForums>
      </mollahItenean>
      <talking>
        <asciAcetum>flybyTriol</asciAcetum>
      </talking>
      <vellala linkingOverest="ciliiumLovedayGangava" peels="jestfulOasal" brigWiste="30338308">
        <vichies>exotism</vichies>
      </vellala>
      <dumpily edgilyPodzol="unhedgeQuarle">
        <shotty>coiffeMarryTartro</shotty>
      </dumpily>
      <fungid evenly="360476">
        <sibbingGlommed>3</sibbingGlommed>
      </fungid>
    </polaran>
    <crutchAgname yokeageWinsomeRogan="9231">
      <guamCluck>goasilaSoggierHandle</guamCluck>
    </crutchAgname>
    <crewmanManhuntCrowbar>
      <knape>trpMccoyFader</knape>
      <galahsArchinMuck cheeneyWaxbirdRearers="liableDefectsBallies">
        <coven>fowlers</coven>
      </galahsArchinMuck>
      <murlockPuquina malpais="duumvirAniliid" gledesSchilluAlphean="chouCheapenLenvoi" bewhoreDummyOffscum="mysel">
        <prelectPawn>evitingMoonal2101</prelectPawn>
      </murlockPuquina>
      <shoneen sleepryLosh="berendoImbrexCarnify">
        <bocksLumpsAnne>swevensBahima</bocksLumpsAnne>
      </shoneen>
      <stuggy roweledSyndetEclat="usury" arylsGlairin="kyabukaLysol" ungeltBattonNeal="broggleSjomil" lockram="kookriWoodly">
        <oarium>sarsarsLych</oarium>
      </stuggy>
      <rumensJussiAngelon hatpinsVanlay="latrine1" kaisers="5" aldoseJoomOwler="curesTeemerTeniae">
        <tipmanPoil>60007154</tipmanPoil>
      </rumensJussiAngelon>
      <milchigGoatpoxReelers>
        <smytrieYasmaks>daciticTussock</smytrieYasmaks>
      </milchigGoatpoxReelers>
      <torridLocates>
        <rechar>73</rechar>
      </torridLocates>
      <ornaryKlezmer unungun="5084889">
        <cololaMiscutsSala>lockerSchwasTaxator34</cololaMiscutsSala>
      </ornaryKlezmer>
      <barthClucky asprete="tittlinChaftTetrad" felahinPyralesGluteal="kolasClairesDiluent">
        <foxhole>depure1</foxhole>
      </barthClucky>
      <snatchConeHowf unwily="subrailMinawayHerbous" tintyRaptor="dorsa4" adjAlkydClarkia="evanish" mukden="outwavePawed">
        <frugNorthEelskin>7221740</frugNorthEelskin>
      </snatchConeHowf>
      <kopek kreisRouped="seemsAchates4" sexpot="swattleDipheadStyptic">
        <trioleAcronyx>porcula</trioleAcronyx>
      </kopek>
      <alopekeBeakersAlmohad>
        <togue>tigeryKearn</togue>
      </alopekeBeakersAlmohad>
    </crewmanManhuntCrowbar>
    <ornesNervosa arawakPriming="libersManism">
      <onboardNegressVault>croniedKamel</onboardNegressVault>
    </ornesNervosa>
  </mahsirObiasMeacon>
</skelter>