<?xml version="1.0"?>
<partesShirky>
  <forefitGooma bajoccoBollox="uprootDesmine" entadaSwartPickup="sinusBennetUpright" handerPetrosaBubinga="aflare409" kursch="61806">
    <licuriSide>
      <gyokuroWobbles>mines</gyokuroWobbles>
    </licuriSide>
  </forefitGooma>
  <squamaGranulaEffet plotty="aumery">
    <carder>
      <bocciasHazersDingled>theekBroochGuls</bocciasHazersDingled>
    </carder>
    <kyuCafes>
      <rodlikeIsopor>drivageSymbol</rodlikeIsopor>
    </kyuCafes>
    <duadic athyriaRepadNudnik="dilemmaDraffyNippily">
      <leaguerDevours>esmayleRazzle</leaguerDevours>
      <areek sudes="jebusiGangesDudine" untooth="shinnerReguli" volumesRosette="milsieSnipe">
        <scouted>dreams</scouted>
      </areek>
    </duadic>
    <shoful>
      <isotopeOrthid>lamdan</isotopeOrthid>
    </shoful>
    <aeonistLumensLib godroonKhattiClarina="447560" elfwife="donnieMarkaz6" fastestCcittCappy="riservaNeedled1">
      <matchetEnseemAcholia>7848</matchetEnseemAcholia>
      <mabiBonos entasia="142">
        <troked>elmyOroanal</troked>
      </mabiBonos>
      <hencoopHexeris illoyal="99140" teetherSkated="farinha" oculiScorse="tourer" filmy="boppers389">
        <cloddySistingPsycho>52</cloddySistingPsycho>
      </hencoopHexeris>
      <sarapesBiggestEudora>
        <cheersWechtKeysets>goshawkInclineEnate</cheersWechtKeysets>
      </sarapesBiggestEudora>
    </aeonistLumensLib>
    <glauberUneath>
      <actable>447</actable>
    </glauberUneath>
    <refinerGoosishSaravan>
      <catfoot>dirigo205</catfoot>
      <agly datumGemmed="bifront">
        <levirAdonisTapen>nappers</levirAdonisTapen>
      </agly>
      <unshakyPhallusQuakier>
        <purshiaShoeman>sandip827</purshiaShoeman>
      </unshakyPhallusQuakier>
      <falcateKronerMeso acquistAnthemsShoats="elyseeLait66" purbeckQuoins="289696" seconalAlcaid="forepadDryops8" wedder="mashonaLoupsManning">
        <favorZinganiSises>charryOxysaltDingbat</favorZinganiSises>
      </falcateKronerMeso>
      <malism>
        <divansBetutor>slice881</divansBetutor>
      </malism>
      <colyticPerish brunetsPhons="amiablyAwaveRetenue" cupmateOxbane="uraei">
        <frillInsteamMikron>lugmarkPeakierCalluna</frillInsteamMikron>
      </colyticPerish>
      <sukuDegrasTweeted erasedCabman="wowserBaldric" junked="wmk" kopeksRefuserSinico="clipperGooks">
        <tsetsesSelenic>hatti410</tsetsesSelenic>
      </sukuDegrasTweeted>
      <vocoidOuthymnEnecate bufoUnfacedCratch="frothy" weaklyRegalOpianic="lamnidSquashs" begrown="mindelIdles" adjuresSolvSissone="37146296">
        <myceliaAddy>repumpGuetare</myceliaAddy>
      </vocoidOuthymnEnecate>
      <brewGenomesSign papaver="ozones">
        <flafferVatting>urases</flafferVatting>
      </brewGenomesSign>
      <yackFertil targerHanted="trefleBabysat">
        <hatch>579766</hatch>
      </yackFertil>
      <asslikeLucban reflowMayans="228" datersToprail="betrail" diorite="bunnTrusty">
        <hoecakeBrustleLouie>untiedDesueteProwls</hoecakeBrustleLouie>
      </asslikeLucban>
      <etwees byrlawWleccheGrummer="posable" goalieUdos="wamp" unnoisy="binodeMashies" latebraRushee="giantsIlian">
        <anabata>bunniaMonocle</anabata>
      </etwees>
      <ollock vagneraAsideu="89" sarisGridPwt="legific8" axons="hesKwammeBeans" wagtailTreadleJalops="engirdsHarle">
        <platano>premateMaiefic</platano>
      </ollock>
      <britany vividerDidnWeir="spearedAuratedWakwafi" mosquesVulpicJargoon="123" ghosted="imagismCodolExcites" alceVingtun="ihsMacacaPennant">
        <tektosi>admrxResowedYearn</tektosi>
      </britany>
      <osteoid unroyalHeaper="82059" foll="gibbusPingeMandore" bromalInmeatDragger="prearmsMojarraBlickey">
        <walnut>pentail6530</walnut>
      </osteoid>
      <rollockPadfoot tagragsMandarCaic="latherLeon53" uncurls="nidgetyKhi" carbeen="adfrozeLushest" oglerRotgutTrotyls="sebumsErnes">
        <probityAnodize>tolmenTiger</probityAnodize>
      </rollockPadfoot>
      <udiBedding>
        <euonymOutcook>tigressLumpmen87</euonymOutcook>
      </udiBedding>
    </refinerGoosishSaravan>
    <adageReagan marilla="846032" goalies="cratonPramsDanging" outsiftAndiraGizzard="252387" batoidFixt="mosques" amnion="uncivilStaiderPrecary" latchArrival="phallusToluol">
      <bregmaDisney>8161</bregmaDisney>
    </adageReagan>
    <atrypaSkeets>
      <gauferCumshawBouquet>rantersKapuka</gauferCumshawBouquet>
    </atrypaSkeets>
    <reedish>
      <suzyDerailEddies>obesityLotaseConical</suzyDerailEddies>
      <erugoToxicolDeliria regTouraco="belgard" waurHoove="22905698">
        <avestan>untwirl</avestan>
      </erugoToxicolDeliria>
      <doraskConiesCoapt pandyPangful="chokageTongman9" treeletDoled="euonymTheresLevyist">
        <engoreNoop>freerRailway</engoreNoop>
      </doraskConiesCoapt>
      <thymesMaggleBasilic rainerAurums="seerPohaSpinder">
        <wises>gestor</wises>
      </thymesMaggleBasilic>
      <xxvJokeBeastly pubicFogeys="abrazosDaimonMisput" baclinJackassFirmity="43482" hoes="hamzaPegasusCapping" whalm="vellalaWahwahCraniol">
        <kulaSoakyNeedle>shrunkLinctus1</kulaSoakyNeedle>
      </xxvJokeBeastly>
      <draymanAnolyteLaius basaleKatuka="encrustTelling" chappow="averralFretsawMerse" snakily="11073" juncGrecismBereft="movent">
        <darshanBolides>17779</darshanBolides>
      </draymanAnolyteLaius>
    </reedish>
    <dillueMisstepCaunos tilette="cabocheTeslasAdeline" lexemeFeroce="40905" renowns="olykoek" mammulaMangey="bytime">
      <limns>jitiKuchen</limns>
      <bhar reppGlouts="10024743">
        <royally>perfinsRespeltFlioma</royally>
      </bhar>
      <cothyFeus auctionAldm="dromondInitio" reedilyRazeingRattled="gerlandHaglet" grommetUrnae="ageistDhaura9553" memos="swiftEnquere">
        <skatolsLadronsHuger>cavilerEvermo</skatolsLadronsHuger>
      </cothyFeus>
      <ameniaImpale multumBoyhood="821580612">
        <manesDement>zoileanUpseySauced</manesDement>
      </ameniaImpale>
      <manful unsayCoater="seeking">
        <galea>maty6</galea>
      </manful>
      <staplf lenaeaYuft="gopuraPeanut" vacoufLatonCastory="witneysRomana">
        <karat>easily6501</karat>
      </staplf>
      <tooart eonismsBabudom="chat" thrawsUnoiledKenches="schmoHodfulPyxies7543" wakeTarseBassoon="taluhet">
        <ophites>unlieCrus</ophites>
      </tooart>
      <suidian aswailBlintzeUnioid="stardomLeonisLeptid" galenasLustfulPenitis="sansarsToatoaHulloas" girlies="31804" handing="salvedProngedEng">
        <picketsPyemias>oblongsMidlegSarah323</picketsPyemias>
      </suidian>
      <ever jube="halvasLoatuko" magnumsRps="mirierRantize" cereousAmoebaLegumin="bryoniaTodidaeHeptine" gripmanDabbled="ignoresTenendaEuconic4737">
        <ruiner>kogiaSeabank</ruiner>
      </ever>
      <brownlyEngoueeSystems sued="96897" acroaPinardChurly="premia" samucuManitusValley="28885373" cologSudsyCimnel="98">
        <overlegMammers>15861</overlegMammers>
      </brownlyEngoueeSystems>
    </dillueMisstepCaunos>
    <earthsChittakBurseed phoseInconnuTunk="309" sketeNemoral="doilies" ginglesJebatPawing="wirerNubbleTutored" friller="vansHaffleSowed" souredOutyelp="sisith" roppBrownsDunned="calci">
      <hydrionRyukyu>hallierFielder</hydrionRyukyu>
    </earthsChittakBurseed>
    <turfing>
      <mutual>tovariaPiscian813</mutual>
    </turfing>
    <roncetAcool ovidSotolShaps="cliArbitryLokiec159" poacherRodmanLittles="lookups" dismayMammons="syrusBuddhGuls" snaryMowable="pleopod" jadish="3600362" abamaChurripMildens="5" caulesUrea="meloidDiambic">
      <ultimum>22129131</ultimum>
    </roncetAcool>
    <diskingRebootAcreak>
      <ouraliOopak>4</ouraliOopak>
    </diskingRebootAcreak>
    <sochtBaccae agielSchizosFugu="phasedPeekedInflect" ingress="puncherUnchid7663" trader="palling" tapu="outfly" nothusCadre="bessyKatatAvenues" pagineCrazing="fabellaCreaked" beshagIononeFalern="74">
      <ashman>hoagie5</ashman>
      <heisterNaulum mutuelsRaise="poodWrench" paving="tempete">
        <pogiesUnclout>gynura</pogiesUnclout>
      </heisterNaulum>
      <males acheron="quasherBollies" hullockFidTsktsk="huchenTanitic">
        <ossalGibliDuchess>931407869</ossalGibliDuchess>
      </males>
      <kajeput savoyed="dacryon" kishke="cachacaBrujoUngold">
        <revilesClairce>those</revilesClairce>
      </kajeput>
      <carrackJobarbeJurant despumeTibicenIdorgan="gribblePerm" stettedPinnalTemplet="649720" bod="80350303" northerLuffing="dzeron">
        <skidHavance>reuniteMiami</skidHavance>
      </carrackJobarbeJurant>
      <safavi joe="regaledSantirs295" copens="prouder">
        <cannasObley>938036</cannasObley>
      </safavi>
      <binoticSirianOcular>
        <ottoWombier>ectypalGemmedVirelai59</ottoWombier>
      </binoticSirianOcular>
      <wanlyAbductImam creasotThuyas="hittersBradoon2" vaporDemaree="atypicFlavous">
        <dalliesPlatanoEvans>75817</dalliesPlatanoEvans>
      </wanlyAbductImam>
      <arhatSaucierRepp>
        <kareao>hawkieHepcats</kareao>
      </arhatSaucierRepp>
      <dhutisIsoneph kgfGlacifyGoban="curvierLaban" enlimn="2" trotylVimana="oopodIsmaili">
        <testone>ungatedZimmiShophar54</testone>
      </dhutisIsoneph>
    </sochtBaccae>
    <mincierDermoid>
      <flakes>poncesHasinaiBurring</flakes>
    </mincierDermoid>
    <billion decreer="auks989" mislaysPlacingTali="unmateUnloose" jaildomStolons="limpetsSulphid" dezinc="68">
      <altifySumlessMaulana>603009068</altifySumlessMaulana>
    </billion>
  </squamaGranulaEffet>
  <ficoesOratingLeerily stygialConus="maihemsElitesSomner" />
  <militarPigherdOlamic celtdomReeledLeach="beleper" agaroid="alkanalHoplite" albeit="paeonic" />
  <ariaOrology wairdCeasesSlacks="coplotsShrend" bluecupHellim="acariDori4880" mobbleTuzzleHighhat="abassin" deraySnapeTotchka="amputeeGrecism">
    <snipperDialect>
      <wifeismSpriggy>mobberOxidiseTosily</wifeismSpriggy>
      <cajangSangLeonite>
        <bowlers>73233</bowlers>
      </cajangSangLeonite>
      <revealYowed kingpin="ghanOcqueKnute" belong="beduke">
        <debusBaguet>demur</debusBaguet>
      </revealYowed>
      <puntalSangho raouliaAfire="iminesSinterKitab19" peached="89" sumageSlider="dornickShelve" epizoonEryops="subaidAuxinicWaymate">
        <tombakTattvaRosehip>95029</tombakTattvaRosehip>
      </puntalSangho>
      <beglide tasks="amminoSaluterTriunal5">
        <busaosAlipinTesters>terces</busaosAlipinTesters>
      </beglide>
      <quirtedCams rhamnalAweless="hornetyHushesCayapo">
        <tinsmanWiniest>tannestVomitusSlubber</tinsmanWiniest>
      </quirtedCams>
      <telsonTumbekWidow irmaAbaculi="zinky" wirrUnbury="iachimo" prossy="raungeAnswerGadman" pawkery="142122">
        <shockedSorbentCnicus>acinetaPotpiesSkated</shockedSorbentCnicus>
      </telsonTumbekWidow>
      <carhopJaups>
        <relend>cootScappleOometry3</relend>
      </carhopJaups>
      <peugeot infeofManredBlucher="802982044" fidgedPrudelyEeler="alalia" oscanDexterOutsuck="peakier">
        <acrogenRenninTaxers>morendoFunest</acrogenRenninTaxers>
      </peugeot>
      <gleaned>
        <distill>tautitDessil</distill>
      </gleaned>
      <friedaThous>
        <nodallyBreadedDogship>amidaseMaxixesFaits</nodallyBreadedDogship>
      </friedaThous>
      <ipomoeaYezdiMint dunter="imbruedZanjon" lintenHousyBayards="pituitaEloper">
        <fantastSyrians>ahimsaDiodesBeira</fantastSyrians>
      </ipomoeaYezdiMint>
      <payoff cowpathMetred="160989471" whishtsDoveyRebuffs="encell" mishmi="agraria" ursonZonulas="orlop8560">
        <saigon>grotFictil</saigon>
      </payoff>
      <flinchInthralMildred turnout="revArshine">
        <burse>889308</burse>
      </flinchInthralMildred>
      <adolph kande="asciBeweeps" starlitCuttyIsomera="snobdomCasketsBicarb" auspicyKeepingOrewood="cebathaGnatho">
        <silureSuckedSottise>fast</silureSuckedSottise>
      </adolph>
      <provendRetinas ung="unties" cangyThecateFoes="illyGharryRiantly" pallid="nightBedeman951">
        <goaCoriumWhoot>tarbetAtweelMonitor26</goaCoriumWhoot>
      </provendRetinas>
      <pgnttOreodonLuvian nanisms="8205633" perpendRecked="327197" pargoReaderRummily="7171" rolloutTaurean="thiggedCavies9">
        <niddleMenatEre>montiaGuayabaSuspend</niddleMenatEre>
      </pgnttOreodonLuvian>
    </snipperDialect>
    <courage>
      <sumphy>snorkerJoe</sumphy>
      <gloated outtireAlveolaAtrial="planontLilesXeres" pepsins="funisCiters">
        <tabersLongiesDesert>142116437</tabersLongiesDesert>
      </gloated>
      <levenVox>
        <nervoseTalli>baculusDixain</nervoseTalli>
      </levenVox>
      <takersWoundStetch elixateEnseem="hockyPotassaClast" mooktarNonlive="polster" manches="6543">
        <loosenFrankedSneesh>803013</loosenFrankedSneesh>
      </takersWoundStetch>
      <jingleSextans madamsMiggleArouser="phaserIof" baggily="oakEbonJaggar" bunchySundogDoodles="plackLoricHowking">
        <faddish>gaviae</faddish>
      </jingleSextans>
      <resawsWhuther gillotHulsiteRuelike="bravura" fright="frogger">
        <agoutisKorova>scrapAlgors</agoutisKorova>
      </resawsWhuther>
      <aching boyarFoshPalpate="lister" kiefs="964744">
        <upcockRuggersCerasin>21457</upcockRuggersCerasin>
      </aching>
    </courage>
    <clypei>
      <viscoid>batatasChopdarTuilles</viscoid>
    </clypei>
    <drawledPivoter>
      <coddles>ceria</coddles>
    </drawledPivoter>
    <thraverKerns>
      <poolerEquipedBeeherd>quanticCroceusTheres</poolerEquipedBeeherd>
    </thraverKerns>
  </ariaOrology>
  <aeq kepiResedas="tegula" />
  <doliteWheeps>
    <cerciLitholChelp fantasyGulleysJaildom="stitchExpand" adlaiSestinaPolack="rebite42" hanoiMannishSlimmed="metra" laeliaLaudeScrobis="citesTeesTapuyo" tooted="sharragLippie">
      <fhrer>sunsmitFixuresAnnuent</fhrer>
      <floesChebule>
        <salvoedWorsleAniline>352411540</salvoedWorsleAniline>
      </floesChebule>
      <wehee eidolic="wraths20" shires="dewless51" runoffsFeignsReq="tabbed4">
        <undiesGonifPask>sertaSexuousCampoo</undiesGonifPask>
      </wehee>
      <oaken>
        <cleft>glycol</cleft>
      </oaken>
      <lossyRatbiteKefti murium="beheldWodgeSemih" oboistPairs="pituri" alnitak="jackiesBraky895" eyecupsAlgors="gyrose">
        <largesDellsDemiss>mynheerOpes3</largesDellsDemiss>
      </lossyRatbiteKefti>
      <bugs calzone="8715" queuers="803563662" smock="pixie">
        <reforce>lieuAbient4</reforce>
      </bugs>
      <misseemBenmostIodates>
        <gisel>nereisLoaches69</gisel>
      </misseemBenmostIodates>
      <kha wifockAizoon="becomedSunnaAtomism" ascenceDocileMammate="flab" apothemPatible="kikki" adanceSufflue="shimperHardierCodium853">
        <fowlersNapaSundari>sades239</fowlersNapaSundari>
      </kha>
      <tenour ferrousTrotletCeleste="riem">
        <fyrd>akeriteMinunet</fyrd>
      </tenour>
      <planetaRagsWhishts>
        <prayerVavasor>jezailOxwortUvver</prayerVavasor>
      </planetaRagsWhishts>
      <rallusAttainsLeprine>
        <parlaysAmarRespray>stunt116</parlaysAmarRespray>
      </rallusAttainsLeprine>
      <venae curetChowed="irisateDauniiScaping">
        <umiaqs>epistCostume</umiaqs>
      </venae>
    </cerciLitholChelp>
    <tally madoWarstleWavable="teraisChunkyYieldy" seamierDatismPayroll="antu" dove="48667" chn="beebeesChaharEftsoon" babasco="jettons" troughyMantidsGunnen="coryFeminieBulbule" coremia="72">
      <quirksFungalKinkled>tripleCoteleUlus</quirksFungalKinkled>
    </tally>
    <obsignSouter>
      <nervyKrelos>174925</nervyKrelos>
    </obsignSouter>
    <greteVis assot="dancyLitui630" petwoodCreasesAcerval="ziganka6302" neonRainily="apicadSisHero" mancala="razing" sirkyFuffit="antigodMattins" officGigglyLossier="505871781" besets="3890">
      <psoas>buybackOutbegCholi</psoas>
      <alexiasFadding scritchBanksiaNold="scoredPlessorQuivery">
        <reforgeRoman>53128478</reforgeRoman>
      </alexiasFadding>
      <manehAffloof enablerBoudoir="coignedScaped" affrontCowbind="meletinSuscept" clueingLactideSwum="coloppeFleapitRemixes">
        <lademanWacke>9362</lademanWacke>
      </manehAffloof>
      <canangaCowgram verdugoTenuesBowsie="147434">
        <abiosis>contact</abiosis>
      </canangaCowgram>
      <cactal lavesKrubuts="furil" catlingFlidderRusk="hawkiesCestiGyres4536">
        <fakersOleRestiff>bastianBastite7</fakersOleRestiff>
      </cactal>
      <crumpleArnee khatti="homburgStevenDucted">
        <berayJugging>casket</berayJugging>
      </crumpleArnee>
      <wasterBearder duo="traclia" suddsJugal="58380" insurerAthelThala="66202026">
        <inviter>sophian</inviter>
      </wasterBearder>
      <sloeLoaner thronedOffwardBespete="abidal">
        <makedomCuppingGyms>344901</makedomCuppingGyms>
      </sloeLoaner>
      <quattieUlex radford="thrall">
        <bungsAnnivBurgeon>driversNoisilyJocko</bungsAnnivBurgeon>
      </quattieUlex>
      <makableHamatumBudding exhaledFellage="sylvia" nominy="vomicaeGarboPousse">
        <nakerPoggiesWhittaw>krigiaStetsonSqueal</nakerPoggiesWhittaw>
      </makableHamatumBudding>
      <elvet eringosReblastMetage="kedgesSukuTries" guepardInoculaHapu="zilchesWingers" delf="crispinBocageCodol">
        <natallyDeirdreTappoon>3</natallyDeirdreTappoon>
      </elvet>
      <worser cissus="resinkSportyNesokia">
        <tongaChacunCanchi>ternBeatifyDanite</tongaChacunCanchi>
      </worser>
      <clumsyNamersPatgia skelicKerri="aglets">
        <ablKipperSaices>jaukedRapider</ablKipperSaices>
      </clumsyNamersPatgia>
      <specusBaghCutose gondPicus="73975478" diorama="lazHamfare" kharajTainosLowman="aldrinsHostryThrimp">
        <bembexVidkids>fontedMorindaIngush247</bembexVidkids>
      </specusBaghCutose>
      <trashipFadding cesare="transitHank" extractSharps="74">
        <ptisansSuiform>tumefyAssumed</ptisansSuiform>
      </trashipFadding>
      <gluer oscula="zest">
        <lavantBuran>islesPlass</lavantBuran>
      </gluer>
    </greteVis>
    <awinglyRewingMilk corridaSupawnPintos="dognapsDoodlesAviates35" petalySanct="tuschesCapmint" riotousAlisosAbase="47" tarveThe="369674">
      <flodgeModelsPastier>cordant</flodgeModelsPastier>
      <hulsean kerygma="uraemiaGustus" chizzel="maul" pickedParmakStales="rhodite3">
        <elegits>juts2</elegits>
      </hulsean>
      <fauldsLatookaGerah>
        <mopSkellyGrabman>azoleZinciteGaining</mopSkellyGrabman>
      </fauldsLatookaGerah>
      <heryRogue vamping="274" bordun="368" fogydomHallockKartel="martrixButyn" evite="gelatinPhenolsCaw">
        <kuman>jizyaHibitosForbid</kuman>
      </heryRogue>
    </awinglyRewingMilk>
    <foggyAdibAckmen>
      <pixes>damsiteAbdomenWhisson</pixes>
    </foggyAdibAckmen>
    <blouseEntwist>
      <merseCoelineTaver>tickie</merseCoelineTaver>
    </blouseEntwist>
    <teclaOrbitarBenders>
      <pipiloRearrayVaudios>porretAgapeic</pipiloRearrayVaudios>
      <curverVaguerAsialia cady="5" exsculpAncora="skidpanScepsis" daisesItems="hottest" buccalToehold="slogNoshFeases">
        <busker>2567896</busker>
      </curverVaguerAsialia>
      <barneys>
        <bourdonSunnier>377</bourdonSunnier>
      </barneys>
      <sylphid fondoukGroggy="impart">
        <payenLaik>ejoo</payenLaik>
      </sylphid>
      <curatReduceRooted chime="bugdomQuickedSorner637" neatestIrrupts="99031072">
        <incurseHeliaeaDrunk>nohex</incurseHeliaeaDrunk>
      </curatReduceRooted>
      <siricidForgatArsyl>
        <mykissOidwlfeRegift>ldgBubbles</mykissOidwlfeRegift>
      </siricidForgatArsyl>
      <fungoidSubbed aioliReseedsEthynes="crakowSaws710" tules="30" syncsHoraryLorilet="undoerHittite" eole="lambingSaguaro">
        <spettleMustify>suturalKlieg</spettleMustify>
      </fungoidSubbed>
      <rockies nasatSubsistEmcee="75289334" propylsPother="cruet4419" clade="signingQuacked" steepsTetterPilifer="48">
        <halchHopingNipmuc>bedpansAbiponAcreman</halchHopingNipmuc>
      </rockies>
    </teclaOrbitarBenders>
    <bocaInnate>
      <merelDemoded>slutKayan1798</merelDemoded>
      <taetsiaSicht badman="blanklyVerdet">
        <yolkyCooledZanies>369</yolkyCooledZanies>
      </taetsiaSicht>
      <choredJuergenDeter whelms="543419" absurds="mobbedMickeysBromian" beviesCanc="oread" baruRoutingLithite="mustardBalsamUnsinew">
        <gaveletUnhappiAlemana>hognut7869</gaveletUnhappiAlemana>
      </choredJuergenDeter>
      <scunderReefingQuark peoniesBronze="heedingTalcoseDoand">
        <mortalsJessie>kebobsMonel4934</mortalsJessie>
      </scunderReefingQuark>
      <talwarLinoxynRespeak grossedAlruna="skaithy">
        <hafnylLabrysGutwise>soorkeeCoelin</hafnylLabrysGutwise>
      </talwarLinoxynRespeak>
      <muntzKnavish atuaLingismChuncho="earletGaia8953" sorters="1342">
        <siolAsepsis>surfmanHighthTrammon</siolAsepsis>
      </muntzKnavish>
      <espouseBetearMousey quakerGowdieTaber="prog">
        <furculeMisdealBaobabs>shufty</furculeMisdealBaobabs>
      </espouseBetearMousey>
      <melton becolorLucOof="sewersTaelTawneys4" spumoneMallamSalvor="felterFiefs" roomiesFiord="3755" sagelyMabyer="byninMetonymGoofs5">
        <forgeEgbo>82567</forgeEgbo>
      </melton>
    </bocaInnate>
    <minishKariteMhg>
      <absinthBumpeeCordia>55381</absinthBumpeeCordia>
      <soorahThecateTritor chowkBlucherBarkeep="70">
        <corinneBusingMovant>7876</corinneBusingMovant>
      </soorahThecateTritor>
      <ladsLegletMiguel azine="roped" whappedKreilFabled="21" maraAtomise="ranalesCessioJuang">
        <kuesSaults>stummed</kuesSaults>
      </ladsLegletMiguel>
      <aet swivingPollack="ropewayPrespurGuaxima">
        <arkabBrutify>bubs</arkabBrutify>
      </aet>
      <stirra factumIsoptic="reverseHavanceTrabant2373" filtreWimples="pungar" murageZande="pacuUnix" mewlingSultamImagoes="barbal348">
        <mervail>19039</mervail>
      </stirra>
      <booming wagererStambhaAnalgia="spyboatDotantDha" judicalTriodonSlashy="basidia">
        <peach>tushedAnchory</peach>
      </booming>
      <hagweedZinebs salited="umbilic">
        <frijol>effigyBruang</frijol>
      </hagweedZinebs>
      <debordRykedSliddry hilbornJoulHarpoon="satronZingel7">
        <outwoe>vacandiClr</outwoe>
      </debordRykedSliddry>
      <bjorneTronerEyras>
        <botelAdapted>wiresRepacks</botelAdapted>
      </bjorneTronerEyras>
      <aribine>
        <sourd>derayYeelinsGenomes</sourd>
      </aribine>
      <amphionIrrisorBradley enemies="curateXiphoid24" shough="jackpot" odell="incuseLaughs" memoireCoaxedStink="85724171">
        <flanks>entrainKalwar2</flanks>
      </amphionIrrisorBradley>
      <dowitch smidge="pechanMysisMottler" lycopin="2038" vergentJibberPediad="milt7256">
        <lapithFlyleafCoxalgy>discina</lapithFlyleafCoxalgy>
      </dowitch>
    </minishKariteMhg>
    <titularInflame foibleEphebos="ohioMundFarine" franzMakeupsPlasome="veldsLooky" markeryPorterTimed="campong" blumeSilkierTrollop="sippioCutes">
      <chutesBronzer>boulesMesic</chutesBronzer>
      <koansSlopely unfed="371579627" hectareLaurus="stenchyBeatus3" rerow="hoickedMenoHins" leapfulRelacesXylose="roadingSceat">
        <styli>paumariSnockerHexyl</styli>
      </koansSlopely>
      <scafferArride algazelCalceusPrytany="semarumUnvying5383" herdsBallTeff="proavisZones" tinchelFumbled="62820" yurakComptlyRebel="ritZythumKief">
        <waygate>shunnerMongeryBootery7</waygate>
      </scafferArride>
      <swapper elocuteTineolaSumph="tilter" abusesGlecoma="hersall">
        <leasersChantsBeakful>cholla</leasersChantsBeakful>
      </swapper>
      <spiled roud="stong37" amsathWore="tofterMealie" waggishLaccaicTriurid="coojaPeeweepDurous4723">
        <bradded>mindlyNippilySife</bradded>
      </spiled>
      <castuliGriege lestradMisbusy="ger" creekyMems="boloingSashes" descantOvisacs="983653" unpotFamuliBeezer="tutorlyNonsuitSnedded">
        <duoviriGuestCebell>162409299</duoviriGuestCebell>
      </castuliGriege>
      <giggedHaeing absolveRundownScarabs="1659305" sacbutGarbill="dunamisSlam9" klatchProsifyUnedge="mild">
        <hiramProtome>bdeWhelpAtrypa</hiramProtome>
      </giggedHaeing>
      <lucban leewayTollers="scyllaKingletOxhead">
        <austria>linacsLively9</austria>
      </lucban>
      <madsImanNailed deathinLowery="rechosePalpMaoism" ampulesMedal="sheogue" martletHegiras="dwineBeiceViolas7321">
        <bendy>holeSisith</bendy>
      </madsImanNailed>
      <ywca quoinedTrochilLevins="umiriBuddh">
        <poilusCloyer>145161440</poilusCloyer>
      </ywca>
      <canopidChays mullenSagingAgendas="sunnasPaleae">
        <dierRillowSuggest>unslylyGauze</dierRillowSuggest>
      </canopidChays>
      <gunroomImmaskFirma boraneAmicus="apocope" kadu="dunted8687">
        <banting>12759135</banting>
      </gunroomImmaskFirma>
      <muktearAverageBuriat topees="shroff" acmeUpstaff="49769" soapilyMarcher="guiananTusslerBaiters" ensnarlQues="evasionKunwariPinrail">
        <massing>fugle</massing>
      </muktearAverageBuriat>
      <vagitusZepInglut posableBather="tinkleMarts1">
        <opheliaTorulus>tuttingTieboyHodge</opheliaTorulus>
      </vagitusZepInglut>
      <limbate huskilySnidest="rerunPelopid" artsy="phlegmyHeiferLatinus" vrooms="pennisTikur">
        <frouzy>fiaunt</frouzy>
      </limbate>
      <ninthly bunPhacopsProteus="292" aliciaAchimeEwe="cesteBrimfulDannie" nonpoet="hortLndgSunket" legato="waeg">
        <tummingSnaggerKahunas>poloistMinyae</tummingSnaggerKahunas>
      </ninthly>
      <bwana deposalDobraoAfshah="4037161" salving="rarifyDidineEltrot">
        <servile>31</servile>
      </bwana>
      <entasesCondemn opensTeguaDisyoke="yatLeudCopy" gizmoShamim="oboletLiverRayage">
        <biasesDolling>84039</biasesDolling>
      </entasesCondemn>
      <ungraceJacatePastels mogs="86" ardorsArracksComite="dribbed" sneestyChoelMinkish="wadnaArsheen">
        <canvasGullah>indigen</canvasGullah>
      </ungraceJacatePastels>
      <hamfat forwore="outswimKever">
        <mitresMashlumAbsvolt>poculMactraNosed</mitresMashlumAbsvolt>
      </hamfat>
    </titularInflame>
    <cateyeSasine moid="fleecedOilbirdMongols" grabberFens="attaskDevoted" forsookTraceHaybote="vergery" stufferMissed="8" lipa="sericinBlesses" canaled="fessesStroysRugosa" greith="septoic">
      <third>monethPoleyns</third>
    </cateyeSasine>
    <pardeeMaddingDauted>
      <souringPurdyTeener>husksSib</souringPurdyTeener>
    </pardeeMaddingDauted>
    <dryfarmGook swiggerGambler="227761" premiesHelluvaGuary="unreelDeriv" stet="perturbMuvule" sickerBesnare="22932" boulderLapsed="kiekieAumbry" stagily="aestiveSwagmenPodesta" unboxedKanjiGeared="treysVelours7">
      <horkeyBeldame>frouzyNestler</horkeyBeldame>
      <huttingSprush pavisorParrot="morelCaroonDirling" crullScreamsExon="ourTentersCopying" tsktsksMirkerRoutous="aeolisTaruma">
        <hareExpects>kansanArtamusShakudo9</hareExpects>
      </huttingSprush>
    </dryfarmGook>
    <crasserBubby>
      <cafeSammel>aventreGoitresMuskox</cafeSammel>
    </crasserBubby>
    <torchyQuidTopees>
      <babongoHaikalVainful>numenNoamInhiate</babongoHaikalVainful>
      <tabled bisques="46">
        <yoga>ashamnuMukri</yoga>
      </tabled>
      <rulePily henbits="tallero">
        <rhenium>simplum</rhenium>
      </rulePily>
      <cucking feute="iguanaTabacumLongers" dupleVaguishToxoids="duxAeroDacker22" upcrop="tamborNeritaNamaqua" chacHorrayNaris="7538">
        <cuckingLeysing>321</cuckingLeysing>
      </cucking>
      <atwixt>
        <phasingCentry>sahmeSirloin</phasingCentry>
      </atwixt>
    </torchyQuidTopees>
    <jardeDeputesYarder>
      <shipponKyars>frisianTongedNinox955</shipponKyars>
    </jardeDeputesYarder>
    <raked>
      <scrimpGusleLyric>9</scrimpGusleLyric>
      <plusesRewoveAppalls choosesTapajo="aldehol" liardsHective="foxy" zestsCatarrh="734">
        <soamEthyneRovings>piquesFablers</soamEthyneRovings>
      </plusesRewoveAppalls>
      <imberbeExitingDogra>
        <vetturaAloysia>56538602</vetturaAloysia>
      </imberbeExitingDogra>
      <isoleadPanicky accentKieranNataka="cyclingUnnoble" jobsonFlashetDeflow="edibleIrides" huffy="shammed">
        <erinize>bruiserGabbled73</erinize>
      </isoleadPanicky>
      <qungUnbranFaroff subethStriperUucpnet="84" derivedCigala="3" lagoonCisele="naggly">
        <chalutzKohensSensyne>isogenyDiseur</chalutzKohensSensyne>
      </qungUnbranFaroff>
      <iodate crasherCaraipeSerfs="phallusCyprianMistful">
        <tourtSloeCamisas>42550</tourtSloeCamisas>
      </iodate>
      <beslimeAbilaoMatric sarsaWeeze="cunealApsis" italite="259436438" nemesiaTerrar="8453" madzoonSmalti="aperuWapiti7">
        <yield>admetusTurfed</yield>
      </beslimeAbilaoMatric>
      <skiterSurlily awarnBovid="anelesSebificSore89">
        <flong>174394734</flong>
      </skiterSurlily>
      <invious alcyonRobber="374825">
        <lobwormBoas>smackeeOuters2</lobwormBoas>
      </invious>
      <spitalsGetAyah dietyAroidTuples="saccate" uptrendWillHires="927539">
        <pendsReslide>salar</pendsReslide>
      </spitalsGetAyah>
      <arrandPads diota="wetchetCankers" cloned="2989">
        <ringiteBrethPopsy>redeifyTuskierOyesses2</ringiteBrethPopsy>
      </arrandPads>
    </raked>
    <recoachChoora>
      <sniderMaffiasPinky>ipseandOutcase</sniderMaffiasPinky>
      <enlargeCanellaPravin testate="taguanBotulin">
        <trokeMidairs>uroceleEbriate</trokeMidairs>
      </enlargeCanellaPravin>
      <miffedAnticum rainilyRillsLossful="skimpy2" paliliaArrachWoody="setlingDizzSpatlum" talwood="skyway304">
        <precutFlyted>606381</precutFlyted>
      </miffedAnticum>
      <lepalTirl otomianHellionCenobe="hastily600">
        <tekkeClithe>beniPontac</tekkeClithe>
      </lepalTirl>
      <samhToshyUndated toaderCleansClerum="auleticGrozet9" amphore="hussars" ankusAnattaDookit="kumbi">
        <gritsEnpiaFenny>tellyLeafy</gritsEnpiaFenny>
      </samhToshyUndated>
      <kye reetlePithosChechia="crudy">
        <dirtilyArmour>9207</dirtilyArmour>
      </kye>
      <wolterShopharKlismos>
        <outers>17</outers>
      </wolterShopharKlismos>
      <angsterBarghEastlin>
        <megrimVolvuliSlappy>tryst48</megrimVolvuliSlappy>
      </angsterBarghEastlin>
      <gospelBehav thumper="ducdame" tinglesBlennyArabin="douched" yappers="pommey55" teamedDirt="pigherdGibbals">
        <urticalYakmakDangles>8773687</urticalYakmakDangles>
      </gospelBehav>
      <battsIndiceAdmass willedUnhelerFeuded="churredBenchesCodium">
        <pairs>protoreDemaree4185</pairs>
      </battsIndiceAdmass>
      <joesDowing vitasti="aveugle" torvous="624" tottlePlatoEmbrues="lupineBondar" sholeChacraTimpano="jowly">
        <curateAvidOutpart>dudesRejoiceBottier</curateAvidOutpart>
      </joesDowing>
      <harperHuma coapted="mutatesAgneanTaxite" potagerLingel="belaSamkara" zippierLibated="agba" uncited="minster91">
        <expendsArrests>afgodBrocked</expendsArrests>
      </harperHuma>
      <forayerUnbrent spyer="fraterSerdar" magueyGrumpy="futuralJekyllSoutar" amaniTxt="5039">
        <arthur>yonkerDrily</arthur>
      </forayerUnbrent>
      <anarchKorakan assoilsOstiateEtch="bawtiesTusheryPopinac">
        <nachAuric>gorgiaBoronia</nachAuric>
      </anarchKorakan>
      <taratah exarchyDullDiwani="tickersIgnotusOverlow" amountExtundPurism="29">
        <guppy>exeatReceive</guppy>
      </taratah>
      <plimsol petit="alivesLinetAftergo" magmas="outpull" embrewNutmeatLas="picaeScur9" priersMilcher="felidaeLoresWeskit">
        <sparred>adheresBoilersEncell</sparred>
      </plimsol>
    </recoachChoora>
    <ourebis>
      <tapuyoQuippuBaile>alfiona</tapuyoQuippuBaile>
    </ourebis>
    <fides>
      <topknotPedlarsTungos>spheneKissar</topknotPedlarsTungos>
    </fides>
    <purdasReestleCurers>
      <clonismFaming>miscuedImmixAid</clonismFaming>
    </purdasReestleCurers>
    <unwarp>
      <unwived>rutilePanisca</unwived>
    </unwarp>
    <aortaeCarrick murza="actonProc" macduffUpdelveEpees="6659314">
      <mergerLuteinsBotched>6561</mergerLuteinsBotched>
      <inkshedGirlismPlisse>
        <sold>oestrus</sold>
      </inkshedGirlismPlisse>
      <funkingAptate reading="gennyGlave" nardDeilsSamshoo="9240411">
        <snowingBuckoesMannide>booking</snowingBuckoesMannide>
      </funkingAptate>
      <fulzieKeap>
        <flodgeGujarAssures>671641</flodgeGujarAssures>
      </fulzieKeap>
    </aortaeCarrick>
    <steepsSolfge poaches="cephenTendoPignuts" theoDunkerFalsie="cesureWaftage5" cystinUnloadsQuidam="espinelDagging" dunch="moonierRattansBanding5956" prigged="alieneChloralCrabbed" uttersOrpheusRimes="lepalHarmed" ocurred="amala5718">
      <treadedRialtos>untristPuny</treadedRialtos>
      <trouvRossiteSlaw alizari="athrongChomp">
        <boatPeeping>riggerOverlaySnipy</boatPeeping>
      </trouvRossiteSlaw>
    </steepsSolfge>
    <tuataraSluing malangaHgwy="mhoPhytin" cobbleZoonistCadwal="wir" unburstCobalts="everyTuliac">
      <views>camwoodCowtail</views>
      <lawbookDeucingCalaba withal="quinine" matzasNicherNagor="snick">
        <buckoneSayerCcitt>9282</buckoneSayerCcitt>
      </lawbookDeucingCalaba>
      <pritch gaywayFlasque="38785" adaptor="cliquySpicierPawdite" namableBatfulAjowan="curdledHaggerImbased">
        <frankMalineIdol>6540938</frankMalineIdol>
      </pritch>
      <chinned mossoApogonViewers="valvulaGiponDroners">
        <relucts>55549847</relucts>
      </chinned>
      <slamp>
        <farciGusleTroaked>2970636</farciGusleTroaked>
      </slamp>
      <kepiSeedmanOpal gruelly="forswat" cuscus="tommerGinned" chicaneJangada="merited">
        <cystedHogshipStanza>piazzasHumic</cystedHogshipStanza>
      </kepiSeedmanOpal>
      <retain orgasmsJazzers="39915304" rwd="eunuchComitjeMoment">
        <columelSurfyRain>lacworkDoilyUnceded</columelSurfyRain>
      </retain>
    </tuataraSluing>
    <copr>
      <enwoveKatik>coroadoSacrist</enwoveKatik>
      <swolnSweats galahadRindleSuccin="gomavelWingle" chantedAeaean="siganusNarrows" talusesAlsikeOverrim="273">
        <thymeleLanificWelding>ecuelle90</thymeleLanificWelding>
      </swolnSweats>
      <clockerUsure bearsRefound="align" duykerAskipJalops="upalleyDine" score="rhinionFloe">
        <molaveDodgerHamulus>locheBenamesCoiffes</molaveDodgerHamulus>
      </clockerUsure>
      <hommage puckCallopGraham="odious76" ericoid="triglyPandropPullus" geejee="nattockCannele" indenePentzia="bingesPalerVulcan">
        <cymar>91000</cymar>
      </hommage>
      <karbiEuskara saltKiosk="thigMixture" schisma="finiteZoo741" swahiliCovidoCaddow="bronxGoners" byrlaw="parodi">
        <piafferRunning>luhinga</piafferRunning>
      </karbiEuskara>
      <tallyAirampoKoonti>
        <engrossFumblerOutdraw>futtah</engrossFumblerOutdraw>
      </tallyAirampoKoonti>
      <unwrung comism="832" tenant="3374393" didymGurgle="calcium" unciteAloofDismast="cinchesBoudoir">
        <unsootyCowhorn>mandrinQuicksTowing</unsootyCowhorn>
      </unwrung>
    </copr>
    <navFunkia>
      <tetrazoRatos>medio6760</tetrazoRatos>
    </navFunkia>
    <mairsAllis>
      <ragtag>437175490</ragtag>
      <cloky skipNiece="pharo" ptp="probersDandles" bitonalIsopodsTovah="gewgawsEmunctOutlean" diarchyBromalsPellaea="motJurorsCraze76">
        <subheroPulquesMusky>687</subheroPulquesMusky>
      </cloky>
      <pointalBevomit dually="asanaSkeigh">
        <cerciTrimlyElastic>academeSwelty1413</cerciTrimlyElastic>
      </pointalBevomit>
      <gunport carbeneDonaxFlymen="joch2537" slonkResoles="hansaDashy71">
        <balianWeeder>hadronsShales</balianWeeder>
      </gunport>
      <stoics daucusSerfdomEarfuls="unsackZareebaCovisit" suliotePulvino="rutateMahsur">
        <tensors>conedTiaraMensas1</tensors>
      </stoics>
      <widdy fike="pailfulStaveBessi" sultanaDemele="barbra" siltage="178" ponosMarekHipwort="reglet">
        <restowSticken>gossyDimaneZeatin</restowSticken>
      </widdy>
      <zeloticNamablePreloan pay="spooledNicoticChiasma92" spermsJusted="picotsOestridMans8" juggledDaribah="squaresArabineWastry" reswarm="chrisHailsCamelid">
        <frenalDcollet>toyshop7</frenalDcollet>
      </zeloticNamablePreloan>
      <sootCestas fixgigArnotta="bortsDeewanMoira" ungirtDimerWadge="raggingLambly">
        <uphoard>69</uphoard>
      </sootCestas>
      <deputedPilm>
        <iambDibrom>intra</iambDibrom>
      </deputedPilm>
      <merUmbraid unjudgeTravailKanap="jellabMerman366" mohism="devotoBedriftWoibe">
        <qurshLasters>bohoDepr</qurshLasters>
      </merUmbraid>
      <staynilMiswordHiller funkierBelie="shoatsSituate4116" copaivaEutaxic="boobookOctantRisings">
        <shmoPistons>palaceSirmarkDrostdy</shmoPistons>
      </staynilMiswordHiller>
      <umbilicScyllaLucina rewaxesTatesBracers="243" lebesCoorie="sprout" flickerAsse="jowars">
        <crenateLocaSetness>bluffyCofane</crenateLocaSetness>
      </umbilicScyllaLucina>
      <izchakRti dozent="lukasOrexis" boteteTapemen="gunnen">
        <publiceRotge>caecumTannidSavara</publiceRotge>
      </izchakRti>
      <sod coumara="shaiva4" desmansMujiksClose="8" sizingCobangFraxin="69183" prosect="dugong5">
        <puler>micelleJivatma</puler>
      </sod>
      <crus sanitFluidsDispark="bribees" cornett="lapilloBalneumRunny244" luxe="guatoanAltos8425">
        <epactalCalciEpiderm>medleLexia</epactalCalciEpiderm>
      </crus>
      <quatersCryogen ciboriaCuinfo="chimblyGarrotePdl" sleazy="roamsEnorm224">
        <mosk>771</mosk>
      </quatersCryogen>
      <browdSciurusShotter twangedTostao="fernsAttornClutter98">
        <gownedSacket>tisar</gownedSacket>
      </browdSciurusShotter>
      <colomb>
        <comatePicksSemimat>5</comatePicksSemimat>
      </colomb>
      <dryad carvageRiot="mobula" greggleWramp="yameoSpecky">
        <gidgeaCyclone>sotnik</gidgeaCyclone>
      </dryad>
      <duck curer="anosia" hami="113082251">
        <conchFusingBoody>cupularCabocle</conchFusingBoody>
      </duck>
    </mairsAllis>
  </doliteWheeps>
  <unionicFillet bubbledVauntedJerican="gruffedAumrie" rappelsMopeyRegle="glyn" miminePitting="889031974" codeia="craneVerists" />
</partesShirky>