<?xml version="1.0"?>
<taen>
  <unbelt alascan="75202283" exitus="chariotTanists">
    <fenster terataWhereis="everts" siliconDinChance="528">
      <pyro>78</pyro>
      <lessonsAcrockNeedy slot="8511" hughesFlimsy="935397937" ursineSlitterIchibu="feture737" thymine="mamboesFusula">
        <judoSavineFictor>kibbutzAntal</judoSavineFictor>
      </lessonsAcrockNeedy>
      <sempleVacuefy>
        <routCoteenGivens>bagwigRadiosChokra</routCoteenGivens>
      </sempleVacuefy>
      <onciaLaccic>
        <jehusWanleChupak>guimpeEulogiaOsmics</jehusWanleChupak>
      </onciaLaccic>
      <taborsCarinaeSwinges>
        <oneiricPlim>tinesCellingJungles201</oneiricPlim>
      </taborsCarinaeSwinges>
      <beebeesSwagsTyauve hastatiTuyer="empalerIngoted">
        <synapheTrona>bojo9</synapheTrona>
      </beebeesSwagsTyauve>
      <spivSunning>
        <slitCaravanThave>phoneyLubricBroomy</slitCaravanThave>
      </spivSunning>
      <rinkKnell>
        <buddedShlu>boxlikeFaun974</buddedShlu>
      </rinkKnell>
    </fenster>
    <etchant bounSubalarLordoma="32512376" boulePais="buyer36" urosteaDyce="gailFesterTotty">
      <carlessHouhereCoachy>rafferyGrainer</carlessHouhereCoachy>
    </etchant>
    <wastablCagotOrarian>
      <scupful>isfahanUngluesPurusha</scupful>
    </wastablCagotOrarian>
    <wiserCutterMarquee>
      <peruse>jaunceDoodia</peruse>
    </wiserCutterMarquee>
    <sprits psalmic="cust" wheinTiaoSkimpy="1" ecch="memoirsRomerosHelge">
      <refindsGlebous>cader</refindsGlebous>
      <acalephBattiksMatreed>
        <troolie>floret</troolie>
      </acalephBattiksMatreed>
      <updelveBeewise befleasWottedEmbalms="yieldsCarolus18">
        <enhance>26315</enhance>
      </updelveBeewise>
      <fsiestMyotonyAselli eltrotDeturn="6" gesterFac="coenlaBoleti58" bobber="festinSoneriRode">
        <cevine>reomitYeaningKhalifa</cevine>
      </fsiestMyotonyAselli>
      <airtime overgod="osmerus" disown="uferThrives" cherootAbacistSmock="aspiresCruck">
        <casbahs>scyllaKendnaGaure</casbahs>
      </airtime>
      <growseBecloudMises rewaterRetimeEaves="inkling" boohoo="kaimoDiapnoe">
        <restepOreweed>37797</restepOreweed>
      </growseBecloudMises>
      <cloyedPropelBossdom terrifySabins="kebEmodinDavidic" brawest="474" cotters="1" kniaz="miaeChoosesVivandi">
        <defogs>hamsaNeonate</defogs>
      </cloyedPropelBossdom>
      <swobsHingers>
        <affaiteViande>caveatsDawtie</affaiteViande>
      </swobsHingers>
      <cavings cru="tanny" alochiaSterolsIpm="violsPumps" cheeryQuiddle="searedFeazedDeady">
        <cakebox>33963</cakebox>
      </cavings>
      <sairy podtiaGlueman="5" summasCabiai="poofUnfoulScuttle">
        <hayliftCuriumEnaena>wurmalFaller</hayliftCuriumEnaena>
      </sairy>
      <upscrewIncased tepacheTupping="48805" kiby="enaena">
        <tibEgbo>favusesAdos294</tibEgbo>
      </upscrewIncased>
      <justerYatvyagOberon urachal="boatelFortranSpeirs">
        <kerflop>jazzmen</kerflop>
      </justerYatvyagOberon>
      <guv fussesTewsomeFarand="25347993" ignitor="258370901" shifty="39">
        <topslAirbagKpuesi>803504026</topslAirbagKpuesi>
      </guv>
      <nonomadMiqraJudger>
        <tartare>feedbagGlossBowlike</tartare>
      </nonomadMiqraJudger>
    </sprits>
    <casavasAtli>
      <hoyleEupione>campooKungInnet</hoyleEupione>
      <algid>
        <faciataHicaco>normaCaffa</faciataHicaco>
      </algid>
      <rayageGrowledMercian almah="96102" leapBoose="gravesDeftly" jambartGudes="aldamin" snirtleRobins="lyance">
        <greitParly>capharJaped</greitParly>
      </rayageGrowledMercian>
      <mashing maltine="ramFlacks53" mockedPinoleDebitum="shreeKenya2287" bulgierPawnieHubshi="potwareRaymondWaukit">
        <dolous>naurDements</dolous>
      </mashing>
    </casavasAtli>
    <idaic amalgKinemas="crocinFeuillePasul9034" lambertTitian="linternMikronQuito" bambinoSmally="7" nannieNipasJemble="possies80" eluteBeest="ollapod" thixleBezants="conditeSitUsurps">
      <upspearAlypineFlayers>583434</upspearAlypineFlayers>
    </idaic>
    <skins gobonee="254" snoodRoughed="abducesDigynia" kathaFougadeFrisch="putbackKnappe" ploughs="quippeDoariumWelders" yepMermisParial="1969" zuleikaLactoseRetail="wedsEjidoSevens">
      <amendeSamelyFlyways>rumenPlots</amendeSamelyFlyways>
    </skins>
    <friableLookout beatutiBren="guttersJamaRugous" bentangGhainMungofa="chondri" hagship="flavoneParley" titansPippin="598692" tiggerYonder="sighfulTigtag" duckerPotency="898">
      <fsiest>leven</fsiest>
      <debasesKrapfenBreaded berate="lavage4302">
        <packsAntic>disposeBracted414</packsAntic>
      </debasesKrapfenBreaded>
      <cologneOrnith humblieOxgate="reentry" dorado="71238" soho="615766998">
        <thirledParole>611</thirledParole>
      </cologneOrnith>
      <trigons fessingBefleckJuffer="corbansSafe">
        <ansaMitogenFructed>futhorc</ansaMitogenFructed>
      </trigons>
    </friableLookout>
    <divinedUpdateRukh>
      <stuposeHallion>baliCurlWitworm</stuposeHallion>
      <damaskItoismDrench gibbals="slurpInthralNayward" dulcifyOzonate="tolan" ocypodaScruft="7452038">
        <inflect>spiersLagged</inflect>
      </damaskItoismDrench>
      <decus hopyardNixeArbores="chimlaFaces2" kovilCoignes="pirned58" vernonSchismsJagat="outsert" anosmicHammam="190464">
        <eumenidTuan>domitic</eumenidTuan>
      </decus>
      <opsins maniocaYarners="truemanNeg" applySyruped="unvain">
        <abn>79</abn>
      </opsins>
      <scf trioxidSperketGods="churripSculp5583">
        <keens>foilThames</keens>
      </scf>
      <coshersIntsvEnlief cimbalRaportDoltish="bonerBultong868">
        <redneckBorghiCaroome>wakoreBanjara</redneckBorghiCaroome>
      </coshersIntsvEnlief>
      <jutes crinoidYobbos="cledge206" misusedTowkay="gardeny" sainte="659" hydridArchesGapers="14960">
        <versSwashy>evolved8351</versSwashy>
      </jutes>
      <wolfenGonif atuneDoting="coins" absents="133626" assisanSiever="161810043">
        <wranny>reshiftRhesus</wranny>
      </wolfenGonif>
      <gleedsHefted guller="8" chaiseAgadicSwaggi="trisulc" agendumQafElogium="9">
        <draying>limensNoology</draying>
      </gleedsHefted>
      <liquidySalver almoignOiliest="2" amboShree="onyxesShik7" aphtha="morrionDominos" rummies="cowalBagpod">
        <freezyJuralConeys>sirius6</freezyJuralConeys>
      </liquidySalver>
      <azuredAhiLazarus pigherdNobbilyMunches="505" unbaste="whitishOvestBouvier6" roselTukra="fensive">
        <russeneAccostSpews>aquoDelayedPandar</russeneAccostSpews>
      </azuredAhiLazarus>
      <surpassTicGilse reposeGilt="92958">
        <boeDetuneRettory>sporingRosland</boeDetuneRettory>
      </surpassTicGilse>
      <discard taffleEasters="neogamyMuggarEncake5058" cainianBatonInjects="scrogie" supperUntrendAppale="1">
        <madwortTitled>agoutisCoationTrioxid</madwortTitled>
      </discard>
      <ambarRimas fuelerOrleanSneesty="swayAmuzzle" patuSheitan="abib" azochChuckle="volageMyzont" meshugaJoyceBravo="2057664">
        <aroid>1446</aroid>
      </ambarRimas>
      <shulnMatricSnirt>
        <arioleUniteProtid>jigsYuke397</arioleUniteProtid>
      </shulnMatricSnirt>
      <valvule figgle="epirotKnacksGarniec" kickyTrivial="anomicClanks791">
        <relendsLoy>vexful</relendsLoy>
      </valvule>
      <holard swyLashkar="quickieErinizeWaffie" clitic="inexactStalko" riesUpbearsSwats="feelers" grailsTrefoilJoropo="coling">
        <crokerDecamps>slushed</crokerDecamps>
      </holard>
      <rockman library="spoofNegates" invisedDivisorAahs="bashesEjusd7">
        <koibalPerrySurinam>6</koibalPerrySurinam>
      </rockman>
    </divinedUpdateRukh>
  </unbelt>
  <ramaismFolkishWashout>
    <abbotsManlily>
      <jundiedCateye>petites</jundiedCateye>
      <wouldntSeeder scripeeJurarePlatina="lizGartenSnary" baizedNarcosGombo="exceptsHalse207" exploreLinum="butcha">
        <uricCussos>bolledAraireFugged</uricCussos>
      </wouldntSeeder>
      <ligasDas meekenCafenehMucosa="dessousHollo6396" insurerPiaffer="rayah" sassingRuskyTonnage="8" xenial="npeelGravity">
        <foulerVeryCoetus>upcoastSuretySonship</foulerVeryCoetus>
      </ligasDas>
      <coactedGapper fogrumPathsGymnast="nymphaEpacris" yakkaLanaiLula="dowcoteThouingGhast365" borningPalped="thisnBerriesSorosis" treator="eireJozyKilo2">
        <tottenHyte>lacunalDamsAmplex</tottenHyte>
      </coactedGapper>
      <guffs mahoutLehrmanVacua="ariki">
        <india>316249711</india>
      </guffs>
      <phasedLucite parlyUnsnowFlaked="usara" junkedBumpedBongo="noesisDusack" mela="skywaveZincideEnlodge">
        <bawnStolist>thymoma45</bawnStolist>
      </phasedLucite>
      <mastfulDeipara hellingAldus="5222989" quakesVales="5147" stephan="pegaRalphInsouls" maillotInone="hyle">
        <enrober>6</enrober>
      </mastfulDeipara>
      <sovietsTruck largy="dirndlsAeric" crucily="notitia7">
        <aufaitBelyingBonce>45</aufaitBelyingBonce>
      </sovietsTruck>
      <dorineHvyTopeng sicker="wreathNurse5377" dingar="3422652" thunorTaupesSagely="vaguishTuttyHawkers" defoil="psyched">
        <fixings>osweganReqRamsey</fixings>
      </dorineHvyTopeng>
      <methideBelyGds traneen="trochusPiproid" cablish="922531338" talersTresses="81525">
        <vaselet>rewordPulex</vaselet>
      </methideBelyGds>
      <sewan>
        <lactoid>voters</lactoid>
      </sewan>
      <regoGirritSkirter firstFridaysJauked="gis508" uranylAvocado="87696">
        <forzatoOverjobUnfill>spirket</forzatoOverjobUnfill>
      </regoGirritSkirter>
      <reboantLupeSlather>
        <huskersMinder>31333274</huskersMinder>
      </reboantLupeSlather>
      <phrator>
        <skyugleFrettyRetina>didineMewlsDkg</skyugleFrettyRetina>
      </phrator>
      <metopicAngekutGoupin geodesySweens="coweenOversetDickey" demiseEmodinsFugient="craichy">
        <farcing>bowersGoudyTrioecs</farcing>
      </metopicAngekutGoupin>
      <heliconVilloidResists aurealBipack="manuelSmirchy">
        <beclang>pioted</beclang>
      </heliconVilloidResists>
    </abbotsManlily>
    <briersMenage>
      <weroole>serer</weroole>
    </briersMenage>
    <untouchMillile piskyLoordGuiba="doable" tide="visionsArum" lashingClites="654">
      <bruchusPlumbsTuftily>fulfil</bruchusPlumbsTuftily>
      <recheer jaredDekle="niobiumHardenBude">
        <taheenLaquais>sinologToranMalkin246</taheenLaquais>
      </recheer>
      <slt ceaseAccuserEscots="gowdyFarhand8" toluylsBocheLuger="polyactKiswaCaama1478" zibets="xylenylWarked" clysisRebab="colorsKeeksAsaddle">
        <ftnerrDeters>unexact</ftnerrDeters>
      </slt>
      <rissoidWoohooPep stunkPatenerParetta="3779362" bracketDybbuksGrouted="simsFlumpWanyasa" pluses="feelersInkshed" keyslotChwanaSylvas="agamyEvehood">
        <flowingBoma>8</flowingBoma>
      </rissoidWoohooPep>
      <redoutGlitchWhimmed>
        <voidingHoofs>anodicMilkmenCloyed</voidingHoofs>
      </redoutGlitchWhimmed>
      <mal brechamSignorsChevet="gangionGrossen" amoraicRidgerAreolet="gucksJarful">
        <unnosedGalileiReddles>ass</unnosedGalileiReddles>
      </mal>
    </untouchMillile>
    <sedumsCourse nagnagMenu="emboxJusten" alberge="86904">
      <smokedKnevel>schemesRealter</smokedKnevel>
      <capablyGigotsBattish eumenes="prudyPuttockGhain" mancusVarusShammes="warrauKnaidelKonyak">
        <shintoYewsWalkers>heman8491</shintoYewsWalkers>
      </capablyGigotsBattish>
      <magueysLogging>
        <idylerAjowan>pleromeSequentFinked</idylerAjowan>
      </magueysLogging>
      <obscureVibrios speckleShugBaluba="cgmKaliphFuneral10" sithesDefleasTictocs="ermaniSouthed">
        <tuyerMolters>group</tuyerMolters>
      </obscureVibrios>
      <rundiMetayer tckFold="anubinOreweed">
        <peludoGentes>redebitWasntColy79</peludoGentes>
      </rundiMetayer>
      <dougVesp hummel="fearers90" lorienSlings="rialHalloa">
        <tarok>polygam</tarok>
      </dougVesp>
      <semigod tutlyMesangeDonjon="4" trullGuydomUnsnib="tineidHacks">
        <insulaeTownerAtypic>citreneMesskit</insulaeTownerAtypic>
      </semigod>
    </sedumsCourse>
    <hognoseCoaxCaustic>
      <bowknot>670992</bowknot>
    </hognoseCoaxCaustic>
    <lycaenaEskar thirlsVitaeAarrghh="nummiMaigre" surfs="734" drabbetZootic="ulcus391" brants="cachesPrince" ukaseRummleLowan="sabaloRoupetSprits" hespera="female">
      <wetbirdUnhangs>encrisp</wetbirdUnhangs>
      <oblige>
        <funKenaiCarol>milieus800</funKenaiCarol>
      </oblige>
      <sereinsClitAstable rakelyCalaberKoprino="expwyHelves">
        <lemanryGilds>silosUndoers</lemanryGilds>
      </sereinsClitAstable>
      <semeed enviedConcord="8" ochersLucius="othonnaAnconesGape" mesteeMatrice="bonaci7782" fowellsBanningMisate="507496467">
        <eddiedLaury>600</eddiedLaury>
      </semeed>
      <endgame beguile="tagragRifelyDrool" hearsedWytingDowf="addledAssn">
        <suckersSirrahRail>deadsFraised480</suckersSirrahRail>
      </endgame>
      <usnin skeg="theirsHoaxee">
        <drangXyliteDecad>rebredBurhel778</drangXyliteDecad>
      </usnin>
      <socker wirrahSixmosMicro="17611" atake="dunksMerel8535" unieDimoric="shifty2">
        <anteInwraptCaseful>kowtowReastBennets</anteInwraptCaseful>
      </socker>
      <kerosBirmaBeshake lustresReplum="gobbin" cuecasQuarteDriver="mtd" khuldaNotchelEudora="varnasVoter">
        <homyWolfing>habenal26</homyWolfing>
      </kerosBirmaBeshake>
      <lanyardBelime goglets="doradStaioIztle">
        <triflesGainly>caupWeldors</triflesGainly>
      </lanyardBelime>
      <entombs faweNitsBeanbag="pheeal89" beaded="juamave" badAlkoran="bombe">
        <gorseStoneSpics>tabefyOutyelpAefauld4187</gorseStoneSpics>
      </entombs>
      <rickety speronMetochy="morguesBraza" phonol="pantosDingledFellen">
        <upyokeWooded>kingletHoubara</upyokeWooded>
      </rickety>
      <sleekExcitor>
        <gribaneLeakierCoheir>steptoePoonah</gribaneLeakierCoheir>
      </sleekExcitor>
      <carsonMomzerLaigh busiedRatten="froughyTriarii" halidom="toxoids">
        <robbedThronoi>9494</robbedThronoi>
      </carsonMomzerLaigh>
    </lycaenaEskar>
    <yellochMeioDivoto lutoseSareesChain="ingoted" gaonAegagriHeizing="9487562" geddsChelone="phthor" iliumBrochtFyrdung="alumicAxels" nosema="loreHerdsToddies">
      <embodyRabatosNocks>houdanBewakeGoles</embodyRabatosNocks>
      <materiaAizle seinerTrionfoTraship="gavelerWelshryBreaden">
        <ordnAsopDeturn>3891</ordnAsopDeturn>
      </materiaAizle>
      <central howdies="3" crottalPyransPaged="restainPinier" zattare="holk" rhombusGraving="xenurusOrias1">
        <psidium>rumicinVowers</psidium>
      </central>
      <urmanLimpilyObjects dirndlsAnnus="ripsawsFraela28" bulgy="8458143">
        <etwees>mutic</etwees>
      </urmanLimpilyObjects>
      <tinne unharshCalcifyTatties="orgeats3122">
        <kiriChanduiCopei>relookRotundaImido</kiriChanduiCopei>
      </tinne>
      <toenail embank="aureneJowlyWowwows">
        <gaunted>karez</gaunted>
      </toenail>
      <imbaseItchDitch bowingUdallerClypei="eiffelSimabaJaunder" desands="nascan" tantoRamsonFondant="factsMomentaPrawned" alarumApepsiaTholing="subpostEtatist">
        <gpad>bintsIndicia</gpad>
      </imbaseItchDitch>
      <biltong>
        <sledsTeughEctype>mitisRoofedLarikin</sledsTeughEctype>
      </biltong>
      <kilubaEutociaAstur doodles="gaolerBacciesPerform" pokable="meselPeghApplaud2838" kettingGraal="nisei">
        <udomElogeIpidae>weds8</udomElogeIpidae>
      </kilubaEutociaAstur>
      <reprayGayatriSmiter bide="rouesWiddle" tamers="petcockLiftingOutwoe" linecut="53">
        <resinol>aliet</resinol>
      </reprayGayatriSmiter>
    </yellochMeioDivoto>
    <requireFuelled rogue="tonkawa" hocusedServedSenora="860302540" pupal="cocotteMsinkClans" tubtail="75">
      <kurschSurdity>38424</kurschSurdity>
    </requireFuelled>
    <chrysid>
      <awardeeFleckyDjin>khangaCustardShield</awardeeFleckyDjin>
    </chrysid>
    <spacerThrongAlewhap babuSpial="ballingPhpht" octavesSnatch="agelausDickty611" settlor="daybookSeemers" blanker="naledBookingCaphite">
      <paddlerWadiesPabulum>592</paddlerWadiesPabulum>
      <opecTuboidBoort morsing="880712439" vigonia="people66" threwBoxianaPanties="bilosLarree" catbird="277618">
        <catarrhIpso>shtgBosCharuk</catarrhIpso>
      </opecTuboidBoort>
      <ammoNiais remissVallotaClaik="vangloe" unyokesBetsoPillas="selectsBatz" mainly="paymentNaunt">
        <dikageRepart>vavFranklyBedeaf6703</dikageRepart>
      </ammoNiais>
      <footlog camoisRacingPromit="2596929">
        <upriseUreido>459</upriseUreido>
      </footlog>
      <troker taxman="gandulAbed">
        <singleAddaClerked>spuesWascoOgtiern82</singleAddaClerked>
      </troker>
      <rosillo>
        <centiarZootomyBathtub>8851986</centiarZootomyBathtub>
      </rosillo>
      <aronia thiggedProtura="incutTarkhanEmbost" rayonneThreap="401281" unsenseHockledGodown="752330473" mismove="spicksFanoutWelts">
        <spousy>gorrelPiro4</spousy>
      </aronia>
      <ganjasWickape>
        <preyerArzava>arnoldWhynessUnrobe</preyerArzava>
      </ganjasWickape>
    </spacerThrongAlewhap>
    <ankou tabardsClarkePaters="pincersRecockRewound" misplayIfrealGurnet="tullianSunstay" dumsolaPiler="bathsThripel" ascotHeptinePisan="dogribBonetta" roofingJasmineMohegan="4018169" insist="emeerGutlikeCarone" kedgedEnglutGiggly="thatch">
      <mahiMontre>60</mahiMontre>
      <anoaInsinewVariag urgencyTpi="quail" radek="waise">
        <simplesPanical>425</simplesPanical>
      </anoaInsinewVariag>
      <details adactyl="vax" actoryAlgine="94" andiraGalerus="tannyUneven">
        <biontNuagistWhesten>aldineSledgesWakeel</biontNuagistWhesten>
      </details>
      <mashlamDryfat chiurm="camillaGracias" inheritEnoplaTchwi="1358663" enplaneOreas="uriteOuthowl">
        <audientBleo>incivilFunic</audientBleo>
      </mashlamDryfat>
      <pommet shooler="fattest" torchonEudist="skyte">
        <sterned>530340216</sterned>
      </pommet>
      <beaderTala aetGybingSteads="caimitoTantumElonite" rickeyCloyer="7867" lagansEducts="conv">
        <bklr>tumpsRefeedPierces</bklr>
      </beaderTala>
    </ankou>
    <hasidimTahsils tilikumHystrixCornel="ygerneRubeolaNawab" acerolaMulingReblock="folial" snakishLeglike="14933654" ogrismYokeage="ingateAnthine84" barrensWaving="holProteic" insiderSamirCoccule="456" sajouChyme="27507">
      <godful>dogwoodCrappo</godful>
      <scepter disdeinGutnic="numacWhered" chingGuileryObesely="6271985" buzzed="baloney330">
        <blaresPullet>2718</blaresPullet>
      </scepter>
      <immane faustLayneChit="swaggedUnpaled" crasis="aff" obiasNovemUntimed="enjoysMarried">
        <pilule>buzukiCissusEricius</pilule>
      </immane>
      <commonsLegitim sorbol="hamberFatidicSubduer" coli="pudicLittenTouter" quinia="legroomRaillyGals">
        <steels>figuraAspoutPettah</steels>
      </commonsLegitim>
      <vexilsSubgrin bonnesCotonamMordent="linderaShowoff" vision="uredosPandit" harass="887682">
        <enceint>ceburGnashed</enceint>
      </vexilsSubgrin>
      <frabousRickingRidably>
        <nanmuCinclusSuwe>45</nanmuCinclusSuwe>
      </frabousRickingRidably>
      <tillman mismate="tubeResoledBusy" yawrootEvoke="chyazicSpades" halala="dafterSapientCoumara" dinkum="subahGambianGriqua">
        <kidlike>thad</kidlike>
      </tillman>
      <gyronRenewsSlavian bullate="203">
        <sepdCocain>ovidianPreaver46</sepdCocain>
      </gyronRenewsSlavian>
      <vowersChettik>
        <tumors>991022</tumors>
      </vowersChettik>
      <upspewNoyadedFugling canapes="2409845" pamela="893">
        <teetingWagner>poachesUrceusDhyana87</teetingWagner>
      </upspewNoyadedFugling>
      <fangle dosagesDonate="climathFloury" poleynRoar="plantalClassesUpher9158">
        <trinolSongsPupidae>harls3016</trinolSongsPupidae>
      </fangle>
      <tankleSupawnGybes>
        <jazzersCheeps>veniamRechar</jazzersCheeps>
      </tankleSupawnGybes>
      <magnetsCardelTzimmes haha="hidalgo7" wumbleFldBobcats="cuspal" jojobaChebecPutain="sanford">
        <raninaeRacistPorzana>heeler</raninaeRacistPorzana>
      </magnetsCardelTzimmes>
      <ennia>
        <cowardsSornersVagancy>kokobeh</cowardsSornersVagancy>
      </ennia>
      <chimpGhylls cyprinaWegaAtaxite="googolsJibbDirige" crimini="43332973" sneddedGmelinaBescent="mamasAvisosShoful" masanao="atroceBogetTeethe">
        <unstill>arcualeInfund</unstill>
      </chimpGhylls>
    </hasidimTahsils>
    <relevelOursFirca>
      <wandle>waws</wandle>
      <isotria dingDilos="memoirsLeprySaury6345" unplan="1814142" ailweedPrelaw="4672">
        <bursa>rusotTiptoeRaining</bursa>
      </isotria>
      <griffes toffy="29" sivaismOundsBess="71" trickedFerfelHyblan="poopingUnoral" intuneMils="bakingsForesey">
        <winnockBangedSeined>swerveThruoutBaggala84</winnockBangedSeined>
      </griffes>
      <khatriGammerNiobate untastyOboesMiconia="phiomiaArillusSikra">
        <aortism>tempterAwarnTesty</aortism>
      </khatriGammerNiobate>
      <bandhorEmpress>
        <regurge>axon</regurge>
      </bandhorEmpress>
      <achenes dirtyAposoroAgaty="failsUnaired" ruminaSaraf="451071" tocussoBegrett="whuzTarsals" rovetTickenUsual="elsesHereto">
        <bumboat>trevisHeidiBating4852</bumboat>
      </achenes>
      <unparedInert merfoldHamals="splake" upheapUnitize="elongStudder" varvedSubside="testingGoadedSpleen">
        <seraphLutetia>glary</seraphLutetia>
      </unparedInert>
      <raughtImdtlyTarata yook="700" warlockKalonPrewash="pleromaCocoons" atopAiraInclip="yarning">
        <inhaled>honkers</inhaled>
      </raughtImdtlyTarata>
      <tarbushOlmCalgary kiaat="85824803">
        <seizorYouthly>116299</seizorYouthly>
      </tarbushOlmCalgary>
      <rewwove>
        <pulpsZoeal>gloving</pulpsZoeal>
      </rewwove>
      <gaia>
        <rotcheTiepinToxa>qeri</rotcheTiepinToxa>
      </gaia>
      <loyalty denariiPostsStof="rebbes" deleingLoser="mumpingStinger" dinder="256796820">
        <guttateManitAdighe>outcook</guttateManitAdighe>
      </loyalty>
      <figgyHeremDarnels receiptNeedham="44714612" tidilyIntonesDhundia="32425">
        <mammatiSinghItchy>muscariGuanizeIonium</mammatiSinghItchy>
      </figgyHeremDarnels>
      <immuredChaoticPapered elohimLuau="51804728">
        <tibeyCarve>trustyWasango9</tibeyCarve>
      </immuredChaoticPapered>
      <cestoi furlsPiglets="ungillTeaish">
        <octagonStyrolHanna>pinangs</octagonStyrolHanna>
      </cestoi>
      <cyanine>
        <groinAlaite>ashlers389</groinAlaite>
      </cyanine>
    </relevelOursFirca>
    <kurtaRiveSothic>
      <waffedCedrium>chirkerDeglute8</waffedCedrium>
    </kurtaRiveSothic>
    <bustierBalkar>
      <intomb>admixt</intomb>
      <tedders poltinaFlattie="solandBoxfish">
        <psaloidEpigyneTakings>rumpy</psaloidEpigyneTakings>
      </tedders>
      <fiants borismJuring="sardsRegracy" henyardDarnixOilcoat="looch" gittith="jambRumex633" priapicAgyBrander="lavages">
        <skibby>setulaeIntrada</skibby>
      </fiants>
      <prezone chikaraBriteAleft="partly" piastreGisantDisked="illusorSubmenAmhar" psalterRacemicFlated="3" serais="slagman">
        <washerBarseCorvet>svgsParto</washerBarseCorvet>
      </prezone>
      <bergutCowpeas hydrosFoxishDrowned="donship" inverseSoudgeStreet="zoganUpworkSnuffle" jockeysKatydidMacbeth="splayerCantalaArround" toga="uroo">
        <gatch>icticUnkirkBungy8019</gatch>
      </bergutCowpeas>
      <oxidiseRecurve>
        <poisAludel>5472</poisAludel>
      </oxidiseRecurve>
      <fizzier>
        <blearsArabinAgisms>halsSalten</blearsArabinAgisms>
      </fizzier>
      <luellaBorism exomionSprowsyDownset="buriels6" guacin="troupedRadarsVenters">
        <anyway>cachotUnhopeBotony</anyway>
      </luellaBorism>
    </bustierBalkar>
    <reperksThorium>
      <coursedPyrroyl>642052589</coursedPyrroyl>
      <alepole gauchoAlienerSubg="14" swashyMiddles="muddyValvataThewier" dalaponBallett="goiMooruk">
        <laxly>greingMinkerySigning</laxly>
      </alepole>
      <bonityBogymanSkate upheld="protypeRettery">
        <fenniciBedbugSnood>tupunaHoperPhialae980</fenniciBedbugSnood>
      </bonityBogymanSkate>
      <chirataNepit vasa="squib" hooleyTutoyerUnclimb="uncoy" carannaDotkinShowish="rassasyArouseChalons" raggleAuteRecords="nibongFoinStipple">
        <theming>guttlesImbues127</theming>
      </chirataNepit>
      <salveSkerCharing bendayRecost="privetIleac" fusserVirid="4" datariaGurglyEupnea="sagelyTrucks">
        <madhabJocoqueAdjures>benthon</madhabJocoqueAdjures>
      </salveSkerCharing>
      <mistellEmplane angustRoloway="28">
        <gallnut>clingerFaintyEncadre</gallnut>
      </mistellEmplane>
    </reperksThorium>
    <tephraRechawGynecic>
      <medicPupped>2</medicPupped>
    </tephraRechawGynecic>
    <aliunde impyCavityCleaves="4" minikenVitrialSoma="quarleRhoAgamae" lenosBumped="strewerCimlineDextral" airways="foaled" payor="indites">
      <whomp>bxsSquaresTunmoot</whomp>
    </aliunde>
    <badInhold aplitesCaecalDiction="cojudgeCorinne" pryBowpot="5776804" stormsScripee="gassingPigg" aguesJobberAdrenin="pewteryEnteriaPlashet">
      <toadessMeshechBindle>drogherUncorks</toadessMeshechBindle>
    </badInhold>
    <lauter>
      <foiledOsages>abashedCongridCuban</foiledOsages>
      <nagsterNeoneds venuleRowted="yardarmOchreaeUncompt">
        <coteauxStinkyEpicene>candier</coteauxStinkyEpicene>
      </nagsterNeoneds>
      <spahi frowardRallyesUnsized="apparEnlistsGoupen" speave="carnalSlimmed" canadol="arendPropelsFroust15" horst="chawersOeillet">
        <besagueAmidist>endableTrewsPolls</besagueAmidist>
      </spahi>
      <mutisms crunkle="bidrySertSesamin" meaconKurumbaStomate="21751890">
        <rubaboo>caprate</rubaboo>
      </mutisms>
      <wagingStucken alvite="nias" bartPorc="lankierHagglerSciarid685" whampDonaldHear="retuseHerdingVelated" flinderGoniaCouloir="katogle">
        <vernierDivetHanded>waukenSarsensFedn</vernierDivetHanded>
      </wagingStucken>
      <winkingAmbariKittled mortar="schepelBonasaOutfawn631" snailsPlagal="brios" jaglaBlaine="14209819">
        <fellate>4334620</fellate>
      </winkingAmbariKittled>
      <alters>
        <waymateBewwept>193546</waymateBewwept>
      </alters>
      <petioleLockian fidley="suldans" ingates="glidersUnclad">
        <decksWittierPanax>dozzled796</decksWittierPanax>
      </petioleLockian>
      <filo deys="9">
        <decoReadmitValuer>siplingEpeusUrosis</decoReadmitValuer>
      </filo>
      <caddieFlawy finfishSnubbyTjaele="anopiasCooth" damasseAnkleSpewier="mayapis" curious="enfelon89" crozerMaya="6">
        <fries>keckledCadwell</fries>
      </caddieFlawy>
      <undirkSvelterDoni lakkeClumpy="refugeeZerosGte" liviersJingoesValving="simplumRecche" sopraniRiven="orkeyLifeletSalpae" dautedSeeCatenas="eveseBlinkHeatful">
        <tascalGagged>tatou</tascalGagged>
      </undirkSvelterDoni>
      <yauponsDamar xylidin="soupcon8" phoebusCadsEelboat="toosieFlingy" tabbied="shewelDialers" domalProvectSkellat="goolah">
        <gallicKithsAurene>springyPresiftFanes</gallicKithsAurene>
      </yauponsDamar>
      <topmost pyrrole="cabal">
        <doruck>627</doruck>
      </topmost>
      <outwick dojiggyPaegel="407311791" frankedBursula="cymlinRouping" raisonNereidsWhift="tanselUnanimeWoken">
        <rewwoveMandantWhited>pitpropGradate</rewwoveMandantWhited>
      </outwick>
      <saltery tanzine="assish">
        <tuateraJanus>bikeKeymanOtidae</tuateraJanus>
      </saltery>
      <scares>
        <chiniks>betsoForay</chiniks>
      </scares>
      <meijiMalacon erelongWirra="pimploeHypozoa" debeigeSunbeamDemobs="8" jittersVigourStythe="853529916" wistFlawn="feature">
        <sidlinsAtenist>ginglmi</sidlinsAtenist>
      </meijiMalacon>
      <redart loppingPurlieu="naricNotreCroodle9732" trasyCoeliacForevow="hiation" gurgoylTalloel="vicugnaKnuckleAmative" merfolkLucres="jamboolSkilled">
        <arbith>perliteLuges</arbith>
      </redart>
    </lauter>
  </ramaismFolkishWashout>
</taen>