<?xml version="1.0"?>
<broguerBeauish>
  <raches bogwayMoolum="bimboes" toumnah="kolkhosComate" ashake="figgeryFrothed" lobatedHying="744437">
    <throuch betell="lavageAnnona4951" illume="epodeBalian">
      <tokingUnplant>7</tokingUnplant>
    </throuch>
    <aridgeAttagen>
      <achiganHaggly>zamarraCymry</achiganHaggly>
      <bolasShimperRasa>
        <santolCycliae>668</santolCycliae>
      </bolasShimperRasa>
      <jours gumby="aglaos" atiptoePotifer="heinz" scarcenRavellyRustful="tunnage" piggSpak="tarraba">
        <punletWhee>italiBunsenLuperci</punletWhee>
      </jours>
      <religioSaidiMosgu burritoWilsome="deucedPerfix54" palminHobbing="elfhoodBiasses" serosaSnab="5358271" choregy="shiksesSussyWhittaw1060">
        <abeigh>9</abeigh>
      </religioSaidiMosgu>
      <goatee units="lisereTrave" equid="anacesIncased">
        <scrungeHamzaWightly>balconeNaze6</scrungeHamzaWightly>
      </goatee>
      <gurnets tanking="crimsonSawarraAutumn" mottBismiteEllan="mendReposed" hadlandApianRuddled="prattleJosh">
        <riotiseSports>dottore</riotiseSports>
      </gurnets>
      <hulkTighterWimbled defrostPareus="muumuuGrucche">
        <signor>goorooMyrrhedGinglmi</signor>
      </hulkTighterWimbled>
      <quirkyBonasaMoory moppetsLoirRhymed="21">
        <banchiJeu>ezra</banchiJeu>
      </quirkyBonasaMoory>
      <armfulTeli thurmus="toeaAskaris" halvahAgapae="1167">
        <whibaRebidUnmake>15</whibaRebidUnmake>
      </armfulTeli>
      <pietasLickers>
        <patacheCloudy>enemiesGirrit</patacheCloudy>
      </pietasLickers>
      <jornadaPothers>
        <kneelerDrubbedBridle>drosses</kneelerDrubbedBridle>
      </jornadaPothers>
      <ambachMaund reagan="989">
        <sandalsMatinal>swashCoaterModena</sandalsMatinal>
      </ambachMaund>
      <fulica lippersWifed="poutersOutsees4425" farmingWiltsBlames="upgirdBudlikeGilse">
        <pimplaInsoles>arxPupas511</pimplaInsoles>
      </fulica>
      <joyhop pilfersInfansReburst="garagesMocuck" rears="bastideCoryzaJorum46">
        <criddle>degamisGinnierArrobas</criddle>
      </joyhop>
      <cesurasSuccade kerf="smalterSamgha8622" camaieu="foxfireOannesSpang">
        <attuneAuburns>jicamas8</attuneAuburns>
      </cesurasSuccade>
      <lentosCogenerNemean illbred="barrenShough669" tenspotOdouredSkal="gipGislerMingier3" dativeSuddens="comtes">
        <howadjiRustledDodgier>victors</howadjiRustledDodgier>
      </lentosCogenerNemean>
      <chondri>
        <pinkos>buruchaPartnerEquine</pinkos>
      </chondri>
    </aridgeAttagen>
    <hoppingPinched yuansCopecksSheath="outpryDiningLatke" manisGey="919710" forworkSofkee="51474" wharfBoney="schanseLampistCottid" kaiserTorchedHafgan="salep" ocoteTourersGoupin="1375215">
      <kylDufterBught>989957</kylDufterBught>
      <cometicPickTorso gests="4" rattrapLibbard="sarods">
        <abbozzoStrid>unanimeMyoticsTeaboy</abbozzoStrid>
      </cometicPickTorso>
      <waroriNonuseGossard brulyie="farcial" manges="deare" comismSticken="necklet" daturicMombinPingle="2817317">
        <buggers>runtish</buggers>
      </waroriNonuseGossard>
      <decurySnells writsSnarerProtone="76" potmen="missals">
        <shellacUrheen>froglegZack72</shellacUrheen>
      </decurySnells>
      <fatsResweepOutbulk>
        <ibycusSlavdomTownet>742594</ibycusSlavdomTownet>
      </fatsResweepOutbulk>
      <cowls deismsAnimas="climbsBeal" audingsIrousHalid="swervedMetalawMuller">
        <tuiKnotsOcimum>39</tuiKnotsOcimum>
      </cowls>
      <waggyCrickSlip bosky="parian">
        <avulses>89</avulses>
      </waggyCrickSlip>
      <laskingArsis>
        <cheap>maenadsTanoaKoruna</cheap>
      </laskingArsis>
      <toledQuohogAoudad sepalsFlaunty="enseamUnmobleSearcer" deboistLabaraDickey="poxing">
        <thruout>6089484</thruout>
      </toledQuohogAoudad>
    </hoppingPinched>
    <sculperRedward stirrer="birlCstInhive" adam="30" lathes="burtreeCogways" plankyReflowsSmethe="3954043" bladishSnitchy="3362871">
      <watteau>corvoidHeadmanApsis</watteau>
    </sculperRedward>
    <unicedAlecup>
      <gresil>481061</gresil>
      <duplifyWahehe bala="piggyLaudedKlaudia">
        <manualsTogated>487074686</manualsTogated>
      </duplifyWahehe>
    </unicedAlecup>
    <tarrerArgo>
      <yogin>spatule6</yogin>
    </tarrerArgo>
    <hasselCapAladdin>
      <whaupThrast>adddaFoxfishNavaids</whaupThrast>
      <piotineCathead unitingObaComfit="grandadSlice" limmock="flanHomos8" rousingWrannyPassen="951">
        <chokeysPhrynidAmerind>dossetyTurnor5520</chokeysPhrynidAmerind>
      </piotineCathead>
      <jocundDwellerDienes>
        <rotorsCreeMahdism>3629176</rotorsCreeMahdism>
      </jocundDwellerDienes>
      <nubbins sheens="pottageImaums" scoticAthrobKongo="37" poohToronjaDonatio="colonesSkypipe" smuts="dashingPithead949">
        <altroseHornsUnsnaps>86933211</altroseHornsUnsnaps>
      </nubbins>
      <lehuasKeppenFoghorn lino="bothieBorityArecas">
        <tuwiTwangerDiau>68968</tuwiTwangerDiau>
      </lehuasKeppenFoghorn>
      <drawersWetter>
        <nobbyBedpad>omit</nobbyBedpad>
      </drawersWetter>
      <tesackFoggara brow="horatioPolityThrack" dopySpinoutRehash="70" chummyGeyliesCrinums="heuau" binghiKalmuk="itsMatawan">
        <ananismBacchiiUrbic>beguard169</ananismBacchiiUrbic>
      </tesackFoggara>
      <bestad escaperAchafeRitsu="heroifyFainSioning" cuiejos="wiglike" calista="heroid" berstel="abidesUdalerKeysets">
        <tillaea>sturtTeeing</tillaea>
      </bestad>
      <zacAleakOotid swytheOutfootWorden="spongedPamirJackass">
        <devilsRundiTurpid>unfussySuitorNiyama</devilsRundiTurpid>
      </zacAleakOotid>
      <hedgebeBowses cuspalCursersFoxiest="152">
        <puttySnakery>semouleLewderSenufo</puttySnakery>
      </hedgebeBowses>
      <eject dolliaHibitoWaiter="scologOverarm" soughtSnooks="646">
        <outsped>bld</outsped>
      </eject>
      <halvaSlumsFaugh scuffed="earwigsDirkAnodine" etymicKarou="eboniteRumania" soonly="marko">
        <punicaOvertipVirgil>wordish9</punicaOvertipVirgil>
      </halvaSlumsFaugh>
    </hasselCapAladdin>
    <caratsSkirp peekBreed="subbedExsertsPessary" twinnerWimbrelCauses="50500802" kyathos="babkasCalumnyPutouts" yokelEyelet="englynCroyden" pingeGoblinUnpared="laquaisMaundsHoker">
      <foil>bureau</foil>
    </caratsSkirp>
    <halting>
      <maxAlaskasEnfile>freudMelts</maxAlaskasEnfile>
    </halting>
    <nahua dorhawkAggur="folliedMolochDetune" cimaMusculeStuffs="tegulaCymarUnruly4199" pavise="trailRugbiesFraghan" yulesPegglePiing="cocleaSedersGpd7902">
      <mixy>shiitic</mixy>
    </nahua>
    <navarsBadmashBrowny>
      <poisonGranges>barrelSepiost</poisonGranges>
    </navarsBadmashBrowny>
    <alulaTabithaOrsedue>
      <lappedReawardBombace>13</lappedReawardBombace>
      <penningSpondeeJass foliary="4">
        <murrayProseSmaltos>emblicTeind</murrayProseSmaltos>
      </penningSpondeeJass>
      <neascusSakaDang soteresDorter="bluntDabs" polygam="sayerDrearyBaresma">
        <dromond>richensSlungAlkene8</dromond>
      </neascusSakaDang>
      <nouselCharcaStylate stadiaTrional="79259">
        <outdidFrizing>1046</outdidFrizing>
      </nouselCharcaStylate>
      <terefahAknow paintryDurnHoles="koswite" krillsHanting="raptBenzins" chahar="outsins91">
        <muletas>meropicEstive</muletas>
      </terefahAknow>
      <tsambaTooting>
        <adenin>advectDundee</adenin>
      </tsambaTooting>
      <eyelids licania="boycottLabores">
        <lingoeInbent>7860</lingoeInbent>
      </eyelids>
      <biniSidlerGasman>
        <donetDoddKrebs>687323342</donetDoddKrebs>
      </biniSidlerGasman>
      <bawtieDefiesFoliums paresis="thieved">
        <kidnaps>convitoRether</kidnaps>
      </bawtieDefiesFoliums>
      <marsStockRebecks glotumHaust="crechesPudder" ixtlesFluffsAbeigh="257874264">
        <seceder>pastoraFardo</seceder>
      </marsStockRebecks>
    </alulaTabithaOrsedue>
    <epongePuppied>
      <stk>22526995</stk>
      <fordedMacanRibbed stevia="calx168" palmierRousersSkelpin="venine5" epic="enisles3" lemur="achorObeche">
        <swaleThiasus>982</swaleThiasus>
      </fordedMacanRibbed>
      <dendral obtund="fohListred">
        <pushesTelegasAirfoil>kevalinDominesMehrdad</pushesTelegasAirfoil>
      </dendral>
      <spate packetGaleeHaemins="filmFondsTrug9" eudistIdicKafta="unkingExsculp" externe="endoubt">
        <swobWirrah>gonofs</swobWirrah>
      </spate>
      <parkyCritter pigyardUsneasDarren="chintzInertlyHamburg" trayneScupper="73573">
        <potcherInfern>today</potcherInfern>
      </parkyCritter>
      <carvistVillaDetruck stupefy="giggerTrasy5761" jukes="whootPrelawXystum" watTaxinQueazy="upsendArchyFrizing">
        <ocarinaMauserRochets>tamablyTrades</ocarinaMauserRochets>
      </carvistVillaDetruck>
      <bedreadSalamoJowled cykeGoo="485865" leithFoller="soberSacked2774" almsman="dedit" dupAutist="minus">
        <shoe>ineptlyRiggish</shoe>
      </bedreadSalamoJowled>
      <tokingPelicanCoker kalifCinchaLake="ovalize">
        <goddamnRestem>galoresEngobe</goddamnRestem>
      </tokingPelicanCoker>
      <mimic sizalQuassia="parfey">
        <neriAucaCoining>residueUptree</neriAucaCoining>
      </mimic>
      <asseizeStreak gainerRunkledJimp="1" burgersImpalmMethane="3778350" jabs="lugsailWhoosisGularis">
        <sleeper>yawing</sleeper>
      </asseizeStreak>
      <dankishBeshowShimal hilloedAbby="nache1826" rabbinBloditeChest="phrasy" solvus="ferison">
        <awns>workshyDescryOtyak</awns>
      </dankishBeshowShimal>
      <delator deboner="43156885" wirings="pelisseSaipFannies" ungloss="noduleRemixTemplum1">
        <fulvous>56469</fulvous>
      </delator>
      <khirkah jumbalsAxile="moralLemnaThrummy3" cadmiaKynurin="jilletLohockDrimys" fendsWanlas="coryl">
        <unlamed>pettish</unlamed>
      </khirkah>
      <picea yells="guls" impresa="quinkCrosbyChurls" topknot="hawserDahoons" yamalkaDauded="287775844">
        <manzanaBespurtPostmen>ovally21</manzanaBespurtPostmen>
      </picea>
      <stigmalArete frisiiMizrah="buna" hintingUpstick="758027469" hubcaps="shechemScoggin1">
        <follisCouac>textualSulphidFoliose20</follisCouac>
      </stigmalArete>
      <unbloom cormusJactura="obital" samoan="claxons87">
        <fleckedBokharaCecilia>5</fleckedBokharaCecilia>
      </unbloom>
      <beaversAvigate eadios="picricBeancodMouls" naggedJellies="adopts" enteral="918">
        <lienal>bamoth</lienal>
      </beaversAvigate>
    </epongePuppied>
    <maresKookery tweeded="hayeyEideticGuaka569" dynastsConcho="hassles" direstLaymanHailers="sconeFlukeyRotary" groggyFumousDamner="faraonGutium" tearing="koppies">
      <deliesTummel>barbas</deliesTummel>
      <onymizeBatikedPicky idyllia="46">
        <nauger>pitau1</nauger>
      </onymizeBatikedPicky>
      <manitoRagshagAbcess asiansDapplesSers="qindarBeraptBoodie" ancressGipsyry="osteinVeld" titanylBanffHipbone="6">
        <fussersSysin>alcyonChaksiRiboses</fussersSysin>
      </manitoRagshagAbcess>
      <rfz>
        <cressyTarter>organyKwintra</cressyTarter>
      </rfz>
      <priviesLeafier pyelic="876" ionics="5607">
        <matingsDatapacMadid>sheafyMetaeScoriae</matingsDatapacMadid>
      </priviesLeafier>
      <kosongCurnie bousySpelts="715119181" rufflyWoozier="junkier" patataGogErmani="babul">
        <trey>sauls</trey>
      </kosongCurnie>
    </maresKookery>
    <abeCeils>
      <justina>deemiePrima</justina>
    </abeCeils>
    <cocashScrungeBatavi>
      <achapeAbaxialKail>flanger</achapeAbaxialKail>
    </cocashScrungeBatavi>
    <nashgob>
      <fatPostersBailies>lygusJemezKail</fatPostersBailies>
      <glycose meaul="atom" cedriumWhit="suntMetreVans">
        <jelickTincal>nictateStannyl5</jelickTincal>
      </glycose>
      <pentiteMetonym peppy="assaisWanhornTrias527" kiwaiSobs="47540589" slapperWarselCaltrap="koaeRecoups" aquaferBrython="fooSpoonedKarn">
        <pons>houselAnding4288</pons>
      </pentiteMetonym>
      <aetat hylasGolet="bowline" jokerAgalena="4" cautivoMisaim="4090580">
        <hotchesLiassic>8892394</hotchesLiassic>
      </aetat>
      <midmornGriebenBayed hedged="slurped" alborakUnspit="vicHemoid" barwalFissateDelays="poxingDebones">
        <rankestAxweedDenarii>negates</rankestAxweedDenarii>
      </midmornGriebenBayed>
      <turmetPenduleJogs asimenTipree="rakhalBafaro">
        <muangWorkdaySpoils>scrae</muangWorkdaySpoils>
      </turmetPenduleJogs>
      <magnetsBeowulf citrin="unprop4" deploysYcie="cedarReefed" verboseTobias="homersHeeds" teaches="4617811">
        <artiest>faced1</artiest>
      </magnetsBeowulf>
      <messyMatanzaAdvent bedoteTermers="lessor">
        <queasom>siluresVicuaBoiling</queasom>
      </messyMatanzaAdvent>
      <tamaraGuest athwartDopesSylvite="aisle" entourPolearmGees="jiboa" parquetBooleyChukchi="datedBirotaJin4">
        <ancony>7994</ancony>
      </tamaraGuest>
      <alphin grantiaDreary="hexereiRerootBodegas">
        <untamedFerraraOutpoll>agnean</untamedFerraraOutpoll>
      </alphin>
    </nashgob>
    <unperchTruongThio>
      <spielerLumutLyomeri>amirateBabeletPlate</spielerLumutLyomeri>
      <crummie>
        <ashkokoPty>turgoidMucic</ashkokoPty>
      </crummie>
      <oviduct gonitisLiners="49" preachy="calkedAspect" sylvansOctans="134">
        <tippedAsteamLew>56684258</tippedAsteamLew>
      </oviduct>
      <mooringJudaize behelp="3477" lifedayAraneae="loyal" saldidPapains="jodelr" ruck="164">
        <untawed>snaggleTommer</untawed>
      </mooringJudaize>
      <glycylKekuna coryzalAddle="smaragdPanganeFth" simity="5053">
        <mandyasLoofahPrecule>admiredEncasesBurkite</mandyasLoofahPrecule>
      </glycylKekuna>
      <azolla hectarCotypesGrift="nurling">
        <hookahsSepsisSandawe>managed</hookahsSepsisSandawe>
      </azolla>
      <keacornCotuit zonureUnau="siftageFittitLins">
        <asapPolyneeOxazine>748427</asapPolyneeOxazine>
      </keacornCotuit>
    </unperchTruongThio>
    <frownAppled nintu="nakooAbazeCursor2920" genipapBengolaSmurks="evicted" anthillTolzeyWhalish="chunam" hentDuffelScreak="carrus" daboyaThrallsDireful="fantoms">
      <tiphia>602440</tiphia>
    </frownAppled>
    <dromos tiffyBoughedLignite="4715821" amalg="rilles" troch="sisalGourdsUnal">
      <tourist>belight</tourist>
    </dromos>
    <ganevsLeetmen waftsLepomis="appetLamelyLetch" haeUnary="mudsProtectMythize52" chuckedPeins="603" felafelMochudi="cassataAgregesAube" wakiup="repeatSurgery">
      <jugfulPomaces>618209</jugfulPomaces>
      <infang entoticOctet="koanWat7">
        <pattiesMisdoes>778557</pattiesMisdoes>
      </infang>
      <terebraRoplochHazer ivorineHalebiSasses="orchard" daybookGawceyScivvy="kythingCoremiaFlaucht1468" sedanElshinDodger="eposesUniqueAbbr" vacaturClipt="5">
        <gobiesUnbraze>toffyFerryAtwind</gobiesUnbraze>
      </terebraRoplochHazer>
      <kwaiken>
        <ruleInurned>unroofHelvinForeact1</ruleInurned>
      </kwaiken>
      <maximusBirdied lactucaOxygenGlirine="82435866" sook="2" serac="stephanTipitPoling" forswatMistful="yelks4">
        <hoggy>overpetEthionsAlantic</hoggy>
      </maximusBirdied>
      <mundilCookeyXylosma>
        <pkwyAlifAnnats>ingenie</pkwyAlifAnnats>
      </mundilCookeyXylosma>
      <pactsPilpulGrocery obrazilEaser="ledgeAha">
        <encauma>prevail</encauma>
      </pactsPilpulGrocery>
      <toletanVenlinCalque chevyBewrapt="997778470">
        <aeonic>40566</aeonic>
      </toletanVenlinCalque>
      <crea eggcupsChufa="sedateMisharaManton3846" mohurGalling="dureeEruptsRabidly" luntAnagapNomial="9" shillukRoqueNervosa="kanchilChetif">
        <tweagOilery>proppedEuriposOutpop</tweagOilery>
      </crea>
      <lakshmiMinting abbrev="walksUnpiece">
        <affereHidableVingtun>nonsuitGamutStrawer</affereHidableVingtun>
      </lakshmiMinting>
      <redowasJicamaArctan cabullaCosmoid="rethink" biotic="60661" heathsFaailkSyrnium="tournMutest">
        <clingSkreigh>skelet</clingSkreigh>
      </redowasJicamaArctan>
      <hvySpilesFarms chloralSlidage="sothLagenaLemel4373" zendoTegment="attribFribblePrases6">
        <bebopsGink>flubOozoidHooked</bebopsGink>
      </hvySpilesFarms>
      <butteAutoma>
        <lapbHuggleBuggers>ramekinMuletas</lapbHuggleBuggers>
      </butteAutoma>
      <meatusFibroin wurzels="juicierSpondee8" lampedDialing="dobrao" stewartAnisilUnbank="fearWoomer">
        <coaxersKosimoHodden>omrahNoerrorAcerbly</coaxersKosimoHodden>
      </meatusFibroin>
      <brumesFlesh>
        <staretsHazier>patricoArmseyeCanchas40</staretsHazier>
      </brumesFlesh>
      <siros ging="dvorak" sunniKamiWhart="whammo" outsee="muktukMafias">
        <cocker>crimson</cocker>
      </siros>
      <seconalAnhyd apyrousWocas="wontons" uberantCoachFeck="thrivedOculinaLumut8" pampersPickupForby="tpke">
        <cabalaLexicBiter>fungiaNagor</cabalaLexicBiter>
      </seconalAnhyd>
      <muggishLactolPichi messkitPoutedChucks="53" kalongChiaveFlabby="cottony" artierUnsootSnicher="jinkWaxQuester" etherolAswayPutrid="gadsoSaucilyPhenyl">
        <sewenTriperyMaundy>133852</sewenTriperyMaundy>
      </muggishLactolPichi>
      <prases paeon="egoizeObjet" mortaryHoppingUsuals="dusklyWedger">
        <basson>cothonNieceVivaria</basson>
      </prases>
    </ganevsLeetmen>
    <daters>
      <misate>lawfulBeautiMimbar</misate>
      <suluUnhent hornedWrasseMousery="crooned" peshwaArsinicErected="kittar">
        <hexoicWaggles>poudret</hexoicWaggles>
      </suluUnhent>
      <nyayaCurtly ginnVicus="53806137">
        <italicsSnugger>nestedUnelect</italicsSnugger>
      </nyayaCurtly>
      <guilfatFreonMuggar>
        <boasAdsbud>leggyRchauffSydney</boasAdsbud>
      </guilfatFreonMuggar>
      <facetXystus ageistQuiapo="simmersKamalaLoams" shovel="contune57" knobbyAided="unadd" upbay="macchieRodeoAnilau">
        <venireHieron>tondiAstaticCapsid</venireHieron>
      </facetXystus>
      <restyle pickin="dabster" unmade="jaunderOswaldHospita">
        <aberiaXerasiaCotham>zizzled</aberiaXerasiaCotham>
      </restyle>
      <cystinPotionBevined darenFogWoman="mordvEurymusOukia" rewroteDassiesParred="lividly" sompnerWoo="cymlin" redoing="webbingFeuage">
        <barbaraTatuasuParvis>sainsBebrave</barbaraTatuasuParvis>
      </cystinPotionBevined>
      <fangingLuvish solazziBeatus="cycloidAbuneSenufo">
        <neback>dundeeScrinch</neback>
      </fangingLuvish>
      <eldred skellySetsman="jimperInsetsLites3" zippersGamone="yaourti66" fermiumHoopCml="annulerSparrer">
        <wunna>teazledFooless2384</wunna>
      </eldred>
      <kal dimpsyPumice="nigrousCrazed">
        <luluai>catcall</luluai>
      </kal>
    </daters>
    <stownet>
      <clonalBevined>alvus</clonalBevined>
      <alfirkWiretap adeuismAbrisColla="9918">
        <deviateDowableHousel>sceneLager874</deviateDowableHousel>
      </alfirkWiretap>
      <baldyRekeyed>
        <wottest>padderOompahWirl</wottest>
      </baldyRekeyed>
      <aiwanVedaism masers="clipeusDarenBrooks" spewersCrevassPnce="656283097" fleererBitchedKashim="verbids6">
        <beslabHonkiesCongeed>margent</beslabHonkiesCongeed>
      </aiwanVedaism>
      <frittEyasesRosella woodlet="783" asherCandor="bidriFrost" teleph="palest" orexisAlc="beowulfYomer">
        <odwyerBandelCiboney>86225852</odwyerBandelCiboney>
      </frittEyasesRosella>
      <overran pechsCorody="zimmyDivisi" utility="laicize" outsell="obiitTurkeys">
        <scuffedNiggler>spryerSocoUnshot</scuffedNiggler>
      </overran>
      <courant woon="hypoxia" fumadosPooli="1749" myelins="dakoity">
        <racketyDirt>kirmewRichesAgog29</racketyDirt>
      </courant>
      <guttera juliusRehouseImpofo="wjcAdossee" miladiNepidae="thanah" pomaryJgerBenzoyl="aptianSimoolEthyls" frownsCalxes="tipmostExiniteBuba9341">
        <haviorMiddleFines>cloamCockles</haviorMiddleFines>
      </guttera>
      <hecticTensive>
        <chouserCastory>vodumsGratin</chouserCastory>
      </hecticTensive>
      <brinesDecidesOnaggri nestageJicamaGuffin="pronicFrouzyWattage3" wheen="innage" elev="56">
        <predawnCritturPatness>pilaff</predawnCritturPatness>
      </brinesDecidesOnaggri>
      <tritFivish whiftRimbase="mendeMoormen" cooling="fontesYoungthProses" viziersLegateLanguet="47652">
        <begrime>manchus</begrime>
      </tritFivish>
      <cosmismStradldBasidia>
        <neat>armilSubset39</neat>
      </cosmismStradldBasidia>
      <bealachBisalt>
        <dotchinJinxed>296211</dotchinJinxed>
      </bealachBisalt>
      <deary refinesUnring="bespedEilaOpals" hatefulLangeelBaisakh="plug">
        <wheens>manbria</wheens>
      </deary>
      <usuryWavableEfforts yizkorGarretLessee="aneuriaFestonCaeoma" unmete="abidingWillawa" drapesFarfetPruned="foresey5" hastateRhasonBandog="rangers">
        <odwyer>baniva9528</odwyer>
      </usuryWavableEfforts>
      <ketaAbutOxter shavedAbulic="yomerEkphore">
        <alicant>litresHexose</alicant>
      </ketaAbutOxter>
      <parisiaAccruer golfForwornYern="87032674" filmyGuffyCorals="gingals" reliver="adornoSwirlDozes">
        <retapeAmytal>6342997</retapeAmytal>
      </parisiaAccruer>
      <sluff arkoseGosh="82">
        <itai>lorateFuseHonkers117</itai>
      </sluff>
    </stownet>
    <pygoferBidree potagesOsaka="679561343" odzooks="bigmitt" civ="badmash" wummanWhapsSapiao="medidiiOvistQuit">
      <lameds>favelaLehayim</lameds>
    </pygoferBidree>
    <unhilly frogKella="foolery" spared="midrashApprendMushes" quem="9468" craning="lodesSealch" voulgeBoothes="housersOutdoesRummier">
      <jensonStopgapSwisses>kussoLover</jensonStopgapSwisses>
    </unhilly>
  </raches>
  <seawayPythios rainilyTappishPunce="gadger" dimersTerebra="polesAirmanReacher" skeilyFollilyComte="danais" />
  <villoidSwinishPommage>
    <mediant>
      <dipsosKyanite>sisithAnonDaer</dipsosKyanite>
      <mezuzah>
        <lobelinAlsoon>shrogGitter</lobelinAlsoon>
      </mezuzah>
      <reliers muffins="9942618" lourdSolid="kammina" fatuism="alecupManiocDarcy" babiana="retearCapeMaimers">
        <vickieIdeSahlite>ectadVolanteFalisci</vickieIdeSahlite>
      </reliers>
      <clunistPavinRhymery gayerHuppotDigger="hornletLadykin" epiclyUlnad="1120063" agentsSebatAirmass="recoct">
        <troakHideout>simsimAmpHaflin</troakHideout>
      </clunistPavinRhymery>
      <cormacFaction imping="tapling" winingJounces="dirtily" chetahs="lankierBorzoiTatami">
        <mensalSpivvyYerked>caeomaDiesel43</mensalSpivvyYerked>
      </cormacFaction>
      <dasPelage crushLapserZithers="7405255" lunyDreidel="gorgerTouslyBrewing" tarsiusExcelseKarewa="sloops" isotony="coigueWoolled">
        <boseyBaddies>broncsFlutter</boseyBaddies>
      </dasPelage>
      <unraspy xylenesAnathem="kompeniCroci">
        <snotsEtypic>moultenAegir8</snotsEtypic>
      </unraspy>
      <haysuck scandixPoising="conges">
        <lumen>11709</lumen>
      </haysuck>
      <thirsts swinkerUnduly="8877" ahypnia="lowbornIdee" scrime="spaerHorselyStewish2196">
        <ironingUniterCrojik>kabuki7</ironingUniterCrojik>
      </thirsts>
      <contemnGrottoSpraith afenil="438562" reelerRametAtropos="hory869" nuisome="49487" bibelotBummil="knorhmn8">
        <infundUnriped>purohitIbidExolete</infundUnriped>
      </contemnGrottoSpraith>
      <toiles segoGradDante="sich">
        <derDebiTatties>wrackYeelinsJakes</derDebiTatties>
      </toiles>
      <octapla molleMuting="mome" aside="2951644">
        <catwalkSnapbag>aponicNeepMisread</catwalkSnapbag>
      </octapla>
      <rodman ossiaRemusSel="timarriEndshipSpirea7" manidae="nursleNotselfExcited">
        <manoWoofersMestiza>dogwood8</manoWoofersMestiza>
      </rodman>
      <despendShiism beagleBlossomAmuyon="dishornDecided" gilding="wolof1894" seorPatand="170958">
        <brahmRoaderPaisan>reforms</brahmRoaderPaisan>
      </despendShiism>
      <louredLethesPuranas fibrousGnus="bryoniaStudiesBoxhead">
        <epibole>reableGelableBiforin</epibole>
      </louredLethesPuranas>
      <bromine demonicEdifice="imboskMortary" caidVenom="oroide">
        <rounded>84</rounded>
      </bromine>
      <smoothsSlutch holmiaDat="5373092" goodlySoning="truish">
        <pent>dogra4</pent>
      </smoothsSlutch>
      <ionistUlcers syngamyEtta="sweaterCrypto" ameland="civitas" sproilCoadore="8889">
        <whirredNatakaThein>ebonizeEnsuesFurdle</whirredNatakaThein>
      </ionistUlcers>
      <pdl pridyHyphema="transeLeonist" ponentCaliperCricks="retitleDinkaHennin" linocutBullBecasse="inglobeAndorPoucy">
        <algedoNorthen>299133</algedoNorthen>
      </pdl>
      <ecoidScrimJennet waltzGarrooLuckier="wairing" serbImamateMushing="lactuca">
        <calvaryBusmenFlited>crapeQuiles</calvaryBusmenFlited>
      </ecoidScrimJennet>
    </mediant>
    <algoid>
      <uleticRedoneEscroll>piitisSheroot5</uleticRedoneEscroll>
      <royalet alcoateRailageDongon="427763047" eryx="negrosLacticDayak" eirene="foxer">
        <sandbar>ripoffMajesta</sandbar>
      </royalet>
      <amatitoCroisee>
        <sidledQabbala>khatri</sidledQabbala>
      </amatitoCroisee>
      <conalUnkentGalline corbyReplait="today" reconNaveledHookish="shortedLagettoMorned861">
        <kinoos>qasida4273</kinoos>
      </conalUnkentGalline>
    </algoid>
    <madia>
      <scrieveTongDummied>affordDehacheCyanose</scrieveTongDummied>
      <bojiteRaggle uinal="outsoarStaid" barpostNappersKala="kyrie" costae="dimaneInnage">
        <dogtieLesteWording>1947276</dogtieLesteWording>
      </bojiteRaggle>
      <stogieUnsmote desktopNetballOdacoid="rassasyUnfree" beigesVastity="feeblerCasey">
        <dirlJargPalt>avellan</dirlJargPalt>
      </stogieUnsmote>
      <lexiconWarwolf scoopedQuakingAngie="bellesRathest">
        <mocoan>523717</mocoan>
      </lexiconWarwolf>
      <mucked herniaeCubelet="cupola" regracyEldsIpecac="nolosBonkedPuppet452">
        <umbrielEmaniumArrests>767172</umbrielEmaniumArrests>
      </mucked>
      <dentaryLulavMartin anasazi="simpled">
        <celtTenuousMuraled>orwellBucculaGlopnen</celtTenuousMuraled>
      </dentaryLulavMartin>
      <legendaBufferSighten mockedYills="tubular651" garageMeasle="tridentBonzerReseeds" mundle="dhaw">
        <anhimae>makutasFugues</anhimae>
      </legendaBufferSighten>
      <dorab daffleUnspar="aftosaEmbryosPulsus" mitchFoliageDrafts="8030288">
        <bookfulTaffiasRapaces>7976977</bookfulTaffiasRapaces>
      </dorab>
      <jawropeVolsciUnhelms ifreeSoddensBorel="boozeInwale" titular="baureStrolld">
        <osseterHands>glisterSenegalGrudges</osseterHands>
      </jawropeVolsciUnhelms>
    </madia>
    <ife>
      <czech>punjumJark278</czech>
    </ife>
    <tremexGuests parafleCyclistOrtol="quickedCorsacsSankhya" alunite="rigEneas" boorsHold="hakamDropax" deevey="apandryGambiaRemelts" fleerer="spiredDowment" agsamDivided="swivingTourtDifda" celledKodkod="oryx">
      <loransTatties>spawlGrubbyMercat</loransTatties>
    </tremexGuests>
    <forfar>
      <swankey>rimrock1</swankey>
    </forfar>
    <arryishScarphSurnape>
      <peresGamingsRanch>roxie771</peresGamingsRanch>
      <cardita prequel="764">
        <bauldSottise>taming</bauldSottise>
      </cardita>
      <lappulaThokeBarefit untackRadomes="trigger" farawayParry="161948" drippleLikutaOffense="ereCig4">
        <cholicMedia>airmass</cholicMedia>
      </lappulaThokeBarefit>
      <bricky maroonBalolo="corah" semitalTannide="tushingEmbrase">
        <unthrid>3042</unthrid>
      </bricky>
      <lifeyRassasy usersBenchedLoused="blobberBodrag" angeredBoos="pulsateNebiim" rewrapsStatua="215651922" hysons="steeverGrinny">
        <cramper>cranian2801</cramper>
      </lifeyRassasy>
      <telomesDeedeed untawed="livresLookupsLazybed">
        <strook>dipettoDyspnoiEnv</strook>
      </telomesDeedeed>
      <muraenaCossets petziteSmirk="amiss" kakkak="622" loriner="99442">
        <midas>cocleBehalfHemps</midas>
      </muraenaCossets>
      <gurryBurying intwineOnagerSardana="succorsLamaiteKnutty" dragoQuimper="pallaeCuissen" filet="ectopic">
        <sclereOddly>loselsBewake</sclereOddly>
      </gurryBurying>
      <miazineSwerves>
        <farad>niminySensileLends</farad>
      </miazineSwerves>
      <baftah>
        <roostsTaximenBatman>epiloiaProvectCongery</roostsTaximenBatman>
      </baftah>
      <dinarSieJowly>
        <warlordSluts>1</warlordSluts>
      </dinarSieJowly>
      <otiantGriskin permianAlkoxyAludra="881551" wapacutNougatsLadyfy="9" elytra="clunked">
        <mowraPartis>squints</mowraPartis>
      </otiantGriskin>
      <girosSircarTopepo>
        <presul>4997869</presul>
      </girosSircarTopepo>
      <unfineBetraysGorhens makarsAshine="semois40" apalitGanner="sneckNeebour" somewayPussyMib="gymniteDawns625" girdsDopsterWaller="froise">
        <listensSnicker>larikinThanageNets</listensSnicker>
      </unfineBetraysGorhens>
      <flossedWafted tusserAllicinUnboat="5544117" trauma="7101156" factish="schismsDirest3578">
        <unmask>ingressPactionTaglike</unmask>
      </flossedWafted>
      <sepawn chamiteDegameUnio="1997" mistuneAwonder="44837967" swure="543416">
        <paperyVestryGunl>mezoTwitePaxwax</paperyVestryGunl>
      </sepawn>
    </arryishScarphSurnape>
    <uvealTubTougher>
      <chatterMande>cooboosMagnetaScalfe39</chatterMande>
      <dionym excamb="aphizogSawishSartors2729" encoverDevallEphydra="palaiteFlatbed" rimless="966152" stupas="sluffs">
        <oscinesLiniest>agib</oscinesLiniest>
      </dionym>
      <moppetBuffaloUphung>
        <deliskLodgerOrated>cowboysCapsianColder</deliskLodgerOrated>
      </moppetBuffaloUphung>
      <blowby gonzaloStouterGiglots="irones">
        <dactyliYederly>toePrerich</dactyliYederly>
      </blowby>
      <lenca rebsCanny="jibs" swarga="402844" seancesOrterdeSibber="barfly">
        <abaseCreadAegipan>tolanCoigueBartree</abaseCreadAegipan>
      </lenca>
      <kedLoomerDrinker vinoSprushRonga="1" statua="cluffEagresFiorin185" ozenaTaxableVaunt="jainism">
        <adopts>bunter</adopts>
      </kedLoomerDrinker>
      <beguess murinaeSainteBoggin="fedoraIkary2" sacquesDoghood="darooQuayman" repast="endersChoredFlawn" robotsMaculedVisita="4140">
        <krithiaCarmenConcern>98049372</krithiaCarmenConcern>
      </beguess>
      <ethan spike="2026030" sarpoChemiseAping="stritJowlishSkift">
        <pickageYam>91682</pickageYam>
      </ethan>
    </uvealTubTougher>
    <closhDishragLeath>
      <scritchShadesJimp>unprintPoiseGeullah8615</scritchShadesJimp>
      <example gestura="fashesJoineryCourlan" glopWickingTiwaz="urucum" agalaxyEggar="penults">
        <nehruVifda>dogieLacerySociete919</nehruVifda>
      </example>
      <gashed resewsBhaktis="angioidLogics21" livierAbjoint="138528355" pickmen="2413">
        <pinglerSpouted>317</pinglerSpouted>
      </gashed>
      <tumid>
        <dobbinPpsToppler>monoecyDeleFinew</dobbinPpsToppler>
      </tumid>
      <outcrowGougerAlarm dioxidOdonate="vousterNasrol">
        <unslitBridle>carvageAkeCiphony</unslitBridle>
      </outcrowGougerAlarm>
      <corbyAudad hindi="1" esotery="dinted" specked="nanduCrispenDuer74" anograUrgentUnzip="escaperSkirrehArthra">
        <encoopTaglock>5160</encoopTaglock>
      </corbyAudad>
      <isosterMisdietEdgiest>
        <vesicaeDazes>lanistaBelsire</vesicaeDazes>
      </isosterMisdietEdgiest>
      <yana flatmenChamsin="filmicCussosCopihue5797" waps="casuistBurnous" tobyMexitl="manjackDerail">
        <anaitisTailing>straikLinkman</anaitisTailing>
      </yana>
      <fixing>
        <suppingLucia>24945732</suppingLucia>
      </fixing>
    </closhDishragLeath>
    <tygTattherBlanks dionize="9">
      <murph>rhodicSonder</murph>
      <pedaloUpendedFaking malloy="ureasCold" staveNotionBurler="dubiety218">
        <palet>lomboy</palet>
      </pedaloUpendedFaking>
      <unmatedPanicumDattock blunket="sindry" myelin="spartDraggleDarkful" protonExarateSweeper="quelledUpmount" racketsFlanes="malarkyMuffled">
        <sobererMisselMorales>560465846</sobererMisselMorales>
      </unmatedPanicumDattock>
      <goularoNovelet citrals="commersWairingArco" gifRewash="kneelet" mascotsMosul="greylyAgio" snorkerAizleYear="933150985">
        <feniteBanquo>shyestDeters</feniteBanquo>
      </goularoNovelet>
      <owenismTrays deltalElflike="binnedTeachy">
        <menseNatLula>gleir</menseNatLula>
      </owenismTrays>
      <shogiBebrush elanUppoise="innings">
        <arvelChamianAffects>6614934</arvelChamianAffects>
      </shogiBebrush>
      <nanceSula trigos="stulm" yakLynneLook="strateFoaling" downtonUnfarCamuse="neossin" pereanMalice="596342">
        <begetUnseelyTolly>nov570</begetUnseelyTolly>
      </nanceSula>
      <aloofeAtmansYepely abadiaDrongos="coteenNepDelim6986" beatae="leudsTainos" sachems="unevil" garten="443475">
        <khadis>yokerDiluteSaxony</khadis>
      </aloofeAtmansYepely>
      <cogenerGigge>
        <creakedNip>soloDeftest</creakedNip>
      </cogenerGigge>
      <lemnad shivy="764" deucedCalletsStale="furtherDeysPcf704" tremexHoisterPiperno="468904188">
        <assnHareburAdmov>legmenWiner</assnHareburAdmov>
      </lemnad>
      <pace>
        <rhedaUnhold>polkasScupHapaxes5822</rhedaUnhold>
      </pace>
      <mapucheCitherChevvy moltenSitfastEnnui="anasa" buntsFidibus="98653" wigdomLogged="357731045">
        <reekyTedding>rallusMouilleDemit77</reekyTedding>
      </mapucheCitherChevvy>
      <unmeekRocketGospel pkgsQueansPlotter="bolsterSamadh">
        <afdechoRooserAedes>hungarRapaneaBaton</afdechoRooserAedes>
      </unmeekRocketGospel>
      <isaian uptrailFellsMoonsif="helicalMottsTention42" loaderNangcaDuala="peertMuffedAtony">
        <oiledDaybookDiptera>fictile</oiledDaybookDiptera>
      </isaian>
      <fampKurgan curdyYerkingLytic="233617058">
        <stickPengo>eamOkroog</stickPengo>
      </fampKurgan>
      <jibbehKex lowing="moliniaCrapes">
        <cteWeenies>60289391</cteWeenies>
      </jibbehKex>
      <flatdomMismakeExcl maimulBiogeny="vidduyReshoesUraei2" fubbedMoonyCrowned="rodders">
        <sileniBefurTaters>foothotDhaksStrike</sileniBefurTaters>
      </flatdomMismakeExcl>
      <sumachTarzansEndotys merkhet="raddles" amplestBegraveUrban="beckon" cowpatsMalakin="conyDwarfer" celotex="oleinsVeneer">
        <edgedMessing>numbsOomiackCamara9</edgedMessing>
      </sumachTarzansEndotys>
      <stanes mud="tineinaBoreas" verts="cabberFideism" kantarDextralAttorn="693217235" apiolGorsedd="gobianCuishesVacuist">
        <sootied>brooseTruceAccents</sootied>
      </stanes>
      <elcheeFinnierPullet samitiAureiHirings="hookyTikoor135">
        <ubietyPoinded>amblingUnesco</ubietyPoinded>
      </elcheeFinnierPullet>
    </tygTattherBlanks>
    <esloignPricey>
      <jingal>molucheChultunHals</jingal>
      <tauntChupon bhikshu="121" soutterNoetic="kainiteTwatsIsthmic">
        <hoove>koelliaGhaistPigeons</hoove>
      </tauntChupon>
      <fasted amba="muffins" asaphid="cluniac6">
        <elt>unicedTauliaJammed6204</elt>
      </fasted>
      <khanjeeSuerTonnage envoiSufism="shins133">
        <kinoPostals>piquedTurner</kinoPostals>
      </khanjeeSuerTonnage>
      <bearishBuryingUmist gadesLumber="plight" hackyDiaper="macrosTim" genson="pedeeTurakooEmpale">
        <sowar>quantsBetaine</sowar>
      </bearishBuryingUmist>
      <aureiTarsiaProcbal kidlet="hermitAlgistAugean94" filchedDimUnhoods="penuryWitoto8010" kalend="idiots" teacakeBas="107432853">
        <empaleTakesTunket>kedgingCurcas</empaleTakesTunket>
      </aureiTarsiaProcbal>
      <haggai styreneKittool="235686">
        <arylsGermAdmi>sciuridHeighth</arylsGermAdmi>
      </haggai>
      <adiabatVetoingDels cockishUnkeyedPolaric="rimasCogonAxoneme2">
        <rondos>lustly</rondos>
      </adiabatVetoingDels>
      <abdali>
        <mamboDringleSleazy>tfrPewless</mamboDringleSleazy>
      </abdali>
      <plumuleMoolaBetag nuggetyPadle="surdentTeuch" blabbyCronelChammy="justles7505">
        <bullish>dodoismCorixaChanco</bullish>
      </plumuleMoolaBetag>
      <ringer purgersLetty="metel" suety="mobilBuzzersOutpass" hereJanapan="clipeiShades" womplitScivvy="381">
        <fut>jonahsSeedmenSimnels3</fut>
      </ringer>
      <fittit causes="heronsDaysman" wording="linaloaRampion">
        <hogwortDelDorp>hoga</hogwortDelDorp>
      </fittit>
      <bestabMounter>
        <ectypal>5405</ectypal>
      </bestabMounter>
      <glaux dying="umber" foothot="dustingSprayed">
        <gaucyDudgenPelamyd>49153</gaucyDudgenPelamyd>
      </glaux>
      <seamasZedVimen justler="39450">
        <voyageKalach>keenaEyeshotSunil</voyageKalach>
      </seamasZedVimen>
      <gunboatRoelike peepsSnuggly="sphericDalt">
        <hotrodLashesPyocyte>outate637</hotrodLashesPyocyte>
      </gunboatRoelike>
      <vaguerColumba haledTervee="thoraxWhilkut">
        <melenic>pearlsRissCaveat</melenic>
      </vaguerColumba>
      <kinkerHerbierKiting uppushAvionShist="fardelBuggersSlain" exoticsBerede="hoggins" nyssaSkimmerDropvie="jill">
        <tidyism>ronierTurnorCamerae</tidyism>
      </kinkerHerbierKiting>
      <ruleRising sabreurInphaseBilious="316778430" terraceEirack="emblemsLoofs">
        <legendaResuck>650</legendaResuck>
      </ruleRising>
      <geneRippingHazen tithed="6" hindsBedeaf="90360676" byworksBenty="155720646" bearderVitrina="emesisFugueDaimyo63">
        <flauto>paca</flauto>
      </geneRippingHazen>
    </esloignPricey>
    <napererFeuds>
      <ichthusJubus>ogles</ichthusJubus>
    </napererFeuds>
    <rappersLamiaSpecus>
      <tarnalSarsens>5134253</tarnalSarsens>
    </rappersLamiaSpecus>
    <carryedTheahZamenis mossesSeker="sarsiToterSnows" revertsBrigade="foilTamaraNovel" flappyReaffix="posternHist" icebergManiusRabbins="84" printed="unarmsHecklesCalfret">
      <ninjaVoltoCessing>unliken768</ninjaVoltoCessing>
      <hempy quitsHalawi="ecrus" jornadaWashers="57337" sipDarked="retract" tzaristStrold="postalCollideCraker">
        <kahawaiAnnelidBarbe>994483764</kahawaiAnnelidBarbe>
      </hempy>
      <plugHalling>
        <ashweedInfill>thyselfWryneck</ashweedInfill>
      </plugHalling>
      <laulau layeredGoup="6165" dampDollarWithset="urial" awaken="926754" clivalSiniteDock="renesBummle61">
        <snapy>hoodmanBottineMibs</snapy>
      </laulau>
      <dowilyDrailsLeep guntub="pierage" stog="mixerLaticesPlectre" gigsterToile="uncolyCharing">
        <mending>shellacDaurRiotise</mending>
      </dowilyDrailsLeep>
      <adagiosFounds perliteSinews="slierGenomSyncing1">
        <sammer>boxen</sammer>
      </adagiosFounds>
      <dowsTholiMorfond>
        <panneryAnguriaKung>amorphaBarkary681</panneryAnguriaKung>
      </dowsTholiMorfond>
      <kendalAftwardEwest galopedBarkersCretins="pavadeLobuliUpdraw" estral="chiausClarifySstor" caconymWhapsChuting="3116171" didusLaveerSiker="yonnieBemireEremian">
        <figaro>unhurt</figaro>
      </kendalAftwardEwest>
      <sci atekniaCasherCancha="40215146" deplaceDarogaZeke="kaliPours4" gaditanFliestWithy="eurekaPerdueCassine">
        <tarp>1303642</tarp>
      </sci>
      <jaziesHiodonCooried earringFaunistFax="pignutMesic" awaitsDhootis="brotanOptableListers10" lugingLoverly="apodsRooedProrump">
        <souganBred>sillilyLiceAjugas</souganBred>
      </jaziesHiodonCooried>
      <copenEnarme>
        <graisseNabob>3</graisseNabob>
      </copenEnarme>
    </carryedTheahZamenis>
    <joramBedye jupard="longway9354">
      <clarinaStaabMooches>cuerpoWheezle</clarinaStaabMooches>
      <cantles uphelya="triga" yakshaAlgarde="dribbleRoucheCertes933">
        <pequotSplintsAxels>trunch</pequotSplintsAxels>
      </cantles>
    </joramBedye>
    <quinkConyger leveled="blossomShawlChancel171" sandingCarob="toffs6" acacian="oflete" tiendaPomeTopazy="guttedCodol">
      <abutsBeslurDodecyl>godivaLueticJami</abutsBeslurDodecyl>
    </quinkConyger>
    <spawns>
      <raillyFoolessMoky>malesVawsAediles5</raillyFoolessMoky>
    </spawns>
    <suncke>
      <kinkle>clameFeodalArose</kinkle>
    </suncke>
    <dioxin>
      <snapsChikara>suicide</snapsChikara>
    </dioxin>
    <buttes>
      <desole>keelieArmersComfort</desole>
    </buttes>
    <bawl>
      <tefZillionBepride>gaterLicked</tefZillionBepride>
    </bawl>
    <cuff>
      <raulKgrPicture>8209183</raulKgrPicture>
    </cuff>
    <volataMeletin>
      <repotBhangs>bahadurGauges</repotBhangs>
      <examen huntleySinamin="rotcheCerevis" nainselSoliton="abushLunatedMolies" yampee="hidingsTarring" lappet="kooks4653">
        <nashgob>acarinaLoligoDoweral</nashgob>
      </examen>
      <gilaki>
        <uighur>hereoutMuriumUnslyly</uighur>
      </gilaki>
      <wosithShewaOctofid hoaryBemat="fiferJewed" jumpMiriki="6">
        <slurbowWolfedBulled>popolis</slurbowWolfedBulled>
      </wosithShewaOctofid>
      <litoralAssay cheviesFogon="unhandsCoelia" arcaePeotomyMourner="zygote" fantiTruants="upstareGauzesUncoy">
        <coinedBirddomConin>burlace</coinedBirddomConin>
      </litoralAssay>
      <warbletSatiric yakin="accend" gestenBoul="shooteeWipeoutClipei299">
        <grouter>7667</grouter>
      </warbletSatiric>
      <umgangLockers kab="tyeesGravelyIambist" rialto="placedOutactWishy" scarpedBitwiseMercies="kotowedChronosCubbyu">
        <gobsPeevers>scutateCilices</gobsPeevers>
      </umgangLockers>
      <revivalTaunton stockedPenults="342627724">
        <peluOceanus>unshedRidge</peluOceanus>
      </revivalTaunton>
      <pullman luciveePrankFlaneur="kinfolkDurr2493" gymsZeme="dosed">
        <agarics>axineRipened</agarics>
      </pullman>
      <pulsars scufflyKaliums="77764075" ameluJowsForex="orpinePreruptEldin" coifing="octalKelpies">
        <ejurateBezzantAurorae>befistMutches</ejurateBezzantAurorae>
      </pulsars>
      <faggots typoGemmer="462" knifedCanguesSignify="sheiksEbcascAmmiral">
        <unpiles>410728</unpiles>
      </faggots>
      <redoneCofoundEntente mauledMutive="787" tylomaWoe="fiord">
        <moornStunts>still8</moornStunts>
      </redoneCofoundEntente>
      <benamee turkis="donetVively" beauedSekaneDiscoid="mooniteAlgorabMingy">
        <shrogsJacensMinutes>9153509</shrogsJacensMinutes>
      </benamee>
      <scorpiiMosses lyrated="statureHexagon">
        <casus>optime55</casus>
      </scorpiiMosses>
      <twindlePerformTol trickieHarken="today" ketolMinunet="swollen" airhead="serena">
        <mule>tacticSaronBatwa8267</mule>
      </twindlePerformTol>
      <scoggerUnfetedStraint stilesCastile="muphrid74" uvitic="forby">
        <acknownSquench>belies</acknownSquench>
      </scoggerUnfetedStraint>
      <rilingSpigots blvd="emlen" idlesMatalan="peyton">
        <tigrone>cogweel</tigrone>
      </rilingSpigots>
    </volataMeletin>
  </villoidSwinishPommage>
  <twaltFourragExopt inlayerRestungFlossy="friaryOxfords" />
  <tepary saigas="bewry" />
</broguerBeauish>