<?xml version="1.0"?>
<metumpsBlosmyAdib>
  <pigyard sluicyMewed="3363">
    <lwl>
      <durnsPreciteAcolous>hav</durnsPreciteAcolous>
      <roofsSaicHolyday trilli="38">
        <undigneKhubber>403565845</undigneKhubber>
      </roofsSaicHolyday>
      <mordentFiscalsMon thuleKanat="rumpus" nuts="manlessJuridic" howffs="trivia">
        <fregitJussel>chukar</fregitJussel>
      </mordentFiscalsMon>
      <relatedGoajiroPoplet halt="77881430" spargedLazuliAirpost="oxtailNaviTots" dheriMirksRuntee="arabica27">
        <schavSeep>cyanizeDilatorPetunse</schavSeep>
      </relatedGoajiroPoplet>
      <jehusWalkoutAreek shackoJonnickBlinker="punctumDulosis" inermKiester="legionsMoghan">
        <scalz>171821105</scalz>
      </jehusWalkoutAreek>
      <overallBendersPatuca bewakeAmeenTrouty="454365225" jurally="tenderApneaEmparl" vessesStreySipple="crude6" estrin="sfzZoneAlgol">
        <debaterCibola>clotty</debaterCibola>
      </overallBendersPatuca>
      <derout>
        <calmlyFlav>oathed</calmlyFlav>
      </derout>
      <widbinBorean fictionKerbsToryize="verdourOuteate" baskishRedoundSeeped="fulldoBromidKarpas" zircon="squatsTrucker" guato="gove8">
        <debarksMugg>castesPassive</debarksMugg>
      </widbinBorean>
      <antigodLovelyBygoing skats="fiddleGnatho">
        <dishomeGienahHalve>tibetanReemingCapron</dishomeGienahHalve>
      </antigodLovelyBygoing>
      <bousesLaftUnburly modeledAouadsSunback="jazeys">
        <hovererBromianAnteact>satisfy2</hovererBromianAnteact>
      </bousesLaftUnburly>
      <xenialGubbinAlky barkerKojang="373" whatnot="inteindReburse">
        <yeelinWaybillBeamier>585738980</yeelinWaybillBeamier>
      </xenialGubbinAlky>
      <stuiverPrelawTabagie exesionLamna="methsClocheLunges795">
        <crocus>lyeryOutfoot25</crocus>
      </stuiverPrelawTabagie>
      <caumAlkalicSeeder relessaLimo="ranellaPalermoSuccuss" unbaitYferre="kitchieMutase">
        <kurkuBraxies>1829756</kurkuBraxies>
      </caumAlkalicSeeder>
      <cubisms pockilyPegadorCinene="decatyl" dollopRulerGarle="jemidarBitteSebum">
        <attalehRebreed>silicasWallabyMaftir</attalehRebreed>
      </cubisms>
      <jejunumAlmight squallsAppaumePauser="677" intones="trainee">
        <overgun>stopersWithierCandida</overgun>
      </jejunumAlmight>
      <rutic>
        <quilledBoreal>125091974</quilledBoreal>
      </rutic>
      <dintSikaraBoleti upcloseBere="936" platieSenegas="varletWintryEasiest" popery="kolo">
        <makeupsTraipseSerpula>hypLohockPetune9222</makeupsTraipseSerpula>
      </dintSikaraBoleti>
      <scroyleEast>
        <erotemeDampersFaurd>wavableSqueamyBlowy</erotemeDampersFaurd>
      </scroyleEast>
      <cyprina elmiestVeinletFrocks="jigmen" moyoBedrop="foeishOpted" urodela="gorgetsBirleUnblind">
        <lenientHallo>humiteZelantLeaned</lenientHallo>
      </cyprina>
      <manoc reverbGelReseda="6746" phugoidCesious="78420439">
        <balkisChekmak>samkaraSoaked</balkisChekmak>
      </manoc>
    </lwl>
    <speakRotting worsesBecrushNakoo="hingesExactor" shucker="embrueKnabResell">
      <cronieGrama>barundiAzides</cronieGrama>
    </speakRotting>
    <sexhoodShantyNoises initiveSidion="bettiesFecal5109" deckels="numdahTau" kalwar="97547">
      <nuzzles>bredeDowcet</nuzzles>
    </sexhoodShantyNoises>
    <bottineCaulis>
      <upsyTritureSkiffle>4</upsyTritureSkiffle>
      <trinkle estuateJupes="indicHopingHymned">
        <atopicTackleUnraked>phillipHaiksOverlip</atopicTackleUnraked>
      </trinkle>
      <allseed occult="degums1" cuticleMorfrey="wolfingReamass" camusGuao="cubisms">
        <ishMuermo>thitka</ishMuermo>
      </allseed>
      <milksopCutty sneaps="richtStyle" diacids="carlieSileniBecalm" haremTawnie="chungAuncelRutty" tramalCacked="9896610">
        <detrayAudianSombre>nasitisOutlookJocund979</detrayAudianSombre>
      </milksopCutty>
      <nosings>
        <unbrentSacryDiscern>dobraLivesTrenail8</unbrentSacryDiscern>
      </nosings>
      <tunicJassoid relentPurveysHae="pokomHuertaAurated" lyraBalanicChilcat="frondeLeewaysIntaker87" hypingGekkoTubers="mercy">
        <quirks>titty55</quirks>
      </tunicJassoid>
      <zoilism spalesExtanceAdv="lunar" drossToyos="tawedWhittawSaintly" ascriveMagnesBunton="2763">
        <wapatooTeflon>3727467</wapatooTeflon>
      </zoilism>
      <wyted nareshHenbitHackin="spankBothrosLariid9413" sitkan="mixeCamball">
        <cultStevelWorky>cormousAnreUnsiege5905</cultStevelWorky>
      </wyted>
      <cigalaVanglo>
        <noixBrock>voyeurs103</noixBrock>
      </cigalaVanglo>
      <looted fumadeBabe="drafts" besaint="6058" unbowSkrike="cocoaParged" aliningDoctorTorulus="wordyAntlerAnsi">
        <heydaysCanting>sloesUnsex5169</heydaysCanting>
      </looted>
    </bottineCaulis>
    <unwriteSepiasEphedra>
      <gridedWongaMoudie>98303657</gridedWongaMoudie>
      <feucht>
        <heruli>hardyPedlarsEchoes2</heruli>
      </feucht>
      <shiest basilsBuck="argenol" boxtopCultic="smasher">
        <hoickKashersQuaichs>ketuHogweed</hoickKashersQuaichs>
      </shiest>
      <sethWeemen>
        <harmersKnawel>piskun</harmersKnawel>
      </sethWeemen>
      <taurTolzeyLoma gagesRaftingFritts="obvDicetylTophphi" scowder="fanionRankish619" welshHelmage="margotCarpel" bitchedUnvividGlassy="shunts">
        <blaflumSistent>govern</blaflumSistent>
      </taurTolzeyLoma>
      <pyrolas oromoDecaresKitenge="undightDurnsPolarid" tipsExciteNexal="logeiaIranist" aithVisiterPreomit="peaiSuresDeigned" asher="passersUnbaledWlecche">
        <yerTailye>nicotic</yerTailye>
      </pyrolas>
      <wissheIslsCouch odylistNeifsSunward="spivsVolingMilsey" batsNeet="restakeYapp" pinaMahdistCauk="kalmuck">
        <bechase>toecapBobsHaitian</bechase>
      </wissheIslsCouch>
      <phidian turcianKedjave="boris" corningRouserLockian="seronPeleng" figboySpavitFakirs="colonerResized8">
        <partis>cachot</partis>
      </phidian>
      <sticket isuretStyrylSioux="77">
        <woolertBadder>3779611</woolertBadder>
      </sticket>
      <illusEvolved>
        <loudHoast>canaceeBoygBossily3784</loudHoast>
      </illusEvolved>
      <hawkiesAffineCotta deadish="geodal">
        <epoxyCumal>soud</epoxyCumal>
      </hawkiesAffineCotta>
      <kompeniGarroteCyke rediaKarez="nimrodsCanossa" unrindInflowShrewdy="tutriceLampflyAlaloi" rosbif="rushierAxalTangoed" pfundeGoutte="81">
        <mattoid>508952</mattoid>
      </kompeniGarroteCyke>
      <apodsAffrap>
        <foneCzechicLbw>suitlyWinnleBepress</foneCzechicLbw>
      </apodsAffrap>
      <therellBornyl chazzan="ragbolt" pewage="47209" yawn="normanTernal" archeusPietoso="sett">
        <shrameSibbensUnttrod>tiouScuft22</shrameSibbensUnttrod>
      </therellBornyl>
      <naoiHabutai fitty="dultie" cockled="weldorsSemiorbPokies" holmesGeol="farle129" hymningOrfrayDidie="kainahAdmittyWowed">
        <frizzenJavelotSlipup>wolve</frizzenJavelotSlipup>
      </naoiHabutai>
      <hoppledDyeweed othonnaEmblic="unwebKabikisTenebra" colladaIngent="puthery543">
        <osmosedRechate>daytideDehkanFreon</osmosedRechate>
      </hoppledDyeweed>
    </unwriteSepiasEphedra>
    <hyaenicPhebe bagdiThalli="senorsBruscusNagging" amniniaBetoya="243137" mincerUnburyHarshen="taxonsMisallyVegetal" grumpy="swathyEntomTizzies">
      <unbaleBerlina>strifesAquavitSkywave</unbaleBerlina>
    </hyaenicPhebe>
    <lacquerNonbookPyal berkMarkets="klickUngiltSynetic" stentor="lineny" atollHulkierTisic="dampestIsobath" mishit="strickKritonConus896" abrusMise="dracin" pronubaZoarium="bireme" iphApotype="cirrousGytrash4960">
      <unburlyAmice>mostraServalsCubing</unburlyAmice>
      <beater>
        <forages>natatorJalap</forages>
      </beater>
    </lacquerNonbookPyal>
    <tinc>
      <marranoAsp>proheimDringleGladius</marranoAsp>
    </tinc>
    <upbuiltWicked>
      <checkyFeh>559</checkyFeh>
    </upbuiltWicked>
    <centos>
      <elwoodAngeyok>asteepKnitsHodaddy</elwoodAngeyok>
    </centos>
    <duscleCodille simula="oos635" crosslyCabbalaNora="spilletClamPacing" allureSunMarree="wombleAlloyed" quetheAmirsSetline="crikey" crenaFroustPapayas="prizeryChunkedDemurer611" aftersFugios="pluralReekersTeatime" latvianSlings="mimusSequels">
      <blattedMoghul>gujratiKilt</blattedMoghul>
    </duscleCodille>
    <ventersRecurlEtacist>
      <poddock>56654549</poddock>
    </ventersRecurlEtacist>
    <eristicFormsSalay poonsHaircutKolo="douxSorty" aikona="crocus">
      <lazedStealyStella>68</lazedStealyStella>
    </eristicFormsSalay>
    <sherpas>
      <staffFogus>spryestDousing</staffFogus>
    </sherpas>
    <pommeyNaiad godown="gamone" recasts="baffies" begeckDunst="curersMajesta" carina="cocklyCummerEstops" aquerne="61871346">
      <snook>umloadWagaun7641</snook>
      <canganOvigerm teaWaffles="burheadUnmoorsEnsuant">
        <landage>dewSetbolt3</landage>
      </canganOvigerm>
      <scorkleRailsGhent rhizoteGamines="gaskinsTaxites">
        <recide>squench40</recide>
      </scorkleRailsGhent>
    </pommeyNaiad>
    <inkies yabbyExinite="572831251" potheadIsmyPimps="49" cair="huerta" savine="orchilsAldrinsTromp" ridingSasheryAlumite="coyosBlanket" jatni="liquoryPeyotylHuic">
      <patesiVulgus>bardel</patesiVulgus>
      <choosy snippedUnripeMixy="8066191" shickerDimin="phorone">
        <bezils>ceiboSensism</bezils>
      </choosy>
      <swash slutchyMoyleEnties="ternateAgy" gazetMuckmanAgeusia="scrogieCacique" coronelBradTab="bedawnCause" cydippeWidgie="tetonEidentDefault">
        <laceman>vousty</laceman>
      </swash>
      <sowableSawdustPeabush pentode="shantis2" teneral="precisWake">
        <cohosSchBlinky>76</cohosSchBlinky>
      </sowableSawdustPeabush>
      <kukriLumbagoPrevene quadraeMakondeCozens="sornsTuleSlatier">
        <demobEnifLearn>branta</demobEnifLearn>
      </kukriLumbagoPrevene>
      <hnySliceAppels axedMakondeHikuli="bonacisMikaelAirdock">
        <tanNiddleWarning>nellAlleges</tanNiddleWarning>
      </hnySliceAppels>
      <foisterVaultyGurgles sewersSiftageDhurry="peeving" canerMiller="9243054" kal="puneseDapped">
        <aluminaAnabata>7</aluminaAnabata>
      </foisterVaultyGurgles>
      <glisk sitellaArrival="abidalBussesTuque" unbarbGrazing="thymols" fellows="amongCobles4506" cornicMawksTuff="chiefsYalb">
        <creepsBespend>birsyHoagieAbbess</creepsBespend>
      </glisk>
      <hiddelsCudsStereid diodontDelimeOrarium="vendageAfrightLytta" butsuEmetine="newarkRipperIsoln">
        <flogJobbing>gorrafAmbier</flogJobbing>
      </hiddelsCudsStereid>
      <rochingBlazersRaggily>
        <unmeetWasKeylock>cantsMud</unmeetWasKeylock>
      </rochingBlazersRaggily>
      <toitedVietnam rosettePoorer="forthby2">
        <dreep>coaxersSotsAlgetic</dreep>
      </toitedVietnam>
      <homelet buzukiaSperket="melaenaOxbloodTedded" ribibePichiKoodoos="elvesEldinVeda" boys="wildingMyallMoxie">
        <temeneLavicRuiners>gauk</temeneLavicRuiners>
      </homelet>
    </inkies>
    <zloties>
      <inbirthPalish>entifyMummMicerun</inbirthPalish>
      <rocheAeolism ccesserBeltingKishke="2" ungrandBestinkBrutism="enshawlAdmix91">
        <obiLuggers>namelyFanfare</obiLuggers>
      </rocheAeolism>
      <scenist>
        <squarkRinningOleum>acerbSopsSnitz</squarkRinningOleum>
      </scenist>
      <unsiegeKelly flavedoDetur="wormBougiesDisbody" andorFlemer="vandasChampsArzan" raping="1128">
        <swagersAcroticKickers>whapukuOlive</swagersAcroticKickers>
      </unsiegeKelly>
      <otarineCupiubaGalv trouvreLupomaRabies="lurchStyesGats9709">
        <oncinQuotYallaer>9408059</oncinQuotYallaer>
      </otarineCupiubaGalv>
      <spiegelWolfkinVinetta masque="18341415" spermGunjah="batell30" figlikeDacoity="balsamsVowerCratch" bigburyCowerPees="91">
        <saintTotedMurinus>vaccina29</saintTotedMurinus>
      </spiegelWolfkinVinetta>
      <ligulinEmbrownAlannah ninutBursarRedbud="5170" easier="rebuffReshape">
        <randiaWaw>laveersMinchah</randiaWaw>
      </ligulinEmbrownAlannah>
      <pshawsTyred gant="outbent" onstandHarnpanJiva="picklerCarapo329">
        <slaeLolls>2175046</slaeLolls>
      </pshawsTyred>
      <scummedPentail tonner="prided" pomato="amnic" fleshed="belugasCadgedWaeful" soutage="shakesFringy">
        <kairosUmeDominic>salternCharilyGiglet</kairosUmeDominic>
      </scummedPentail>
      <weansRuttish octet="hoeingPlaydayCohered">
        <ankoli>lija</ankoli>
      </weansRuttish>
      <baratteHafters davyneHadrome="30">
        <postersTholoiRamneek>devotesFascistKefs</postersTholoiRamneek>
      </baratteHafters>
      <pennia nouldOlympiaOvenful="undealtWen" rushersBilletyRibwort="jabiaGuarani70">
        <deft>quartinBunko</deft>
      </pennia>
      <rewraptQuarrelRubles>
        <tekyaNerkaVergers>cowsonCantle</tekyaNerkaVergers>
      </rewraptQuarrelRubles>
      <bearers solingFlooeyFilm="763907">
        <unstackCrestsCambuca>tweeze17</unstackCrestsCambuca>
      </bearers>
      <warundi sophyArmenicSlavish="stetsonUnsnaps">
        <scrogsEthnol>axal</scrogsEthnol>
      </warundi>
      <warsDimmit>
        <basks>grammelRuelikeChortle</basks>
      </warsDimmit>
    </zloties>
    <wormy>
      <forky>unbefit</forky>
    </wormy>
  </pigyard>
  <spaSloops yunganTavernAgio="3" chirtBismarkShood="inclave" ranariaHoy="heuch2151" retintTrifaHallels="38057" />
  <batwa paddy="rictusVinyWheaten88" brizz="kecksThiolsPitted" hightopPulpilyVoicing="dawting8026" />
  <absmhoPretzel cuecasInculp="inwinds" kabongaRosined="hearsay62" prevEgghead="391925898" />
  <plumist fico="tubasValetHowdies72" wharfedBoasterStm="21">
    <lumpmen>
      <benzoleReifs>14229</benzoleReifs>
      <dourahsAdultly tyrosGirly="unmist">
        <venesiaSadTchr>rescuerFumant18</venesiaSadTchr>
      </dourahsAdultly>
      <didosVaras ferrule="sist8762">
        <infantaSruti>eringoSowt</infantaSruti>
      </didosVaras>
      <hooly raser="69645779" trepakKoranicNaulum="408138" rhabarb="216">
        <madweedHorah>42996451</madweedHorah>
      </hooly>
      <volaticChurlsOdaller peakishManzana="wantfulCoverer" kirombo="90" unbowel="tortoniLattens" drilvisCullyPimpla="amugisErenachKibitz">
        <wurrup>agaveRaggee</wurrup>
      </volaticChurlsOdaller>
      <fidessaAmidism>
        <aphony>humpierJobs</aphony>
      </fidessaAmidism>
      <crybabyCeboids conia="102" alebion="garret">
        <cockups>buffetEnsileBenic</cockups>
      </crybabyCeboids>
      <kachchaStingosSchrank torsosEnfiefBensall="bullitMygale">
        <tenablyKpuesiDvaita>daftestInstead</tenablyKpuesiDvaita>
      </kachchaStingosSchrank>
      <weinerNaturel>
        <dauntsItylus>dzerinBiogen</dauntsItylus>
      </weinerNaturel>
      <foundsNotist>
        <feltyPeddler>tympanoRowels</feltyPeddler>
      </foundsNotist>
      <swotsGond shadufsOutpage="phenomsCongaed" raxesBoundlyEvil="toywortForweanGorb">
        <carshop>autocarCrileStoting</carshop>
      </swotsGond>
      <othin>
        <napeZapoteFlche>greesePulayanSleekly8377</napeZapoteFlche>
      </othin>
      <blithenLogis mainour="osiersMantzuSpitkit" oweniteSemiteDiscide="abaris" ryepeckAcorusCinch="angelicThrough">
        <callsDurrs>estaminInship</callsDurrs>
      </blithenLogis>
      <kashiShinney>
        <pectinsAbdom>dowsingCocinFlabs</pectinsAbdom>
      </kashiShinney>
      <centersFod sices="planuryFitted" cuboid="7">
        <embrownStalder>pooaFass2</embrownStalder>
      </centersFod>
      <dioniseOrsTurrum cymeneVidkidCarone="jewellySughs" sumptCanaleEvasion="74796" insulseTrymsHecatic="unhoardScybala">
        <tyste>homoEyeEyes</tyste>
      </dioniseOrsTurrum>
      <gangersHuemul>
        <tindalUnsight>tarliesFencesVibrion</tindalUnsight>
      </gangersHuemul>
    </lumpmen>
    <dhootie brevierAgamicPipey="henry83">
      <makableApis>anguineDiamRiotry</makableApis>
    </dhootie>
    <yodlingEnring pantileSeri="trotletTraptFalter31">
      <emulate>almice</emulate>
    </yodlingEnring>
    <capa>
      <marisBesaileUla>screwedCropper</marisBesaileUla>
      <bronzen enfinCherts="sainted" boother="icinessMayten" metedHallos="weirdy" coppraAfaraWyting="unfiendMuraled">
        <fugles>nolleRideredOrbits</fugles>
      </bronzen>
      <offals gemulUnsoncyFerrums="airmassSparth" samelyKabukis="ordainsUnleft605" oncosisTelaePellety="poiesisJough168">
        <gallium>recto</gallium>
      </offals>
      <sisalsDino bibulusTeartCatkin="catbird" jauntyAsocialGodded="garbureFailure">
        <ogamHicatee>foziestSketchy477</ogamHicatee>
      </sisalsDino>
    </capa>
    <raisonsSocii amadan="addlePotwareConsult" wisseBeetledSecern="duplifyUrinantWot" saxonic="33">
      <linkHolmesLicania>anconad</linkHolmesLicania>
    </raisonsSocii>
  </plumist>
  <halidsKniferRenders callate="buggingMooed22" agouti="693" fixuresTypw="nervilyKvarnerGarland">
    <dolsNimbusAngelic>
      <pinker>titanyl</pinker>
      <hammamPanter temperaGoofsOwt="dunganMailsGyp">
        <gadaea>mymaridYawpingCeiler</gadaea>
      </hammamPanter>
      <awaterByrniesFulcrum fatwoodGalla="nippilyMiracDiazoma" impendsEnviousGalt="780613724" avouchBehenicOzs="escuageRemarks" ameliaLynn="dubbins">
        <stiltonTagliaNimming>holeyNupeGladen7</stiltonTagliaNimming>
      </awaterByrniesFulcrum>
      <jazzmenRooteryStipels>
        <twiner>852</twiner>
      </jazzmenRooteryStipels>
      <semes>
        <anotus>obscuraFat</anotus>
      </semes>
    </dolsNimbusAngelic>
    <morthPals poinds="3472" pepperyShirvanTactite="92576" oncosisCerosinBless="637608">
      <hachureUnoften>besnow</hachureUnoften>
    </morthPals>
    <filmierLausPerula>
      <debtorFilched>posoloPratesGalga</debtorFilched>
    </filmierLausPerula>
    <dasypusMaud>
      <aro>paunch</aro>
    </dasypusMaud>
    <ponosExertedAbassi>
      <stenoMeseLarum>volingBlips2</stenoMeseLarum>
      <crib scivvyOotwithPungyi="nurhag" lardonGorgeTornade="yerthTom">
        <ogamic>abiponDoldrum</ogamic>
      </crib>
      <tisarAlee>
        <mousers>deniers</mousers>
      </tisarAlee>
      <lazily coky="686173" glozing="beflags" roilier="tollbar">
        <hundiMazhabi>50854248</hundiMazhabi>
      </lazily>
      <cavernGnomonsPudge playtePerjury="reclose" walrus="ratafiaJaw">
        <amercesWlity>alascanNeitherGeront</amercesWlity>
      </cavernGnomonsPudge>
      <beodeMagots>
        <spring>570148831</spring>
      </beodeMagots>
      <olivetRuellia adoring="niacinsVillagy" unlaidZurich="2667">
        <apicalDoucine>283750964</apicalDoucine>
      </olivetRuellia>
      <iamb noebcdConteck="gaes" torcel="stintedVair" aristosThicketTroner="itch">
        <morwSert>mazerFunk</morwSert>
      </iamb>
      <gameful coinerZizzlesSannops="roamersIdiotic" totMettles="kartUnisoilBulwark" tornalKalis="glisky" alaundCyanite="hill87">
        <addleAcara>4</addleAcara>
      </gameful>
    </ponosExertedAbassi>
    <deltasKharwar>
      <addnSynopsyUvulars>makahUnbudChuckie</addnSynopsyUvulars>
      <bchBrediSeaters msinkEmbulkNytril="deorsum" midriffUayebChamos="gratiasCabane">
        <taskerGonysWomby>brumbieDefraud</taskerGonysWomby>
      </bchBrediSeaters>
      <roquesPenates hunnicFleming="jarkman">
        <orbitsHumdrumSups>attackReadiedPappous</orbitsHumdrumSups>
      </roquesPenates>
      <kraftsHorntip>
        <miskin>upstemMacchia</miskin>
      </kraftsHorntip>
      <eranist trammerRagis="foeman" stewing="grosse1483">
        <laftRetapedBehears>dodgery</laftRetapedBehears>
      </eranist>
      <impetus outwritCirrate="3476021" stepperArca="semicup">
        <coonerRefutal>3</coonerRefutal>
      </impetus>
      <deficitMokiIodines>
        <concealNeal>21725</concealNeal>
      </deficitMokiIodines>
      <lustersThigged squarerAnademsVibices="acockDriskUreid" pelengRool="unsoberHemagog" concurStonifyPuls="hypoid" quintalNomnem="boggler">
        <servile>5</servile>
      </lustersThigged>
      <dartosSerfBehenic paluli="jingPapuansHawkbit6707">
        <aridian>sortEgests</aridian>
      </dartosSerfBehenic>
    </deltasKharwar>
    <infield>
      <opelet>rusticCashboxRereel</opelet>
      <turneraSilksUnpiety emitLst="visaingEvitingSha">
        <naunt>cullaysTiponiBleo</naunt>
      </turneraSilksUnpiety>
      <kalifDawenTabella huzzard="hommageOrlage" upendedClaggyNardus="2218" folliedCoseys="sliced">
        <pileus>boloing</pileus>
      </kalifDawenTabella>
      <blearySwobAmchoor vattedBibberySunspot="restake" azilian="clar" unbladeDogget="unhuedSqueasy" sarsnetTripodRaughty="yagis">
        <wartier>47000</wartier>
      </blearySwobAmchoor>
      <untapedBardeKolobus pungyPipAlcoran="ungtCoffee">
        <leveret>gibli</leveret>
      </untapedBardeKolobus>
      <nepa marmoseRehale="pedPouchedLocanda" anicca="mort">
        <anglicHagbut>beacons</anglicHagbut>
      </nepa>
      <bettineGritten>
        <papyriAwnlessHatful>51</papyriAwnlessHatful>
      </bettineGritten>
      <conjuryCheckleTurbeth ripped="mewlingCalchePentrit7266" fondacoAponic="inhalesKeestFanner">
        <iliacWen>8</iliacWen>
      </conjuryCheckleTurbeth>
      <howkCrozierLappa fjeld="66" spinule="pimola" clubsVotishBalija="chappyDaleth">
        <plunkerIroniceBeltie>reb</plunkerIroniceBeltie>
      </howkCrozierLappa>
      <likersClarin>
        <fiador>orphize</fiador>
      </likersClarin>
      <exitusDekko tembetaDermolBeck="bazoo895" soakageTesla="firebedBagreHowls">
        <thanYeniteTae>shutterTuth</thanYeniteTae>
      </exitusDekko>
      <mahThymeneUglis duckiesVexable="62" cuspisSodamid="feedlot">
        <musive>azuleneSetiger</musive>
      </mahThymeneUglis>
      <twiHappensReedy arriveOpaque="aroma" innsMado="88788323" motiveFalutinGebur="retinue" candleLentoJibbeh="satdKaryon2204">
        <quarredCynara>atrepsyArielWadmals</quarredCynara>
      </twiHappensReedy>
      <tealsYucky>
        <muskishFaceoffUnroast>spannerStingFrousty32</muskishFaceoffUnroast>
      </tealsYucky>
      <gauchosMacacaPeltast arcualCicero="fowled" atrailModernsWadmeal="mapwise4549">
        <septetBehaleAlts>veloCowheelFlower6284</septetBehaleAlts>
      </gauchosMacacaPeltast>
      <asellus coofs="948" coneen="7632481" recoat="ganzie46">
        <lingoeTardleDeare>skuasUpheap</lingoeTardleDeare>
      </asellus>
      <bermudaStoppedScreech typikonStudioHachis="paprikaNeetup">
        <acerolaSickingWommera>pausaiLuffer</acerolaSickingWommera>
      </bermudaStoppedScreech>
      <miseaseTwankyStrack quaereHogtiesYorker="disponeFindalWhamp" vendedEskerVenged="mewler" tuppeny="oromoGrieverCeibo9">
        <rustredDeismSuggan>sliwerClunksTention125</rustredDeismSuggan>
      </miseaseTwankyStrack>
      <pinyonsHerveImprime reofferMesquinMorfrey="toastedPrenote">
        <wooly>unlisty</wooly>
      </pinyonsHerveImprime>
      <aurore phano="gaeldomHola">
        <madder>alkalic</madder>
      </aurore>
    </infield>
    <yttricAdaweJota leerUnorbed="horreumAvadana" mentors="sapbushHeight5" resmellNearingOenin="captorResiftLyric" beneluxDourineToked="doctorsFaciend">
      <dabba>indolinFulmen</dabba>
      <baffler tomnoupCorfBryum="angelSamenSurra" gastlyCunila="nogal" saxhornHorlaSpuds="emlenAsconia" daymentFaqirs="ecuadorBlend">
        <ardency>secederAwmMambos</ardency>
      </baffler>
      <leatmenOhing anchatCuzceno="tarboy" copita="monnion">
        <parrMoidPigboat>carinasHomeyEvoe</parrMoidPigboat>
      </leatmenOhing>
      <soppierHiked>
        <jambGyrousEased>kimboGeum1</jambGyrousEased>
      </soppierHiked>
      <officioPicarel frogbitEruditeHeir="tasselWudUnlofty6237" cogweelGodwits="47106523" trac="niobateUnurnHeeded">
        <mizzly>allodCrapped672</mizzly>
      </officioPicarel>
      <sagathy tali="534858465">
        <juicier>gainingWakesAzofy</juicier>
      </sagathy>
      <unreelRemove brocageStrayedGosling="9497">
        <gnosticHalterSatang>tampanNizam440</gnosticHalterSatang>
      </unreelRemove>
    </yttricAdaweJota>
    <shohjiHcbBlur jubilar="tundishWac3459" placeanJezails="flexoTorroneUncurse" sursizeHordingOutlays="deskmanSend" agonyJinja="46" tooling="3" sibiricFalcesAmeers="cassonLecherCtn">
      <taskTuckFubbery>leadinFirepanDebride</taskTuckFubbery>
    </shohjiHcbBlur>
    <toeyJumpedLimosi>
      <mutated>6</mutated>
      <coggiePomPhulwa orantes="58" jara="reloadAmbeerLocknut" ghafir="larynxGestesNable">
        <tewtawWaltzLampret>poods</tewtawWaltzLampret>
      </coggiePomPhulwa>
      <gigletsGimble bargham="printPonderPerilla" towkay="7452">
        <dilutedThwack>banky</dilutedThwack>
      </gigletsGimble>
      <stumorSprewl duenasCasette="invoke" ingramRandomsPinkeen="creolinGreying">
        <lignifyWheepedAroid>novumComby</lignifyWheepedAroid>
      </stumorSprewl>
      <austriaTacked tuyersWhorl="urinose" mineral="rsvpTantawyArrears" anticsBarbellStylion="dianilTiou">
        <kenmarkSeymour>faitourSnuffyRestio</kenmarkSeymour>
      </austriaTacked>
      <ecoute dromondSudanAitch="7" langka="48877" cropperMalayaSesban="amphibBabrootOutlays35" uremia="lucindaBoyishOomiacs">
        <stoutAidSperage>cohead</stoutAidSperage>
      </ecoute>
      <ageistMike nautili="bethelFuse" sisterGelt="oidwlfeUpbeatUnfluid" crusileSayestRequit="15555">
        <tweest>quizzerProgram</tweest>
      </ageistMike>
      <omegoidSaumon>
        <smileyFascineSha>434314675</smileyFascineSha>
      </omegoidSaumon>
      <homeownTigrineGadgety mildewsFlimsy="unagileHasta">
        <barbara>612941</barbara>
      </homeownTigrineGadgety>
      <shantiHayboteBowe soudGlaivedThins="4040" abohmsStealsUncomfy="corucoRollers" witchenDauntMeiji="5123777">
        <edifySoddies>morianEnamorSeta59</edifySoddies>
      </shantiHayboteBowe>
      <somaten throuch="34502376">
        <fathMouth>troolyHearsed972</fathMouth>
      </somaten>
      <legions yogismMastoid="planchKiangs" yodles="myths66">
        <aswayChilli>alcogelTendrac</aswayChilli>
      </legions>
      <creeperFyce gownsDivide="throng" jilters="querelaCaprate">
        <adieuxGombo>manrentLoydPuerman</adieuxGombo>
      </creeperFyce>
    </toeyJumpedLimosi>
    <sansiVisardsAblins>
      <kitersAddress>alya</kitersAddress>
      <pease fennelsChakramGalerum="gemsbokPoteenPardieu" realmsPlebesLinus="aminishClasperNaiver" hulkagePhosphoXyla="fumousEpode" injunctGis="tonemes">
        <acalephRuss>reffing</acalephRuss>
      </pease>
      <mechlin abrase="sadhus">
        <nervesSyriasm>clonusScrazeGuayule</nervesSyriasm>
      </mechlin>
      <jirbleRadularCottas indultoLoselry="ambay" porculaIhi="blanHapaxes" ausu="palmsRewoven">
        <cerates>71</cerates>
      </jirbleRadularCottas>
      <tutlySoeverSizings reverieUngoldUranion="wissesBloodAzotize4141" saeta="drilvisTiningDecoder" zymosisDeducerZac="88140620">
        <repunchDielikeGene>mimicCassan</repunchDielikeGene>
      </tutlySoeverSizings>
      <igaraTheclanFlaxman clumberDroppy="paletCuttedCatlap" mundane="thistlyShammerCowpox">
        <blastidToupeed>70767774</blastidToupeed>
      </igaraTheclanFlaxman>
      <derideFeignsJigman rereadsTripoli="640" prussiaDebeigeCrams="camenaeCons" loggetsSeizersNaves="tangileBalaganExcuses">
        <kendy>mousesTailye</kendy>
      </derideFeignsJigman>
      <scarthUpprops reiterLeekyFunctor="each" subhallAlmous="aerosatReoils9212" pontilJapans="accordInducer">
        <tracksStaumerOutpace>1</tracksStaumerOutpace>
      </scarthUpprops>
      <whitePonteeColumn fuguedLettenUpchoke="630134696" blesbokHeughZephyr="anodizeGermule551" bitnet="yodlesShamoy">
        <tarsSodaGummage>orisonButtiesMuckles</tarsSodaGummage>
      </whitePonteeColumn>
      <moolvieToledosRadiov>
        <quillerAuca>dusackRelyingAcutate</quillerAuca>
      </moolvieToledosRadiov>
      <dilateStylesEnties scoochCurbing="manser" looiesAdornos="cockletBabcockElench725">
        <shownOrganonWkly>gaperWerent</shownOrganonWkly>
      </dilateStylesEnties>
      <frowsyEveline elaidin="upspeedOtisLencan">
        <lucidae>hamatedRedactsFoziest</lucidae>
      </frowsyEveline>
      <haredNullahs>
        <twpDewlapsUncinch>unmeetSaginaBlvd</twpDewlapsUncinch>
      </haredNullahs>
      <bedrape metanymBuncal="maegbotEcarte" emerodGrudged="erringReliner" ceriumSun="pronotaConfisk">
        <bekingWairsMelene>67206</bekingWairsMelene>
      </bedrape>
      <yeltBohorok>
        <ikey>tungsBlamedBruce3</ikey>
      </yeltBohorok>
      <bourkhaGildedCaproic pivoted="wetchedEnticerArroya">
        <resiftsAnatira>63</resiftsAnatira>
      </bourkhaGildedCaproic>
      <twibils unobeseCawnie="rumdumAlinit" rerank="sendsBopped" grabmanAdoresRepry="studierBespill" purples="sapourIgdyrOhare">
        <ploveryMersionShab>metier</ploveryMersionShab>
      </twibils>
      <cskGratin sokokiVaudouxPaseos="628709670" elusionCopers="punnyLymnaeaEleve">
        <drilletQuerido>wese</drilletQuerido>
      </cskGratin>
    </sansiVisardsAblins>
    <whushUnsneckPainty>
      <blobberBumbleNosean>caid</blobberBumbleNosean>
    </whushUnsneckPainty>
    <peractCedaredUneated duredSubnetsChomer="15" easesColuresTamaroa="raxEagleUredia7" goudy="values697" avisBenumbsGaley="pikasGillies">
      <tarefaZombies>botanicEer</tarefaZombies>
    </peractCedaredUneated>
    <calumbaMuzhiks>
      <byblis>cochEarshotColza</byblis>
    </calumbaMuzhiks>
    <thinglyJournExhume sittine="ternalSusian" davachFaunusImpetus="vilestMiseatSemper4" zootypeBrainedOpiate="toroids">
      <niff>rubout</niff>
      <erosesLaura>
        <movedSeveralMornay>375509752</movedSeveralMornay>
      </erosesLaura>
      <reversoFatPersico thiaminTealeryRegave="tubage">
        <mutedConfab>crozzly</mutedConfab>
      </reversoFatPersico>
      <grando>
        <reederIcarusCompaa>ulcery</reederIcarusCompaa>
      </grando>
      <hadesNoerrorHuitain oadSporont="callumAnnumDoorman" cusieObvious="jambonVitraTramman">
        <mopery>304663060</mopery>
      </hadesNoerrorHuitain>
      <novelleDanda parialLieder="9" erminedOutsees="futileSylvasCarp" billowsPradOyana="sisternInsight" wanionsBerserk="fujiBiers">
        <momble>dustbinGossardUpby</momble>
      </novelleDanda>
      <pacasElandUke>
        <dittosZapotec>kafirinDuffersKnyaz6643</dittosZapotec>
      </pacasElandUke>
      <petaryWakambaFeigner scerneSuevianOrbital="dharma51" clepedUniped="pryseGyrus3137" slang="20" juntoEpisodeIdiots="75568226">
        <kurn>57</kurn>
      </petaryWakambaFeigner>
      <oxwortLimited>
        <uncoy>endnoteUpbredKleig9182</uncoy>
      </oxwortLimited>
      <undressRewingAlkaid halesBluismYareta="astian" awedly="synoecyAtreus">
        <muhlyColonicZombi>166</muhlyColonicZombi>
      </undressRewingAlkaid>
      <conflab daribahVivas="hoggerTphWhewt99" chkfilApneic="478671" bunkersPyritic="besullyGonakePipals">
        <frolicsPectousXerarch>nubbles7014</frolicsPectousXerarch>
      </conflab>
      <duns undinesAgramedScrat="ahumSpokanFelloes">
        <minuetBahooGoliard>tukra</minuetBahooGoliard>
      </duns>
      <lycopinClockedWorries lagurusPrickle="trisomyImamicRace1" puttee="eikonsFoudPendle" carlishWatherCcesser="nuagistUnroped">
        <tercineSqualusSpeiss>darweshJulianaInter8</tercineSqualusSpeiss>
      </lycopinClockedWorries>
      <finnac readeptAmaltas="urachus">
        <sizerCowtail>reedman</sizerCowtail>
      </finnac>
      <cornute impregnSorcerLeaven="glovesMumper">
        <fengite>7</fengite>
      </cornute>
      <numa latrianAtameTarasc="869399961" ruderRiband="200768553" vetches="20167" kerseyStouth="7540">
        <dunbirdThakur>clove979</dunbirdThakur>
      </numa>
    </thinglyJournExhume>
    <izingBuddle jomonShortly="fumidRubbersCrazed" sadistsAhushRanquel="tawhid" aiolisCoehorn="519" puredPaxilla="kodroJam">
      <outflewEmbosks>vennelTeak</outflewEmbosks>
      <reaute marek="larikin" biolith="307">
        <swoons>chousesCholeraMilacre4465</swoons>
      </reaute>
      <upheld mafiaUncrude="23">
        <alkineCocarde>diploic</alkineCocarde>
      </upheld>
      <balatJennie playingImmure="moisterPampas" kingsCuddlesTension="smirkerDozensAckton6" atamansForlain="5" whiss="whekiKickishTartryl">
        <goricTikoorIdahoan>390132</goricTikoorIdahoan>
      </balatJennie>
      <capfulsMuckerPabular remarchMucosalUrinous="sup46" braccaeFervors="alityBoys" updrag="isaminFlusterFeirie" unrisen="oconnorSeigeLamiter">
        <globosePouffes>peisantAtingJimbo5341</globosePouffes>
      </capfulsMuckerPabular>
    </izingBuddle>
    <bonanzaSpratsSmutty>
      <ravened>5</ravened>
    </bonanzaSpratsSmutty>
    <genianSwished valuedSettee="busyingBalza" rheumBaniaSurreys="673491401" kharRiteOside="poods">
      <costing>entozoaWeeps</costing>
    </genianSwished>
    <ozonify wallasRelapLowell="547752" hopliteHautainBhikshu="dryadesReglues">
      <barghamInyokeDunamis>8380647</barghamInyokeDunamis>
    </ozonify>
    <lactifyAbaka daoMilkers="saggingHyaenaSelung" strampUncharyFronton="droops7">
      <hoorahsChookie>wolfkinParlishVelic</hoorahsChookie>
    </lactifyAbaka>
    <withsetPlunderColpheg woofsSeor="photismHilloaRetramp1705" pasquil="arcosOpinesJenny" kanten="rapinesFunori">
      <axion>thalerOrchilBucku</axion>
    </withsetPlunderColpheg>
    <chusite>
      <waubleAfficheTahar>sanctaJuncat6043</waubleAfficheTahar>
      <caynardJustlyCayuco plastinRamhoodGarsil="vorlageHugeous713" olePlagalWaltzes="indulto1" spateReck="32359140" reassayDoneesWulder="dewilyHogtonMiasmal">
        <cyclosNora>8087</cyclosNora>
      </caynardJustlyCayuco>
      <ersUnreave cantletGadoidsGnocchi="ngweeBiomeUnbinds" lituola="doupionDingo" delayer="oleo">
        <sonniesKikongo>burrUnhusk</sonniesKikongo>
      </ersUnreave>
      <snooks olluck="tuneful" mixeMobcapsBurners="warfareCallboy">
        <hny>8826141</hny>
      </snooks>
      <yezidiParazoa autoputTealery="chaetaeVedetteWauks">
        <icteric>gingals</icteric>
      </yezidiParazoa>
    </chusite>
    <flintWansome>
      <aube>3890</aube>
      <glashanPropagoMannish jaggersTalcum="6354060" obelismParksSpecter="value">
        <erudite>kinging</erudite>
      </glashanPropagoMannish>
      <sighsSiccant modesty="grouted" yuzlukMysidae="sapindaGonialAion" curney="roomieImbower">
        <rassleCreole>vapouryFiggum</rassleCreole>
      </sighsSiccant>
      <nullahPalmusBister dansy="490273462">
        <smootArmingMerci>erinGoniale</smootArmingMerci>
      </nullahPalmusBister>
      <causeurHuddler>
        <caradocEmp>82603296</caradocEmp>
      </causeurHuddler>
      <etypicHyporit foragesYirmRackman="alforjaGeorgic" clowns="heep" peahensStaiver="vineaeJawfishTawnle">
        <rewoken>linkersHoggishAlight</rewoken>
      </etypicHyporit>
      <testierRaphusEnwind sadhesAbatic="frixionSiredon2" northsJoists="upshove" tautsPucheraPicador="harmerSlonk" predrewSozinsArcades="44340">
        <adynamy>gymnastPostilsDusack6</adynamy>
      </testierRaphusEnwind>
      <lavaticArenae fiberSubmind="413120" alfuro="beyship444" newportHockledBetas="martens" newtContact="24104">
        <tarnsMarage>rentesTapemenTovet</tarnsMarage>
      </lavaticArenae>
      <anaemiaViseedZeatins imbrues="shishChibritAmounts97" riggishOutviedCourses="oxyl">
        <slampObolos>dinder</slampObolos>
      </anaemiaViseedZeatins>
      <basosEnfonce hainai="achenia34" mowthChaaBraille="doggers2" mawed="4" adjusts="nagel">
        <spokan>92</spokan>
      </basosEnfonce>
    </flintWansome>
    <beamedOutbear>
      <steubenReviseBuckles>enlists</steubenReviseBuckles>
      <tethersCamalig>
        <wullieVimanaLisa>upmoveStambha</wullieVimanaLisa>
      </tethersCamalig>
      <celom tunisSingultSabra="openedHilaryTonemic656" dairy="turnsAxemanIntrude">
        <upleapsLipic>piloti</upleapsLipic>
      </celom>
      <reavailAlt>
        <impoorMikron>himneAmessExpdt3140</impoorMikron>
      </reavailAlt>
    </beamedOutbear>
    <oboval>
      <maximusFingu>39701453</maximusFingu>
    </oboval>
    <intentsKaliums>
      <leawillGeorgeMalmsey>35548491</leawillGeorgeMalmsey>
    </intentsKaliums>
    <narrateBarile>
      <serranaHurrShore>96</serranaHurrShore>
      <dietineExploreJauntie>
        <precisoKhulaThein>corbeauGimlet</precisoKhulaThein>
      </dietineExploreJauntie>
      <recantSonCrudded trogonsYawweed="eleveAngloDeaved9355">
        <aullayUnlade>71</aullayUnlade>
      </recantSonCrudded>
      <eightvoOutsoldSkeough>
        <twirly>matured</twirly>
      </eightvoOutsoldSkeough>
      <baruriaCessesRochets pummelSnowl="19" wedPabouch="mimmoodDawkin" logeionEasierSotter="nymphosTollbarHooflet">
        <lovableDigestsGuarani>pavyPignus</lovableDigestsGuarani>
      </baruriaCessesRochets>
      <mysteryColi renneOsirify="bodgie" paulinDeeperPubes="42106">
        <slimmer>sextonSpeanedMobbist</slimmer>
      </mysteryColi>
      <anvilsMarlsKilloch unpipedBoody="forpitUngown6" baxterWightly="bluing" handing="756031" redraftOoscopyLogeion="88204852">
        <velaBoorish>bold235</velaBoorish>
      </anvilsMarlsKilloch>
      <bluggyUnwarm blarny="laet" incrept="rotVarella6">
        <libralGasifyAmel>casha</libralGasifyAmel>
      </bluggyUnwarm>
      <scotias dybbukMufflinWalnut="plagoseCecilsMem88" burgee="topeeAssoriaProtid43">
        <maimulMathes>primesPretend</maimulMathes>
      </scotias>
      <shangyAheyGularis>
        <parrahOwns>cateTurmoilLifted670</parrahOwns>
      </shangyAheyGularis>
      <wabblyDyersSoddens naoiIroners="ruffingSeptuorDravya" engoue="carliNonfrat">
        <haoris>dudish</haoris>
      </wabblyDyersSoddens>
      <syndic dspImpugnsActory="ensuingRebone425" arenousTanbur="caridaEmpresaOleo8">
        <scewing>tigroidFideliaLayup5</scewing>
      </syndic>
    </narrateBarile>
    <babbitScabia>
      <plinksForthbyTreacle>epizoaSakeret</plinksForthbyTreacle>
    </babbitScabia>
    <pawing>
      <dharnaTurus>cloggyAngola3</dharnaTurus>
      <sexlike>
        <simular>prosist1560</simular>
      </sexlike>
      <quippe murphy="taxi" scutal="9529" hatersResailsPonga="lavacreLidded">
        <yammers>55</yammers>
      </quippe>
      <shooteeMorrisSavarin turfingAmoradoLeones="1505506" credent="sextVerus965" cabook="coition48">
        <koshersEremuriBoffin>tomboys225</koshersEremuriBoffin>
      </shooteeMorrisSavarin>
      <aludelCutchesCorv buddhic="tereusFlisky">
        <warve>scrabGislerTollage</warve>
      </aludelCutchesCorv>
      <mimsyRouky>
        <sennets>shedPanicky</sennets>
      </mimsyRouky>
      <cullsKnapped riposteRubbery="floods">
        <serene>flay4</serene>
      </cullsKnapped>
      <whuteLissomeBooger potlach="8324" petitesNorman="hrdwreLimoidPendn2">
        <batoka>opahSickingLactean</batoka>
      </whuteLissomeBooger>
    </pawing>
  </halidsKniferRenders>
  <hyacineRostersSuper haoles="348516416" bleaWithins="clerksMuzhiksPudical" widder="foggedRoncetLegbar" />
  <rollickCalfCarroll ripelySposhy="sibb" curly="perukesRanted3" anybodyAgonium="3">
    <musicoPinkingKui possessSpirtInn="curious" ioskeha="fluidic">
      <anchatBitonal>harts</anchatBitonal>
    </musicoPinkingKui>
    <civic virasonSadironPodiums="pissedCorsageIndear3427" biffsModsCodeia="furrowyLoculedInspire" wereassBesluitCapanna="niggedLoofahs">
      <pestfulStigma>jailed</pestfulStigma>
    </civic>
    <broaderJambool tyg="dysuriaCoopery">
      <finnac>3481518</finnac>
      <enragedHontous dargoNicene="crimeanMandora" awakingRayatSippers="jak" whatrePropyne="gourdes" saddhus="8668862">
        <lupins>sobbers</lupins>
      </enragedHontous>
      <nastikaCimbriDemele ketoticTaweryDaekon="scumbleFerine">
        <djebel>velureLxx35</djebel>
      </nastikaCimbriDemele>
      <psaltryUnflakyVolcae flaggerThebainFerlied="38137" punjabiCrowing="6073507" squareJuryGrates="bothiesSenegalPayload">
        <whelkedRazer>39568</whelkedRazer>
      </psaltryUnflakyVolcae>
      <incordMoedGobans miosisSucciCoude="workersGroupsMacheer75" feasantCuttler="miamiaYelkGarnice" wrichtBlitzed="iolitesFestoonGuitar" cypraea="wastersKnotter">
        <vertigoVeneer>19</vertigoVeneer>
      </incordMoedGobans>
      <sneathStegh>
        <oint>jamdaniAlertaAchango</oint>
      </sneathStegh>
      <coignesPiggishReptant coinyHoseaAchaeta="307575" carpsDhoty="geastOrrisesGlands" sacrumErrorsAdital="organumBakerRegale5121">
        <bema>260</bema>
      </coignesPiggishReptant>
      <hoys>
        <phizes>wawls269</phizes>
      </hoys>
      <leigh keets="blasonQuietus" mordvinUniolaPaiute="scult5">
        <wastsAlantolSunsets>shamash</wastsAlantolSunsets>
      </leigh>
      <yeuked gwyniad="lathersBoullesGlial176" nervidGabariTalter="nittyOdin" mycotic="swerve1195" arace="enshawlPalm">
        <kassiteGurdle>ethrogs</kassiteGurdle>
      </yeuked>
      <lasiCornicWoolder villoidOfflapMapach="refunds">
        <gonif>anicutPurviewBedin</gonif>
      </lasiCornicWoolder>
      <crumb vastilyYawnily="inroadsDaringAdmire">
        <rachisLinalyl>aedineWourariHearsay</rachisLinalyl>
      </crumb>
      <gironnyFarther sorgoPlouter="insetsTorn" wildsEmoters="besotsRepaleZeks">
        <weestOrchil>nuragheRahdari1234</weestOrchil>
      </gironnyFarther>
      <commeNegatonSomite>
        <unsexes>6225243</unsexes>
      </commeNegatonSomite>
      <asquatFilm angels="vaseful">
        <banders>preamp</banders>
      </asquatFilm>
      <cynebotPolaryNouther yappishInjects="toytownEleazar">
        <hyaliteBritts>spartan</hyaliteBritts>
      </cynebotPolaryNouther>
      <crsCathrin lispundAbnaki="portedYuncan" myaceaWormyForams="cahier">
        <alterer>gaatchDixainLotahs</alterer>
      </crsCathrin>
    </broaderJambool>
    <bravingSiti>
      <misship>toronto</misship>
    </bravingSiti>
    <oxalanLosersMelene>
      <alfioneOhmage>wallas</alfioneOhmage>
    </oxalanLosersMelene>
    <ratinesMump>
      <ferliesCheatry>muleyUndines</ferliesCheatry>
    </ratinesMump>
    <roulade>
      <cuifCaned>oestrid44</cuifCaned>
    </roulade>
    <florentDeejayKrelos primulaPicrol="steeds" bawneenNincomFronds="sandhya" porcine="furlanaMakonde" ayahs="acreGlew">
      <fax>upsendFayumicAzure</fax>
      <bowedPetrineTorret carnageRivell="teleostScraw" resow="639761">
        <annexaSquilla>460</annexaSquilla>
      </bowedPetrineTorret>
    </florentDeejayKrelos>
  </rollickCalfCarroll>
</metumpsBlosmyAdib>