<?xml version="1.0"?>
<yurokShopmen>
  <mahdism>
    <tawersPriorlyDeterge>
      <marmota>80441</marmota>
    </tawersPriorlyDeterge>
    <emesaFreyrTolmen umiaq="89">
      <hagrid>286002455</hagrid>
    </emesaFreyrTolmen>
    <unrivenPleachExpt maths="aliquid" realive="stitchRefundReusing" tournMagneta="epsilonJiber3" isotriaHdwe="deduct" nitellaBrewing="ijithadArccos">
      <anonymFluffer>587072031</anonymFluffer>
    </unrivenPleachExpt>
    <skeenSicklyEvodia wastmeRiping="upjetCurly" seldCricDoucin="penideTirage" dementiBestingHulu="shifted" sargeMacro="ddname">
      <sealetCremuleCrisply>deluceEpicWhirtle</sealetCremuleCrisply>
    </skeenSicklyEvodia>
    <acetiteRebus whileyBeedi="asides" dwines="tesackJujuPalter84">
      <cowries>dibbukVaseful</cowries>
      <heccoImdtly tresKitlingJuking="731891">
        <mibound>unwove</mibound>
      </heccoImdtly>
      <repulse robustEffund="panelerUnpeel" untipt="juicerStarik">
        <alarbusCuplessWeftage>muscaChouserKapa</alarbusCuplessWeftage>
      </repulse>
      <rebinds jacinthUndonAminate="ionizeUpsuckBoozed">
        <durdum>voicingSunwaysZanzas</durdum>
      </rebinds>
      <sandboxSpalledFluxive forge="lactify" szeklerPaterTunist="reductEnseal" labiumLustedImpress="6874194" unreeveMedimnNapa="benamedThirlsMurat">
        <malignSilkie>cantionLossOpera455</malignSilkie>
      </sandboxSpalledFluxive>
      <lapsus>
        <coinsAccueil>6769064</coinsAccueil>
      </lapsus>
      <prankMoqui frabPodger="14">
        <shroffs>seamost3796</shroffs>
      </prankMoqui>
      <rescrubHeydays>
        <leys>avellKelek</leys>
      </rescrubHeydays>
      <ossify cocona="96775" dottard="dissourCoef986" outcullDistad="yelm" hotrodsDowed="quawkGausOldish">
        <kafGreeneyTuedian>7294</kafGreeneyTuedian>
      </ossify>
      <chews hewedShortly="54136640">
        <shmaltzCutis>ratwoodCivieBehedge</shmaltzCutis>
      </chews>
    </acetiteRebus>
    <booked wonner="spartaAllodyRemains" fatally="seethed" isth="34090">
      <pedlar>wolfdomTinnier</pedlar>
      <coolestSickFlote tarau="3" rogue="englynsJuga" bedfastShurgeePodagry="307740">
        <essayedFills>lexiconGantang</essayedFills>
      </coolestSickFlote>
      <auburnFurdel>
        <lekanai>393581831</lekanai>
      </auburnFurdel>
      <finspot smidge="zeoliteOutshow" limpishManageOpaled="slopyFlued">
        <zillahReddleWavier>smritiIapygesDiphase</zillahReddleWavier>
      </finspot>
      <eroseQuellio housingBonsai="7414">
        <haircap>hilloaTimawaFibers</haircap>
      </eroseQuellio>
      <nonsyncPupped herpet="apandryMirker" chulanCrisisFucoid="feudal" kebbie="teepee">
        <nould>cheeperRybatDuskier</nould>
      </nonsyncPupped>
      <chelemDochmii jugDewyHauld="yecchyEpinard" vexerTrivium="welsiumMaskersSoogan" knouts="soph">
        <retypedBaculus>boultelToolAndre</retypedBaculus>
      </chelemDochmii>
      <tattlerEmmove wakhi="ganofCentalCoiled" adure="malakonSistine4" soxNubbins="tinkledIngemGametic" moues="cortianInneityArdito">
        <deseamDadaistColling>slaggy</deseamDadaistColling>
      </tattlerEmmove>
      <reginal increst="airtime" miggleInqilabDefis="kerniteBlenny">
        <bergereDudeIntnl>omitProline</bergereDudeIntnl>
      </reginal>
      <matings evitingOxyopy="65">
        <suum>sylvius</suum>
      </matings>
      <khairBogles frickle="cosedMottles" galen="newness">
        <sulla>4119</sulla>
      </khairBogles>
      <bodiceFoliar clower="babist" clawkerVicedIsles="weldedBandrol" subduct="fictive" neutralDiets="msg2">
        <ageusicHanting>2120</ageusicHanting>
      </bodiceFoliar>
      <fanalKarval iliadHorizonLunda="etwee" oncer="aiawongServos">
        <sloshesLibyansBeing>hummock</sloshesLibyansBeing>
      </fanalKarval>
      <kopeckScepterProgeny allness="hiper" blushy="resewYowe86" aulasInvital="6483576">
        <juslik>8</juslik>
      </kopeckScepterProgeny>
      <gypsums>
        <baalath>gimbleBemat</baalath>
      </gypsums>
      <custronRieversCrowned trivialMisled="armory4197">
        <closetsViolentJeton>86855</closetsViolentJeton>
      </custronRieversCrowned>
      <crawfulFashing riposteCoenobe="melismaFeather">
        <loyn>pleaderReindue</loyn>
      </crawfulFashing>
    </booked>
    <gelantsAlkoolNiobate>
      <leukonCroiik>grailCanopy</leukonCroiik>
    </gelantsAlkoolNiobate>
    <strathsCullenHerein>
      <inkling>641</inkling>
    </strathsCullenHerein>
    <algoresFurca foams="mischioOtaria" sham="121451254" cepeAstrict="30943868">
      <fathmurRapic>79715160</fathmurRapic>
      <bromism>
        <brochoAkaakaiFervor>eosinGeleemNothous</brochoAkaakaiFervor>
      </bromism>
      <bourder cucujidRanches="scraigh" leveret="tanica" tolmenBridge="laudedScuppitGadis5702">
        <credent>probe</credent>
      </bourder>
      <saggedDunnish>
        <tabidHeiauDoblons>flewitVodkasCoffin</tabidHeiauDoblons>
      </saggedDunnish>
      <publicaBolusReshun dupingSchorl="oomiackFurole" bessel="noblePeropusTherese">
        <furzery>beachedRhapis77</furzery>
      </publicaBolusReshun>
      <evestarAladfar teazelsAssahy="enformAcetone" pekinsKrivu="tussleOrisonCypraea348" mruSedum="athecaeAmass" bretonsEncoil="70">
        <phenomsBootle>carling</phenomsBootle>
      </evestarAladfar>
      <rykeOveractAmarna torsosMalines="viner" poutsShojis="godfreyPigmyPyrula" sprung="360395">
        <rouging>reawakeVialfulNasiei</rouging>
      </rykeOveractAmarna>
      <wefts oreJudaism="154" leproma="malvaSextain">
        <puntist>upcoils</puntist>
      </wefts>
      <amissFogydomParitor bridgetElcaja="physics" holeman="kimonosPulps" teepeesZeme="blanket9413">
        <plumingDheri>secrets</plumingDheri>
      </amissFogydomParitor>
      <avenageGlobe>
        <shikarsSepiumChequy>hydnoidOutrant</shikarsSepiumChequy>
      </avenageGlobe>
      <guildTweak tamesNignye="poetlyFloorerClubber" tollJuleps="purdonFlexoCarried">
        <pawkMuseful>ran</pawkMuseful>
      </guildTweak>
      <brutingCongeesRotalia gaslessVacatur="peiseClouded">
        <iridesArcsine>pottedUnlikeCorbeil</iridesArcsine>
      </brutingCongeesRotalia>
      <damsels coelomePanus="naganas" zoogonyFideleBuiltin="cobbersAeginaMyomata">
        <aurists>cunts</aurists>
      </damsels>
      <noriaRatwa sememesJehu="wurmal2323" hunhOtto="liccaPrivantLandau" goar="935">
        <cigale>achape</cigale>
      </noriaRatwa>
      <reships dolldomHarrowNazi="34396790">
        <triazin>217701</triazin>
      </reships>
      <exon lapwingCachesTempehs="lashornNacarat" propmanRequireSpelt="uterus6">
        <barundiPackrat>couloirElutedBabu650</barundiPackrat>
      </exon>
      <hogward wrabillPalis="tephrasHerber">
        <etc>niacinsBesuit</etc>
      </hogward>
      <womenBowed>
        <topplerAdolph>sionNolos</topplerAdolph>
      </womenBowed>
      <durdumUntakenCorbina tabEsrogim="priers605" sunlikeMenteryGrimier="muffs" maythesForgieRigid="orgasmsPictun">
        <cayapaHeater>6</cayapaHeater>
      </durdumUntakenCorbina>
    </algoresFurca>
    <necksYeggsBrasser>
      <afriteBask>virifyMerd</afriteBask>
      <soldan>
        <exedraFurrows>smeuthWistfulWyde</exedraFurrows>
      </soldan>
      <gutwortTave cyanidsHeadsaw="enwidenSulfid">
        <pillars>lennow</pillars>
      </gutwortTave>
      <wanrestUrgeSolvus>
        <encloud>dihaloFizzledTalitha</encloud>
      </wanrestUrgeSolvus>
      <wisdomsMakoua here="681" wastely="paleronLacertPrepend">
        <ovisacs>risqueeRescous</ovisacs>
      </wisdomsMakoua>
      <cazibiVergiShiah ghanEelboatForging="nomap" cymbate="ramesesDotyGelding">
        <masoner>3</masoner>
      </cazibiVergiShiah>
      <tryingPhoneysMazur aholdsFisheryRoploch="pristavUntimedEnsmall" leveSelungChukka="refileKathode5" paviorsOlfact="5462705" circutsBaric="7681123">
        <shea>dugsAlanin39</shea>
      </tryingPhoneysMazur>
      <bruiterJacht dorbelWanruly="547378">
        <beaufin>jogglesStolon</beaufin>
      </bruiterJacht>
      <patesiGrails>
        <forlive>fatsia7301</forlive>
      </patesiGrails>
      <gaulter whams="bandieHatable">
        <coryciaCaromel>64865</coryciaCaromel>
      </gaulter>
      <maytime thenarsDoddMoonet="dassie" lacker="dotages">
        <esurineAdjunct>leaving</esurineAdjunct>
      </maytime>
      <buddersLegals>
        <broguedDarienVaporer>tymbalsLimaxAbase</broguedDarienVaporer>
      </buddersLegals>
      <mummed behove="cymlinDetax" betokenSewingsGeronto="tarzanMechirAmigo" puppilyFlooded="6421077">
        <cherguiKalmiasEebree>rivetCradleStolon</cherguiKalmiasEebree>
      </mummed>
      <araseUnluckYobboes>
        <lineletEdibleSchizy>alout276</lineletEdibleSchizy>
      </araseUnluckYobboes>
    </necksYeggsBrasser>
    <loppersDoariumLeased>
      <curtaxe>flurtAddlingBitsy</curtaxe>
    </loppersDoariumLeased>
    <abduct lick="borzoisMorian">
      <gonagraJocasta>mistendHalferEastlin</gonagraJocasta>
      <synchroBalkis naiver="agendTapenSyrphus">
        <wuduChriaTungos>silanga</wuduChriaTungos>
      </synchroBalkis>
      <rexes searchKiowaAgudist="refugedFindy" reboard="rndStarver" fallKabongaTerra="blowerScowl">
        <sepal>307</sepal>
      </rexes>
      <spewing>
        <suidianMuscowTheclan>harpersExports</suidianMuscowTheclan>
      </spewing>
      <unsloghBelaborCoring>
        <munchyUnkeyed>greggeConduct</munchyUnkeyed>
      </unsloghBelaborCoring>
      <raveEsseraJambs slatted="macedonIsospin" credits="1125079" annalEgo="erron">
        <cowlickRefilms>cutoffsLoppy</cowlickRefilms>
      </raveEsseraJambs>
      <pilawsSocketGoggle ungagDiremptLakelet="588061" berime="thornRodlike" fummle="abuseeRerated" coadaptVeneresChrysis="2">
        <fezzanBrubruStauter>mashmen</fezzanBrubruStauter>
      </pilawsSocketGoggle>
      <dimnaElks>
        <polypedFlavor>maleosRombleKovil</polypedFlavor>
      </dimnaElks>
    </abduct>
    <waggel>
      <whumped>56520366</whumped>
    </waggel>
    <nabothTurb>
      <isatinHeimish>3915770</isatinHeimish>
    </nabothTurb>
    <cariedNeuters gorcrow="malletLockup" dividerSomitic="costarBillons" crappyClothesMisdoer="spikersCasaqueStrette">
      <smeuseUpswing>719107238</smeuseUpswing>
    </cariedNeuters>
    <fursPedlary>
      <booAfeared>filemot</booAfeared>
      <assegaiEnentEadish volencyShofulOutrage="reedify7">
        <reoils>toilesNylastQuavery86</reoils>
      </assegaiEnentEadish>
      <noduliMeaty meebos="6288">
        <andianLongrun>brass9</andianLongrun>
      </noduliMeaty>
      <eutaxieGoldurnWizzen vignin="embrawn1">
        <beparseReestleBharti>claxons</beparseReestleBharti>
      </eutaxieGoldurnWizzen>
      <karpas>
        <feifGiglot>bels</feifGiglot>
      </karpas>
      <pillion nomasCutcherBroncho="392">
        <oidioid>26109</oidioid>
      </pillion>
      <cibola sarsarsRickety="thenne24" sesameItemiseSwirl="outeatsWimples">
        <clefPyrobiSkoo>cockpit</clefPyrobiSkoo>
      </cibola>
      <shoeingBailoMas>
        <kilomMasLabrys>homosFarmery</kilomMasLabrys>
      </shoeingBailoMas>
      <theer>
        <debatedTruths>filmsKellaTrueman</debatedTruths>
      </theer>
      <zmudzTulcan doilySeamark="eutopiaGirlyOyers" wraist="taalPunaMash" footier="squshy">
        <akmiteZamarro>9779125</akmiteZamarro>
      </zmudzTulcan>
      <knursReeds glauberGatedBaile="faggotyPyladesParsic9990" reheapBooksEdgers="79197293" jibbahSastraSurgeon="obolValorsTimne" kittledIllth="kioko413">
        <bobber>curvant</bobber>
      </knursReeds>
      <gaudier>
        <talcing>955491</talcing>
      </gaudier>
      <filtreDamSuccumb caligaCornadaSenora="beanerSambaedKonini890" slumgumMuffles="medickPhemicTiderip" malletSkywaveDhikrs="24834613">
        <calombaDomal>kiackVeri</calombaDomal>
      </filtreDamSuccumb>
      <birgus buries="lesathOoplastBecurry9" ligyda="zurliteBubalis" dehacheDidine="redraw">
        <uzbakDreamedPeri>naisTegumen7072</uzbakDreamedPeri>
      </birgus>
      <amatiSteroid naricaAlkylsPrepink="68064362">
        <salalCoccalGilver>meniseDibbuksOolite</salalCoccalGilver>
      </amatiSteroid>
      <thickyInstr uniaxalParlaysTakes="3449721">
        <bigwigAdman>dimpled5797</bigwigAdman>
      </thickyInstr>
      <yontWitfulParters chiave="operoseMuong" bluffs="morrionReparkArba" mockadoTerenceVersion="aromalGazook">
        <dinBrab>saigaPuerile174</dinBrab>
      </yontWitfulParters>
    </fursPedlary>
    <dourasBlebbyHeezing exceed="bedsickGuimpeMorsure8134">
      <makeups>814</makeups>
    </dourasBlebbyHeezing>
    <folles>
      <bunkoedDivet>8324643</bunkoedDivet>
      <meiklePaniniStray ion="nettieCyanole" tympanyHostelLobuli="leila" brevit="oatlikeSalemaRecpt">
        <libridCaribeGrasper>zymosesTollonPandit</libridCaribeGrasper>
      </meiklePaniniStray>
      <wowFeruGoalie>
        <sagosErgs>flebileYaqui</sagosErgs>
      </wowFeruGoalie>
      <upon winksChasterPunjum="limbec" evocateGootee="beaming" commits="narcs" impureEstangHeight="8">
        <matelyForwardTwofold>enlimn</matelyForwardTwofold>
      </upon>
    </folles>
    <matalanDarogahTanjib>
      <raaschPlenums>7836731</raaschPlenums>
      <leopardStomalGeek>
        <trisulaMaco>awaitContempPunicin</trisulaMaco>
      </leopardStomalGeek>
      <ganta obtestsOddment="windup" entomolBeatae="586174868" snawleSteeks="feetSakiyeh" kishkesPokilyEme="slant">
        <gyppery>2</gyppery>
      </ganta>
      <angloidBehedge pibrochSpifFlout="318647000" darner="dasturHadjeesYouthy" roostLamTutmen="redbayConcion8420" taxableCanham="aortaeTomjohn">
        <cithers>vexesProffer</cithers>
      </angloidBehedge>
    </matalanDarogahTanjib>
    <marsAdynamyAnears leetle="gnetumNegator907" barwareZilch="9161506" geecheeSteeped="wedgesGlomera8510">
      <pelew>clonic4</pelew>
    </marsAdynamyAnears>
    <bloomedUnlogicLimeade capichaChoresSaad="cestrum" algebra="892" enology="daza679" arylsBustoVend="baulk">
      <windbagAvowal>peesPompeiiNuchals</windbagAvowal>
    </bloomedUnlogicLimeade>
    <bunderUnsaltyHaptic>
      <jubesForepadEmicate>insweptCollTulsa</jubesForepadEmicate>
    </bunderUnsaltyHaptic>
    <everyAhoBellona>
      <coloveBabudom>159</coloveBabudom>
      <yaupedHighish rapanea="dancersPopulusMaximin" coopery="rebeginBerry">
        <dambrod>sarip</dambrod>
      </yaupedHighish>
    </everyAhoBellona>
  </mahdism>
  <vended trooperDeavely="logcockDowdy" triuris="riempieDaymark" stunLoggetsPlotted="opencutKobang60">
    <galletaAmie>
      <ifintHuzzaedLiards>500</ifintHuzzaedLiards>
    </galletaAmie>
    <larvasTofus>
      <cretion>195646284</cretion>
      <wisha fidawiAeonial="algaeLucilleSkaw" doggetPitches="settee" snappyMurrain="matapanScrubs" matures="3">
        <bipackDholes>ripple48</bipackDholes>
      </wisha>
      <storer unmanly="reliantSonless" cromeAdjured="7678329" tsarRower="epitomeSends">
        <devious>empire</devious>
      </storer>
      <inert recallsBlurted="octadsYuapin">
        <granatThawsSnooker>flyer</granatThawsSnooker>
      </inert>
      <cornuaCopter sargo="bathalaTherms733" anitosDorsi="cixo">
        <iglooOxonium>20120</iglooOxonium>
      </cornuaCopter>
      <dow mistideHenbitNeroic="elutedOstentCoalify" otiant="gopher" cubeb="735704">
        <micro>1414190</micro>
      </dow>
      <outguns parkersProrex="taglock" endopodCabotsDivort="editor" pilersBehenCohanim="twant" bonne="avenage">
        <walliesCarliScomber>essenisMudhead</walliesCarliScomber>
      </outguns>
      <learnHaiks connersVinicBoneen="4385" vespa="5" paplikeVolunty="sandhogBidget41">
        <genesesBursar>634554</genesesBursar>
      </learnHaiks>
      <coronelHunnicChain>
        <elbow>anacesAssessLags</elbow>
      </coronelHunnicChain>
      <brigousNeeps unnewlyHernsew="enjamb">
        <neddyPersona>624248821</neddyPersona>
      </brigousNeeps>
      <lampfly branial="murraro">
        <tetract>tongedTelomicJatni</tetract>
      </lampfly>
      <located>
        <bowyersPagans>601141360</bowyersPagans>
      </located>
      <mossiMuonium braulaIsba="423022" musjid="tavernTribletPagine" prudityHotzone="sorrier">
        <cloursOlympusWarking>crocinIsodrinFighter</cloursOlympusWarking>
      </mossiMuonium>
      <jetonTrapanSepiost fordoSnooker="intisyDisbars">
        <reinaSloughyToo>ettleBrelaw</reinaSloughyToo>
      </jetonTrapanSepiost>
      <hexsColuberPoint refreshLope="pasted" aurifexRenders="9" yamato="cupric">
        <fusingVidya>pacoTopfullOltunna</fusingVidya>
      </hexsColuberPoint>
      <axemenTem>
        <spumierCarayanSmashes>sirosElect</spumierCarayanSmashes>
      </axemenTem>
      <fudges>
        <stuphe>7595382</stuphe>
      </fudges>
    </larvasTofus>
    <unwontPiaba>
      <stankie>77070</stankie>
    </unwontPiaba>
    <kabyleUnwived>
      <flies>comb</flies>
    </kabyleUnwived>
    <worsesGadgets skefJeez="873" linener="nagualDeletes" oenolicHapped="liassicArean" picoCuidadoFreak="466" seamletCoronal="tactsPreseeDuroc" vedaic="samalCarawayMadders">
      <blinis>outaskAsiaticConsist</blinis>
      <pleuric>
        <lvalueRunIckiest>formicDiocoelWebelos</lvalueRunIckiest>
      </pleuric>
    </worsesGadgets>
    <dikedBoyauxBedrop shesErotema="tallateInbent" hemipicMazurAcheron="beanerTemenos" dabblerCastedSkirl="creedsJainism2">
      <retinaFaroffJangar>effatumBramSensory</retinaFaroffJangar>
      <legatiCubital follyer="44314" maestroBeadmanGuib="sauryUnliver" podge="flailsUnfeleFumets32">
        <pea>arrieroKylin50</pea>
      </legatiCubital>
      <enclasp pyemiaOreidesSct="offwardKalongs">
        <scobbyNejd>nickleApprove</scobbyNejd>
      </enclasp>
      <inhumerScrollNonda>
        <subbase>ushererBemud37</subbase>
      </inhumerScrollNonda>
      <searcerWalkieTasajo gastingBatteauFaros="shanUnleave">
        <rozumVerdunDunter>9351442</rozumVerdunDunter>
      </searcerWalkieTasajo>
      <succuss shoreNeotoma="cacara1451" purdon="gasconsFlambee" zarebaCaraibe="227">
        <reyieldCrestal>could</reyieldCrestal>
      </succuss>
      <loadingImshiSorbol mitres="leafenEmceing" noshersBlesmolDeul="carnicBeavers1047" enround="unboggy99" seniles="freckedDelisk">
        <heavier>moulded</heavier>
      </loadingImshiSorbol>
      <nuzzleTachiolPalmula visierBaldly="athyriaAcnidaLimmer" wekasBuffier="fennecsLignumsCulpa">
        <surfierWhase>toutedBeerilyCrois27</surfierWhase>
      </nuzzleTachiolPalmula>
    </dikedBoyauxBedrop>
    <rhedas>
      <ticketsCommaes>zigzagFurzesInwards</ticketsCommaes>
    </rhedas>
  </vended>
  <entires smallCururo="naig" otiant="71" siletzOxhide="birne38" />
  <parserSamniteAmphion polis="omegoidTarwood" />
  <saviors pintid="gyneciaAnaemiaQintars" cericNomina="boxenVang7" raisonRonin="wagonedFacials">
    <thrombi>
      <tactFarmer>lecticaKerns</tactFarmer>
      <pykeWentReskin wontonOverlegApercus="joyousFrilled" sallVenosalNaegait="hadarim" quotaAdullam="toaderyEremiteRepanel" solusJovialScye="fogbowDandisBaiza">
        <sagaman>hhd90</sagaman>
      </pykeWentReskin>
      <morelMisputUndated chapterAnklongUncured="earsoreImperEmulate" incisedMenusCrust="baffy" peperek="dousers94">
        <arzunVenator>7100301</arzunVenator>
      </morelMisputUndated>
      <vinos tidewayBungleCombers="succubi" jak="festaeBajada">
        <befitsDeriverKeir>quarrelPaulinsDigenea2</befitsDeriverKeir>
      </vinos>
      <exorFuzeTainted drawrodUncrib="52533636" communaGleams="leonist">
        <turrell>untacksPrefQuedful</turrell>
      </exorFuzeTainted>
      <calesaAaliiLongfin lucence="falseAgagViscus" hurlbatTenacy="waversFarmer" prongsElfish="wenzel8" finesse="847361705">
        <racloirTheseumCoxing>8</racloirTheseumCoxing>
      </calesaAaliiLongfin>
      <nobbyEiryPinning foining="466558" jabulNumine="44" columnsScogginTousy="oversow66">
        <noxial>demeansKulak</noxial>
      </nobbyEiryPinning>
      <cloacasExtendTerrier explatShallot="occults38" fuglesEncase="damier" broncAnonad="neckarSubsume">
        <unsatin>senegasMohrSniped</unsatin>
      </cloacasExtendTerrier>
      <fullersReedingOvile>
        <grouserAlinesWabe>4333530</grouserAlinesWabe>
      </fullersReedingOvile>
      <goosery rerisenCurdledGnawers="aclinal" sirkiIngenie="rikLostMolary" batches="discost">
        <shebatAgnel>grakleYanky</shebatAgnel>
      </goosery>
      <razzesPoemSirra>
        <sewen>fricacePirrie</sewen>
      </razzesPoemSirra>
      <touche finDemean="hawbuckSeave">
        <boobsSpilledAbrim>3625</boobsSpilledAbrim>
      </touche>
      <belfryMorrowGrith whilomModif="quezalsMammals">
        <ciconeTrueing>pedataJibes917</ciconeTrueing>
      </belfryMorrowGrith>
      <inchMilts erodiumEmball="89855" masseOwenianPix="godsentStompEyres">
        <abadaPointy>saintlyKlip</abadaPointy>
      </inchMilts>
      <speiredWoolsey yoniIdryl="orgasmsCaposHordary13">
        <pentyne>704897449</pentyne>
      </speiredWoolsey>
      <arendNoup alkinSanies="473">
        <betookRadomesOutwick>inksTalefulLyrate68</betookRadomesOutwick>
      </arendNoup>
      <codersPliably>
        <draws>635528</draws>
      </codersPliably>
      <yeomenDouseSurgier>
        <bluefin>nooses3629</bluefin>
      </yeomenDouseSurgier>
      <wychesJatoba>
        <orgyia>3295</orgyia>
      </wychesJatoba>
    </thrombi>
    <betsBights>
      <prises>tsars</prises>
    </betsBights>
    <paraphSloydsLenth>
      <chloe>retrim907</chloe>
      <fullishOutflueSowlike pand="camisSkeetsUpbye" dentyHain="beekiteMeshing" orsWinnie="basinOctavia">
        <meated>954440</meated>
      </fullishOutflueSowlike>
      <weenyHadromeAuldest riggish="newtsHorsyGuided" embowlSnyed="foetalCaunch" tulchinEmagram="aminded7906" parpendTapePaynim="decoderAlbi">
        <uppityRecramp>burrDuckies8</uppityRecramp>
      </weenyHadromeAuldest>
      <hiveDimmest>
        <stacc>stanze</stacc>
      </hiveDimmest>
      <forwentAwasteAgaric temporaStowedFluking="mujeresTakefulQuiblet" kaddish="thujyl">
        <unitionTellinaKeened>2318</unitionTellinaKeened>
      </forwentAwasteAgaric>
      <facularHinglePinacol druid="vidkidsCaprateVentage">
        <clumpy>maormor</clumpy>
      </facularHinglePinacol>
      <esuEnsafe>
        <wettishSabora>584128109</wettishSabora>
      </esuEnsafe>
      <neegerHidlingLushed kenSkimmed="tanrec">
        <durdumDigTuzla>rollickGiraffa</durdumDigTuzla>
      </neegerHidlingLushed>
      <pergola narcissEudoraRonquil="120" fluavilCuonSepia="larickOutleadJetter" plowerZigan="rhaphes" cyathus="quienalTutster">
        <yapsterSubjoinSkydive>glummy</yapsterSubjoinSkydive>
      </pergola>
    </paraphSloydsLenth>
    <boon>
      <aroonPickoff>thokish</aroonPickoff>
    </boon>
    <mycelesCocuizaContest>
      <skitMaundy>most57</skitMaundy>
      <ahems puntos="noutherHibla">
        <cassHackmanRebold>221</cassHackmanRebold>
      </ahems>
      <lunules>
        <beshout>ossianSnubbeeChorio</beshout>
      </lunules>
      <upseizeMuckmanStelene kiotomySeedlip="yawler62">
        <sardian>cawnieCanos</sardian>
      </upseizeMuckmanStelene>
      <feusTeedPolyol goshawkMagsmanFeral="reign" peppin="labra" taiseWrierBeakers="5880945">
        <shiveryTainanCapelin>resedasSayings</shiveryTainanCapelin>
      </feusTeedPolyol>
      <tenor pantonUsaron="damme" chargeeTazeeaRerob="capablyPaillesRoaming">
        <meninx>bedriteTheaWilting</meninx>
      </tenor>
      <guilder bemoanTailleImpiety="223055" billety="renoir" granam="ghuz98">
        <hunnerKnollerMousier>hyeEductor</hunnerKnollerMousier>
      </guilder>
      <fascesTrepangSaya perun="noziIscoseMistier9946" haptor="27048" sericDuniticUmbret="579864" bodragHaulms="4732">
        <alandsEuphoryGablet>dormersSheriat</alandsEuphoryGablet>
      </fascesTrepangSaya>
      <payess>
        <easternOesogi>inglobePpdTopful964</easternOesogi>
      </payess>
      <winers slowfulBorne="587579976" deforceAnglic="anisalNigreDrailed" manchus="caaba5" eke="fluoric1">
        <neeborExurge>panagiaHobPrevued</neeborExurge>
      </winers>
      <scybalaMucusesArista rimpled="everardCulets853" seljuk="slodTressy" boydomXat="laptopAbyesTensors">
        <terranChirredLets>48320</terranChirredLets>
      </scybalaMucusesArista>
      <gallifyEstrins skep="renigQuercusGreeted" kelpie="pinfold" noctuaCantinoBainite="beetRaasch" champsAmblePete="56">
        <ointHurrockVainest>68</ointHurrockVainest>
      </gallifyEstrins>
      <adrowseOverjoyBap lijaScatted="solutusPortaMorns">
        <tiguaCarpiumCracks>unfurBehightMora</tiguaCarpiumCracks>
      </adrowseOverjoyBap>
      <vicaireChirosDoormen lunulae="bepill" terraeEntry="swoonedFarfal">
        <canst>framersStarvedPoaceae</canst>
      </vicaireChirosDoormen>
      <tarrassAttentRelief wrapperPawaw="atrium972" faddismHunnicJonah="9" cobnutsShan="eoiths">
        <fixupsLagersPluchea>banjos</fixupsLagersPluchea>
      </tarrassAttentRelief>
      <bearmAboulicNanny batad="duet" maydaSybow="unlyingAnnul" hals="hoaxeeEchoerResects7827">
        <opsins>riskful</opsins>
      </bearmAboulicNanny>
    </mycelesCocuizaContest>
    <fablerBleakyCholla adulate="3160146" shoos="1" thaminSpudboyOzark="scotalJitroLineups" quaeresAixWiches="meliaFetalYobboes" fstoreSafflowWesley="wottestKorec7" oilcansBanquePontee="iran4364" swangy="322">
      <cocker>voilierGarble5</cocker>
      <yabby oariticBacquet="burEuonymCrozer" leguaSriGanner="squidgy" casuistMoneme="winfreeWodThumbs" sheaved="kellionIllegalEndere">
        <tentsAgyHances>exploitPut</tentsAgyHances>
      </yabby>
      <mautsInfuserAbrege rerob="5778413" chgTreateeBuenos="97782366" baileysApeling="ireneBini167" goner="99515">
        <ranches>1487632</ranches>
      </mautsInfuserAbrege>
      <oquassa heroinMoatedMasculy="felloesGrail6" assautMinibus="trattleZaggedBima">
        <droukedSemital>breengeFiliiRegloss</droukedSemital>
      </oquassa>
      <nacrite wummanRecoach="rhomb" scaffleVidendaUnrived="urbic" refreit="herpLobatedJewis" epactsProsers="anicutSweetenLuxe">
        <pittedFrs>bimahs</pittedFrs>
      </nacrite>
      <skerry teazels="ambaris" humours="dame">
        <afforce>2542235</afforce>
      </skerry>
      <rhoncalToggledOftest linecutGoopsFiscals="weldGustRobing4">
        <fishletPermix>9449</fishletPermix>
      </rhoncalToggledOftest>
      <staryRaglans>
        <folkish>alecost</folkish>
      </staryRaglans>
      <heme boostKippeen="cuculi1677" manureGamontGesnera="hemmelFlokiteLich" sloveneBurses="suedingWawled">
        <baryteSyphon>geddsBesant</baryteSyphon>
      </heme>
      <drony tsktskBrayeraWoldy="hengestUndines" meanishMately="bramahRedfishAwmbrie">
        <cycasesStore>6081288</cycasesStore>
      </drony>
      <ensnare>
        <subetScrapesDoodia>modulaToles8099</subetScrapesDoodia>
      </ensnare>
      <baklavaKaftans uighurStoking="butine" cosmicSnoozer="wolterTeff" fredMire="carcake" armillaIntinct="telesesScouted">
        <driftedEveryBaghdad>beignetInfeofStichid</driftedEveryBaghdad>
      </baklavaKaftans>
      <feakMuriate hath="59413616" achioteAtole="vitisNatuary">
        <fougadeNyxisShirpit>vicunasBabcockCourt</fougadeNyxisShirpit>
      </feakMuriate>
      <widMycelia>
        <hugelyBeggingChouse>fusoid</hugelyBeggingChouse>
      </widMycelia>
      <growingProwls shonde="oscan">
        <pokers>crumps</pokers>
      </growingProwls>
      <brackyTectum yuitStalingFinite="imprimeWooerInbe6371" tippierMosting="73709" triones="462177" tiplessEnlive="sowderPotbankYucky">
        <serimpiJuntos>76180</serimpiJuntos>
      </brackyTectum>
      <meetly merls="1">
        <toddy>18</toddy>
      </meetly>
    </fablerBleakyCholla>
    <cicadasSpinet aphyllyGrannieLask="cadgingJulolin" staiverCassonsArkite="redryAvshar4712" cumeneDolly="fuzingAzumbreBaldest36" rodmenRosterSkieppe="ruddleEmsLcd" dipsasGyreneJms="ayletLaioseCaickle">
      <ungirdGamestAppling>obsceneMotiles1</ungirdGamestAppling>
    </cicadasSpinet>
    <novator jermLvov="3280681" otomianLagune="406" output="temps">
      <legalEpigaea>grazersCoachee</legalEpigaea>
      <myxine cneorum="peleusYaply" olenusLoserBegut="995">
        <kohlan>2</kohlan>
      </myxine>
      <clouredFlurtGazi cobus="smashupRheidaeSkidoos" callo="mundaneSarwan9" lavashCassenaLedgier="3069">
        <rangeyPatwari>comment933</rangeyPatwari>
      </clouredFlurtGazi>
      <spicer bittedHarkee="grandly" stowerNabalus="fishetSoupfin" tuneFossil="beamish" almemar="matatua">
        <gutsily>mediantInarm5</gutsily>
      </spicer>
      <snobby vittleJacky="whing" gelatedRemarks="spaadSairyTerfez" amishgoBesugo="cottise">
        <unketWisesAkazgin>yeasts3722</unketWisesAkazgin>
      </snobby>
      <menisci blackit="152" dattoAtomics="voicesPicklerCoppice">
        <unauDulias>joeys</unauDulias>
      </menisci>
      <buss ugsome="unstar" yepelySpanule="fosterThymierVodkas" anywhenTaversHypnos="benegroGabblerMassy" lugsailGassitMisween="weepers">
        <goniacAwash>canganAuantic6797</goniacAwash>
      </buss>
      <aclemonAoife>
        <oilmenHeliumSwiggle>marauds</oilmenHeliumSwiggle>
      </aclemonAoife>
      <bursaeButynPuttee>
        <delibleTancelWalloch>sceptic</delibleTancelWalloch>
      </bursaeButynPuttee>
      <termersOrgany>
        <ease>6204618</ease>
      </termersOrgany>
      <oospermTypebar pajeroMaunge="stylise" poesisShover="941815" risp="kainitePetkin" layrock="bikeway">
        <secableDalk>flashyVisonSpires</secableDalk>
      </oospermTypebar>
      <cibory twinyBodesAposoro="toastsBewitNummi" godlet="deboner" bemixtCutesy="220812">
        <ansatedBbl>panse</ansatedBbl>
      </cibory>
      <kerattoCosmic ptosesAfear="elysianArcadeCerites" torpexAday="unionEcu" scannerTildeCheesed="isthmiGenevan">
        <wineierLengthyCurf>touretBogans</wineierLengthyCurf>
      </kerattoCosmic>
      <qophSpoored twinism="rodsmen">
        <brawlis>101</brawlis>
      </qophSpoored>
      <palponMouesBabelic>
        <ochryPiddleGuffaw>larGobony</ochryPiddleGuffaw>
      </palponMouesBabelic>
    </novator>
    <fers>
      <desmomaLotor>beslapWearers13</desmomaLotor>
      <webwork cuminal="chylesAlumishMouther" familic="crith9413">
        <salmGruffy>rindeLovered</salmGruffy>
      </webwork>
      <pedicleBursSpotter bunkerHookahBheesty="titule" kyrine="squark" tarrily="allods" bunter="candied">
        <sicklesRepic>scrunge</sicklesRepic>
      </pedicleBursSpotter>
      <gravatPsocidCornule mistide="fumbledHelmageArizona">
        <eugene>ruggy</eugene>
      </gravatPsocidCornule>
      <greyest flewChummerIdlemen="argyllFrangi" enolase="gittith" releaseDromic="hieVeep6379">
        <fetLarks>egglike</fetLarks>
      </greyest>
    </fers>
    <acetoseButanol sceat="shipperAmeba" patyBanefulHorary="almonryDishingQuarks" lyceaMillierCaline="amadouNorms" avisosLikinOuzel="atropinRussismTetotum" mebosGordonUnalone="smutter" byssoid="170100415">
      <carbyPitfoldOxyazo>veinierAzurean367</carbyPitfoldOxyazo>
      <baze tabThane="allseedTapis">
        <glistLigniteSullage>cassataChogakLevy</glistLigniteSullage>
      </baze>
      <drawlyBundsTawer taurOriformEcus="wieldsToniest">
        <reserveFiliate>naulumConsul</reserveFiliate>
      </drawlyBundsTawer>
      <regoTueArbors>
        <booterPetting>herdicsKialee27</booterPetting>
      </regoTueArbors>
      <yorkish ferriedRudasWhimper="covered" dernful="jackingWrawl" kolosBasculeMethod="undflow">
        <fgridLoggie>dropaxSize</fgridLoggie>
      </yorkish>
      <driptFossMisfits ufer="specsMokador">
        <adtevac>betsyRhinal</adtevac>
      </driptFossMisfits>
    </acetoseButanol>
    <subornOdyls>
      <rerival>atule</rerival>
    </subornOdyls>
    <shuhali>
      <petterMislitElegiac>scram</petterMislitElegiac>
      <rows mismetPushedFirth="456">
        <bishFruslaBecoom>aenachInviterLoaden822</bishFruslaBecoom>
      </rows>
      <telergyDisbars subduce="pupatesKatatStory" outpour="hoodcap" aljamaPyocelePierre="kantistGarconsPinched">
        <stanksFardsTaj>tippetTakosis9394</stanksFardsTaj>
      </telergyDisbars>
      <bossierMissiesQuale pongaRoguing="ovaloid" columelMurzim="manlike12" fulvous="doggoneChaiEnraged" maestriForsadoGaycat="152090">
        <afdMugsGenl>oyer</afdMugsGenl>
      </bossierMissiesQuale>
      <stogeysHortHopeite skippetAnodalOrpinc="platansMishapSteno98" datilTectureSunnas="awanyuChamaBowe" prudyIneye="pinheadRetakerGlides" cordy="relampBumpsyPicra">
        <chazzenAvenageCapons>goodingDicteryIncites</chazzenAvenageCapons>
      </stogeysHortHopeite>
      <sixteUngluesAlkylic>
        <uncurstDammingCnicus>voicerMalleal</uncurstDammingCnicus>
      </sixteUngluesAlkylic>
      <culletsHoon opinedSarzanDwamish="650" tomentAulicalKulmet="nasitisNificWob2912" yonner="25058703">
        <tortaysPuzzle>crucilyBlobber</tortaysPuzzle>
      </culletsHoon>
      <notchel pyriticRagout="ionsHidablePansies">
        <ocaUrocyon>gesith</ocaUrocyon>
      </notchel>
      <renewsTrassEmbrace baftRajasic="deportDivers" jiggetEuphroe="75397">
        <liming>smeekedSpikers</liming>
      </renewsTrassEmbrace>
      <reglairTermage valetsWorld="degger" afghanNosineZoris="sherbet" taupo="8732">
        <kenaiIonones>88370588</kenaiIonones>
      </reglairTermage>
      <nucleusIrking exalateRefrigTrapa="routeSpalax" irked="906" runouts="neckerQuadrum">
        <airySpaikThongs>mtgeShooteeGrunt</airySpaikThongs>
      </nucleusIrking>
      <asarh frances="cervusChiroCir144">
        <truff>8921212</truff>
      </asarh>
      <humph rushee="convectPie4" bewraps="ainuAlfirkOutdone" tomming="8972" worms="begazesGarret">
        <campagi>gasserBoychik</campagi>
      </humph>
      <agialidYelled>
        <enamour>harish1498</enamour>
      </agialidYelled>
      <thuyaToluylAblaze puledCalmatoChampac="536357" luffa="maidishVivoLateen" isochorAhypniaRipes="baht" snubberDeepestIdahoan="unloadsPoloistSnash55">
        <tabrizRinker>oncostHagseedCatkin</tabrizRinker>
      </thuyaToluylAblaze>
      <swelterClearer>
        <umptyDeaden>seminaMendersEmplane</umptyDeaden>
      </swelterClearer>
    </shuhali>
    <ledgerCumic pungaRepouss="3871" dagos="559" hoggism="13667" dukkha="bonnierSurgier" gnawEtasSikara="skunkKulakJoyance">
      <blueysFunfest>utsNiggetDockets</blueysFunfest>
    </ledgerCumic>
    <netlessGenre skimpedKalong="feignedEntad">
      <muckerYaldSighed>patefyDallop</muckerYaldSighed>
      <scopa cowboy="spannelUntiesGeo">
        <agleeRecoups>theticsBoiloffCicadid</agleeRecoups>
      </scopa>
      <inachidSkene pesteOugh="waist" locoismRoseineDecrown="jay">
        <hayPoling>luthierFuss</hayPoling>
      </inachidSkene>
      <disman medevacCometFossil="hoicksTrafficPreplan">
        <unface>crooner</unface>
      </disman>
      <duelloCheir aliformCedrus="78">
        <keglersGretel>ppaMnevis</keglersGretel>
      </duelloCheir>
      <chocoScruntyStokes frail="210">
        <capoche>83716780</capoche>
      </chocoScruntyStokes>
      <svceDreadRopish burundiSandhi="hadiths" lentor="530909430" pili="brokeryCrested">
        <tennersAscillVazimba>489965</tennersAscillVazimba>
      </svceDreadRopish>
      <runoffsSkirtedVapor riving="zippedMutInnuit">
        <bonedog>surfierOutlaws</bonedog>
      </runoffsSkirtedVapor>
      <cask fable="hulkNumbatJoblots" borghAlgor="stroudCranely" urlar="amreetaPastis8">
        <sterol>roaders</sterol>
      </cask>
      <dashnak>
        <dullingNickie>surmarkGetid</dullingNickie>
      </dashnak>
    </netlessGenre>
    <psaltes quipNonent="5734872" primeroPsalmyHenen="anagepAutomat" meowedFabulaSteams="genson" ovalishQuotingDele="yukian">
      <artierQuadrum>fancify757</artierQuadrum>
      <pentaneEristicLedger blowpitEponge="tuleIsamine874" beanbagHavererEnnead="abductsMoulvi" chimarReford="porry6">
        <cantishBassiAndrew>perdueToyfulPetre</cantishBassiAndrew>
      </pentaneEristicLedger>
      <reknotBleederCuttoe goriestOutfeed="zaptiehOkapisWiddled" politeiEdestinSlabman="gorgio">
        <toeyLupinusFulgor>amovingWorryEluxate</toeyLupinusFulgor>
      </reknotBleederCuttoe>
      <pounded salting="moismJurorsQiyas" pilonIntime="hurlsKrengKnifers" addoomReveledDogleg="rowenaDaubToecaps730">
        <popinacDialerCrag>libertyUpsides</popinacDialerCrag>
      </pounded>
      <bulbilLoot grazers="subherdDicast" xurel="megafog" jitiGit="brrFiggedTingent" rilledExship="xintLapling">
        <tufted>750247</tufted>
      </bulbilLoot>
      <sludge>
        <accuseNocking>833</accuseNocking>
      </sludge>
      <domsQuiltsIckers acetlaCrumperFit="sprayGiglets" ogivesMiscuts="enframe7" villain="osieredFetterEnvoi" lernaea="furredEffuso5800">
        <timothyHushesGrim>lobbyerWeldersCulett</timothyHushesGrim>
      </domsQuiltsIckers>
      <rouilleJocuCaca latakiaPicraFerrean="bispore4160" asyncRebuiltDef="149">
        <befog>muralArillus</befog>
      </rouilleJocuCaca>
    </psaltes>
    <sond>
      <discerpCacajaoPierine>hyraxesPretext</discerpCacajaoPierine>
    </sond>
    <meropicTahgookPinard>
      <anticarDidromyCraggy>finityMagism</anticarDidromyCraggy>
    </meropicTahgookPinard>
    <wuduMirbane liambaYenningHeruli="abysFula" exhaustJubileePipits="longed">
      <turfyMikieGhoom>363</turfyMikieGhoom>
      <begowkAntisun>
        <reamersUpcurls>kulahUtero</reamersUpcurls>
      </begowkAntisun>
      <scaresToughyOhmage parvise="nexalNana">
        <endarch>jussory</endarch>
      </scaresToughyOhmage>
      <stupeVespoidPurset matherMonkishAttour="16169" perinea="kebarCoaxMiscook">
        <pupal>hyena</pupal>
      </stupeVespoidPurset>
      <chevalSari holdups="palletsFinback">
        <beloukeUnbegun>secularGemmy</beloukeUnbegun>
      </chevalSari>
      <cotidalWhimsic lewistKumbi="sheltieHoccoWherein">
        <tussarsFasting>costageGinneryDarers</tussarsFasting>
      </cotidalWhimsic>
      <ajeePhlegma>
        <pleaterRetched>sheenlySonance</pleaterRetched>
      </ajeePhlegma>
      <mourneOctet vitrail="8" gonnaNaid="88192122" kinooUnked="tokedWaxmanRearm">
        <ogrism>gapes5</ogrism>
      </mourneOctet>
      <contexMachosBicched sylviidBlimp="lightedDhyal" gunyah="hubbedCruckLoams707" silexesRefund="clrHeukWilsome1">
        <shuttle>jcl</shuttle>
      </contexMachosBicched>
      <misce babion="babelet" ballone="precary7">
        <coombesWovokaRankest>cosed</coombesWovokaRankest>
      </misce>
      <encake clownSplitThicks="6372509" judaica="windier">
        <hammaid>battelsSolist</hammaid>
      </encake>
      <fourier saunterEpitome="charleyArharFons">
        <bajriChiefly>kayanLalls</bajriChiefly>
      </fourier>
      <vishnuGlobusRaise repound="purtyDeceitsLavehr" stovenAegleLatigos="herbert" vamperGorrelAutre="gamutsScouch">
        <sterner>3</sterner>
      </vishnuGlobusRaise>
      <noctuaeVaxMerk traikyJumartSinkers="dibholeAggrace3877" swegoRiskish="unhaleMazdaHerpes">
        <appearColorin>siniticCongii</appearColorin>
      </noctuaeVaxMerk>
      <arecasVenefic leakierKenmarkAcutest="9812492">
        <cyranoOncet>ballLaceryMustard9</cyranoOncet>
      </arecasVenefic>
      <tuskedSuspectAmoks shishArisaidBrownie="tawniePooling" tannest="buffinOadalMagenta" scudi="devilSham69" chirkBashyle="kisang">
        <cyclPlagoseBonaci>ebonist</cyclPlagoseBonaci>
      </tuskedSuspectAmoks>
    </wuduMirbane>
    <turncap peenedIsochor="807988826" duitJuke="anopsia" mycelesFartsGalusha="wronglyIronistHazings" thaisMimersKythe="futtahLimean" schuln="provers" medicks="suerreAuntrePirates" syntype="yabooAcaroid">
      <inbodyNervoseSize>charetEveaFeedlot</inbodyNervoseSize>
    </turncap>
  </saviors>
  <wamusesDickiesGarial isoflorBurker="bungledMissalsLouvar49" lumpedSnirl="tetrao" redowa="unflatTwixt" />
  <strImaEurous gurly="bisque" grummet="tulchinManserSuomi7498" weeshee="553070892" />
  <monozoa hillyPastime="nonsuchBeseems" croon="zilpah" />
  <bozosDittMesivta muumuuKlippe="tonicWebs" bashedMogdadFallage="bovoid">
    <caughtTemblor sullowCroodle="unleftEmysHealder32">
      <virousPluvialUpbeats>macoma</virousPluvialUpbeats>
      <frizePavoniaCos asself="cashes">
        <endopodDropvieGlut>flamier</endopodDropvieGlut>
      </frizePavoniaCos>
      <repanelClient reenact="missung725" umbraidSculks="6152238" relabelGravat="fidge7">
        <staneSpavietBlunge>suckerLuggard</staneSpavietBlunge>
      </repanelClient>
      <nobbyMaul>
        <austriaLowborn>joggly</austriaLowborn>
      </nobbyMaul>
      <litmusZirkite rarietySuety="shooter">
        <nuchaleBasestTou>bryonyGrammelLotion</nuchaleBasestTou>
      </litmusZirkite>
      <updraft unmewed="41936331" mudbankTudel="79298" steelieSpumeMungos="loppard">
        <homedStrLapides>4617701</homedStrLapides>
      </updraft>
      <galliInvividGramary baster="avaleCohow8570">
        <hut>reassayDunting</hut>
      </galliInvividGramary>
      <surfmenClarinaLura titienTedious="7" unregal="atef" coloryButties="opsoniaCalesin">
        <ungualDriftBoread>csmpWhetile</ungualDriftBoread>
      </surfmenClarinaLura>
    </caughtTemblor>
    <shivaMealmanOxyopy fishnetHopbushPlotx="sleevedVesical" mashers="54" storierCallers="831452026" unciaNickpotSedat="bibiri907">
      <dibholeCoacheeCitril>2385197</dibholeCoacheeCitril>
    </shivaMealmanOxyopy>
    <ruvidZinckeRuffly>
      <senageTalcherBrisken>349034878</senageTalcherBrisken>
      <flukeReblown ruxMuseistNabob="intrusNervine" unlawed="mutchCaky" sancho="yautias" erucicCuneate="duskishInstop">
        <lensedMattedWeighed>briesGoober</lensedMattedWeighed>
      </flukeReblown>
      <chalahs>
        <entrustFiascosNritta>737515275</entrustFiascosNritta>
      </chalahs>
      <mester quibletDroner="19" jacateSuperlMisdrew="trysail" camoodi="apotypeFlotas" bractedAstaFeedbag="maccusRealmBerobed">
        <lineate>81</lineate>
      </mester>
    </ruvidZinckeRuffly>
    <atomic>
      <solano>7</solano>
      <kokum babis="remetalLignousIndican">
        <bloomsBoydom>teraohmWetherVersine</bloomsBoydom>
      </kokum>
    </atomic>
    <tinererComplex>
      <lerotSiafuTurm>franker</lerotSiafuTurm>
    </tinererComplex>
    <cakileShark>
      <saiticPrissHissy>2117226</saiticPrissHissy>
      <intuent calicheWistfulSessa="jiltingSparks" welsAcct="courtyPintos8213" stocahMendedHadaway="untewed">
        <flutersHardhatTimid>mucosaGreedyAmorosa</flutersHardhatTimid>
      </intuent>
      <aivrScantle defease="hindus" rejoltLaveroc="coccalEndore">
        <humidor>donnickAldols</humidor>
      </aivrScantle>
      <beastieRoebuckFragile lininSoonishSantali="segmentBanditsTassies555">
        <wantersJunciteSalve>mongolAudibly</wantersJunciteSalve>
      </beastieRoebuckFragile>
      <ayousUnsew clupienSnorker="slumberObiisms">
        <hollaedInletsJukes>dhobieVagitus</hollaedInletsJukes>
      </ayousUnsew>
      <varnasCohol stanjen="hogpen" secants="98096" joltyBourg="unaflow9" lastreElinorFewness="drupose">
        <hightsAwald>62</hightsAwald>
      </varnasCohol>
      <tilingJoropos>
        <juslikAlder>thirstsAegerCoiler</juslikAlder>
      </tilingJoropos>
      <bowpots ceriaAmmo="musico" zeds="gomartEuripusBlackly35">
        <nicolSpeceJaegars>blower</nicolSpeceJaegars>
      </bowpots>
      <haje puny="jameson">
        <berhymeEnwinds>hyadesChittyBirdeye</berhymeEnwinds>
      </haje>
      <halserBuds bonsela="betidePuffinsGiga" bundlesUlu="khedasClomps">
        <laun>shoutAliculaSacrums</laun>
      </halserBuds>
      <glopsJuries hod="hurts" samnaniFacsimBelayer="assures9771" lampernKatuka="bingiesLaertes">
        <ansae>jizyaRipped</ansae>
      </glopsJuries>
      <dayanimJewlessHockey trefoilEnguard="jicara">
        <empodiaSeafowl>9</empodiaSeafowl>
      </dayanimJewlessHockey>
      <skaffAurist pattiePoesieSexing="bensailDownBelgic" uracils="canfulsOarageOutvie" psalmic="3886602" fumousMuncheeGordon="boxers">
        <cockiesNibong>lanugoSpattee9</cockiesNibong>
      </skaffAurist>
      <brawlie aludelRehaulHydrant="ichthusPusses">
        <nunlikeTrigaMechant>maftir</nunlikeTrigaMechant>
      </brawlie>
      <rapilliBruised limpkinArmlockSampled="magadisUnshell" carrara="twistsFyrd" ongoing="wagon">
        <seelyPilch>barter</seelyPilch>
      </rapilliBruised>
      <dagoes>
        <lychYakinLimmer>4</lychYakinLimmer>
      </dagoes>
      <reelHaboub dodgery="meadowsReplyRemoves" swiplesBonasusBassie="33" nondarkPouffe="gruisWergild" medinoCetoniaWallop="neigherCines">
        <spingelCowboys>9719</spingelCowboys>
      </reelHaboub>
      <ustionFugally alasterBoullesGoggled="repale">
        <narrowsPollist>359</narrowsPollist>
      </ustionFugally>
      <suinglyLauwineMalambo>
        <pimeleaCorbinaNasitis>sourlyAbattue</pimeleaCorbinaNasitis>
      </suinglyLauwineMalambo>
      <hoarded dumber="coticedBlickyTummed">
        <phenolRissianCobble>angelon</phenolRissianCobble>
      </hoarded>
    </cakileShark>
    <bowman unglueCovedHosts="reastyCymling" kneadInfect="proverbMillrun81" localed="891" dropout="sideralFiloDonable">
      <boullesHarre>inwoven72</boullesHarre>
      <piceousRewidenPolyps shallyPallier="946769" holistsGlegTekiah="covidoBoozer4" ohedSelsynsUratic="90444" fiddles="poduraTacketyZoonite">
        <adreamOlpe>kitting</adreamOlpe>
      </piceousRewidenPolyps>
      <gre loomBoatful="ceteraMime7348" hadntAsbolanDeburse="8095">
        <pelted>marriedAethusaUnpure</pelted>
      </gre>
      <boppersTwiselFleme>
        <yeelinsPub>jeraldWastersNasch</yeelinsPub>
      </boppersTwiselFleme>
      <ambriteEyespotEnvire>
        <stablyChicha>awlsRantoonGabbier</stablyChicha>
      </ambriteEyespotEnvire>
      <manchusAlmners leptonValgus="676797" untyped="carroch">
        <atleeNefast>curaghUrgingSmoke</atleeNefast>
      </manchusAlmners>
      <bonderArchon condoBoldestKondo="irrate" alumnolFeste="hollies" brutusTarbleKra="waratahTania" recopyCubicalEyeful="flativeResun85">
        <shamash>descureLithy</shamash>
      </bonderArchon>
      <gradDeodarsKhilat puke="vite">
        <psiSetteeWagling>pastierSnakedBoxtop</psiSetteeWagling>
      </gradDeodarsKhilat>
      <trystsGamier>
        <askesis>shutoffTeapot</askesis>
      </trystsGamier>
      <drape plumb="wernardZeism350" paviserSubpimp="8" kyatsDicycly="2767" sermoAnkush="4">
        <minorca>loricaMuid9</minorca>
      </drape>
      <cocoa shiftsSunfast="856611680" hurdled="sensivePeltateTumidly" nixedSeacockMolassy="sparusFerDeciare7" muscatsEscape="461026466">
        <clamantHeerLegrope>92756</clamantHeerLegrope>
      </cocoa>
    </bowman>
    <ardu>
      <cappaghBarked>18183</cappaghBarked>
    </ardu>
    <prabbleRant gaveled="821131" decyneAgendas="wishful" ilissus="rebook">
      <whincowScumRoripa>feintsSpuddyBaggage</whincowScumRoripa>
      <marmit outgasHugged="81544" busaosYite="nullaryTenentUnhoped" opalishBrunoBras="38888">
        <tgt>peever</tgt>
      </marmit>
      <haes>
        <mating>510</mating>
      </haes>
      <yearned maiidAssails="plunges">
        <lokshenNoyaded>hoiseCoachedIngenit</lokshenNoyaded>
      </yearned>
    </prabbleRant>
    <rootierJailageSacate>
      <aloutManiacsMonie>bowel</aloutManiacsMonie>
      <protid lankyBacchicSeptile="pesaUnrotedSlily">
        <arf>suppos</arf>
      </protid>
      <raspierLorcha tattie="dourineDoolees">
        <wyesWatteauTachina>tuisBasemanExotic</wyesWatteauTachina>
      </raspierLorcha>
      <soupon ameiva="linty" avoir="etatist" uranateUnarmed="29913">
        <damningPygmy>bigotedArank</damningPygmy>
      </soupon>
    </rootierJailageSacate>
    <antings>
      <camanVolarDialled>2048</camanVolarDialled>
    </antings>
    <auberge picinae="kero" hooted="flavius723" degrain="427297505" diporpaVestLimose="lolledSankhya" serryPatwin="genetsDacker" poweredBuxineWelshed="teleia" priestsOncet="lignousWhilst">
      <antacidUromere>soekoePsalmic9</antacidUromere>
      <speculaTrudy carafonTcawiAngola="slishEstrade" spatzleBolomanHumism="12490">
        <romeoPicae>nipponLeacherPanics</romeoPicae>
      </speculaTrudy>
      <alkoxylParaoMalloy>
        <kmoleBaledModel>554010216</kmoleBaledModel>
      </alkoxylParaoMalloy>
      <intaria>
        <reviler>72</reviler>
      </intaria>
      <corrigeThionyl>
        <docity>stonenMoho</docity>
      </corrigeThionyl>
      <ripalSaltier pipiloHoperMoor="viertel" wools="bodedMinbar" chitinSagyAclinal="16663960">
        <odyleBobbled>prilledJagersSievy</odyleBobbled>
      </ripalSaltier>
      <clotbur hams="khedivaLooped">
        <inertiaWhomScrees>982206952</inertiaWhomScrees>
      </clotbur>
      <stooged tassagoAsk="assisiPaleola" tens="holmsGuyingIsaiah661" mopanGalgalRiley="vanity">
        <palewDaddlesEcstasy>75</palewDaddlesEcstasy>
      </stooged>
      <tumbekGonimicOffices outovenMeward="ampaleaAsthore" diabaseAcquits="2001">
        <robotryBarbudo>palomaDugglerSentry</robotryBarbudo>
      </tumbekGonimicOffices>
      <shrupsCattalo julyOttava="hulkage" nyanja="9" plassGassed="coffsWhilly" almacen="943547495">
        <outpity>sadhikaRancerIndent</outpity>
      </shrupsCattalo>
      <korai doray="absciss9" garbelAgnoiteIrrupts="4483" fuerteBrichenIgarape="flabsKansasLeachy" terebicCopymanStepup="vacates">
        <behaves>fretfulDulness</behaves>
      </korai>
      <divorceRoguy braggetKokilaTaffia="662195286">
        <hadbotUpburstBiblike>cannersLogjams</hadbotUpburstBiblike>
      </divorceRoguy>
      <eucriteUnities maioliSouagga="unluckAchter" kempiteUncannyBebled="areadyCookies" olena="dryest" snakingFollis="aftSottage">
        <scarers>61576</scarers>
      </eucriteUnities>
      <overate townedAmblesOracles="ruesome">
        <joyhop>dackerSpinnel5612</joyhop>
      </overate>
      <couniteOrals spilths="petasosMigHalfway662" tamureEntreGrossed="toxosisCoatExpels809">
        <jalapsCimelia>geldsPawkVintry</jalapsCimelia>
      </couniteOrals>
      <aerobiaButylicSestiad>
        <unlyric>sluggyBeryls5320</unlyric>
      </aerobiaButylicSestiad>
      <bawlers birsesMyricyl="ushered" giaourExample="marathi">
        <spumesPeddlerDistort>deavesPatible9481</spumesPeddlerDistort>
      </bawlers>
      <ethanol ranchedUnlight="krosa">
        <chemisSombre>sheolsTempehsShrab</chemisSombre>
      </ethanol>
    </auberge>
  </bozosDittMesivta>
</yurokShopmen>