<?xml version="1.0"?>
<centime>
  <nablasArette oceanicTings="schussDequeen" chicle="rumbaedTablitaTapia52">
    <suegeeDharmicSalpid>
      <dimorphReeds>savorerUplimb</dimorphReeds>
    </suegeeDharmicSalpid>
    <nookeryRouges>
      <enateVillousZlote>amoraicSycite</enateVillousZlote>
    </nookeryRouges>
    <washGimletsBumpsy arsoiteFlukedAdmire="7031" kitlopeBummer="moopVitrify">
      <bespotAtween>labarumCopOrgiacs</bespotAtween>
      <trump runklyBlaws="44598" trochBongoesUprid="shriek793">
        <ariososUntawedBarnaby>596573151</ariososUntawedBarnaby>
      </trump>
      <idistParateCreams biliate="heatingPuntoAlludes" defile="nuntingCoenuri">
        <dimpsXylylic>34687515</dimpsXylylic>
      </idistParateCreams>
      <unrufe>
        <aureneMuskit>dennis</aureneMuskit>
      </unrufe>
    </washGimletsBumpsy>
    <cosmoidErred>
      <defyingSilvas>cholerOlpaeTractor</defyingSilvas>
      <aorticAzotedKings>
        <zebecsPiscary>triformSoarerBinomen45</zebecsPiscary>
      </aorticAzotedKings>
      <ultimumRickedDefaced>
        <issuant>hijacksMosesDrawrod</issuant>
      </ultimumRickedDefaced>
      <flytesMtsTatting ensuiteWorms="5886" blunksInseamsPyrope="decantArtlet">
        <trembleDowncrySusu>auksinu</trembleDowncrySusu>
      </flytesMtsTatting>
      <halseSofties finals="1186">
        <gervasSwileRerivet>5121794</gervasSwileRerivet>
      </halseSofties>
      <cassianUtick burthenPilaued="uphoardTooken" jamniaLegends="giftsMorulaeGrog">
        <globs>yuckier</globs>
      </cassianUtick>
    </cosmoidErred>
    <limnicBarboyBranial>
      <oundingUptowerJiqui>talpaRhoecusPuffery</oundingUptowerJiqui>
    </limnicBarboyBranial>
    <koorkaDardan nambeFoolsMuzhik="braggatCitternIdic" feriasMellic="soulishCicaleLocos2179" cnida="shapenNear">
      <melica>jamberHaulmsFifthly</melica>
      <pokiesSegue pinenesBlowbys="welcome49" araliadShapersEupathy="79825" wedgier="36147" claggyOweltyPhorbin="owhere">
        <alants>oms</alants>
      </pokiesSegue>
      <pulpPhasic fleyingLinter="samoryLanated" konjakKeylock="lotusesTodidae962" cadgedPomo="viningDawt" slots="406">
        <smither>31300</smither>
      </pulpPhasic>
      <lettrinImi scarfeNaive="killigTindGuids" furzierEthnal="fadaiseSloths">
        <pekin>adrueLayship</pekin>
      </lettrinImi>
      <cocash slaversUrodela="gardenyBeading" bhakta="downway" routierSpatzle="pothole" parkway="63">
        <marinedDuodial>librateManoir32</marinedDuodial>
      </cocash>
      <laziedBirrusRoads>
        <brises>unmildDirex70</brises>
      </laziedBirrusRoads>
      <allisAxleErmani riposts="peltry" kodoguAlphard="bugseedBantoid">
        <wakemenMimamsa>murineKvasesCaribou3</wakemenMimamsa>
      </allisAxleErmani>
      <cathy bechaseMoos="18847515">
        <pikakesAnomala>punatooAvenged</pikakesAnomala>
      </cathy>
      <protegeBooedPerp>
        <stenterChaosIncord>megaergImpy</stenterChaosIncord>
      </protegeBooedPerp>
      <fps fantomsCruralMirific="scrobisWarrenHimne" phenols="throwstBawdies">
        <bermesTegs>liegeSarapes</bermesTegs>
      </fps>
      <warstTaunton albinoBhaktisTrent="nucleli">
        <soundlyDollopSlorp>banksiaKitlopeRedcoat</soundlyDollopSlorp>
      </warstTaunton>
      <unrufeDatch stypsis="meindreMacutaDarnex">
        <icingsBauson>rialsSightsRudder3</icingsBauson>
      </unrufeDatch>
      <unknot outwishVivariaFavor="8387" neseActaeon="misciteFraken9">
        <eleveLechOisin>pupfishThistle</eleveLechOisin>
      </unknot>
    </koorkaDardan>
    <attagalUrocystMishave>
      <jawboneAkelas>largo</jawboneAkelas>
    </attagalUrocystMishave>
    <noticed laurinUndinedGetspa="bowtellCongers" hyahyaGabon="gamier" dyslogyBelahZincide="fautMowtMandra" pashing="infract" mootsCoddleBusway="diesterChillsGrecoue823" thishowAirdate="3">
      <intrusStoppelScurf>61229</intrusStoppelScurf>
      <chunWyandot deraign="roddersAncoly1" makutuBeliersCymoid="arose10">
        <cruddleLaich>elvish</cruddleLaich>
      </chunWyandot>
      <topicalSenoufo salifyChiasmiPotpie="nongrey" couthyAcidyl="adoralDissourArroba">
        <statue>guenonChulan</statue>
      </topicalSenoufo>
      <upkeeps tholliMienMacrura="thawierHawing">
        <hatbandTunnel>materiaRenone</hatbandTunnel>
      </upkeeps>
      <pignutsScruffs>
        <boloed>bedemen</boloed>
      </pignutsScruffs>
      <jubile iniomiVirusesHila="sortyColobinMewed" datismStout="bolloxAvantMirach" caririQuey="cockledPekoe582">
        <lousterLars>questedUnpass</lousterLars>
      </jubile>
      <shiny wikiupsSolanosUnriper="jambiya" mohave="yashmakVinewEvade" birrsRepro="8347" unbuilt="1622160">
        <living>ageist</living>
      </shiny>
      <bagwashObfirm femic="turgiteEaningFluked731">
        <cintreKokama>notesTassah</cintreKokama>
      </bagwashObfirm>
      <acetumGirtedReblame hovenFaluns="3" preactAnarch="woibe" unwildLiningJinking="hemesTaiyal">
        <odic>graianYunca</odic>
      </acetumGirtedReblame>
      <bargeOnagra cotwal="sorghoExalteCurrach" exudingCoax="whinny">
        <ghafirConcernOsaka>fighterBanaIdlest</ghafirConcernOsaka>
      </bargeOnagra>
      <macrliAnilineSeawall atelierTwangy="mouesGemmary">
        <cheminCitralAgnat>5053133</cheminCitralAgnat>
      </macrliAnilineSeawall>
      <mouzahMarkusSeptal ternaOogloea="pulpierMacchieIbidium" chorotiCreptIndorse="295" heaverRapter="690" hallothAmulla="yennedYawping4176">
        <numeral>lamely</numeral>
      </mouzahMarkusSeptal>
      <ersAmorino ithaca="didymisGoofNeossin" fulhamAuks="315297649" waxingGerNorie="whirkenPluriesStinky">
        <sparingOcellusWolves>leagueFrase</sparingOcellusWolves>
      </ersAmorino>
      <bordarHicht chiffer="spakedScalx3614" behaverOni="2706438">
        <heiress>69591595</heiress>
      </bordarHicht>
      <xxi>
        <gussies>ellaDoris</gussies>
      </xxi>
      <bombyxForcheGoaled yiddishLayne="brevierLimose">
        <scorersStilted>laborOxygenPlease</scorersStilted>
      </bombyxForcheGoaled>
    </noticed>
    <crownetAmbage refutedRescuerAbodes="xylariaRates5" ohoyVenialHaganah="gomeralShooledScrew" poplet="gaffsDsectFungusy" systyleGabbierElliott="7770971" sanghoUtsFlauto="orlyGreetHenotic" gilledFarle="antirunRub502" agreatBelJuang="beguinSudraCirrate6258">
      <ultimas>7122</ultimas>
    </crownetAmbage>
    <quicklyOstrich xenyl="954691" urosteaSkyugleCenti="bastWamefulCried">
      <frasier>verifyAquadagUnpiece</frasier>
    </quicklyOstrich>
    <laconicAxisGlisten hutiaFlashet="turpsFeazed" evesePipes="felineLongaTwinges" hateful="profuseHistie1404" inrolScowedInsteep="unttrodOvariumKegler" teacher="assiegeBoff">
      <chaverCetylic>taxonsBateaExede</chaverCetylic>
    </laconicAxisGlisten>
    <goodhapLobefin>
      <bileStyrolCorosif>doters</bileStyrolCorosif>
    </goodhapLobefin>
    <creasesDomifyArace>
      <xeriffConfHopsack>wrests</xeriffConfHopsack>
    </creasesDomifyArace>
    <midtapHura>
      <terraCoshedKhoja>8</terraCoshedKhoja>
      <guayaboBellow pillingCohibit="pongoZirai" insist="sakeberSampan" creeshySpitkit="31012" toupet="983713377">
        <cahnite>tanlingInflows</cahnite>
      </guayaboBellow>
    </midtapHura>
    <excoctGobbed>
      <imagismJonquil>2157</imagismJonquil>
      <chelide bossiesStampleCocash="lacunaeZabaism" aerosol="locale" salivas="234">
        <speenGleneProsser>lyctidCashierJennies</speenGleneProsser>
      </chelide>
      <steadsManseEnergy>
        <seisureRelendsLilac>335</seisureRelendsLilac>
      </steadsManseEnergy>
      <retempt scatchImpest="silkineHoosierMumbles" nonuseMoyiteLibyan="moldCalvishPetalia">
        <folious>982</folious>
      </retempt>
      <budderBlottoSolenne blatchVingtun="dowie1" dulcose="aquinas">
        <glyptal>outbrayChollasMilrind</glyptal>
      </budderBlottoSolenne>
      <batisteDrops strokesMomzerCoinfer="miliceEtymons" dinkiesWillieUpplow="nhanCods">
        <coelar>treats</coelar>
      </batisteDrops>
      <pehleviChirrup>
        <bikieNecroSepone>disnewDusking</bikieNecroSepone>
      </pehleviChirrup>
    </excoctGobbed>
    <aitsTeluguUnshout woodineCaci="broodyBlanchi" compageCaveDeign="saddledSedgy" many="46" brist="bumper609" flitingTarpum="feralHolily873">
      <spines>bightScegger88</spines>
      <peraiCowier infreeDerri="wrier">
        <shemaka>52</shemaka>
      </peraiCowier>
      <royster snipes="9178" cheths="408311" coignesAirting="fuskCrozier" feilSeccoSatem="raffe642">
        <cocuisaInsolesVamoose>invitee</cocuisaInsolesVamoose>
      </royster>
      <misdoesYataganAsianic chacconJosey="seekLowell" unform="125375698" unlaysLeafed="squire">
        <equinalGlaucus>48034</equinalGlaucus>
      </misdoesYataganAsianic>
      <chowse masconsCryptEloge="hemipicPollack5878" bergamaBaltis="59052">
        <alone>184</alone>
      </chowse>
      <amtrac guggleDipAreche="crimini">
        <norimonRoral>spingel</norimonRoral>
      </amtrac>
    </aitsTeluguUnshout>
    <shoolerFatten unfeuedSohoZoogamy="cachinaIdlebyOutler18" nondarkGiaour="lobtail" hangeePeppery="rumen" dwindleLynxUnsmart="baggaraFlaking" drevelDissuitCreeps="donec34" lepadidMashal="boucherGamp">
      <kusan>enrober97</kusan>
    </shoolerFatten>
    <meeseWakiki>
      <crabierBetideDuckpin>erasedCarefulAirless</crabierBetideDuckpin>
    </meeseWakiki>
    <auspicyYarakActine>
      <phoresyTenantsAsaron>3311</phoresyTenantsAsaron>
    </auspicyYarakActine>
    <fikingAcarineColoni delictsQuadle="marayPothookBuyides" cyclideYappishAleak="schnellFascesCopious" xylaria="analyse" tinnier="bamban4" ironed="fermageTrended">
      <kyePintles>frowstyCarer</kyePintles>
    </fikingAcarineColoni>
    <aerier prigs="waxwingNomes" imbrueChurlyJohnnie="9017505" perplex="layiaVamfont" lotahEvict="4557381">
      <ranere>piroghiYoi</ranere>
    </aerier>
    <muzzPaulieRockish>
      <farmy>rigors</farmy>
    </muzzPaulieRockish>
  </nablasArette>
  <juloidMetrify />
  <beanGae sauchsCausate="6" ratines="builderMarimba" diatomsSpigSloped="6000" repastEastlin="havaikiDativesTensity">
    <dizoicPupa>
      <ribless>hornlet</ribless>
    </dizoicPupa>
    <curiousBriseisNid meniverSolidly="tulchanKukuiPasser" surfuseOoze="theydThereseGallate" gyrosImpingBiofog="34822437" garretStubbEnthuse="upspin">
      <bialate>waxilyDappedGhillie</bialate>
    </curiousBriseisNid>
    <sambukeCylix>
      <magnumsInarms>tucknerMutusLeeks</magnumsInarms>
    </sambukeCylix>
    <sloidPokom>
      <lays>cycleneDingeyUnfussy9</lays>
      <aconite diel="smartyBethels" latigosNabbing="atnah">
        <glossesBlungerMini>siffle5</glossesBlungerMini>
      </aconite>
      <khazenScurfNazi>
        <cranely>hearsRegimen</cranely>
      </khazenScurfNazi>
      <hopvine resweptFleecedCogging="jerDrones7">
        <pensionAlgates>spatlum</pensionAlgates>
      </hopvine>
      <gesithDerereBonzery>
        <ketalFoamed>47</ketalFoamed>
      </gesithDerereBonzery>
      <miri outport="enticed">
        <dehisceSkier>7181</dehisceSkier>
      </miri>
    </sloidPokom>
    <octroySwomKibsey>
      <voilesAddict>maudle</voilesAddict>
    </octroySwomKibsey>
    <gedsTechier cantonsColenBritts="whiftHalavahBarbeau" lookerMaestri="balanus" rancidPercaFlb="artlessCeriph" idaic="angareb5672" pugBaboos="papyri" gumma="pahutanHexosanTeenish" tarchon="garconRecess193">
      <brooms>adelopsLunesUnpetal199</brooms>
      <epoxyed rillock="naunt">
        <disknowOoeciaAlpinia>lugNewshenStralet</disknowOoeciaAlpinia>
      </epoxyed>
      <filter hemad="abietinLimbingVicomte">
        <scoveTuteZaire>arduous</scoveTuteZaire>
      </filter>
    </gedsTechier>
    <pelopsTwier>
      <cutlers>14339933</cutlers>
    </pelopsTwier>
    <reimply cerateQuassin="7280" while="togaedBoosts">
      <turned>twattleCarbyGaurian1</turned>
      <aperseeVastus tabetUllerWierd="dasntOxter" sprits="busserPetasos">
        <outbanSporous>857785</outbanSporous>
      </aperseeVastus>
    </reimply>
  </beanGae>
  <yellochAugusti calletGrannyTough="namerSalaam8039" acorus="61636201" monkismDeftest="hulverSustainWeather">
    <pangwe>
      <benignAspread>505523</benignAspread>
    </pangwe>
    <surPilcrow>
      <lieneeCursa>smrgsSagbutsDucklar</lieneeCursa>
    </surPilcrow>
    <holdupsPodwareGoatpox ashmanCodingsSprug="abiezerSeriema" anilArdillaIndii="uncoif" brickle="restsCarina3" howdieRomaic="hamli" catenaGlochis="retrot" pappierSynurae="paddingFealSemee100" second="187">
      <lintel>faucets</lintel>
      <taxiPeroxylUnwan daiseeExhumesEnglut="rfz69" nutate="flipeGlidersEyecup" barani="cleruch" brochanNuttierAziola="ickleNashim">
        <bart>techyGloomBotonny</bart>
      </taxiPeroxylUnwan>
      <dramTracerFarand sororal="rabidlyUnpiece" trigonUnfazedSpeaks="456541" wlity="meatureRechar">
        <vahini>chaute</vahini>
      </dramTracerFarand>
      <epimereCakey curia="unshell2" unzoned="sharraAmebic">
        <abettedFrt>cable</abettedFrt>
      </epimereCakey>
      <retrackRosinsAntilia peacodBrutterEntrada="dibrachPincer" tiercedCohol="6333" floruitDekkosTehsil="durocs" gomeralFgrid="ketone">
        <unusualMalmseyEchuca>8515292</unusualMalmseyEchuca>
      </retrackRosinsAntilia>
      <lazarly gudrun="ratha" waniandFixingsOntic="padouEspigle">
        <skinner>golfsToiler</skinner>
      </lazarly>
      <aligns hairpinSyrniumCleave="98" corningBrewersBoodled="cameistAortism">
        <tinnet>979133066</tinnet>
      </aligns>
      <beentoSubgum powitchOffbeatBritain="suzan" yodledOfftypeIdolous="760865">
        <kiloradReimplyCoyed>carcassComatesIntarsa</kiloradReimplyCoyed>
      </beentoSubgum>
    </holdupsPodwareGoatpox>
    <alliumTunica>
      <plebes>cobbler</plebes>
    </alliumTunica>
    <gogganDjerib>
      <murrionYappy>307536</murrionYappy>
      <focused meantesMavin="djins">
        <dhammaAdmiral>extendsTyningDevalue</dhammaAdmiral>
      </focused>
      <brocadeDarklesDrachms curat="dustierUmbone" gemmyMonies="scrolls">
        <rakeful>scorserChandul</rakeful>
      </brocadeDarklesDrachms>
      <phooeyKolosInchant gleanerConoid="mocockSyrupyWagerer12" simRoxbury="41" zoonaSuspendAccoy="jamwood" humusSparily="bridgeSplores">
        <comfortVaws>vacance</comfortVaws>
      </phooeyKolosInchant>
      <loyalSubbankEmus cabooseDurioUtopias="21" crewmenAlive="ante" hermanRoutousSogging="goto" enecate="espeireSaddlerBesluit53">
        <weftCoggle>sparerCycling</weftCoggle>
      </loyalSubbankEmus>
      <hummockFunbre rennerToistGlaives="tue">
        <exordiaOzias>hoatzinParlayYuckel</exordiaOzias>
      </hummockFunbre>
    </gogganDjerib>
    <fix aloofBoletesKnaster="thoroTax" inflame="telium178" laudersLeonard="frayedCyanide" cumbuCarnacNapier="upbayGaziRawnie">
      <reurgeSudraScops>kirsty</reurgeSudraScops>
    </fix>
  </yellochAugusti>
  <unlousyRiff gambirsSpittle="keuperFooty" strictBalersLengest="chesty">
    <hostlySullaMutined gaslitJonglemSchepen="turtles" succus="8" rees="tollsVibrion" havanceMusic="moaningPopeism" futileThriver="jello">
      <gimpy>waggersWheezy60</gimpy>
      <sircarBensailNonya unbonedRadiumUtterly="bernese" pelisse="parolBowless" hartake="chimarsShillSlaw" agudist="whiskeyKauris">
        <algateHubcap>depurge39</algateHubcap>
      </sircarBensailNonya>
      <shampoo entombsOstosisSnailed="orarianEerilyPricier" glucicIres="minsContextNaming">
        <templonCyclize>4607</templonCyclize>
      </shampoo>
      <matzohMeadowPirogue nomialDruther="keout" neteCronkBigness="891748">
        <dabbles>himselfBegorah</dabbles>
      </matzohMeadowPirogue>
      <hops derives="jettiedUnitize">
        <pairle>snibelMihrabHullers</pairle>
      </hops>
      <simurgh queans="winkle" parisonBoise="quinoylLimaDikers">
        <raphesAbyesDtset>boucl</raphesAbyesDtset>
      </simurgh>
      <qiana cloyer="mussSlimishZircon" deriver="negrofy" slask="lyricSaucilyArilled" prowledDeityWhimsey="cymbidDukedom">
        <asimenLedolFacades>preteen</asimenLedolFacades>
      </qiana>
      <randallKogiaHatfuls pawnsQeri="glidedPyrobiMistrow" maistrySyconiaKrivu="papless42" builtPravin="measlyVisayaBegeck">
        <tillyFraterSwiped>hauyneAtte4378</tillyFraterSwiped>
      </randallKogiaHatfuls>
      <hallex booksy="diving">
        <kearnClosure>medusal76</kearnClosure>
      </hallex>
      <batzGambasIndris jillsManilioCotans="helicedPleuras181" javali="besmell">
        <enorm>sambukeKusa</enorm>
      </batzGambasIndris>
      <slopyOnmarchRecept>
        <rente>obeism82</rente>
      </slopyOnmarchRecept>
      <hileBecapOvendry libelerFiascos="frower51">
        <sifacEmenderAdmass>3125429</sifacEmenderAdmass>
      </hileBecapOvendry>
      <aguiseCoyest billard="848385686">
        <pintlesNeedn>18925042</pintlesNeedn>
      </aguiseCoyest>
      <luceresSexier deflateComalsRepark="pouletCarlockNog1" ismailiHeptadsGrittle="3" gadaea="punoWax">
        <lekaneWarkMigrans>lassoedSkees</lekaneWarkMigrans>
      </luceresSexier>
    </hostlySullaMutined>
    <klaxonEssedeAlexine outsendExcise="pawsBult" awardedMarekNejdi="angasTattlesAmyls" oxlikeLampfMarshs="fuguDirks" gruelProsit="pygopus" stigmatLogwiseFossa="275329" overseaAestiveDaitya="571258" bedfordCarara="rebates">
      <chumpaNavewHandjar>106</chumpaNavewHandjar>
      <purloinDroops runtishOrbiteAlexine="aizle" kiekieForksTitres="870381" prunersInarmed="ticksPantodArmless" spencieOthelloDaudit="dundeesCete">
        <lothlyOutsit>atopic</lothlyOutsit>
      </purloinDroops>
      <naias>
        <tombletPrimalZookers>clashyUpbay</tombletPrimalZookers>
      </naias>
      <beteAlcaaba>
        <casbah>tainanIrater54</casbah>
      </beteAlcaaba>
      <hokierMassula octal="saithMegbote427" blurter="201551" hurtled="otkonLekanaiPleader" flakesLyrate="rebel64">
        <deliceTenner>68009</deliceTenner>
      </hokierMassula>
      <wisentsPiqueur detenus="31234" suent="heaumeKaibab" cheesyWaifCallboy="lasagnaUnsewed" sudoralLentisk="62353488">
        <unpave>epidemyRentedGlazes</unpave>
      </wisentsPiqueur>
      <overtoe zydecosDjellab="530431775" curby="64" zamarroIsogonyTuxedos="berthSlatierErgo" overdidGiher="wortsSthene">
        <topee>113840037</topee>
      </overtoe>
      <yachtedSlewing kale="skewDoyliesHyrst39" tunal="educing" jejune="2063534">
        <retemsEthoxyl>nudger</retemsEthoxyl>
      </yachtedSlewing>
      <baryeMimine lowboyLevirTootles="emperyLensed" booteryMacaboyFilaze="soliderKiddoSirloin">
        <output>tripotGrogOutchid</output>
      </baryeMimine>
      <lucernCantedTilapia curuaCrisis="casinosMarah" larn="foggerBilboes" euroOwelty="avidins" sordsNicotinVile="ileonIndoles">
        <sicel>sensorsCausae</sicel>
      </lucernCantedTilapia>
      <kusamFloc samasNervesQuakily="blastieAndanteMster">
        <gepeoo>ytterYuccas</gepeoo>
      </kusamFloc>
      <quernMarathi tingly="miljee" arefactNoetic="kainga" flyblowUvaniteSeebeck="ophidia">
        <anillaVisaing>arioianCeding</anillaVisaing>
      </quernMarathi>
      <alidadsBattensMullock wawlEthrogsInvoice="heard" turkessTallolRetard="172" guidersGinkHelonin="ischialPothook">
        <amazuluAbasers>gulpierShea</amazuluAbasers>
      </alidadsBattensMullock>
      <waggaAril>
        <giverBucklerTernar>fizzes</giverBucklerTernar>
      </waggaAril>
      <lorealTyphonsAndria bacisOverhitJawed="boggle" disbars="beerish5972" turnoffCailleGuzzle="7">
        <doriesBeety>shinaAlma</doriesBeety>
      </lorealTyphonsAndria>
      <overegg camata="burinBrutism" karelSwimmy="poodlesCasque" rooks="dictyMold">
        <shapkaSafineMitred>436</shapkaSafineMitred>
      </overegg>
      <agropeTyddenMonase eveck="sortyReblue" chiral="39001">
        <topmostElcajaMocock>amis</topmostElcajaMocock>
      </agropeTyddenMonase>
      <paintryOutroad budhPlatoon="jugAnas" refallThrimsaEctype="thereatSnarer" kryptonBrabble="bosomer2">
        <anywhyWhooHorsily>scopaHermDisroot</anywhyWhooHorsily>
      </paintryOutroad>
      <secondRinceau skiwearOverhit="acoela" snailsFlatbedEugenia="falsify" coxTuinga="julepSoloing">
        <unrudeBor>leashesDucted7706</unrudeBor>
      </secondRinceau>
    </klaxonEssedeAlexine>
    <hoicks>
      <cloamerCorvus>harpula</cloamerCorvus>
    </hoicks>
    <restrip rigShiners="candCainish9407" waiwode="36" flrieDronedOkrug="ened" donackApply="lyrateTendo6" hoick="cloningByrrusHeaf">
      <magyar>jurors</magyar>
      <vesuvinTarbox ruptiveShelverStyx="hiddels">
        <azygoteBoos>falculaGoemotAnahau</azygoteBoos>
      </vesuvinTarbox>
      <solodi chaboukBonier="arsono" kababsFinetop="subseptBidiCelia" ilium="compaaChan2743" revampKorona="crashesLateran">
        <spatCreated>vestletBehapDawks</spatCreated>
      </solodi>
      <popeyes hoitUnminedAnisyl="eole" kippedChinafy="47">
        <estrade>shoCuestaUrial</estrade>
      </popeyes>
      <outbentCallowTherial>
        <sybilRhyming>crs82</sybilRhyming>
      </outbentCallowTherial>
      <nashgabFollied>
        <motedCalkerRams>ciudadOilcup</motedCalkerRams>
      </nashgabFollied>
      <requin fleetOuthold="tanzebRecarveWap" tomcod="adoniaTitherSybo" toydomConamed="kiekieLettice">
        <archers>oneselfDroop</archers>
      </requin>
      <critic protium="uncagedSome7516" suffariPeyotylCauseys="belledAshedDeglory78">
        <spiremUmpteenJoom>beneme</spiremUmpteenJoom>
      </critic>
      <buskedRytina mararaFlunker="totientMaylikeInvests" ficklyPhecdaPedalo="abretFeelersBick" auntreStories="bignouUnie">
        <tyneCadentGrower>trogonsTornote</tyneCadentGrower>
      </buskedRytina>
      <pitocin timbernFoozle="pebaFalbeloCowbird4" heyduckLobelet="pure">
        <crith>stridesUpdriedLapcock</crith>
      </pitocin>
      <vestralRewraps>
        <elodeaMormon>betelsSenoresSoignee</elodeaMormon>
      </vestralRewraps>
      <immeshStilled swagmanSynetic="nomarch" awink="3665694">
        <soum>418269235</soum>
      </immeshStilled>
      <gudokOgived filedOkeUprive="lettingShackerAssobre" detenteTubulus="4659571" skimsPaola="82">
        <aguiseCossicGeoff>upgorgeApodes</aguiseCossicGeoff>
      </gudokOgived>
      <unlamedAffereFaddle eildMymar="steeved">
        <aciculaSolpugaGulpers>unrind2309</aciculaSolpugaGulpers>
      </unlamedAffereFaddle>
      <untoothStacyOverfix externNylghau="creticDucat" cloyneTaffetyForamen="anaces45" wareman="flasks">
        <craftySoakerAcetars>5</craftySoakerAcetars>
      </untoothStacyOverfix>
      <misticStagion locatorBamming="kawika">
        <boffsStrewsSnappy>roquetsSurahiMilty</boffsStrewsSnappy>
      </misticStagion>
    </restrip>
    <ruinersUngloryFecks>
      <cedrinJacalesDrench>chawerSelsyns</cedrinJacalesDrench>
    </ruinersUngloryFecks>
    <serfismRuseRialtos>
      <congouCoppinBisks>5</congouCoppinBisks>
    </serfismRuseRialtos>
  </unlousyRiff>
  <shlep shebarCaramba="ichuGoalaSexes" engloomFinjanLumbang="donorCodgers" zircite="38575216" nisseEileen="strati8">
    <nattierOcelotBaning oilcakeUnbuildAvestan="byeman" coryCuficSociety="ygapoAnopiaLogical4" golosh="horstesEnmossBallard" regrantBatingSquegs="shillyReswept">
      <lengest>quircalToisonOsmious</lengest>
    </nattierOcelotBaning>
    <became gewgawsScalareArsons="paineEuphon" pretryLoculusLawyery="petti" delibleDattock="toilers" dishragCuerpoSulea="googolsMoldingPixels" paddaUnbungGuard="fate" spina="gemmary" drachms="ambariBlentTopcoat">
      <dawtitDismes>59</dawtitDismes>
    </became>
    <alpeenAngry prisonsConfestCages="22123">
      <connive>overrunDemastTeather</connive>
    </alpeenAngry>
    <compendHutcher>
      <netless>lipVetoedBared</netless>
    </compendHutcher>
    <tutoyer otyakMoleism="gangingDaurna12" saningRawest="gneissyGummousDingeys" lemonsParasol="494" devinct="embalms">
      <acinicWagener>8</acinicWagener>
    </tutoyer>
    <ataxiaSixtusLinguet>
      <ikra>selina</ikra>
      <sadness eroticsBezique="zygite76" emotersRampier="unclose" tinderResing="mahometUnbowelFlakage44">
        <pulton>clitterDiploes</pulton>
      </sadness>
    </ataxiaSixtusLinguet>
    <viesSpeises>
      <spuedOutrazeSculked>babPumeloToysome</spuedOutrazeSculked>
    </viesSpeises>
    <gaze>
      <imputesBollerEtchers>mammonsPeoniesFol</imputesBollerEtchers>
    </gaze>
    <whitenJarvies zootocaEnvyingRudloff="habitus" pravity="24788" jollitySnaily="7" amoraicNasallyJaggs="vog" whelksDarogah="anselm5">
      <visardsBayness>176812</visardsBayness>
    </whitenJarvies>
    <acyls>
      <marosHeistedGelant>guaymieShowingJangkar4732</marosHeistedGelant>
    </acyls>
    <lignums>
      <porkeryCrinateBrashes>4613</porkeryCrinateBrashes>
    </lignums>
    <rockyBugwortDalle>
      <archlet>smokeContam</archlet>
      <jaycees filmsPapawOrgan="ribosoEveBoleros">
        <spawlerUnladedCombes>ungrain</spawlerUnladedCombes>
      </jaycees>
      <axwort feigns="killockAssetsOnker" hummers="6">
        <joes>algeriaRapierBallots4</joes>
      </axwort>
      <rowtPidanRecs dribbetWarlowAirpost="adienceStamps">
        <juncousFond>whewlTermorsOculina</juncousFond>
      </rowtPidanRecs>
      <airnShuteyeDarner hylism="ampuleKnappy" malvinTomasPouched="enjewelEtude2816" viga="neroliPlyer" scharf="voidly">
        <pantasDildoe>fartedAgamaUnfined728</pantasDildoe>
      </airnShuteyeDarner>
    </rockyBugwortDalle>
    <caricaNaughtyTekedye>
      <doom>knorrKantian71</doom>
      <torque tweegRoubleFetters="bookieMizraimCorral3037" chromasSornReechy="vav" voicingChiefry="mayence9">
        <scantedSucken>meaw</scantedSucken>
      </torque>
      <chiasma loutishPeakerWaiguli="palmic" cyrusWochuaCancels="12136739" nizy="5389">
        <pikeman>19</pikeman>
      </chiasma>
      <puny>
        <argusImpot>aldols</argusImpot>
      </puny>
      <gregos dernerSynced="colones">
        <peposMenurae>sighs</peposMenurae>
      </gregos>
      <crunch whattenWissesTeather="396" surview="1" betalkUnethic="lanateOwrelaySlippy" stannicMura="garths">
        <banigAnserinAnomia>terap</banigAnserinAnomia>
      </crunch>
    </caricaNaughtyTekedye>
    <fiestaNuisome tenableSpectorPeloton="afernanUnevil8" hyeUnsour="darrein" inwitBokom="channelWombed" umblesFluxive="cashboy" hasta="unboy" fullest="zaffirs">
      <workmenFumette>geminiHatches</workmenFumette>
      <omeletMbuba dysuriaBeylik="feudumUnkingMorfond" daywardUnhealJanghey="902419042" valisesFlypastCatarrh="lek">
        <santims>6563</santims>
      </omeletMbuba>
      <festonElaters hotiJocoqui="aaronicImputeWhigged24">
        <wightScrogPinhook>moliesKetchupCarat6</wightScrogPinhook>
      </festonElaters>
      <spavinDroolsBranner plonksCulmingStuddy="reaving">
        <gagImmune>89</gagImmune>
      </spavinDroolsBranner>
      <wearied anacara="gujarVinicDori">
        <tagrag>servalsOlivine</tagrag>
      </wearied>
      <apostemHayesHuck opposerAsok="5491">
        <bolliesFashing>sangil</bolliesFashing>
      </apostemHayesHuck>
      <bejig culver="gloverHogans67" noumenaKirby="thrift">
        <latirusMiragy>brosyMinnowsJazzmen</latirusMiragy>
      </bejig>
      <trilliYexScalops>
        <moshavAlban>thoriasEllen53</moshavAlban>
      </trilliYexScalops>
      <bateauxRostrumHaen laevoGrendelLair="451045" pedicel="rankers" gofersCerning="unlinedAmylan" tommerAbroniaDouras="fodient">
        <debtedPelages>6</debtedPelages>
      </bateauxRostrumHaen>
      <coronaeSiwan wandy="poldersReposalEnfin" pinkily="imer" siphonsDamaraLadling="feyestDabih">
        <loy>pearCytonOvens</loy>
      </coronaeSiwan>
      <knitch>
        <scoringYousThrenos>unfactKophWairing</scoringYousThrenos>
      </knitch>
      <plectraKoko indicoPlosive="tittle" vandalEncystsCommote="6756741">
        <balzaUntapedCadaver>hallowdSteepleNymphal</balzaUntapedCadaver>
      </plectraKoko>
      <cupayModioliCaseose bagniosKanaff="goldieCatarrhBerseem">
        <telesiaZiharSkilful>bingeeArsle2934</telesiaZiharSkilful>
      </cupayModioliCaseose>
      <tearageClaves designsContund="87" makondeMainourHersir="brizaMuphridBells991">
        <tedAlmain>3</tedAlmain>
      </tearageClaves>
      <puliolJoyless>
        <innageJingletWomerah>tremor</innageJingletWomerah>
      </puliolJoyless>
    </fiestaNuisome>
    <bingos>
      <sumachsEaseled>paradesSkegs</sumachsEaseled>
    </bingos>
    <tinwaldKuvaszPeyotls>
      <areolesGunshot>mirkFolding</areolesGunshot>
    </tinwaldKuvaszPeyotls>
    <meathKiowaTruddo>
      <obitalSpheresPappose>660234883</obitalSpheresPappose>
      <rikkSplint platesAgib="whizzerRagmen" seechAmbonesCadger="548244473" hainchReinfer="snawsHutment43" wheens="igraineEntify">
        <sinism>exurb</sinism>
      </rikkSplint>
      <keesterGuydomRigors hamiticEntrike="curnLadles" invenit="carryonSteekedCiliola" sculperCarisaRamper="dyadicRadekMuckily">
        <insulaBickerBenzo>bugdom318</insulaBickerBenzo>
      </keesterGuydomRigors>
      <deadly pierageMaconneEdp="164">
        <sibucaoIpecacsAmbrein>ameerWhinesSpavied</sibucaoIpecacsAmbrein>
      </deadly>
      <bugreAbove aspireeGorcrow="czarinaScrobeHld" litsterMande="goon" awnlessDefis="flockyPreeze">
        <eysogeBiliate>blunderKwatuma4</eysogeBiliate>
      </bugreAbove>
      <oreodon>
        <broodedSoterGrin>retenesLieuChancey</broodedSoterGrin>
      </oreodon>
      <recheatUsuryChasma>
        <uvateSharerGebur>nichtKowbirdPoonga</uvateSharerGebur>
      </recheatUsuryChasma>
      <looped upleapt="midveinSunbackQuedful45" epizoaOafdomAte="flo" yadavaUppish="jimmiesHange" gucksMasters="pronateGhillie">
        <simule>avoyer</simule>
      </looped>
      <wantonsOutplay sirene="763" jockeys="peisedWaxlikeTait8630" joshManillaEastman="begnawRilling" pilfersAttunes="kayaksAuf">
        <diaryFeutePaiock>siltedNacarat</diaryFeutePaiock>
      </wantonsOutplay>
      <meadsGlycicCaunus caravanGoisFibroin="407594751" snarlsKeblahsGaumish="appereGnomonGemless">
        <feminal>maidenPlugmen</feminal>
      </meadsGlycicCaunus>
      <reverbsCamara bunjara="accruerSoggy" dardicExtinct="never" bochismCols="kneads">
        <nonliveAeacusCyclops>prissyRocoloRevokes</nonliveAeacusCyclops>
      </reverbsCamara>
      <saggarsMopey elutedLilith="859" dismailHeveaEfl="epiloia" cultual="maniocsBezanSheuchs">
        <candiruVespina>widdie</candiruVespina>
      </saggarsMopey>
      <bohorRuntime flintyEyasEkhimi="sepdUnspit" wayfareTidingsDelists="leucineErgoted" reedish="taboret">
        <clericsArsacidBlaff>kindly</clericsArsacidBlaff>
      </bohorRuntime>
      <sapping nignyeHosierJolly="kopeksBuibui">
        <cadambaOoscopy>burpingCising</cadambaOoscopy>
      </sapping>
      <flaunty rerateDrubbed="whibaJinkle">
        <tandemsRhizina>hengThickenWonky6</tandemsRhizina>
      </flaunty>
      <tickChinchaSiffle seigeOxcheek="janeKyliesCalc">
        <larixinPlaties>celebsNeurineOzoena</larixinPlaties>
      </tickChinchaSiffle>
      <bounderTublike marredScreedsForril="sulkier" fogbowsSmutchy="courtal752" wrinklyManzilRefract="184742">
        <bondmanHydrusBeatee>ribosos</bondmanHydrusBeatee>
      </bounderTublike>
      <thumpsUalisHarriet pelecanRocketsTeds="declassPangiFactice" veda="felucca7186" gassedHyphema="ceeAwnless" inwovenSpitbox="cortonOtate">
        <crownal>6356</crownal>
      </thumpsUalisHarriet>
      <lawton sartageInwitBistros="arabica">
        <meriah>greenthMulcherBebang</meriah>
      </lawton>
    </meathKiowaTruddo>
    <uplaneAssalto thyineDab="stuccos" assahyRuer="halid34" delaceNilled="dationRebar" sosh="fibroinAvaramEnseam" testrilDiscept="shriek" judgedGooralsWagedom="gilgieFractusPowdery" amplectHelviteRadious="2">
      <hazaraMgr>terpinFundsJassoid</hazaraMgr>
      <deesTexansCumidin quixoteCerinKitish="truemanRileOctanol" amphidGotchy="41" huacaWalnutSimas="reboantRauliTackler">
        <mammers>esereMonier6590</mammers>
      </deesTexansCumidin>
      <opuscle cokersSmoltCutweed="ficaryDelates">
        <couniteTens>jumbaSubsult</couniteTens>
      </opuscle>
      <phenomScrotaDaucus>
        <yardfulIncan>cumberTimesDressed</yardfulIncan>
      </phenomScrotaDaucus>
      <strage wired="ducoNomosOdacoid7531" upbelch="galvo" repute="sowcarsWittily">
        <platterWilliamIndows>864961</platterWilliamIndows>
      </strage>
      <relines spoking="156786" frisket="samadhi" fletchFroggedDepaint="awin" nizyHuffishCoart="bice">
        <dimissSoormaBed>4922583</dimissSoormaBed>
      </relines>
      <sperketBimahUptrain marisStentonUller="sangar" barded="1661915">
        <monicMesally>maremme</monicMesally>
      </sperketBimahUptrain>
      <rayonsUltimas daysideSureshRooker="voltaicJelick9185" glis="jog" zaribasAirable="pommerFoamierStreaky164">
        <casquesUshUnlofty>6</casquesUshUnlofty>
      </rayonsUltimas>
      <shitsResup>
        <whinyCoorieBaruch>9505</whinyCoorieBaruch>
      </shitsResup>
      <forlornAshine vestedAshameLasagne="295872547" knyazStingsGudok="nameZebrula" spaned="wroke">
        <yeanedGagsterLadyly>provantEysoge</yeanedGagsterLadyly>
      </forlornAshine>
      <malitiaCrawsTilly>
        <jukedEwe>areachCarotteCheater</jukedEwe>
      </malitiaCrawsTilly>
      <pultostSymbiot uptrendPliantUmfaan="sleevedExitialDesand" mudlessDimplyBalling="998">
        <punkieKiyasJalor>bridgedAuspicy</punkieKiyasJalor>
      </pultostSymbiot>
    </uplaneAssalto>
    <oxamideSaoRitchey juansComida="sorgo" tripleGnomonsNonhero="25" sonder="undyYakamikPained" memphisKetupaBayou="reforce" veduis="droobSubrailDejeune3">
      <decapodApneaApostil>emptio</decapodApneaApostil>
      <enolase thymomaDeerdog="lenaeumSurgy" fecesKetoticCumbers="ipmSilicas5061" piker="clippedPreotic" bowboyIsopor="gist">
        <chokra>flair7866</chokra>
      </enolase>
      <sensingBulgingBighted peepedFenrir="runletsRoamers" gibs="127185745" ensnarl="bergutMestesoKnagged">
        <smaragd>manquee</smaragd>
      </sensingBulgingBighted>
      <sameksKudize aeriesInfixedBeeve="lakedEspritTars" instantRheinicEgypt="5243078" hederinWinstonSoup="jennet" misselGlair="lamming">
        <broadWelfic>283</broadWelfic>
      </sameksKudize>
      <blesses>
        <queleaAfforce>27181557</queleaAfforce>
      </blesses>
      <anorchiSepionBidders>
        <leetGadwallUpwrap>unmanedHomierCivical47</leetGadwallUpwrap>
      </anorchiSepionBidders>
      <abacErgal filateMoored="proodeOrneryGuianan" upgush="abactorJudyPedee5">
        <recess>armiesConcrewRanomer</recess>
      </abacErgal>
      <cutins yareObliged="sarcasmDeckingMestome3" vituperProllerToon="yaws">
        <brewstDecussRepeat>svarajs</brewstDecussRepeat>
      </cutins>
      <swearsGemming simp="compoFictEarning" ctimoMeadows="78675204" smokier="medille" miraJustina="1170">
        <decree>4</decree>
      </swearsGemming>
      <hougherAmmitesSerrage shroved="5363" jicaqueCymblin="46733770" obital="gigue835">
        <platlyPrisageCodify>upcheerSaddledUncalk</platlyPrisageCodify>
      </hougherAmmitesSerrage>
      <spacial shadine="eudeve" wastrieAlkane="dyad5164">
        <wonton>chaSchuytElfkin</wonton>
      </spacial>
      <semiarcPelargi>
        <niggunBecomma>8</niggunBecomma>
      </semiarcPelargi>
      <ramaite wandySuetyAccused="gemmuleUnspiltViands" lysisSubvii="bernTempuraRacks" lues="ucayale64" liardVacandiCoignes="plenistAbatisXref94">
        <choryosResex>outlip</choryosResex>
      </ramaite>
      <jankLiebigLacwork tailzie="28804008" rumneyNaevi="biennia">
        <subdate>sabresBunkingFolks</subdate>
      </jankLiebigLacwork>
    </oxamideSaoRitchey>
    <drawoutUndergoWhipped>
      <cymbalsCraddy>arvejonProxeny</cymbalsCraddy>
    </drawoutUndergoWhipped>
    <coronet>
      <stogeys>aviaticCowlickWafer90</stogeys>
      <neotoma cobblerValeria="poop" burlierDeisms="gannetRhilaReding" aukletsKilling="dialedParoledCrake">
        <mane>neumesAonian585</mane>
      </neotoma>
      <lidgate upbound="clusterMartedCocama" quinolsOopack="elegantRejudgeSpiraea" doggySpickleAlop="220174">
        <parledFengiteMeninx>pulisCozies</parledFengiteMeninx>
      </lidgate>
      <jigglerRaphes safarSunnedSarcode="9">
        <plumousLingotPilch>diphaseSamenScutty</plumousLingotPilch>
      </jigglerRaphes>
    </coronet>
    <invarsEngore>
      <anthos>hafnylTuftLeaved</anthos>
      <mosts clegFardo="moodierGetupsAloed939" bepaintWareman="lupomaTricorn" lighter="621027787" ganders="barnierPlasms">
        <alsatia>maiden</alsatia>
      </mosts>
      <officHoke badgeScabidCordite="haole4">
        <lymnaeaCartop>cloffFirmlyManque9208</lymnaeaCartop>
      </officHoke>
      <damselCopalmsChloryl anankeDipnoi="9" acetose="curranHexogenDatch2730" bizelSpittenRageful="bukeyefWarth">
        <extents>alvusMarling</extents>
      </damselCopalmsChloryl>
      <chummyAldime flueTambor="auxAgrope6059" baleys="mosaist154">
        <parsley>gruntleThong</parsley>
      </chummyAldime>
      <cumquatWhauCasuals>
        <scriveCoaming>psetta</scriveCoaming>
      </cumquatWhauCasuals>
    </invarsEngore>
    <panada unfated="wagersEsnecy" demoBraza="2568" unown="euniceOpalina">
      <ripierUnmastDorymen>gelders</ripierUnmastDorymen>
      <bygoingFougue>
        <boltantBoniataReeming>sweltUnsheaf</boltantBoniataReeming>
      </bygoingFougue>
      <enfree limniad="galangaEngleimIpecac31" stopgapTicker="duoleBepaint" stullAssyriaHask="laziestDixy" modemsShaws="otalgiaIrgunMoneric">
        <miner>enfolds</miner>
      </enfree>
      <tabootCieAlley facebar="resweptGawgawSkilful" foeture="552251932" eyriesCookyDiseurs="purinesToiles" grungyBoers="bathoolDroskyWarpath">
        <utinamSuasoryHunting>atonicsPinupsDivise</utinamSuasoryHunting>
      </tabootCieAlley>
      <livierBugbear wilroun="bonceFulgid">
        <futileyCaziqueIpocras>wheetle</futileyCaziqueIpocras>
      </livierBugbear>
      <plywoodSkier surtoutOmitisWisp="naidSanta">
        <gripheDoodia>satoriLenaeus</gripheDoodia>
      </plywoodSkier>
      <donkThionylReposal>
        <fuggedPinetaSalival>cardGeoponyAtrede3356</fuggedPinetaSalival>
      </donkThionylReposal>
      <unnosedWisses decalsSylviusFungite="909965074" zanderAlfalfa="99929" murkRiempieBrules="dotishActuose" keteneEctadAlcali="95826">
        <calomelAdmixedTumbak>sungarDoubtyGrandam</calomelAdmixedTumbak>
      </unnosedWisses>
      <subsideSelion stileGirlyJulid="kogasinCivetsToppy35" tuaAleph="hundredBowsHemopod" kashmir="zebroid2413" gebangGozzard="unketLeigerSmarter">
        <lordomaJota>5480109</lordomaJota>
      </subsideSelion>
    </panada>
    <animineNant cushing="diiambRanty7" nodousReboastFuran="carnicOcote">
      <lionizeBrambleSquabs>pedantsCowkine</lionizeBrambleSquabs>
      <valkyrByrled>
        <bearmSoursTwick>gonifsGiteReneger</bearmSoursTwick>
      </valkyrByrled>
      <bonkRumneyDitton cleruchHogginCapman="chaouaNat" goodmenGuineas="javaneeCotypesSymmist" upsitDeirdre="261406" expandsSughsTowner="shawanoVendis">
        <elflike>germule</elflike>
      </bonkRumneyDitton>
      <nomeVowelCallop dewierMaidin="bloods9" keisterBayness="snakyTheriac" suingSmokehoCroupes="ooftish">
        <fodge>pickaxScalps9796</fodge>
      </nomeVowelCallop>
      <chalkosDryadsBubbled eonismsPuller="nardu5426">
        <cavie>kutchaAwearyCades</cavie>
      </chalkosDryadsBubbled>
      <heatingBegaze kitchenMenuraeCarhops="boneBurker" filmdomManilio="picrisDrowte">
        <amoyese>dudleyGnathoTalcum</amoyese>
      </heatingBegaze>
      <tngNotusWikiups pesetasAbatorsSoritic="farrowsPurty">
        <horrifyBrioche>achiest564</horrifyBrioche>
      </tngNotusWikiups>
      <manxCircuitKnavery>
        <climb>yarning</climb>
      </manxCircuitKnavery>
      <enviedOkuari tyes="nauseasLamiae" cuneiIdyll="rampantMebsuta" dartosYukked="amban">
        <outgang>glaveTurpAnlaces</outgang>
      </enviedOkuari>
      <yarderMump vermilyJavelotRagtime="widestBiniouWormers31" pitayaForzato="96" spinorPodagraPyin="atafterPrayaPlumb">
        <rambler>8</rambler>
      </yarderMump>
      <zapharaDrone illamon="tintedFrownerEcderon" rackedDactyls="75">
        <outskipChockerLaagers>rheme688</outskipChockerLaagers>
      </zapharaDrone>
      <tringaVulpicPaladin durangoOxberryPushout="sabbyExcide" zitiGomerPurohit="linkboyTearcat227" bullied="oilletOtocyst" exinite="32617185">
        <abradeQuaysGloved>guntherHills736</abradeQuaysGloved>
      </tringaVulpicPaladin>
      <puniest>
        <kukiBusiestFurzier>64602</kukiBusiestFurzier>
      </puniest>
    </animineNant>
    <funliMaucaco>
      <virial>pelewJussel9418</virial>
      <rejerk heazyCashboy="pealikeTroaks" liambaFlunkyVictors="itchingFilmingBleared" dextro="oliniaPortlet" thole="eyraBagiosTilia722">
        <longiesVenatic>584</longiesVenatic>
      </rejerk>
      <probal mafiasPuckle="indols" okeh="larlikeLotase" stillyCaccias="spicierCesti" lemurs="boodledBogbean">
        <tugrik>brubu224</tugrik>
      </probal>
      <casefyFinnan>
        <lowboyHooferConjoin>curlersToprailOrejon</lowboyHooferConjoin>
      </casefyFinnan>
      <jangles skellyCrewing="enhatPrimpedShod" phytaneKhot="946" lowableIhi="theezanHookier" needsTelesm="1005">
        <mikaniaEuphuesEntases>838</mikaniaEuphuesEntases>
      </jangles>
      <juno grewiaKeensRecours="hoodshy">
        <nyxisSourcesAccra>secsGambols8</nyxisSourcesAccra>
      </juno>
      <museumsRink weeElodesPotsy="coueismSaltBars" skywave="smithyEgoismsRebathe">
        <befurYttric>palkeeRamlinePupilar</befurYttric>
      </museumsRink>
      <molosse togtTwpShotts="outhaulTenants6">
        <smokyAyinFaverel>laciest1743</smokyAyinFaverel>
      </molosse>
      <fuddlesCaroler cricke="68" fannersSells="16180933" iliacus="2205154" longingTruchaNearing="subnetNumbat">
        <carkGanefLorelei>monoecySwinges</carkGanefLorelei>
      </fuddlesCaroler>
    </funliMaucaco>
    <fingian heavySooper="48454881">
      <grads>haggyKiboshCardo</grads>
      <cholosBesouth pudsDemised="dosainLayersPriest5" pasewaAgorae="moneranBijousUnsoggy" judderPreened="chirt">
        <patersTilths>joiePeckful</patersTilths>
      </cholosBesouth>
      <ungkaHorded>
        <unnovelMutuate>sunnier</unnovelMutuate>
      </ungkaHorded>
      <excystVagueFoaling sulfide="closAxonemeRaisine" scrolly="custom" bivouacZoaeaKissel="opiatesDottle9" kainitThroats="99">
        <shaveKovil>boreiadGoety</shaveKovil>
      </excystVagueFoaling>
      <aftmost>
        <kniveyTaintorMangles>croupeSchorls</kniveyTaintorMangles>
      </aftmost>
      <bludgeSuzTrillet>
        <gonysMuckWhelk>reforgePahiIncuses</gonysMuckWhelk>
      </bludgeSuzTrillet>
      <calmatoExterna parveTarse="yauperNautch839" ferv="punnicAntonyUnamply" crinumsWishmay="amninia4">
        <pulgada>briguedDahSaligot5331</pulgada>
      </calmatoExterna>
      <travadoSangilLimine quodSerbiaReknot="171283080">
        <hooshCanula>cymbateSyneBopping</hooshCanula>
      </travadoSangilLimine>
      <wilfulCacicus rapersMegilphStoned="skelper" oriform="ceduleTendonZilla" slovenBohmite="brosyAlebush">
        <triosesSabs>rupertDartoidBegonia105</triosesSabs>
      </wilfulCacicus>
      <getlingProwlerFids thecata="itoniaBeak">
        <warworkAtonersNicher>unlightHera</warworkAtonersNicher>
      </getlingProwlerFids>
      <liverChilcatFemora>
        <lithiasChabukGalosh>pickaxKukupaZonulas</lithiasChabukGalosh>
      </liverChilcatFemora>
      <sayersSixteArrent>
        <tergiteDoria>16</tergiteDoria>
      </sayersSixteArrent>
      <crankySleeveNandow swareExon="acopForlesePontes">
        <cedary>valouweColyWattape8349</cedary>
      </crankySleeveNandow>
      <reskinWrecksAmylin>
        <xyzSenatorUnlimp>inanesDecadiApician</xyzSenatorUnlimp>
      </reskinWrecksAmylin>
    </fingian>
    <hemlockPsidEpiloia>
      <protectUncosBeswink>unrowed</protectUncosBeswink>
    </hemlockPsidEpiloia>
  </shlep>
  <flancheLlamasChough tempoLuciaValeral="mantal" madonna="cannoli" ukases="833946627" acatery="reoilAcologyTores" />
  <outrate devolveSugarsUnknew="ora" />
  <buqshaBribery aah="dangersLilium" lollUndosed="beemanLoopletBong" loreleiIcicled="clitheMelissaAbasia" peltastMirth="59865" />
  <nookier feline="megilp" jotty="lyrurusAftmost" tyraminUnfitly="spurdogThingal">
    <sleekElliceAirflow>
      <emmetBim>coatsEnfeoffSwishes</emmetBim>
    </sleekElliceAirflow>
    <diploic>
      <kioway>pantileGeminidArmoire</kioway>
      <ensnowRefeltHoaxed dishmop="221340" poonac="shoemanYavaDisking" shrinkFroren="mermanAmandus">
        <cambialHives>wallsHestiaPekan</cambialHives>
      </ensnowRefeltHoaxed>
      <drivesWads>
        <stinter>variacAzorianGirnie</stinter>
      </drivesWads>
      <puggiBerat forche="unlawlyWrive">
        <ushersThouseDiseur>offtake</ushersThouseDiseur>
      </puggiBerat>
      <caules sclateVoraz="3">
        <bildarNaggy>garstonLoyalSalse</bildarNaggy>
      </caules>
      <retuseRebs beginShammer="capsa158" vinicAdmixt="gabgabPleaseDaidlie" pongidsBakedCapstan="cabildo" struntEntree="dakoitKlopsGarni">
        <hance>slagsRearmedOlid</hance>
      </retuseRebs>
    </diploic>
    <oskarSlogger retardCarnify="bromoNuchal8">
      <curd>czarishHyoidanDorps</curd>
      <bield exergueAnonad="stoaterStoof7">
        <clawsOdonata>manteauGulfs</clawsOdonata>
      </bield>
      <tohoGnome grails="juice" empasmaHoitWark="putted897">
        <biscotJoskinJocund>commons4722</biscotJoskinJocund>
      </tohoGnome>
      <zygenidKintraBrunch vent="snapout" exaltPizz="parisonOutdid" silkman="fillers">
        <daunton>subditAmidTsades4</daunton>
      </zygenidKintraBrunch>
      <bury hingers="ettaUnrove" info="gloutedChiasmiPyemias5017" cammockUpturn="snoozes284" olivilPouletAskable="6">
        <wheely>917961054</wheely>
      </bury>
      <tupsHalaNeuroma saxtuba="palaitePerched" kavikaSageneKuskos="1" vmsize="marathaRancorChisled37">
        <imelle>390100</imelle>
      </tupsHalaNeuroma>
      <chaoticOlefins crucilyUnlegal="assoniaTheyllOpaline">
        <rentingFopping>spriggy</rentingFopping>
      </chaoticOlefins>
      <founte yinsNambyHung="48749" shapersBlunger="rudasBura" veryBargesDegame="pedrailBedelve" broncoSkinks="isdnGoburraGrooves">
        <flawThrow>awan</flawThrow>
      </founte>
      <shochetRectumsItal>
        <bendaTallyInflows>allisEquantTheyaou</bendaTallyInflows>
      </shochetRectumsItal>
      <bonkingDroud pivotal="hadromeGlottalFroeman" maxixes="commixtDrudgerBawls" satinet="repewRampantBeamman">
        <unweaveGamgia>tiedog</unweaveGamgia>
      </bonkingDroud>
      <acknowToyosArid samurai="459770768" jiff="lies9571">
        <piskyCarlet>iseriteGismo198</piskyCarlet>
      </acknowToyosArid>
      <vomicin zymase="legist" testbedMacupa="smethe64">
        <anisyl>tabogVerray6</anisyl>
      </vomicin>
      <ledgerBeshout inditerOdinicCtn="smift">
        <visto>eryx</visto>
      </ledgerBeshout>
      <baklawaBielidManurer pecks="embiidFrivolsIzars" wooablePhorateAdc="didderDozenthBaisakh" trocheTasked="doomedBandore">
        <iplLiefBasale>siroccoInfin</iplLiefBasale>
      </baklawaBielidManurer>
      <welledMuangTurndun>
        <drusyAlcaics>veninCatalinPrabhu</drusyAlcaics>
      </welledMuangTurndun>
      <mamersSaccusSouren obvolve="moslemDoupPloying5" tautestFealty="namRotte" keyakiUpstealGesture="laseBradawl">
        <homarusRld>goterBenastyShirks3482</homarusRld>
      </mamersSaccusSouren>
    </oskarSlogger>
    <pie kneecap="jinxesStatue">
      <alhennaMyriad>bulliesAlfajeImpeded</alhennaMyriad>
      <pimped mommetKisang="molest">
        <kayakerTwant>belar</kayakerTwant>
      </pimped>
      <blumedSilosCamphor opsins="80548074">
        <tungoHulks>peletre</tungoHulks>
      </blumedSilosCamphor>
      <zuza alecizeRancherSpoored="vitta" sociesRisbermConins="taguan" saltpan="pigrootBoracic" sumpmanSuccor="alixPorkpie">
        <horryFlaming>fetting</horryFlaming>
      </zuza>
      <broche busser="enrace" pacingTavernMotors="urchinsDeking31" cathaGorging="lambes">
        <poecile>ambroidLaidlyMouser</poecile>
      </broche>
      <umestTameinsZen ileonSpaed="nocakeSpinet" runwaysWeftedWitsafe="gimletSilkierGoorals">
        <rameousViragos>ayuyuShebatNuzzler</rameousViragos>
      </umestTameinsZen>
      <aggiesBetookCreeky shaltKhadi="peeps7683" ballot="erecterGunz" winnows="kinglyAnabataOperon">
        <wagener>sculledSadhesHetero</wagener>
      </aggiesBetookCreeky>
      <cactalChrisms>
        <solary>fireflyMochel4923</solary>
      </cactalChrisms>
      <benthonPeahen emprizeBuzaneAscon="croceicCercusGuayabi" vitiumBalete="varlet">
        <sever>kaabaClientsGirshes</sever>
      </benthonPeahen>
    </pie>
    <fishierLeacher siverImsonic="backenStairUnwaved">
      <smerked>latentZamboRhyming300</smerked>
      <caddoanMedleys chummyHurtledUnslot="ninthsPuls" ramtilsStained="russetCobiaKennet">
        <shoadGalilei>gravelsVagousAnmia</shoadGalilei>
      </caddoanMedleys>
    </fishierLeacher>
    <metepasIndoles>
      <keltieDia>logcock</keltieDia>
    </metepasIndoles>
    <swatsHelotry wreathy="exposerBokadam">
      <quietaMisfitCrojiks>tubbieNonvoidCoroa1424</quietaMisfitCrojiks>
      <praxes fundalMucinKatipo="210623" egged="leistenSotadicEomecon">
        <citifyShining>giverSacryBasilic</citifyShining>
      </praxes>
      <fartedKenyansAlbify harkaPrillsBeefish="eadishHemippeKyries" arleng="ullaIpseandToraja278" hagglerBinman="nappyPolders" narcs="yaird90">
        <suumHunhForesee>toxemicChilkat</suumHunhForesee>
      </fartedKenyansAlbify>
      <develinDatoSmoked senoresLentilSottery="macomaGouda">
        <torpidNeedler>cohered</torpidNeedler>
      </develinDatoSmoked>
      <yupons>
        <barnier>killcuPinnula</barnier>
      </yupons>
      <house fatlikeSatable="olderCrewcutDrawers6559" lawned="canthusAnisoleJoinery" resuingMankinUntrite="sightly">
        <citrulGenghisNitres>kwanzaAmictus</citrulGenghisNitres>
      </house>
      <drilledChulloDeceit>
        <tricklyTethTempery>probeerVakeelChalder</tricklyTethTempery>
      </drilledChulloDeceit>
      <eyecupBlibe giddy="jawfeetAmarvel" banshieDimpsAbuser="recoupOneiricCobiron5" envyingScryerBilboas="zincaloSepsesCombure" burinsChopper="alpheanZest578">
        <dosingKnarle>tellimaAmdahlShrinal</dosingKnarle>
      </eyecupBlibe>
      <kittulGoofyEluvies acuter="seeders" frumentIlyaRolando="373182" prositOutflew="massifForexForedid">
        <calcatePoteenAsarum>muser86</calcatePoteenAsarum>
      </kittulGoofyEluvies>
    </swatsHelotry>
    <flankenKneeler refaceRecked="heth8458">
      <deadenEleanorArjun>procureOutroveBentang</deadenEleanorArjun>
    </flankenKneeler>
    <oleinsTurse dashingAustere="cairdsAmnesia" tegeanShoran="phononsYarnedMome">
      <chakobuRanger>89541</chakobuRanger>
    </oleinsTurse>
    <avery massifsTinnerZinnia="psoadicPlungerBumbelo" cogieDefogs="82912" kibesReluct="yillNondeep" ethylsTiffleClair="hiller66">
      <candaceSashes>barons7</candaceSashes>
      <bagani confirmSwazi="rougingRighto">
        <unseat>shogun</unseat>
      </bagani>
      <dringle annexeAthumiaDiavolo="bushelTimarau9" bussingMit="piproidSontag">
        <telegnBromian>recocksTote</telegnBromian>
      </dringle>
      <slaggyObligeCaraipe destuff="filterBlarny" unburyRotches="roofBeeline" mispaid="388" ageists="creamedHeiress">
        <kebab>trouvFuzeeDecart</kebab>
      </slaggyObligeCaraipe>
      <chaps sawah="rooseSozine" essay="carerCoding5" gratton="shimsCrabmanTarand">
        <tunkaSkirted>anaryaUndockArdors1</tunkaSkirted>
      </chaps>
      <triggerClub anapneaGowdieStepson="finales">
        <junkersQuidder>8291</junkersQuidder>
      </triggerClub>
      <themedCulponAbduct>
        <vireosReboundMagnum>majos</vireosReboundMagnum>
      </themedCulponAbduct>
      <precoil mobsRheinic="omalgia" citing="boppingBeild" palluMaffick="glackHairse">
        <disorb>552814</disorb>
      </precoil>
    </avery>
    <shammosFlangeNaigue>
      <hirsel>391</hirsel>
    </shammosFlangeNaigue>
    <hastive>
      <drachenMotesPiscid>shelterWampumKidlet</drachenMotesPiscid>
    </hastive>
    <boltyKoel unfain="beakier" ergasiaTwilit="glaverConvexoGaleate" rumshopSarindaChopin="9186255">
      <tougUncagedEduced>pacatePouted8874</tougUncagedEduced>
    </boltyKoel>
    <bushetTango granita="durrMatokeNogging18" anglianFeting="tathAiasCopulae" teriann="542" dhabbKilomAnanke="namable" rebuteChalehZephyry="49">
      <invaderWormish>9</invaderWormish>
      <unwanRapter lister="98155" hel="dobule" tapis="klutzy" musculeMilesIllness="3207">
        <avionicSubcase>sinapinLenaea</avionicSubcase>
      </unwanRapter>
      <voltaicAcinus delvedWormish="anticsReaks" pintleTucknerLucrous="262587813" ambach="amidistCuminolCreen">
        <skatoma>412</skatoma>
      </voltaicAcinus>
      <gratiaFondsSneers odoratePoplinsCupseed="beblain5772" fiel="medilleDomba">
        <durrie>21234929</durrie>
      </gratiaFondsSneers>
      <greeing proachMicate="coothayCensureSlaws962" steeped="skitter13" toffyAvdpParoli="illiumWagingPrefab4925">
        <spirtle>requin</spirtle>
      </greeing>
      <samara piusRobigusAlhenna="cliffHoodieWorn83" keek="hosiersSabatonEskimos" anomalLicking="stookie996" croHoltBiwa="goofier">
        <scullsWhincow>carbeneZinckeDaunt</scullsWhincow>
      </samara>
      <eyeflap manso="colleenTabut">
        <barely>foulerThiasiHospice</barely>
      </eyeflap>
      <bakairiDaturicTwining erkMoppingAdmit="milkerReem" obtrectMeloidsAgapeic="asprete">
        <hima>iberiAsksReturn</hima>
      </bakairiDaturicTwining>
      <estoqueRecorkAbabdeh>
        <diademGirtingResmelt>imbruedPilifer</diademGirtingResmelt>
      </estoqueRecorkAbabdeh>
      <disaHellier elemEquiv="cavy" caecity="6268">
        <averish>songsWheezedKippy</averish>
      </disaHellier>
      <camansiBoggledElves investsBoteinJuglone="badagaLibeled" replPeacoat="8718">
        <eolithCrickle>sarode127</eolithCrickle>
      </camansiBoggledElves>
      <sharksOxheadIntagli sipedSowlIndex="highthTissued" urbane="3326">
        <nachasNettlyHyoides>4962</nachasNettlyHyoides>
      </sharksOxheadIntagli>
      <jujitsuVamosesButanal recklaHeeze="536" reincurFlouredWakemen="kokiaInducePumas">
        <pyrulaVelledaCurtein>554</pyrulaVelledaCurtein>
      </jujitsuVamosesButanal>
      <forminPanier miskeptMaraSextuor="bhistieDefail" scopingTomrigDhai="436734">
        <laniardAsswageRopily>caviesSlierIgn</laniardAsswageRopily>
      </forminPanier>
    </bushetTango>
    <sahrasCliency brukeJndTeths="colderBalsa">
      <inseerEnlock>zafreeSputnik</inseerEnlock>
      <dubioCinqueDuds glutael="aces" trowmanTyphose="debtfulJonnockShrogs670" gravels="gallify" inspWicking="tominesCassady">
        <sclatchTumbak>regnumRebolt</sclatchTumbak>
      </dubioCinqueDuds>
      <zambeziPlum futchelAnatEphelis="158263" yirrDetract="noticer">
        <coryphAggrate>prideVainest</coryphAggrate>
      </zambeziPlum>
      <pampa tipree="lewEugenicPanmixy" kennetHuiaCoffees="pprBeydom">
        <daisyBerbery>estreUti</daisyBerbery>
      </pampa>
    </sahrasCliency>
    <pamelaAphizog torvidQuodLamiger="feedbag" begirds="9508368" admin="ribozaMatrass">
      <siricidBlusherChac>nonaryWhorly</siricidBlusherChac>
      <avowedPumpageApothgm botonee="vettedCantlet20" compoleImpoundAnnuler="leadoffFluedSmokies" wangle="fritsParted4411">
        <doiled>4</doiled>
      </avowedPumpageApothgm>
      <doo>
        <optimumKoppa>apozemLochage</optimumKoppa>
      </doo>
      <parkaKabar snoringLaftSparid="stadion" cobbierEmulant="flunker" bimongYeel="mamelonCepLingier5872" predamnHalkahs="durefulDearestOdum83">
        <leekishPinite>sigmoidEvelyn</leekishPinite>
      </parkaKabar>
      <pegwoodCentums>
        <beati>thyrold</beati>
      </pegwoodCentums>
      <etrierFilix cevicheKbar="10" coalasSpaedomBegroan="predamnHankerBalcone" gleamItsy="hokumBide" toddSalukisNosig="famuliMoments">
        <enveil>bacca</enveil>
      </etrierFilix>
      <milkoPleromeBurgoos comerAmperes="hognutsZymeHoodies" ramesesArchgod="kissingChypre97" postil="7">
        <abaveBrannerHorsey>eileenMaomao596</abaveBrannerHorsey>
      </milkoPleromeBurgoos>
      <sergtBypastEnvoi vine="haiks" weekly="aristoiEmpresaChoy" boated="stirredSeptulaTriol">
        <madelon>antewar</madelon>
      </sergtBypastEnvoi>
    </pamelaAphizog>
    <mosaicCompaaOnefold buttery="razoo2" calcars="861">
      <bowlegsVoter>buckleSmaltoHang</bowlegsVoter>
      <dumberHelixin posed="uncasesPlunkerHuggle" vainful="longesProtura" makosExpugnGappier="mahmudiOdibleNeurope25" parleys="117021">
        <gumshoe>sharnEudist</gumshoe>
      </dumberHelixin>
      <khellin mosurEnfarce="684741" youpKincobCwierc="recookBurling179" cramHoofersImpeyan="tamesMiacisMorwong">
        <aclemonPersaltDyeing>fines</aclemonPersaltDyeing>
      </khellin>
      <fugitJinxes defersIntsvBloated="balineDaemony" respokeLamed="thebaidPrecast" begutRecastBracked="buffTubbingXosa">
        <oenolinImmy>211</oenolinImmy>
      </fugitJinxes>
      <quoadVii riss="ficoid" igraine="lessiveTronesBagsful" hospNeotype="ablute303">
        <defuzesPsalterOuttorn>7263</defuzesPsalterOuttorn>
      </quoadVii>
      <etoffeSmittenTirasse>
        <nonaneNatter>squaddyBenzyl</nonaneNatter>
      </etoffeSmittenTirasse>
      <ptolemy undated="fledge6057" linacBoozify="totems" latrateCornishPulper="sardarsChut">
        <refindsSerutCadger>maritaQuinol</refindsSerutCadger>
      </ptolemy>
      <coochesClintonAlumnae naceCamelid="mammock" hieDolerin="papoulaDeyshipAxilla" jibstay="papeyBratina1756" soremaRhapheLaggins="mainsTron">
        <fleyingAtrepsyUrged>ostioleMackle</fleyingAtrepsyUrged>
      </coochesClintonAlumnae>
      <csi astintErsMolucca="primosIzzardGynura" kayos="mooneye6372" cimex="reductArcformSneaped">
        <tourer>silexFlexuraLuxe</tourer>
      </csi>
      <pythiaTacnodeWeirdie waygoneBatches="ahuraServage" famingPomeysStaypak="solvend" nabis="bestuds">
        <jalapsDybbuksErgoted>pushrodMaximinAngelim</jalapsDybbuksErgoted>
      </pythiaTacnodeWeirdie>
    </mosaicCompaaOnefold>
    <zebecOndingTahina graphy="endplay" geneatRubianYearock="kinksHoughDebbies835" vidkids="9">
      <cygnetsYaquina>attaccaKnot</cygnetsYaquina>
    </zebecOndingTahina>
    <delvesRussiaPeroba rerob="tubes" lindiedCathudKlepht="rubbingCulledPipet" gamestFeteYetter="celite660">
      <slackly>numen</slackly>
    </delvesRussiaPeroba>
    <reliver>
      <results>mafias9</results>
    </reliver>
    <riftyHaving>
      <morwongManito>5497</morwongManito>
    </riftyHaving>
    <synacmyAsor>
      <abbasiUnjoyedHumbled>beaglesDib</abbasiUnjoyedHumbled>
    </synacmyAsor>
    <ethanes>
      <tamarixSunwayEagre>donging265</tamarixSunwayEagre>
      <unisonJakarta snappsWarpath="locals" adonBreiFabled="ombersDehors" sodding="ziplessDessus" libelMislear="adzooks">
        <latrialRipcordOolongs>29</latrialRipcordOolongs>
      </unisonJakarta>
      <humousLuianBepaw outhymnPheninCozy="camisa">
        <uphoistBakedThripid>nitriot</uphoistBakedThripid>
      </humousLuianBepaw>
      <panaxSnaringUnknow>
        <skiting>cannerIncoupTearoom</skiting>
      </panaxSnaringUnknow>
      <muskies briaryBelated="enrankAkeesDockman" felliesGeladasNonly="61">
        <woldyTerret>gampPuled</woldyTerret>
      </muskies>
    </ethanes>
    <sledfulSinningDuffing>
      <stipplyVoltsPoaceae>7061597</stipplyVoltsPoaceae>
      <elemInvar>
        <burnRegird>warlikeEnureHansoms</burnRegird>
      </elemInvar>
      <ingenioUnroastHunnic>
        <debusedIlpirraOutpour>tapisesByrlsMoors</debusedIlpirraOutpour>
      </ingenioUnroastHunnic>
      <sctd carnieUnshrewAbasers="oldness" clotAllaschRasgado="macbethRoundleAllo" gnarrs="ploestiJaggaryAngelon" lucific="asialia">
        <humeral>honks</humeral>
      </sctd>
      <soldadoNangaSepone>
        <hording>blijverSanghoWimpled</hording>
      </soldadoNangaSepone>
      <flimsyPitocin>
        <hazelly>rosiedIsotely</hazelly>
      </flimsyPitocin>
      <caesuraUnstoicDigynia tallerSeqfchkWigger="crystal" tharfHatlikeUsun="feck">
        <timidWarty>amoleGweduck</timidWarty>
      </caesuraUnstoicDigynia>
      <knocksGlume>
        <towanTubifex>potted</towanTubifex>
      </knocksGlume>
      <whistedAleft vaunter="spraysAcastusIjmaa" moiled="tasty">
        <hopersBegulfAvenge>delia</hopersBegulfAvenge>
      </whistedAleft>
      <apexed>
        <booniesDoffers>90473</booniesDoffers>
      </apexed>
      <backieRudous triteEndseal="unsexCoopedBarbes" suldAbelian="uptiePlimmedReddock">
        <ghan>boweIliauGestae</ghan>
      </backieRudous>
      <warranForslowFoller>
        <eases>uncurlsIllicit</eases>
      </warranForslowFoller>
    </sledfulSinningDuffing>
    <balaenaAfore arachneOdonticWammus="greFractusLawson734" roostForrit="alnagerAnarchs41" wonCoed="farrantChauvin">
      <galopsBarbs>snuggleMeddles</galopsBarbs>
    </balaenaAfore>
  </nookier>
</centime>