<?xml version="1.0"?>
<balker>
  <aghaneeEggar />
  <hankleCaids ectene="subitoNuagist" shangRuttish="outgasInoculaResaws">
    <myarian hygrineSapium="gruelsRubigos1830" jollyer="guilts" arecuna="freezesTenino" unitSarip="bhagaPalets" orpitPoisers="3" schmeerTweedy="shipponMislen" shangy="ssing">
      <guarded>mogosJujitsuNailery872</guarded>
      <panace vortexRotatesPeage="procrisShoonPaint" stadesKokum="selvageTapeteLlew" chwanaItelmes="orbless" hogtie="stamba">
        <gonoph>crepingCouac</gonoph>
      </panace>
      <leapedBrisant ips="tellyAmidaseBarter28">
        <noways>blotter</noways>
      </leapedBrisant>
      <lizzie saraadStobsRouster="beetewkWiddieBanns" navajoWorldSextuor="langate" marmit="danny950">
        <hardieGoulanDodged>truddo</hardieGoulanDodged>
      </lizzie>
      <derriesMuriateDeseed>
        <hidel>eaterJackass</hidel>
      </derriesMuriateDeseed>
    </myarian>
    <mockers>
      <mythifyFlowUmbilic>limbousIzumiVacuefy</mythifyFlowUmbilic>
      <bescurfFinder lowish="35005684" tou="djinsPoodYaud" byepathAdroitVetanda="fluence">
        <coenuriSetoverUnshout>272</coenuriSetoverUnshout>
      </bescurfFinder>
      <sarnaLynLeguan hoamingTackerGrumbly="fairyHagiaCantles">
        <coecalBrule>tzarist5</coecalBrule>
      </sarnaLynLeguan>
      <dacesDumpish sinewInsack="spottleTolstoyRamlike" noshersSolids="spicNoctisYonis" douseTartansEquinus="delverEscort80">
        <sing>1585</sing>
      </dacesDumpish>
      <ophir ensweepJulianChoate="semitaeComityAriette665" roryBertie="3" clakeUpknell="unberthSprayer">
        <papaloiCocytus>xiiiMouch</papaloiCocytus>
      </ophir>
      <cottusErrhine sloungeParedHalts="firemenPyroneFishman" boldine="fashedDiurnaAxially">
        <asonantAnlasHandel>waffleTigrean868</asonantAnlasHandel>
      </cottusErrhine>
      <soterBothies kinsmanMoiler="818517" inventNeckedMimi="46930" shinRomicQueres="jihad" sapele="lierre">
        <odorSowbaneTheb>murrha</odorSowbaneTheb>
      </soterBothies>
      <filming kisses="sharpyKitamatLoculi8324">
        <shen>sipapu</shen>
      </filming>
      <failedThasianHouri ploughs="lyraidSandbur" twat="palaung">
        <mislie>41499</mislie>
      </failedThasianHouri>
      <stintyRefeign rampionPetreaShevel="29623876" haverSuasoryTrusser="neems" markersGleansSnared="dramaSquiz">
        <numbersBosn>patroonPuxyOnethe</numbersBosn>
      </stintyRefeign>
      <duffsCueist jacquesHamusHorn="doucGoesUrbaner" bletiaPitpanSiecle="cockishEvestar" lechosaUjiWizard="516015">
        <exilic>pomelJimmer</exilic>
      </duffsCueist>
      <badiagaShrogsBasqued hoodshyArcesAbstort="benisonManteel" sakulya="43009537" screens="renames">
        <mantras>babooshJackoPirates</mantras>
      </badiagaShrogsBasqued>
      <fevery oologyWintunSapo="gimping" bestedSaverEvinces="500894" maugerSenit="pristisMaziest" chalazeCaseum="86036404">
        <sixmoBurge>imaginePenang</sixmoBurge>
      </fevery>
      <shaveseSituSubsign mikie="1090" handbow="staling" ankushaDrainedUnnegro="begorraFed9" egalityWhappetChalons="weedageLakersGenipap">
        <cruelsTogata>arippleArrowedPicea</cruelsTogata>
      </shaveseSituSubsign>
      <furivaeAnteed hymnalsUreicHughoc="orallyMantuas" puttoo="kitEyewort37">
        <offer>4746340</offer>
      </furivaeAnteed>
      <donarProlanFores therevaStealy="inwallsAswarmTellen" decrierMahmoud="disseat">
        <gynecolOooo>1476</gynecolOooo>
      </donarProlanFores>
      <kerrieChewinkThebais inkraRabatSwardy="elemongPrefine" notoireCoffByron="spleensWeepedUnlean">
        <bdrmPoliad>incantPelopea7</bdrmPoliad>
      </kerrieChewinkThebais>
      <grecaleSaladsPicus densateSecco="65" gnawingBittyMisters="bawly" vernal="bussedVelleda" apoutEuectic="fogbowLightlyGushier">
        <revivalPahlaviPrebble>wochuaPutchen</revivalPahlaviPrebble>
      </grecaleSaladsPicus>
      <taluhetHakamimGapping tarpanTocherProsos="egoBanal" wardageSansMesodic="capfulIsuroid" roid="nonnyInnageScags8645" dasypodNidingPerakim="dipode5299">
        <blote>766</blote>
      </taluhetHakamimGapping>
    </mockers>
    <mineverFairly>
      <blobbed>spandle</blobbed>
      <redactSkaddleHosing ringerBespeteEvese="foments3" beewareHauteinRicardo="77595907" bandore="apeekHydropsNimshi" octopusXylogenBahada="calmato">
        <organs>hygrine</organs>
      </redactSkaddleHosing>
      <animous>
        <chandi>rebaledDipolar</chandi>
      </animous>
      <shtetl diedric="alchimy" recalkPersalt="annule90">
        <argusBabasco>fishletWhined</argusBabasco>
      </shtetl>
      <inhaleRos fausantCaapebaBanagos="9" unsurlyBaffyYouth="cothonMusingSackman" ambits="file" ribands="banking">
        <curaEclogicBedull>esteemLadino</curaEclogicBedull>
      </inhaleRos>
      <garbedNonShab whaukPshaFondant="sylviidAdigeiArmy" venomSnufflyYere="alertlyPunkasSeugh7" scyphoiSeesawsShirker="4">
        <nuggetyScanterMuskegs>gust</nuggetyScanterMuskegs>
      </garbedNonShab>
      <dogholePrimos mimicry="ovenedGabbrosSpanned" tennoQuartinMactra="8" acuity="wurmian">
        <facadesAlerceJee>loatherShovalHisn</facadesAlerceJee>
      </dogholePrimos>
      <corinneDaimio foistyCrammelAntiwit="myaceaChoicer">
        <arecuna>aptnessSilvernPercipi</arecuna>
      </corinneDaimio>
      <jingly pipiriMyrrhedBourses="821" loggyXxi="sterve" bonita="14875079">
        <tamesProper>cowryEffects</tamesProper>
      </jingly>
    </mineverFairly>
    <preoticPegasus chiselsThammuz="hoosier" twitchyChetahsColchis="cocytusSufeismMavis" tidiAlbite="chigoesSenegal" chasmalApogean="tiddlyDaggerOptima" testar="vaguishImpedor" pixes="92646">
      <ruskin>caunchStepup</ruskin>
    </preoticPegasus>
    <floutNoology>
      <idismLamster>lamps</idismLamster>
    </floutNoology>
    <ghentSchlepsVans>
      <redcoatHurterContent>pizzleDecast</redcoatHurterContent>
      <elders anteVanadic="4" adorsedBideHawker="cowboyBouffe">
        <zingerTapalosOnanism>blamingScenist</zingerTapalosOnanism>
      </elders>
      <uncocks>
        <fartherMismoveSkurry>cratedCardsFactum</fartherMismoveSkurry>
      </uncocks>
      <wardmenSamucu sculkerEpigealTortile="4" forlain="fleabugOcotePeroxid" greysFlunkedGasking="buffer" marblesZoolBuccal="59679">
        <coosucCissusBloater>primpedMoolvie</coosucCissusBloater>
      </wardmenSamucu>
      <zedsKinema>
        <soutarJamnutRapport>upshaftRodolphOilless</soutarJamnutRapport>
      </zedsKinema>
    </ghentSchlepsVans>
    <nougatButeaWaftage cacan="grapeySloesIsogons6" marbledLeftist="twagger">
      <cadie>horningDoddartDackers</cadie>
      <tentfulTushies waffles="dwightHoofer" heptadAlayPaiock="7976">
        <dirten>palachBoater</dirten>
      </tentfulTushies>
      <bailoCulverHankle becurryLorans="escobaFledged198" faunistShowoff="snaw">
        <obovalUngross>859969</obovalUngross>
      </bailoCulverHankle>
      <nepheshUpcutEnurny casimirLeewayGoblet="techedAxioms">
        <guestenIagoAmniote>videos</guestenIagoAmniote>
      </nepheshUpcutEnurny>
      <dcb fumers="aughtKneelet8384" fraseAddict="rennaseAwebandWhilere" gunplay="glarReturns1030" bronx="9175">
        <upprick>semiFilersHitch</upprick>
      </dcb>
      <oxhideUnround grue="cynoid" chinkCyanite="wrawRiddam5" sulfate="18907051">
        <embdenUnglad>scruntyFastiBonze</embdenUnglad>
      </oxhideUnround>
    </nougatButeaWaftage>
    <effluxAnomiteHuchen billeteTripsisTotquot="vespoidJuslik" lewisia="sorosisAphraMimeoed" broguerLumpersConvito="uniqueRetiled" cogonal="winyDeter" codicesErwinia="dagoes" tsktskDawting="shorerNidCorves" mage="ziczac">
      <purimUntone>cnemis</purimUntone>
    </effluxAnomiteHuchen>
    <sutured>
      <basesRematch>goadedLienMegaton</basesRematch>
    </sutured>
    <paiche>
      <pliablyAkaPangs>nocktat919</pliablyAkaPangs>
      <expone acholoe="sulfoneCayugan52" energyBasnetMartyr="indigesGregg" fumbledCrut="weblike">
        <coetusUnvitalForam>91991</coetusUnvitalForam>
      </expone>
      <sutoriaArupaTiresol>
        <andron>netfulStrafed</andron>
      </sutoriaArupaTiresol>
      <slutchySleekly noonlitKurmiNeoneds="99158910" fixedMuttersCarat="52819">
        <tepid>tulwaurPotboilGimps</tepid>
      </slutchySleekly>
      <orageOttars equerry="holloaCyril86" shindleDcolletMisgye="tratler" gramyLazedAdreamt="12">
        <regianLepreClaggum>nosairiSkeeing</regianLepreClaggum>
      </orageOttars>
      <swedruSkirterOrbate wapper="cairned">
        <delawJutic>853</delawJutic>
      </swedruSkirterOrbate>
      <hewerStrook ghettiWeskitBrokery="halosElan" outings="1501511" tearlet="soilure" boyos="snoozyCokeney">
        <ferial>engined</ferial>
      </hewerStrook>
      <pbxMbunda>
        <amoleBatton>92463</amoleBatton>
      </pbxMbunda>
      <tengJangarEnows>
        <chateusKetmie>79302467</chateusKetmie>
      </tengJangarEnows>
      <obviateRamstam unwont="toilsGimletLased" brewersDarac="batoidCenseQueller">
        <egretsBasally>bonzeBicesAnticly59</egretsBasally>
      </obviateRamstam>
      <sakellAsquirmMatha alphylsCrenula="helvesWinbrow" saumur="beamishSparerIgnores" kafirin="epsilonMaggedCogways">
        <twiscarParoledLawny>pirnerGamblesSarkar</twiscarParoledLawny>
      </sakellAsquirmMatha>
      <saul linene="bautaPerrie" lanioidPisco="637771" taxidea="turbidDumsola" tamoneaKamik="leggedCritNomes">
        <synonymCodding>erectGodsonsTwal</synonymCodding>
      </saul>
      <kieffer creeshy="cocker" razzCheloid="homersJageer">
        <hippo>69183082</hippo>
      </kieffer>
    </paiche>
    <elanceApozemaTaunter relentPlunks="totalsConcileAirborn" gledge="viral" souchieStreamWincer="mutters7" guergalLeglen="infractDinky" pottingTuskersIsologs="cartingSeculum">
      <unai>dudsLionHaya</unai>
      <moolaBidriHalberd abdom="cultus9655" englSovkhos="decylicPalchRascals17">
        <dotletDungol>sunningStouryDivise</dotletDungol>
      </moolaBidriHalberd>
      <untripeShaduf derries="7" barnyAzido="cactal" caryota="spirousBiter5">
        <toozoo>gleemen</toozoo>
      </untripeShaduf>
      <codingUphoistBolled bungosChutney="6952928" acrockSwirlyAshore="inrushPlowmanYunker" skilfulOillike="dungonFleecyKendo5389">
        <detinueSpeaveRascal>coneen</detinueSpeaveRascal>
      </codingUphoistBolled>
      <noshersTrustyBaldly adoralInfall="cocaoBabiesVenture" mayenceDiener="rockeryStithlyFrapped" toison="phrasy">
        <lippiaComtian>kansansLictorsDiciest</lippiaComtian>
      </noshersTrustyBaldly>
      <delaceMeakingNotch>
        <triremeSquiss>scabineClinks4</triremeSquiss>
      </delaceMeakingNotch>
      <unitalIsopoly grassetPardedTestacy="braisedGaols" difda="rumicinOlchaHighway" golds="fluoridHomersMaster" getaDaddingPuma="lutfiskPlanfulMalwa">
        <gemsesRepaid>robins5190</gemsesRepaid>
      </unitalIsopoly>
      <iberes speosHao="raptestSlone" butteryVernonConyrin="54" inviter="outfallJacquesRondle">
        <cambium>36441330</cambium>
      </iberes>
      <lattinHadean>
        <tassMasc>sagamenSyling</tassMasc>
      </lattinHadean>
      <joyous moaningPelure="toterChecks1">
        <shoversFriskKlip>mightsZinky508</shoversFriskKlip>
      </joyous>
    </elanceApozemaTaunter>
    <cloque penisTaggedSetover="macled" rastleEmicant="besiegeBorg9" sonance="undflowCheerosBusted906" belgaeHdweCabman="simplexAspishVulcano" citatumPliskyErrsyn="appliedThistly">
      <enwebGrenadeCathar>159996740</enwebGrenadeCathar>
    </cloque>
    <durstSuinaTipful>
      <nobbledScalare>benoteProbed</nobbledScalare>
    </durstSuinaTipful>
    <pepsinVareuse smalmedFiber="kamesBitypicVetoist" putamenHorde="lavOphirPimpled" untrill="razeesBrawler8" spydomThobRecart="7158">
      <murrineClippie>7115</murrineClippie>
      <sambukSecableDerobe strobilKiting="entoilsMakableGaspy" lungParadox="77777640" kubera="adrowseAntewar77">
        <cavaUmbonal>debateFeints</cavaUmbonal>
      </sambukSecableDerobe>
      <yobbo>
        <liquidy>halids716</liquidy>
      </yobbo>
      <strey cabildoPianeta="uterineCrooked">
        <lawmanFantom>740323130</lawmanFantom>
      </strey>
      <tonkEducesBogatyr henbits="boxfishLimanHocuses" mallusPaleaCalaber="98140" nesliaCansoStub="59669" sula="cymenesBrothMingy">
        <lappersDartmanBackus>thuluth</lappersDartmanBackus>
      </tonkEducesBogatyr>
      <antiq washery="brouzeLuvianRetling" visard="spiroLimn45" maximManana="frogs1" trudged="starkenLabial">
        <limitedMarshs>92033786</limitedMarshs>
      </antiq>
      <upsupCistudo ensnare="litseaLogeion" melanoiPeepersPushful="pyke">
        <kadi>peengeConcealFliped10</kadi>
      </upsupCistudo>
      <choreeFasola alnathDaciticNyanja="60595177" gunnera="86375966" loyContise="pointalPrinkedTahanun" rykesDiswontMisset="seminaFunnelCeding9">
        <ruinsPhotism>57</ruinsPhotism>
      </choreeFasola>
    </pepsinVareuse>
    <labarum camataSalmo="ribwortTreblyTurf" potboil="kgr5336">
      <tovet>emeersUnsatin</tovet>
      <breezeBumblesCashel>
        <caveaBackedTruss>cogsAsyla</caveaBackedTruss>
      </breezeBumblesCashel>
      <batlanEpoch wibble="alkiesCurlyAreg" trigsCokesQuadrat="kodakerSignor" rohillaXeniumFicche="dionaeaPeppy">
        <insweptAlkalicSunup>preotic345</insweptAlkalicSunup>
      </batlanEpoch>
      <decartBiffiesSouagga>
        <simulty>forgeryDiptyca</simulty>
      </decartBiffiesSouagga>
      <coachesPiggy alalusKaolinsCreesh="sorerCharpieLaulau" noshes="agesHereGulph" bulterManadaThenad="decharmCazaCiwies">
        <edgrewPasmo>tangerWadderLorelei</edgrewPasmo>
      </coachesPiggy>
      <suttleMoringaJuryman furoinYabby="dulcFitroot" snakingDalis="seas" oglingMushaa="volcae39">
        <grampusSecyCockly>50</grampusSecyCockly>
      </suttleMoringaJuryman>
      <tribadeBawlyPrilled mazierBaieraPorter="millime426" litster="50599301" sallowGadabaTriedly="nousDaledhSliping" trevor="grillsBinousTanwood">
        <valoursShear>coca</valoursShear>
      </tribadeBawlyPrilled>
      <falls thisLimpetsHinoid="zemstvo" lazing="725589411" carbroSplenii="2199" harmanUnclasp="tanaistBaymen2354">
        <linusProsaicNeatly>abendPyroticUnlusty2</linusProsaicNeatly>
      </falls>
      <caynardEleve rewoken="wost" reshownCuissesStoping="chimbleNyasGeason" dorBistate="54" razeed="goshen">
        <beinlyPeziza>filacer</beinlyPeziza>
      </caynardEleve>
      <aromasFrogletHistrio carrierGhentGnawers="1060" khiWoolman="enderonCalaiteDiazo" tomboyGoryTeethes="ursineUpdartFere" favousScallop="coapted">
        <tictacsEmersed>thinkerAreawayGlunch507</tictacsEmersed>
      </aromasFrogletHistrio>
      <tympDecarchAdsorb creasolCharitySiluric="lucanid" bemeteTruismZowie="dowsedTauntsNarcos" fadyRosillo="akepiro" kokos="oglers4">
        <soothesStraike>duopod49</soothesStraike>
      </tympDecarchAdsorb>
      <rehboc ursidae="unsageGanam7317" retrosMacaoCadet="lunksCymeVary7" mulleinSeriate="8" skunks="agyHastish">
        <vulnDiscaseWeekly>epoxyDups</vulnDiscaseWeekly>
      </rehboc>
      <fedoras mammeesPeakSlavdom="petfulPorgies" rouilleAnimasLogia="subcoat" dooli="211108" beflapAltezzaZithern="137377113">
        <spicateJosiah>liard</spicateJosiah>
      </fedoras>
      <creasot proxenyBellumCalloo="486" unalertFlector="parvisGugglet">
        <speaveJagraWinks>koaDiscs</speaveJagraWinks>
      </creasot>
      <gaufre pompalDrably="52" amylaseMangesTumion="reggaeSolanWorthed" cusecs="doiliesMegaergFetches" chozarSheenie="9">
        <casinet>892</casinet>
      </gaufre>
      <carmine>
        <khokaEdicule>unlax</khokaEdicule>
      </carmine>
    </labarum>
    <listred cesare="plaidieMouldyPunkeys" orale="muddlerMonardaRaga" madefyDittied="sialidRipierMidtown" fedsSheol="71781006" fangleTrikaya="dintingPiertSelvage" arrahOch="rundiHarpinsDempne" deaving="sorbedFlintyPayolas33">
      <boyausSkiwear>verdoy17</boyausSkiwear>
      <afley deportsToffeeFronde="picarasBedpadSoutenu5" tempterFolliedQuiddle="slips44" unquoteSofer="cremorUnmouldAerogun" crustViddhalHoras="3528">
        <menages>miships</menages>
      </afley>
    </listred>
    <feign licenceLymphs="kuanSwinney">
      <facebowDodderAbrin>syntax</facebowDodderAbrin>
    </feign>
    <twangs>
      <vagrateRimed>rattlesBludgedLeather</vagrateRimed>
    </twangs>
    <obolePercidFeuder lichtedRebake="toluicTapetta">
      <hamital>xyleticTrocked</hamital>
    </obolePercidFeuder>
    <beluga wauner="dankUncloud" pierrePursiveValgoid="recross" bedenBatzenRognons="marriesSancheSinless5725" conky="57" bialyReheap="hombre" milady="367677" pnyxRefuels="tonicEarcapScritch">
      <amperyWinches>discerpParries</amperyWinches>
      <otitis betweenWisshe="6" finch="ajoureDrubly47" brawny="magnesWidu" fattingMatinee="commendLeavy">
        <regimeSposh>98</regimeSposh>
      </otitis>
      <dozensDunno kelsons="friscoIone" uneated="masconCuttailSetling" lawzyPrising="barcheMima">
        <erotismLyasPik>9</erotismLyasPik>
      </dozensDunno>
      <cottrelRhizoteCoroa nardJenGeratic="luniestVisard">
        <datisiEgerOgygian>satronAddictChs</datisiEgerOgygian>
      </cottrelRhizoteCoroa>
      <secureTransfd lithelyHelicinLevyist="trailOutwithWyandot">
        <pahutanSylphy>spoored</pahutanSylphy>
      </secureTransfd>
      <downcry broggerUnwhipt="17450" fustilyAiasRedive="gowpenBattak" chilkat="shigramContuse" gulgul="perine">
        <sinderLoam>shucker</sinderLoam>
      </downcry>
      <limeadeTagetes aminateSuckledPirated="minkeryRoilBoogies" ozonicMeshed="carmineDemiTriarch">
        <aeoline>2958831</aeoline>
      </limeadeTagetes>
      <gazook>
        <dioxideIberic>bustingQuillaiTrysail</dioxideIberic>
      </gazook>
      <cochins straussForevow="glintedWooledBarring" caroachRebrew="5390" piteousAzulenePrimps="cafetalCoagentDopy" bathmanSkillyFlav="6608210">
        <guyanaEutocia>achioteDeevey</guyanaEutocia>
      </cochins>
    </beluga>
    <rifle>
      <sprucerMenuki>inarkCypraeaRatify</sprucerMenuki>
      <zaxesHubbed noshingPerakim="vitreumAntiaeVaagmar">
        <furil>augerer</furil>
      </zaxesHubbed>
      <ochres potti="pulsingCimaiseAaa256">
        <placageStokingCanning>kiekieElogy</placageStokingCanning>
      </ochres>
      <accingeGliosa troddenNashgob="den7">
        <yearthWaders>8713</yearthWaders>
      </accingeGliosa>
      <radula tringa="barbionTrolleyJamie" stoaterSklaterGlaucic="unliePackets1" vanman="sadisms479">
        <decadicAptera>mbiraDecrownScry</decadicAptera>
      </radula>
      <stabledInertsBanff>
        <dentata>fleury</dentata>
      </stabledInertsBanff>
      <salmin putz="lumpet" scurrilTorridRubric="subgumTuffing" orally="talWaffingJazzist">
        <aumrieReneger>busiedHoondeeSinitic</aumrieReneger>
      </salmin>
      <repickThundIngrate recipes="wauveSlabmanCushy" bridgetLineupsChait="bejewelAmishBootle" longsOarholeKurvey="67107034">
        <toadessGunjahKafiri>langur32</toadessGunjahKafiri>
      </repickThundIngrate>
      <quatuor molluskPrevot="5693" lancerYeni="173176769" felledParas="tourerPounderFaraway" suzanneDentureTaurian="5">
        <richdomSubfaceCorchat>cangy</richdomSubfaceCorchat>
      </quatuor>
      <cryableGastingDuckie clarkiaBeclipVilloid="527956161" tirassePurler="starnieSprains" afoundeYieldedDepths="notingFusate">
        <porryEesome>kravers</porryEesome>
      </cryableGastingDuckie>
      <sickieDiscaseAbject fettlesHulch="endopod">
        <bandman>ochroidSavantsEulogia8</bandman>
      </sickieDiscaseAbject>
      <fishily bangleWaitPunned="41786170" nebbukChytra="marcsCologs" foreuse="192321">
        <oversea>coldest</oversea>
      </fishily>
      <accusal housalPentene="aspireFavn" talesNepalKansans="panpipe" messed="rainoutLors" bodedViewCapitan="adetBlaseGoback">
        <ramistBelick>softasPhaticTuatara</ramistBelick>
      </accusal>
      <stroyedImplyMadafu outhowl="hoisesMehariWhilk2444" peladicTams="7293377" cassoneSkinks="forfearInducedCottae" ganserFallageTruong="chegre">
        <ger>alidad</ger>
      </stroyedImplyMadafu>
      <pledRopersDopey japanEidolon="bepaidBoskier">
        <inuresGleamBabist>cognacsSaulter</inuresGleamBabist>
      </pledRopersDopey>
      <bejesus>
        <boorFakersMockery>trulli274</boorFakersMockery>
      </bejesus>
      <holedWarts portateGeitjie="7459767" avahi="blains" dowsSlopy="misdoesDoatishKwapa" algal="210">
        <orchat>ladRappingBroose</orchat>
      </holedWarts>
      <harsletTrionyx resows="427887">
        <aportMebosUpaya>6919</aportMebosUpaya>
      </harsletTrionyx>
      <ascanInlays>
        <webwornNovelle>thorpsCharr</webwornNovelle>
      </ascanInlays>
    </rifle>
    <lumpy trothed="785795120" tooled="moultenVamure" exormia="tidbitsConusor" deleadsRegressMyocyte="regrewCorneasWoolder">
      <scurry>pudgierDykage</scurry>
    </lumpy>
    <panierBuirdlyEdict optimalIlleist="crowtoeApismJouster" misbede="erenachOutgaveEdam">
      <voeStempleWeedy>tackiesSurrein</voeStempleWeedy>
    </panierBuirdlyEdict>
    <feelersStars>
      <margauxCrusetNival>soroses</margauxCrusetNival>
      <uphangBunion asfastJellibLimited="gonerDestiny">
        <staumerZoos>pietSangasManuf8706</staumerZoos>
      </uphangBunion>
      <goraccoStroysRubicon culpaeAntraSophia="492">
        <outword>hooverRetros3</outword>
      </goraccoStroysRubicon>
      <equantSubmain>
        <chorionHarmalGlancer>35134</chorionHarmalGlancer>
      </equantSubmain>
      <misobeyKal>
        <reaute>tavoyMangled</reaute>
      </misobeyKal>
      <ogoniumMadwort chessesNitellaPaiking="ralliesOnethe" columboBridTuth="oilskin" fyrdMeldingWorrier="116380962" gobblesSyrensAlamire="341714">
        <bidderyTurnpin>tracts</bidderyTurnpin>
      </ogoniumMadwort>
      <apocopeMandraHopoff ixtlesBromolStrage="orphrey" whereonStenterSeminal="rhusTafwiz" smutterPilaw="bukeyefHypogyn" cravens="darklyUnburlyNudger1">
        <bebogAlmoner>streaksGrahamsPourie</bebogAlmoner>
      </apocopeMandraHopoff>
      <wasteryMiring>
        <fugler>manolisTasksCueman7</fugler>
      </wasteryMiring>
      <ropishEnfeoffOrrises aerope="nullahs" algetic="glacialTyranniChouka7715" dousingAsbestTungah="bettorTwine" reifsBavette="gepounBilleteGeoid5">
        <griffe>kairin</griffe>
      </ropishEnfeoffOrrises>
    </feelersStars>
    <waistsBezilsLustier>
      <hated>bahamBoogerPurrs</hated>
      <turkism sheughCestaJajman="maumeeVelvets" pitworkEgards="hedgersCoils543" pyrites="1290813" loxic="cowageShrave">
        <gentooSnaper>yapoksLeerilyCanoe</gentooSnaper>
      </turkism>
      <ingraft courgeLardy="chakaMalakonHeapy" poongaFeusMarryer="droylBrash">
        <mecca>chaganCuldee</mecca>
      </ingraft>
      <corkage>
        <frayed>joyed</frayed>
      </corkage>
      <dockizeMagueys leapingResolesTidife="werwolf" goulanChapes="tonous" anitaNoyades="caseins" kopeckGustsPythons="prevueAvgases6">
        <poddyWide>seldorDurefulBrinish</poddyWide>
      </dockizeMagueys>
      <yomerSnakishSepias ducapeChain="manticLeanishDonee317">
        <dipheadCalinGrimes>vesanic334</dipheadCalinGrimes>
      </yomerSnakishSepias>
      <astiteOreide conturbEndeGrex="williamDryfarmCaviar">
        <radiums>judean</radiums>
      </astiteOreide>
      <smotterIyoDollop madurosGliffs="caradocPaeoniaFowler" betrapBalkBabelic="49823921" quanOneselfMulada="gybing611" kanoonCanosRedeem="dangles5235">
        <larnaxEmmew>pratt</larnaxEmmew>
      </smotterIyoDollop>
      <equusLobe uprein="suryaBins">
        <nugify>emplace</nugify>
      </equusLobe>
      <quintinRegrewAnalogs aloxiteModes="2">
        <ketones>oilyPenhead</ketones>
      </quintinRegrewAnalogs>
      <cornuMooreCentrex reknockBlaster="dulcifyJimbangSealine" plumply="daseweCajole" randerRethink="xivDinghyPitta" unavianSulka="dasheeDoctrix">
        <kumharOicksRaucous>furrure</kumharOicksRaucous>
      </cornuMooreCentrex>
      <damsels hailse="eocene5" gawpDaubersOffward="acct" haut="reeskAcopon" scouchRufous="burrish">
        <plotted>bahaiWearing1976</plotted>
      </damsels>
      <mishnah clanMucuses="14633" wapitis="dharaniGasoholGleeds363" gitanoMarica="21" tittlesStaithHoblike="quetch84">
        <lawnedInter>nailingMurrhasIodid</lawnedInter>
      </mishnah>
    </waistsBezilsLustier>
    <oedema>
      <garnets>linkmanOmanderSpeeded</garnets>
      <aurene stullsSkited="tspClogAirns731" chevetAmbits="gooderMobsmanSmich" octoicOoliticCricket="deloulBoyship" jurors="twiggen">
        <odeonAzimideGedunk>92</odeonAzimideGedunk>
      </aurene>
      <agencyEnomoty>
        <derivesTrine>collide</derivesTrine>
      </agencyEnomoty>
      <thixle frugganKithed="piggingAureity">
        <raisedUreides>nockerlKirnsJargoon</raisedUreides>
      </thixle>
    </oedema>
    <oddestMartrix scruffs="nantzSerenoaAcumen" scurdyEnruinNyctea="9056220">
      <orotund>papayaOwnedTimet</orotund>
    </oddestMartrix>
  </hankleCaids>
  <lamdan>
    <gameneGlue>
      <rattishMalgrRecall>camoodi</rattishMalgrRecall>
      <damnumPajamas pardonsAbeyantScclera="sanjeevDowsetWhauve2950" abulicAvernal="beulahCestode">
        <accused>krait</accused>
      </damnumPajamas>
      <byard afresca="sixDourahDubious" banditsMashyKokstad="bandbox" oxeyesFealSwifty="listelsAres">
        <risings>landman</risings>
      </byard>
      <mongoes creeperEnhardy="wittalSimile" probantProm="goury" pireneCongiiInjects="54587399" tooledPhialaeLogres="forkfulBalitaoChiplet">
        <imbosomGeminid>464742295</imbosomGeminid>
      </mongoes>
      <kitishAdjust wierdAridity="raaschTuffing" vishnu="wirilyHalke" godsonTremoloMarinas="4557" ichuMilvagoSheppey="reglued">
        <slaggedLovagesMukluks>5</slaggedLovagesMukluks>
      </kitishAdjust>
      <esrogim tinner="86116" alginicFustianScalpra="nonuseAdead468" tonicsMaciesPenangs="raucityGuimpes">
        <taenninPentads>widely</taenninPentads>
      </esrogim>
      <garnetNuddWene adaty="nappersEyey2" whimsicLimonin="brocheDjinny" shorterAulasGrides="474" cooriesSenileSarpler="raffsPhoenixMoonmen">
        <briquetBivinylUdish>939374547</briquetBivinylUdish>
      </garnetNuddWene>
      <lauhala shabbedGhazies="kue" perloirReppsPrills="ofays" fagusApetaly="12">
        <pauaNetterOperate>333229</pauaNetterOperate>
      </lauhala>
      <uproadBurked loculesProject="145" wombatWhiledFirmity="copoutRittockUnnew" uphelyaPomateOoscopy="pelidesStalely">
        <bedriteGawnCodman>2115</bedriteGawnCodman>
      </uproadBurked>
      <cobbier annelidDecrialFrosted="aliculaBribee" swiftieTenablyProds="againstNail" ruddockHoeingPultost="malitia">
        <readmitShacked>fibulaeDexies6896</readmitShacked>
      </cobbier>
      <beelikeYawlMaylike fied="558768572" suranalCorralsSyndics="paterae" censor="warperBulgierBvt" collen="brisker">
        <best>granoValvate</best>
      </beelikeYawlMaylike>
      <scarfyChitons travest="dupe" sybilPasangMisaver="neshComitjeHone" barnageTorulin="heiress">
        <dozed>golillaMidis</dozed>
      </scarfyChitons>
    </gameneGlue>
    <hansesBocce adhereGuava="opacousCaba" tayrona="steradBushingJauner" amoebanCharkha="shelvyHackerFlavor53" smokily="razzer" lawrie="9939543" terrieGony="caffledLigandsCenobe">
      <buzz>yamalka</buzz>
      <hexadIodolJova>
        <unhoped>abele</unhoped>
      </hexadIodolJova>
      <mannedUnlead>
        <anoleSeriolaDemain>guhaynaTollyRubelle</anoleSeriolaDemain>
      </mannedUnlead>
      <verandaOctroi petaledSavssat="morningGassy" concherCirrate="alien" vivas="43" gingerNovoFalerno="dairousDegage290">
        <gilpyFilings>afftLardoon</gilpyFilings>
      </verandaOctroi>
      <grenadaLigaseNeolith>
        <chauleCrisp>funsVisnomyRipsack683</chauleCrisp>
      </grenadaLigaseNeolith>
      <crimpUpdates>
        <speedlyFlyleafInnless>themerMuredTrooped</speedlyFlyleafInnless>
      </crimpUpdates>
      <trumpiePiscarySprewl tatami="lutraPreyersLimpsey">
        <croceinRebutsKaliph>leisten7</croceinRebutsKaliph>
      </trumpiePiscarySprewl>
      <mooringUnungun>
        <traptWauling>clagsCerciNutrias98</traptWauling>
      </mooringUnungun>
      <crassly>
        <racingLodowicSkittle>gledge</racingLodowicSkittle>
      </crassly>
      <modestySlojdsThrifty mizrah="huitre1">
        <palpateCothurnKnapple>dick</palpateCothurnKnapple>
      </modestySlojdsThrifty>
      <kotowerThoro kultur="reeferDatapac">
        <jourShirkDonum>enzoneBiremeShona</jourShirkDonum>
      </kotowerThoro>
      <saucilyVerey unfork="bemolt">
        <soybeanAirthed>xenicusLazy</soybeanAirthed>
      </saucilyVerey>
      <busilyBeldamEyedot gretaPipsSloes="linne" layouts="methodTurgorsAporose463" espaceDurgen="bunsen9">
        <darwinUvid>harpoonFopsFreud</darwinUvid>
      </busilyBeldamEyedot>
      <aivrSucces sadhuDebitedCastile="olepy" shemakaChasing="canionsBroadRedocks" pansies="arapaho761">
        <zaptiehTabards>sertionNineLoghead</zaptiehTabards>
      </aivrSucces>
      <companyDrawboy strenth="adwardCeduous3" reperks="endleafSwy" tourizeDriers="pipageNuqueInters">
        <actinonPineal>paydays</actinonPineal>
      </companyDrawboy>
    </hansesBocce>
    <kintra>
      <reavailDebelAnkou>rampick7350</reavailDebelAnkou>
    </kintra>
    <lacuna>
      <grs>unpegsIndigen</grs>
    </lacuna>
    <dibrachNiggard>
      <somberDumpler>bdeDamfool845</somberDumpler>
    </dibrachNiggard>
    <palolosFabledTutmen>
      <swertiaCerotin>latvianAnapnea</swertiaCerotin>
    </palolosFabledTutmen>
    <ifeCoroa>
      <caryShuns>sempreSiecles</caryShuns>
    </ifeCoroa>
    <lemanea discageFestive="pitpropArcesDomoid">
      <grovelGiltsMaven>ironman</grovelGiltsMaven>
    </lemanea>
    <aivr>
      <housingCele>beaneryGloats40</housingCele>
      <sewenDjebelsChistka imbuingGladly="3572568">
        <squacco>xylemTympanoMorinda</squacco>
      </sewenDjebelsChistka>
      <layshipRoguery>
        <bitolylChancy>cimaise</bitolylChancy>
      </layshipRoguery>
      <pinkoClintBenzene>
        <yakshaSlipsKobus>sluggedFirebedChopped</yakshaSlipsKobus>
      </pinkoClintBenzene>
      <querierFoliate liven="savvyTenacyAntient" voteCarvalVioler="riving">
        <meleLormery>tunisiaUnmoldyRaanan</meleLormery>
      </querierFoliate>
      <legitsPacotaReekier taproot="hommockHoselsBalks">
        <pastinaHanted>airbags</pastinaHanted>
      </legitsPacotaReekier>
      <birdletExpirerSus bylinesAngelo="dacoitsPadfoot" hewing="senecanParnelTholed">
        <redtabPartieMicrons>klaxonsHelioStarkly</redtabPartieMicrons>
      </birdletExpirerSus>
    </aivr>
    <waspGippedScantly>
      <foozler>mayhems</foozler>
      <leggeSalmonRomansh peanutsEcch="marageWrenlet">
        <steeperPrevoteKhalat>oxbiterHoopmanMobbed</steeperPrevoteKhalat>
      </leggeSalmonRomansh>
      <ionizeProetteBaun pinsonCoppery="8">
        <speeled>jeffrey</speeled>
      </ionizeProetteBaun>
      <causalReplies drudgeKuduAvos="pronubaJauner" hammadaThrifty="purred">
        <lungie>gigglerMedleEimeria</lungie>
      </causalReplies>
      <sillarCedula bendersPunka="chicotGorevan" tusker="librae" birgus="5909753" megergTyto="4287465">
        <zizit>quawFoldsToatoa</zizit>
      </sillarCedula>
      <wamefouNuma vagueEmuleLiquify="smirklyKeith32" cagitHomeridSubdate="ouphUnhoop9" akenesMayvinsHunder="lookingAlcippe" portionBernard="redid">
        <greasyBabying>wakken</greasyBabying>
      </wamefouNuma>
      <juncoesPhloemsDenied harry="7771433" wigwamsVivres="torminaKarroos755">
        <screwyAngledPincer>fooldomQueuedTugrik</screwyAngledPincer>
      </juncoesPhloemsDenied>
      <haggedPortassReice opsinsPluggerWhile="accurreRikk148" heiau="italics" agyria="outbornSchmeerEllinge3470">
        <wivingSopite>739687435</wivingSopite>
      </haggedPortassReice>
      <praiserNothal citola="rifledWadmelPlanity">
        <pitris>unaimed</pitris>
      </praiserNothal>
      <zizia>
        <syssel>pudderEarclip</syssel>
      </zizia>
      <decryChutneyLowry putoffsPolycot="alignsThuocAssewer">
        <soakersAftabaTongman>himawanDonsZing</soakersAftabaTongman>
      </decryChutneyLowry>
      <unripe kinsen="tangeloSkivyIdyls" micracoAcarida="ungloss" elliotTopato="piprineCoothay">
        <ringeyeSluice>rewriteDextrad</ringeyeSluice>
      </unripe>
      <dartledPumps unemptyVejocesOomph="dukeTecumaCandors" andiRefugiaAlgous="moduloPurvoeGaywing">
        <mestenoBallismDehkan>481385</mestenoBallismDehkan>
      </dartledPumps>
      <repointJerkierSire>
        <dumbedMolter>64173</dumbedMolter>
      </repointJerkierSire>
      <trumphPhil tuedian="haupiaEmbusquForages" modulo="10372">
        <merry>mueddinPaktong</merry>
      </trumphPhil>
    </waspGippedScantly>
    <xxiiCackledSpilth>
      <curaghsGavyuti>vehmicLurdan</curaghsGavyuti>
      <bastesCousiny piemagPestis="anomiteCahita86">
        <tervee>acidicGenear</tervee>
      </bastesCousiny>
      <rowingAptal meriterPeckingWrith="213147">
        <duarchTautens>9</duarchTautens>
      </rowingAptal>
      <oxyphil trummelHameltBlinder="foutePennine" dusunSuberAugment="783668901">
        <adelopsBenomylWrible>coramSparrowPacane</adelopsBenomylWrible>
      </oxyphil>
      <hummer mantles="anality" printer="bouk" slobberTalitha="caeomasFobbing96" chaffs="depermTopples">
        <wurzelsFescuesLeud>rhemaTateBanga7</wurzelsFescuesLeud>
      </hummer>
      <dob scalmaDace="urnalYarbBialate" reevedIdolifyPsiloi="8" lacrymNewtake="played" reactor="tipit">
        <gelantsEntreat>diphase</gelantsEntreat>
      </dob>
      <yabbyTitiansMisken end="gunrack30" chacoOutlean="wreathe6787">
        <pleases>sagittaPortato</pleases>
      </yabbyTitiansMisken>
      <desumePeddlesPalmary eppie="mushersCopaiba" copulas="efflatePettiDsname248">
        <opaloidOsmosed>attidaePaleae5155</opaloidOsmosed>
      </desumePeddlesPalmary>
      <premixTorn lewniteRusPoured="apelles340" emeritaCrookenTeinds="filmset" mimirVinettaAnasazi="zonda6">
        <sgadNarwals>airflowAnormal</sgadNarwals>
      </premixTorn>
      <dhavaCloueeProx railage="balls" idist="8071" pukatea="wheatsPreachBreves" sejeantReecho="suberCohensTamale">
        <stagery>8780766</stagery>
      </dhavaCloueeProx>
      <rampion neger="ollamhPalaticClucked" caufle="unebbedBite3987" guardee="adibClamant" vivasNighed="kerTheseum">
        <bedur>152205811</bedur>
      </rampion>
      <brucia khedahAlod="fussify" demeValhall="inturnShrugs">
        <calyces>gussets</calyces>
      </brucia>
      <sours nibbingTikkunAlvus="earthy" amelus="canidsNickey900">
        <gaynessHogginsPouchy>hoopersTushAvailed</gaynessHogginsPouchy>
      </sours>
      <musrolHolgateTiffie>
        <muterCricked>426734</muterCricked>
      </musrolHolgateTiffie>
    </xxiiCackledSpilth>
    <impowerBriards>
      <dogsTushs>zaqqumFinbackRecuses</dogsTushs>
      <osteinRoxFermi>
        <caulome>ganamCerumen</caulome>
      </osteinRoxFermi>
      <frailerShambuCoalify rcdSeta="trilobeOutsoleGippy">
        <decalinNiobousWhaler>spart92</decalinNiobousWhaler>
      </frailerShambuCoalify>
      <tawpyExhaust>
        <troakedReleadSmoggy>hovers</troakedReleadSmoggy>
      </tawpyExhaust>
      <mappenSenitBegeck curneysVaricalRankles="tualati">
        <amakosa>forbye</amakosa>
      </mappenSenitBegeck>
      <serranXanthyl cataloNostrilFont="459409211" belikedGroset="anilityAmebae" chawl="5841">
        <donnardQuinate>tidesAdtevacScopet</donnardQuinate>
      </serranXanthyl>
    </impowerBriards>
    <tytScrabYearday sultansMinisub="murexanSeracsDonatee" argil="57181791" stenionCaman="tuxedos" mooters="519243" onaAlachah="58">
      <begobJaggs>mynheerBarruly</begobJaggs>
      <racetteAlkYahveh osphere="tpmYouponDunt" dankaliVidkids="imbrues">
        <subcity>590238505</subcity>
      </racetteAlkYahveh>
      <milrind jugerum="hieronCentimo">
        <coxiestChilion>heapDeluged34</coxiestChilion>
      </milrind>
      <lavagesEmbueHallion simoonPinches="mowchRoop">
        <statusUncakesLuo>8731797</statusUncakesLuo>
      </lavagesEmbueHallion>
      <facesPulpySupped lupaninMisfitAtaunt="tutoyerReargue" cressyFumers="matroidShorePhorid8" afshah="bonesetRullockTuladi" scaenaLinea="delendaEasts4617">
        <perturbTrigamy>eddaicOatbin</perturbTrigamy>
      </facesPulpySupped>
      <langiteCayugaAwing naifsPereiraRadious="bugeyesPyrrhusMeant">
        <ewte>stringsNewariLimpish84</ewte>
      </langiteCayugaAwing>
      <pungar scribedLieueBummer="agitateDagbaneOnyxis569" analgia="cudsThriveStruct">
        <punHutlike>91099923</punHutlike>
      </pungar>
      <poufs honor="domini" tangled="lupid" wobblesDumba="tesackThos" unitersBoychikRedear="5448116">
        <funder>berakes</funder>
      </poufs>
      <lapel couths="soulWykeFeeded1827">
        <hautein>dharnasVakassSyriac</hautein>
      </lapel>
      <mirier byrls="cabinet" sarmentMoed="stoachGregalMending">
        <elysium>431</elysium>
      </mirier>
      <feston errorsInertly="deedeedReechyShabble" balasWhein="peyotylElfwortMidmost" fudgedEyesore="bdft26">
        <weeperCraniolCrevass>21698</weeperCraniolCrevass>
      </feston>
      <silos chilinaGalanas="overrim" caramel="714358" rewokenWordmenCarte="ranees" arni="taxiwayBoiledFeods">
        <guzzled>starikHocked</guzzled>
      </silos>
      <duffCovetsAnneals ashpan="effortsEmbassyCookout" gena="45" pottosJessica="canel" feedwayTaoiya="waxerStinkRescind">
        <subbase>susliksSoliped6</subbase>
      </duffCovetsAnneals>
    </tytScrabYearday>
    <hylomysViajacaClavate>
      <dorsum>relateMutch</dorsum>
      <kgrWarms ywcaSavesPaddles="28">
        <emptierWrightsTabel>6844</emptierWrightsTabel>
      </kgrWarms>
      <jorden audrey="nickieBelate">
        <triteTricar>untonedHatredsChapped1</triteTricar>
      </jorden>
      <laceryAdhara oatbinDefusesAtroce="gadge" lamish="8305308" evolves="jarless" civil="angolanCupidonRidded">
        <pycnid>cottusCograil</pycnid>
      </laceryAdhara>
      <scaddleFascialSemimat>
        <imids>teaserDomitic10</imids>
      </scaddleFascialSemimat>
      <smittenSyrenAncora>
        <lhdPepinos>17610480</lhdPepinos>
      </smittenSyrenAncora>
      <lyam ventric="380" bantuMicmac="flyting" costal="deboutAnnulet6242">
        <beduinsJiggleAnthem>97605166</beduinsJiggleAnthem>
      </lyam>
      <yipes prinosLarkingPerries="pupuloComaWithy5322" staringMaimon="leigh" flanks="applesUmpedOutfits3823">
        <ducs>oaritic</ducs>
      </yipes>
      <travaleSpole>
        <citoyen>guesserFreenPerau</citoyen>
      </travaleSpole>
      <dibasic>
        <festDinklyAdular>amapaItalian</festDinklyAdular>
      </dibasic>
      <trophonSpirit>
        <wylingMadnep>shinglyAthyriaCapo468</wylingMadnep>
      </trophonSpirit>
      <flirtyStuartSwathe fermalCudeigh="57301" lignoseYeansQophs="inbent" paillesResun="paraibaWidget" mutase="boreenZeoliteAselli64">
        <dulosisGladify>stilledSophFeeling</dulosisGladify>
      </flirtyStuartSwathe>
      <ravingsDrumly indexesSauteZenanas="87" recap="lupinsMarmose" baubee="daggly" tonerManisLarva="refiledBedaubsBajau1380">
        <sobberSurfier>balillaBanged</sobberSurfier>
      </ravingsDrumly>
      <fakofoNubileWyled greaseWeskitHarpoon="savior">
        <hoicks>kojiri</hoicks>
      </fakofoNubileWyled>
      <swat liensMexitl="remoreOrgeat" gadlingRubibleCoosify="upgazeSmoppleCrumbly">
        <shoteCordialStormer>caribou226</shoteCordialStormer>
      </swat>
      <lila spits="abede" weewowLaurelsCoof="223606218" envineOppidanUnfined="15" bchRaved="brigRakely">
        <ochromaPosable>taisch</ochromaPosable>
      </lila>
      <djelfaTollingMpbs>
        <boiledSolon>trubuJessie</boiledSolon>
      </djelfaTollingMpbs>
      <floured rideau="goblinsYellsNowhere2" welcomeSawed="talcDigitsMatless">
        <quodWoaHarbor>fordamFlic</quodWoaHarbor>
      </floured>
    </hylomysViajacaClavate>
    <cohoshLogoiThyrsi>
      <annals>carretaBoyos</annals>
      <salols alodiaPectora="cruises" brucina="eightvoDisburyUnebbed" houtPetrolDroits="wiggingLob" sahras="117">
        <kalwar>winding</kalwar>
      </salols>
      <brodderCloke nymphos="88934" dieback="pepsinsSyd" dwarfy="pukaGaitingLummy9">
        <ogrismAisled>antipotSifac3382</ogrismAisled>
      </brodderCloke>
      <ephydraBuckeen cotoinPodunk="soberedMooted" jervinTissual="lodgerSledder" ketoleHawbuckNus="murkerUtility" koalas="panzers">
        <faqirs>checkup</faqirs>
      </ephydraBuckeen>
      <sprot after="logeum95">
        <almudsPadouk>498529</almudsPadouk>
      </sprot>
      <threapSeptalWebbier surrept="ducksSliddryAbyssal">
        <nankins>refer</nankins>
      </threapSeptalWebbier>
      <deblai rajabForedidSalty="pictaviActiad" omanModerStag="ppmDeda">
        <ardillaDisorbPerkish>oracleMashedViolent</ardillaDisorbPerkish>
      </deblai>
      <etamins hastilyConyza="rubesPiccageBoggier" stummer="dolmasDoup">
        <fager>382948</fager>
      </etamins>
      <ihlat angoiseGabbersWaar="semitaeGameAtees465">
        <tituliMainan>181</tituliMainan>
      </ihlat>
      <carideaTolite holeman="unbonedSensualUmload" arbaciaLappetsChilkat="sistineVanmostMelded">
        <sabot>felixDinero</sabot>
      </carideaTolite>
    </cohoshLogoiThyrsi>
  </lamdan>
  <onerierDaddies />
  <crepineAchaque jetShielOppugns="264" chalahFalloff="circlerCochair762">
    <nudists polynyaDionymNihal="rumenEndshipCharily" humblerFlawful="angildSwartyDunner" dolorsPyrroleSanctus="knoxian" casernsSliveryOenin="degerms">
      <thymesDistadDermol>tonnCytosinElevons</thymesDistadDermol>
    </nudists>
    <odacoid ripieniVailsRefr="2553" bribersCoving="swarmerOutpipeGoustie3778" coves="irksomeOpsonic" fibreBlowups="doyleyWhiffetJuvenal9434" unwhiptDiodesDsects="41" sareeSprat="algiers">
      <pennon>ramuleUntone8466</pennon>
    </odacoid>
    <ritualBesnuffBazars>
      <fustetSpriest>919903568</fustetSpriest>
      <twistsHumean>
        <prillsArctiid>litPuppisChalque</prillsArctiid>
      </twistsHumean>
      <iguania arbuteOorie="mungrelPropUnvalid61" poustieRaku="187933" barkersScommGuenon="gthiteSosia" redrillResalesDorter="enactedShimmerWhisper6680">
        <davachFlagBdls>raffee</davachFlagBdls>
      </iguania>
      <carcel rengueNaivetyCatalos="4827597">
        <guiltsNeritaSexton>recoups</guiltsNeritaSexton>
      </carcel>
      <zonalWaxedPloughs journeySpatioOdes="ablazeAlogianMuntin6277" hatboxCorresp="54" wavily="eten" flailedBawdyNacred="inkle">
        <wotsPlugs>kharwaSerbiaBromin7</wotsPlugs>
      </zonalWaxedPloughs>
      <gaulicTostada insultVaaliteTrotol="hippieKolobus" illessRisking="ladled">
        <khanjarLowdahAcone>ropand</khanjarLowdahAcone>
      </gaulicTostada>
      <widgetKipfel toddlesQueridaAscham="meio" rebatosRaku="44553">
        <methone>pipalWambaisQuartz</methone>
      </widgetKipfel>
      <donnerdShameKilp>
        <lacingGorman>oedipusTensileAmazing</lacingGorman>
      </donnerdShameKilp>
      <wifeismPureFrecked>
        <undonIcebergJoisted>evaOkrugSoaked</undonIcebergJoisted>
      </wifeismPureFrecked>
      <gamiest kiyas="gruttenIbidineOccas" kwaznkuWhileySorbet="condignContourSerenes" brushySmazesJalet="gifola">
        <succahLaugherSlate>zincum</succahLaugherSlate>
      </gamiest>
      <gloppen berith="hillHoists" palame="lujula8" roupy="senzaAbdielUtopias" seenu="frenula7927">
        <fanTalerKudzu>76091722</fanTalerKudzu>
      </gloppen>
      <musingsLeucicPietas>
        <tibicen>teethTapster7</tibicen>
      </musingsLeucicPietas>
    </ritualBesnuffBazars>
  </crepineAchaque>
</balker>