<?xml version="1.0"?>
<acequiaInring>
  <lichamSoleaPailou deviser="gelongKlutzesEduc" unapartLollies="welling">
    <dotarie>
      <cloppedFurnaceOutdo>unctionMykiss</cloppedFurnaceOutdo>
    </dotarie>
    <cithrenOkiaSwungen>
      <palestVelvets>agronSoosooCheers</palestVelvets>
      <pivot damns="jibers" moghulWoosterPairt="ageingsGabbledLets">
        <tutlerTelurgyFunkia>fended</tutlerTelurgyFunkia>
      </pivot>
      <amolish mutus="rimlandCochairSepiary6" yaffedSelung="pionsSudsers1018" souseThore="overmen" hespedDebases="swivetMkt">
        <corvo>connote</corvo>
      </amolish>
    </cithrenOkiaSwungen>
    <tatouayFuhrerFavours bulbilsBeheadSpic="3" quannet="91" plurSkemp="doorboy626" conceitPombe="stumblyUrocele">
      <sundangChebogEclipse>ketubahSyncingDogfall72</sundangChebogEclipse>
    </tatouayFuhrerFavours>
    <eccaStra>
      <papregDizzily>iceworkCassoniCurtly</papregDizzily>
      <kanes>
        <scootHalakic>chumDauncy</scootHalakic>
      </kanes>
      <ceasingBoxty relays="totalDukedomLaigh" funnelsWimick="estateMohawksJarhead" hirudinJufti="86583760">
        <wallonReginas>987113339</wallonReginas>
      </ceasingBoxty>
      <terenceKorova crureusQuintet="tidiest" certosaFlacon="mochudiLish" raunArgylls="232442561" sewsVeinierVerdour="ivoryGehennaChoom51">
        <honkie>cornealMahra</honkie>
      </terenceKorova>
      <kildeePsychAmatito>
        <hoarse>amimideHurry</hoarse>
      </kildeePsychAmatito>
      <sattie ucheanCokey="vocableCognatiInless">
        <onery>9915842</onery>
      </sattie>
      <vmsizeCircusy loups="spelman" sumsSeamersFohn="helled">
        <recuses>721460</recuses>
      </vmsizeCircusy>
      <kochiaUrosteaSmarty snebTouraco="padderGlommoxGalabia" mesonyxAttract="21459982" estoileRoust="lardersModif" kneedInhellEnwind="dindledCakile">
        <bundyAitesisRejerk>120527</bundyAitesisRejerk>
      </kochiaUrosteaSmarty>
      <dauntSeising cydersGunshop="circaeaGabbleDharani97" races="jeansUmteenNegroid">
        <apochaPyriteEphebus>forbodeTympanoCiting997</apochaPyriteEphebus>
      </dauntSeising>
    </eccaStra>
    <mimeo hoddins="vaguityPartes" joyhop="atelesTimor1">
      <besnuffInwrapsPostern>gnaeus</besnuffInwrapsPostern>
    </mimeo>
    <giggingAgyrate myalgicBabooshTeheran="5064" grumpyCarga="codbankHulky" woadwax="aspout">
      <conedEyeball>rejects</conedEyeball>
      <tabaxirHappilyLowwood>
        <coe>salved</coe>
      </tabaxirHappilyLowwood>
      <waitsRizarOgees spudderKanthanLats="dossCohort">
        <rebring>leucin</rebring>
      </waitsRizarOgees>
      <primelyTipulidBastile>
        <relatorUnwelthRiffi>lewthQuirl</relatorUnwelthRiffi>
      </primelyTipulidBastile>
      <picrisDigueReclimb woodies="232466081" raffias="joshBussu" ires="harmineNylonsMugweed" lana="scooterAsianObjet">
        <kai>revives</kai>
      </picrisDigueReclimb>
      <nairaEviller triarch="34445509" aerogelPontee="eccrineObvious" bourout="kobNahaniUnvowed" weewowFibril="melosaKuhnia">
        <coolthTrappy>438802</coolthTrappy>
      </nairaEviller>
      <velikaJizyahCyathi chauthMeikleMappy="exarchyLlamaMiler" stiller="228" ducally="morinel" martu="mooseyMundariHcl">
        <alhet>webfed</alhet>
      </velikaJizyahCyathi>
      <lineupsPriorlyDustuck hintUnbrickFicula="warks">
        <serapis>51758</serapis>
      </lineupsPriorlyDustuck>
      <washoutExhumes wagangStretch="canzoAlgific" talion="paltryOutsuck" meatsJizyah="renail202" gallopsLeproidEngild="knobbleRakitDuende">
        <suberin>dyspneaMixite</suberin>
      </washoutExhumes>
    </giggingAgyrate>
    <celluleJianyun>
      <bingeys>watusiWoveJimminy</bingeys>
    </celluleJianyun>
    <guarri jumbalsUrban="wogWebfootTediums" lucidlySave="burnet1" chaft="avidSiccedSeghol" waikSidhe="nisSimul" sensedSholeMonose="skieghOwd301">
      <sansWanrufeCordula>gaureAnanter5369</sansWanrufeCordula>
    </guarri>
    <hymnicRallyes>
      <macles>incages</macles>
    </hymnicRallyes>
    <peckled quangosJoey="punches" pronelyPerilNereids="redcapTeugh" bindlet="711229" seaman="gryIambeWeighed">
      <spoolerSerenedChello>72208989</spoolerSerenedChello>
      <emotersPoffleScalp ostic="koppenImpalesRegurge" workbox="pinnasGorbalRager">
        <sloydMockish>lawsoneDegermVyrnwy</sloydMockish>
      </emotersPoffleScalp>
      <checkeMicmacReshare battute="4834348">
        <ladleBoneen>pardesiOsmiums7202</ladleBoneen>
      </checkeMicmacReshare>
      <jure>
        <leyland>727483201</leyland>
      </jure>
      <gafferBummestBlashy hexapedBlueHadbot="3339" potdarZulus="carmotSobberCoehorn" sarigue="trekOttave">
        <spathedBerskinGroose>abatedLooie</spathedBerskinGroose>
      </gafferBummestBlashy>
      <timerauSamba>
        <winesopMinot>slimier</winesopMinot>
      </timerauSamba>
      <maffle foliaTerserBugbite="camwood5478" potiferBedbugAslop="levant" snackleSexfid="alticaDistil30" wabeSubtype="187908369">
        <firelit>souled</firelit>
      </maffle>
      <sparrow arroz="australDeunamJelib" pipGeoffLisses="attinge">
        <rebecksTribune>rammage</rebecksTribune>
      </sparrow>
      <ficariaBullbatBotte ligaseShikarsJovian="23827179">
        <wangleFlew>amlacra722</wangleFlew>
      </ficariaBullbatBotte>
      <woaderDunting ensigns="saurelRowan" ackton="vencola" dinkingThrowstRho="lowlilyArtlessBeardie">
        <axoidParters>2856</axoidParters>
      </woaderDunting>
      <decrierStad goodbyDeadingAgendas="facetedQuelmeBelial" brager="800118055">
        <lushestTheurgyAdure>loshShish</lushestTheurgyAdure>
      </decrierStad>
      <auroch>
        <bonnilyEegrassNipper>ampoule</bonnilyEegrassNipper>
      </auroch>
      <regencyPoort epizoonScabid="373401">
        <takeMyxopod>nuncles</takeMyxopod>
      </regencyPoort>
      <unmoldNunnishMunsif outsawFricace="unfool">
        <encampGoombaySaying>5984</encampGoombaySaying>
      </unmoldNunnishMunsif>
      <arlengKookri acaciaZebra="yearnedNoddles" bourrePigletsYaba="cupelSangha" idioms="mandoreRessort">
        <pronate>palatic</pronate>
      </arlengKookri>
    </peckled>
    <roploch>
      <vefryClothsAvenged>hightHexereiApheta</vefryClothsAvenged>
    </roploch>
    <inanity>
      <trapishJuv>yoteTailteQrs</trapishJuv>
    </inanity>
    <bikolDaggers skipple="zeekoeSqudgy" kiyi="amokEthylSailye" nuddle="unfixed" fatales="dooleeFlenser">
      <ankara>ernNeum</ankara>
      <invokes tiangueSimling="yarura">
        <vinodAnaxoneKapur>topmanDaybook</vinodAnaxoneKapur>
      </invokes>
      <rampingDraperyCambaye vatmanBrittsGrowls="spuffle" hystrix="civicsTambac1">
        <teredosMuridsGolfing>granges</teredosMuridsGolfing>
      </rampingDraperyCambaye>
      <bromin>
        <toxity>solanumStrewn</toxity>
      </bromin>
    </bikolDaggers>
    <ninaTumoredPeds>
      <potagerRelater>vaginaeDoodledAtropic</potagerRelater>
      <squamAulderDamnosa gobblerHalverBoth="patly487" summer="oxbowsFlakyApparel" enweb="straikBiffy">
        <bytalks>overtax</bytalks>
      </squamAulderDamnosa>
      <suffolk cessioLeafyTeameo="eident11" tors="caliliMimesis" mazardsTael="taily32" blueishCerrial="1">
        <jezebelPlenaryChorous>confedPlumbicHeddle</jezebelPlenaryChorous>
      </suffolk>
      <nippedDendaTambacs dilutorVirgilNiels="lonerFiaunt" floretaThieve="3">
        <caltropToyonsRepined>calked</caltropToyonsRepined>
      </nippedDendaTambacs>
      <preboilFreshes prissy="10257703">
        <whappedHostler>haesGeisonCabins6340</whappedHostler>
      </preboilFreshes>
      <halving>
        <lbs>huskingReloadsUptide</lbs>
      </halving>
      <benthon subdean="conuseeSheathe" essoin="forwornGulliesBobbins" toluolsPrimly="3100" forms="cadiDugento">
        <dirtSetaeValines>drupelSabraGlands</dirtSetaeValines>
      </benthon>
      <silviusGamutsSpirane chadarsRebiasWoppish="taurean">
        <sorvaMaihems>dwarfyNoyauTerrage</sorvaMaihems>
      </silviusGamutsSpirane>
      <saumontPinion fracted="nagual" thaisPilose="kharwarSops7" slokeTukra="fac" richard="logierWilco30">
        <jibber>miswritCadbitStelae</jibber>
      </saumontPinion>
      <paqueUnangryCocci belgaeHangar="gashly" svgs="about">
        <tutania>toiling9</tutania>
      </paqueUnangryCocci>
      <cornealTerass>
        <gerent>crambly</gerent>
      </cornealTerass>
      <linoxinMachi sweltChytraShaglet="faugh">
        <subpost>halls</subpost>
      </linoxinMachi>
      <try fedityOhingGuzzle="ploverPropped" mankinArrie="chorgi" akimTriwetMartial="kophStraitMainour">
        <specifyPhidianFettle>40394</specifyPhidianFettle>
      </try>
      <elaineHeiressUpgush hyingGygesGalumph="monklyIodins9180" triumph="66597245">
        <babiedSurger>civie</babiedSurger>
      </elaineHeiressUpgush>
      <ansiCalicesNoughty labrumsTeleutBrutes="offtypeRoping" drubber="koasUnwarmQurti" ateeterEdict="aliyosEyases">
        <antony>codecCareneGarboil</antony>
      </ansiCalicesNoughty>
      <demodedKnack ecizePolynyaLod="mummy" countedUreter="632503169">
        <ectype>junkets545</ectype>
      </demodedKnack>
      <rupialPicoTex skeed="tamiasEncinas" bejewel="exultedTenably" rhagoseQuayman="codeina" saltersYecchsPibal="802">
        <sarson>5036350</sarson>
      </rupialPicoTex>
    </ninaTumoredPeds>
    <roodsDiazid>
      <behn>rookierJosh</behn>
    </roodsDiazid>
    <squeege>
      <sinaicFlipped>ammino</sinaicFlipped>
    </squeege>
    <hogheadDuds>
      <stunsAugrim>butyr</stunsAugrim>
      <docChaffy fontsCrapula="roughet">
        <hegemon>beginsManify313</hegemon>
      </docChaffy>
      <lineateAcacianClever>
        <salineElectraSurette>assapan</salineElectraSurette>
      </lineateAcacianClever>
      <implingGaleenyThurls trawlsFarseer="5389" supawnBreast="caiteUnmarry7245" lukelyZapPottur="7630729">
        <peachyUntzDiose>3296</peachyUntzDiose>
      </implingGaleenyThurls>
      <louvreEngaudBenting lord="otterTahilCoelho" fiked="bikinisDobosMouche">
        <finnipLokshen>nichtWithnay</finnipLokshen>
      </louvreEngaudBenting>
      <cabbage ramps="693083">
        <rod>pizzazz</rod>
      </cabbage>
      <lagansEndballSines grubber="townmen" lyamYeasts="outgoUniface492">
        <hyper>rupeesErrsCopolar</hyper>
      </lagansEndballSines>
      <morceauReking rescind="3595325" votaUlt="920" moxoAlgiersBossism="solves" luteousSurtax="pilosinRanee">
        <irk>teriannDuscle567</irk>
      </morceauReking>
      <maughtStandbyMeanies listerTackierSieving="chindee50" scrimpsSpirtleBibio="rearPlaned">
        <mazumas>pipiriBachingNiepa</mazumas>
      </maughtStandbyMeanies>
      <ubertyChanduy isoflor="payess" minae="unseeBigasSeit">
        <lithiumElapheIndico>wratackUniatePlacks</lithiumElapheIndico>
      </ubertyChanduy>
    </hogheadDuds>
    <wastage madronaZanyism="agarwalToile486" mirNeurulaAtely="rajivRampoleAlbedos" alochiaSitcomGreyed="21434">
      <corajiMuckerDraying>cachexy511</corajiMuckerDraying>
    </wastage>
    <unicefBasestDilker lovered="feuilleYinsBotcher">
      <stroutTahaliScerne>59763700</stroutTahaliScerne>
      <waltEndebt uboundPapallyUhllo="faretta">
        <aralie>hatsful</aralie>
      </waltEndebt>
      <hullockDripple>
        <sepsid>quass</sepsid>
      </hullockDripple>
      <farsangPopsCedula asstDagonTugriks="unreadyBorderGroined">
        <sphecidArguteLysins>prong1</sphecidArguteLysins>
      </farsangPopsCedula>
      <sonarBukshee ambricaSoutage="imposes" snoozerRan="auldestGambiae6006" taimenGouache="porosis" sesamesYerb="casalOxbiterBettina">
        <cremant>sealeryVagYeth</cremant>
      </sonarBukshee>
      <unspikeClad>
        <puccini>eupneaTalion</puccini>
      </unspikeClad>
      <gourdeNiyoga isletRectaPoodler="544" archont="likest">
        <subzeroPorousChattah>belgasUnregal18</subzeroPorousChattah>
      </gourdeNiyoga>
      <valiseBlatant regdOuttake="wolframBinit" yapock="2966" alaeSalvoedDonship="719498" spook="28061069">
        <cletchSuckers>pimas</cletchSuckers>
      </valiseBlatant>
      <pensilsCodons ooflessRenown="638319879" reboilCaque="647548637" gyppoWhand="sevilleLanugoFaster934" dromosSponsorLawter="barwingSunsetRetinic">
        <unwireMotetsKronur>rikshawBiogasVita</unwireMotetsKronur>
      </pensilsCodons>
      <talwoodLocaterShamble tlnSetier="lactealCymbate" lithium="runteeAbune">
        <weedilyGyvedSissier>8723</weedilyGyvedSissier>
      </talwoodLocaterShamble>
      <raungeSandiesAnoa baldedDonnie="bannedFameful">
        <warEnplane>35466217</warEnplane>
      </raungeSandiesAnoa>
    </unicefBasestDilker>
  </lichamSoleaPailou>
  <flavins iambUnakitePreaver="2928239" />
</acequiaInring>