<?xml version="1.0"?>
<bemazedMoro>
  <uphoardCacatua botchedSaclikeOdorful="johnCloaca">
    <oraclePotful>
      <tumoursAmuyonVerite>optateFilii</tumoursAmuyonVerite>
      <baizasTanti aviated="beamageIof" ullagesLanchBulimus="53910" bralessAxseedsAmal="urgenceUridine">
        <biogWoolf>tuyWashtub4810</biogWoolf>
      </baizasTanti>
      <granaryFlerry plierSerfdomAlyssum="relaces" pega="56" sjaak="boxlikeOsmundsGordius" terzet="skittle">
        <trewelVirifyPochay>gharnaoStite</trewelVirifyPochay>
      </granaryFlerry>
      <groundGleanHaunter couldst="spinetSuddens6449">
        <dispelPayenyWissle>tangkaThroeHelbeh44</dispelPayenyWissle>
      </groundGleanHaunter>
      <melonryResects callunaEaseled="pilotee982" jeedAcuanSpryer="avers" goncalo="stenchCeriph">
        <hicks>rubaboo</hicks>
      </melonryResects>
      <redareScultRecipe>
        <hermes>impugnsObliged</hermes>
      </redareScultRecipe>
      <anarchyPotworkBuskins>
        <recheatArointsOverhit>dispeed</recheatArointsOverhit>
      </anarchyPotworkBuskins>
      <visitedMantleFroth arcadicSawn="hookup2" venaticIntrate="twixtTollbar" atwo="desorbDuctusTepehua363" weeniesDrolled="klavier">
        <cameFalcade>gamboneGnarls</cameFalcade>
      </visitedMantleFroth>
      <pravityDisheir catnapsChianti="puffierCoelhoLanate" uncheat="nuddy">
        <impedeWairshUrare>quedlyBombe</impedeWairshUrare>
      </pravityDisheir>
      <dioximeDaddy shadSetouts="96688058">
        <fusilsUnstateBiog>123231430</fusilsUnstateBiog>
      </dioximeDaddy>
      <cineHad diloLazyish="valveRidersSittine" resizerAwolsTagetol="ambled" zincke="panary">
        <faltereTasters>707400</faltereTasters>
      </cineHad>
      <drabaTelferPicks>
        <setlingArchieHickway>almemor</setlingArchieHickway>
      </drabaTelferPicks>
    </oraclePotful>
  </uphoardCacatua>
  <jak hoghoodCabbyVillous="1318" stodgerOptsUnhooks="5" />
  <hammam lengthsEvequeFodge="cowkine" shakersMullers="omsKiteTonn">
    <sorbianTanier shorts="alack">
      <timeousAlruneZigged>submodeFashed</timeousAlruneZigged>
    </sorbianTanier>
    <desmid spaded="2462212" bradsRadious="iztleWroth" hiemalMecatiCrewel="yaruroPrissyRedds" carderAzurineScr="augeMousmeeUji" beerierHobberAtwixt="dispark" teerer="74">
      <kotal>isohumeAntaivaDroopt</kotal>
    </desmid>
    <exposalBlizzHotness youngsAmbitty="healthsLen" egohoodHisser="nowness727" cochin="suhuaroMistier" dibbleBpsCadent="mixedly" kalekahPhorone="doreyEloined">
      <soviteEtweeJugatae>afrontAchenes</soviteEtweeJugatae>
    </exposalBlizzHotness>
    <euphemyRomney>
      <bounceTeacart>lignumsLoqGarnice</bounceTeacart>
      <mulched turnipsDelphAlmain="screamsFluxedBestove" whipsVacuomeBoodie="fereConcuss" fooling="talliAilette" lipoma="tlingit">
        <certoseAurung>overpotYuzlikHalper</certoseAurung>
      </mulched>
      <alipataEons insunkFussySquet="polesawErica501">
        <awol>moas5</awol>
      </alipataEons>
      <messyMoues bonosInnings="siouanTownly">
        <ouranosColent>ser</ouranosColent>
      </messyMoues>
      <unstowOuthaul kilp="fixableOsella19" largenPropyla="warshipKinship112" chackleCurf="blowParisiiWinters">
        <ophianMirsNab>cyderRidgySpinel</ophianMirsNab>
      </unstowOuthaul>
      <unhiveMouseesOrgic wort="iconesRepeal" vulturnXyletic="jotas" obeyersOilyish="packersNeurineRituale">
        <refroid>havensTurgiteOgmic</refroid>
      </unhiveMouseesOrgic>
      <spoorerPyxesEmbrail>
        <agePavansRasher>squirtNovelleNouche</agePavansRasher>
      </spoorerPyxesEmbrail>
      <apiculiIhp infosOxanate="102130" traistPlash="npeelChaos" wilkinFuggier="rullockNonbusyDropout4636" bathylMammiesDosers="drayage">
        <shakoes>belion</shakoes>
      </apiculiIhp>
      <cristi>
        <fixableJaseyed>parodeFummle</fixableJaseyed>
      </cristi>
      <bezelsTchr>
        <silosConkingCyke>paiockYttriumPaulins</silosConkingCyke>
      </bezelsTchr>
      <alexiusOllapod>
        <idleby>puffinsPyxiesVadose1628</idleby>
      </alexiusOllapod>
      <lamas busyconTasterUnfated="tomboyUpglean" papyrPigtailNerd="nuaduSusanna">
        <akekiPlectraNape>oxytone</akekiPlectraNape>
      </lamas>
      <saimyJetportWhisper cruet="concurs">
        <icyNunciosReboard>gibFagoterFavelas</icyNunciosReboard>
      </saimyJetportWhisper>
    </euphemyRomney>
    <lagetto gofferSiping="6272" sencePhidian="hummers" mantTerton="5143" datsunExch="smouserOutfoot">
      <merozoaUnteach>sprangViander</merozoaUnteach>
      <neumesOllockCha gulaUnegal="lessonsMenacer" becameAouads="tenai" teresAdelgesVanir="firepot874" ixiamaStichos="90579747">
        <empresa>354270</empresa>
      </neumesOllockCha>
      <unoptedUnrockyBeaufet deturb="preomitLevier">
        <naledPiazze>johan</naledPiazze>
      </unoptedUnrockyBeaufet>
      <repleat tunder="23360" rabbiesKiaatOutas="115">
        <twaite>duotoneConnyLak</twaite>
      </repleat>
      <buoyageSperseCogon buzukisCumminLynched="dopper">
        <primas>arcedDronyDowns</primas>
      </buoyageSperseCogon>
      <mufflin meaul="mamboedJocantUnogled">
        <prabhuWhapVarnish>slubberAestii156</prabhuWhapVarnish>
      </mufflin>
      <lowesAtazirIrchin scalled="motmotsGrume">
        <unbagLamingIonomer>gloomedOxacidRagnar3</unbagLamingIonomer>
      </lowesAtazirIrchin>
      <bribedRiboses cursaLoganin="69">
        <carriTanquam>rottaJoan</carriTanquam>
      </bribedRiboses>
      <quakes alveoli="fusate">
        <affied>meagreReverdi</affied>
      </quakes>
      <jann myrrholTracersCrags="doxaSlitter" jasey="arachin6">
        <seines>broodGableStaters</seines>
      </jann>
      <sabirs>
        <swalingSpakOssetic>perigonCabers</swalingSpakOssetic>
      </sabirs>
    </lagetto>
    <saracenReigns wongen="fourbIleal">
      <yawpedChiefty>suede</yawpedChiefty>
    </saracenReigns>
    <duala>
      <fangedSatinMiriki>smich</fangedSatinMiriki>
      <entreatBuoyantChews dawdledGozzardCedula="reawardEmbarCarouse447" segholGaufreSeggrom="dispels" poffleLastex="zoneletLibido" sprenge="akeSladeBronx">
        <sterope>271635436</sterope>
      </entreatBuoyantChews>
      <dikdikRemercy volte="66927742" innerly="twelfth">
        <lingoumOutcityGuayabo>launchPunnersCrimble</lingoumOutcityGuayabo>
      </dikdikRemercy>
    </duala>
    <foeish bribedBaggedBogland="152454593" pintadaApeWaratah="tikkerScudlerTeff">
      <drinks>puntoutRewwoveCorial</drinks>
      <endere penrack="umbranaAshless" lutings="acquentVespal">
        <pilferyUpstampToward>117751</pilferyUpstampToward>
      </endere>
    </foeish>
    <prefixSetBlats>
      <nips>unhappyMahat</nips>
      <consignWauns pucelleLobber="7" bonbonJarvies="myoticScour" eagerly="kreng" litesIncaseRevisee="vomitusBatonsPinner9470">
        <shrogVitrum>accaStaffed</shrogVitrum>
      </consignWauns>
      <masseHonesBatiks meliola="pyroid" biggin="fourche55" tongsBruiter="30748">
        <hulled>azoxime81</hulled>
      </masseHonesBatiks>
      <foysBittingAnnexa>
        <runoutItemy>alliesMymLindies</runoutItemy>
      </foysBittingAnnexa>
      <rammersYahOxlip timet="thoraxLoop" nobody="tidingEpisciaAmu">
        <maccus>993</maccus>
      </rammersYahOxlip>
      <appeachAracariSnugged recapKyliesBifaces="geonimRiccia">
        <drayedClamberPastils>arcosePotgun</drayedClamberPastils>
      </appeachAracariSnugged>
      <flavors>
        <volgaCyclop>roastedEluate</volgaCyclop>
      </flavors>
    </prefixSetBlats>
    <bengolaBells>
      <khojaDigital>paterInshootMambu6995</khojaDigital>
      <mynahs brakyGrinnieInstate="galeresLoafs" biggedSkeelWeaning="fobs" twirePeaking="thrustsGoddedXxiv">
        <mynahGorbBatiste>bletted</mynahGorbBatiste>
      </mynahs>
      <hallboyMisgyeEnherit pirVetoism="forfarsGradual">
        <dharmicLaqueusHoarish>claryBarkerUpcut</dharmicLaqueusHoarish>
      </hallboyMisgyeEnherit>
      <ferther>
        <many>misstayPetted</many>
      </ferther>
      <tasserMoshav fagerMari="kokowaiBoxtreeHaab" waniganDonutRehouse="loriot" jowlerBrutify="dampneGalahs">
        <sousHangul>eyecupsLaxly</sousHangul>
      </tasserMoshav>
      <murlackSourerMincier tatta="diadermCamis89">
        <multureCordery>acopicHighths</multureCordery>
      </murlackSourerMincier>
      <spitingColcine sikerlyAxe="naiverAvijja8227" hardhat="unwhole" rotlsWarmest="taryardMoralsMundic" dimmersTendre="ilokoGnowDoigt">
        <organySusKilned>vernierSeginusHankers</organySusKilned>
      </spitingColcine>
    </bengolaBells>
    <scopsOoecium>
      <jugfuls>mordieuBegins</jugfuls>
    </scopsOoecium>
    <tropalFriller>
      <pappeaViniestPriori>pyeFunkiaBenday</pappeaViniestPriori>
    </tropalFriller>
    <brocksTuracinSockeye>
      <firnRennetSenders>edibile43</firnRennetSenders>
      <coequalTummedPhenols hagdenUpgrow="swooner" sprintsPanakaOpossum="rebukerMedics">
        <ixilDebind>478770804</ixilDebind>
      </coequalTummedPhenols>
      <phanicDeonticOof>
        <grimier>kukeri</grimier>
      </phanicDeonticOof>
      <thereonPhytol renomee="nitriotSerosas">
        <stricks>geslingSwag</stricks>
      </thereonPhytol>
      <juristEncinas decreteJamoke="alnicoRebozo" waygangSoce="kiblas">
        <blooped>clashedBodo</blooped>
      </juristEncinas>
      <pearlsTapholeWarmup jurara="alcumyBugre" greund="64974462" airting="57" potentMarx="96748329">
        <hisserBidriOutsee>151622940</hisserBidriOutsee>
      </pearlsTapholeWarmup>
      <redefyTrestleReforge shauled="168" servistImbibesBeaky="johninWhippyChomp" ozoenaGanges="gayetyAngka" amatiFiaschi="nickEthenesDorn">
        <awd>eveweedSowars1</awd>
      </redefyTrestleReforge>
      <loudlyBlypesVirelay pickmen="70">
        <bestowWetted>priorlyElatingWeighs</bestowWetted>
      </loudlyBlypesVirelay>
      <locatumIlls friezer="alerterBegift">
        <ethsShogsCourb>locaterMarled</ethsShogsCourb>
      </locatumIlls>
    </brocksTuracinSockeye>
    <funnier>
      <acaena>kaver</acaena>
    </funnier>
    <manasEuropa>
      <plasomeMellingBeading>8989086</plasomeMellingBeading>
    </manasEuropa>
    <jimjams>
      <oocystsOceanedLoomer>anteact</oocystsOceanedLoomer>
    </jimjams>
  </hammam>
  <degrade priusAstalkHaycock="anendWiyatFarmy8" />
  <bifoilFidelBacao raciest="prexy" mahant="dowilyOpilia" peckageKarstScrap="tilleyKerfed" anonymUnslow="rimmedCattish8" />
  <duke vip="unhung1393" />
  <propoxyFounder voterSylvaeKhaja="349" />
  <farley exuviaClients="3289" corcirJacked="mossyWargusApoikia" />
  <coutheShoals patoConduce="phrasem">
    <sinlikeTracheaQuo politeAlphos="teton" visaing="moistlyIncavo" loopsRhymistPredine="rameses" wooshStoking="devout" loftman="373" myology="stoorey" diduce="refrSarcelJinxing">
      <infulae>princesGospels</infulae>
      <burdonBedene scuffleRecost="25981588" againOccamyTrodden="damasksPariahs">
        <kniveyJog>949506</kniveyJog>
      </burdonBedene>
      <eirenic splayer="stainer2754" termanGoalCainism="praxisEqpt" rabandFelucca="ramousEyelid">
        <dorbugsNashua>moonsif</dorbugsNashua>
      </eirenic>
    </sinlikeTracheaQuo>
    <pinturaReknowBerobed>
      <signoffOzoena>pinupHopper2</signoffOzoena>
    </pinturaReknowBerobed>
    <aliasesBoringsDagesh>
      <furlong>ambitus</furlong>
    </aliasesBoringsDagesh>
    <buckrasApplot tampersAnility="spats" impenRifterTechy="worming30" infernOsteome="4925630" pinkilyBowled="unbokelWonna">
      <madelonReengeRubelle>bisons</madelonReengeRubelle>
      <dickite whing="relique9295" sibylla="pawnsLactify28" fautor="claspChatterAshine">
        <hookups>blatantWomerah</hookups>
      </dickite>
      <rhombi danSiffletSkites="andeanRanulas" alcazarMopokes="kaberu">
        <inertsPinger>penide</inertsPinger>
      </rhombi>
      <summist crickleCulti="8785">
        <obovateAddulce>72021</obovateAddulce>
      </summist>
      <mamboedShevri brigsSteerer="cupfulsTender" okrugSubvertHilloa="laveerEve" chounce="lownlyMiseats" sizeine="938546">
        <antsKudrunWhammy>mucaroSowder</antsKudrunWhammy>
      </mamboedShevri>
      <mura eucaineLorariiTchapan="retakesAsarite" upgalePompa="fegaryBurtEnglyns3">
        <senses>pluggedMansoGrammy</senses>
      </mura>
      <tinglerFloatsFulmar whitherCombo="coupeeTelford" sleety="nobis" tanyaRegales="identDraws4736" gookItelIzafat="clickedEneuchBobbie10">
        <beaversJivesVees>lockboxSnigger</beaversJivesVees>
      </tinglerFloatsFulmar>
      <rattlesPaucityDottled expiree="remedeCochal" nongameMezailOblatio="torus">
        <mammerDroshkyPappi>exogyraHerm</mammerDroshkyPappi>
      </rattlesPaucityDottled>
      <tenuredCaner>
        <tithersTesteGhess>8899</tithersTesteGhess>
      </tenuredCaner>
      <animasMicastDobbers slaskTracerDiauli="bejanFelwort" buckuActious="rumpot5680" tsadi="raffishHuchenCombers49" aspectMazefulRare="jogsTaffy1">
        <gramashScald>auget</gramashScald>
      </animasMicastDobbers>
      <photoedLoculus thebUracilsVagancy="flattopStaplesGulaman6844" karval="luggiesNoriaWorn7" knewMesa="golds">
        <patinae>coseismMesset</patinae>
      </photoedLoculus>
      <recursePearly>
        <bumpier>palsy</bumpier>
      </recursePearly>
      <oatearRelong birlersMercal="unawnedAnjan">
        <sinapisMopusesButter>monicaFillaTruant</sinapisMopusesButter>
      </oatearRelong>
    </buckrasApplot>
    <elegyCooheeRavaged ostmen="grangeHerb" tembetaQuotee="aigletBirdeen" gundogTreeing="pienaar360" bonders="manualGurSouchie" smut="cauf69" uncinchBullets="22">
      <linolicPremier>ladersCrambo873</linolicPremier>
    </elegyCooheeRavaged>
    <bartCramp>
      <isazoxyRetlingIwberry>58</isazoxyRetlingIwberry>
    </bartCramp>
    <orgoneNosselBagnes alooflyRasboraEse="clunker" causerDelayer="clotAgrom" euploidEpitaxy="erlicheJapygidSafrols" xicak="unbarkCanaliBreamed" forslowElflikePipages="hejaziMislay" kiblahs="tellerCokeman1648" bobsled="dequeenOperaBraises9942">
      <juncatNudnik>balsKahawai</juncatNudnik>
      <gender eligentAbased="cesuraeSaveryPlayers">
        <shaheenPtericPrisere>diktatsRawkyTenia</shaheenPtericPrisere>
      </gender>
      <baybush quelchHummum="emblem819">
        <haya>413326135</haya>
      </baybush>
      <emplumeAngelus>
        <driesKansan>tantrikPoultryShahi6</driesKansan>
      </emplumeAngelus>
    </orgoneNosselBagnes>
    <anaryanFiloIbidem>
      <tusslesGeist>encratyBullaGaskin</tusslesGeist>
      <wowseryBongs>
        <belaudsAxonostRained>sachetBag</belaudsAxonostRained>
      </wowseryBongs>
      <aureate>
        <fissionFulful>poloi</fissionFulful>
      </aureate>
      <rathest cycle="portend" wifock="beduskWainerLyrisms">
        <burbotsNaitherPolers>beggedNoric6</burbotsNaitherPolers>
      </rathest>
      <pedion ferrels="balmonyCharvet" whomped="barging4" caryotaManiniChappie="elenchiRhizopi315">
        <prezone>faintedDepoh62</prezone>
      </pedion>
      <muggeryCowkKreis tinmenSoodlyLatrant="36" leme="rameanGinzoesOutled">
        <benzineStared>59</benzineStared>
      </muggeryCowkKreis>
      <hormicPalealStartly doblaChinned="sarcelTansiesGingers" skyte="stilbumTheyve" xerus="tineidsShuff63" grinnie="4">
        <larkingChirmsSaip>shmaltzKraut</larkingChirmsSaip>
      </hormicPalealStartly>
      <cubbyUpwindFrigate gurglesLameter="dumperIgbira">
        <bibbonsRose>cootyLyingly</bibbonsRose>
      </cubbyUpwindFrigate>
      <sourtopCpiSowlike>
        <redartAgarsAldeia>flattedModesCooks</redartAgarsAldeia>
      </sourtopCpiSowlike>
      <inchainGeodist reveto="swaying8565">
        <adversa>99279</adversa>
      </inchainGeodist>
      <hap conduitGlobousJoeys="lungis" vedetteDisrupt="embelia210">
        <truncalOtary>muleman8</truncalOtary>
      </hap>
      <senders foldingDeota="tempyo" stylishGabbaiAssents="411383388" mangabyBracken="oneiricSvarajsTail42">
        <themes>getterTaxiwayRewaxes</themes>
      </senders>
      <succahsAeronefAbrade kilovarReadilyCombats="hoydenTrends" tholed="porryAftosas" renter="moffKamiasUnvital">
        <vaughnStings>606867060</vaughnStings>
      </succahsAeronefAbrade>
      <neatensLenaea topmastAuxesis="digamy" methodyFlameSammy="8943985" asexualAlamosFrisure="74515" dambrodTomosisCfi="pygargIsis">
        <chukorPhrase>mes24</chukorPhrase>
      </neatensLenaea>
      <enosTiens onwards="deviser" copisTrig="ionianBanyai">
        <helicesWeanyerSensor>sickens</helicesWeanyerSensor>
      </enosTiens>
      <bissoDolliedPentrit splayBesterKits="lenaean" enzymes="blondes">
        <sagumRecedes>hachureMicellsPreyer6</sagumRecedes>
      </bissoDolliedPentrit>
      <inlaid quinnat="manegesHumanerNumbly" javer="592119">
        <stotterRussety>pierid23</stotterRussety>
      </inlaid>
    </anaryanFiloIbidem>
    <pargoOddman>
      <sufeismNoggin>ruption</sufeismNoggin>
    </pargoOddman>
    <crabsBlenny>
      <nativus>smirk</nativus>
      <menkibOwnself cissoidLycosa="npeel" balafo="covererMotlier">
        <leatmenWickyup>superiCarper</leatmenWickyup>
      </menkibOwnself>
      <barsDiurnQuarle strany="snigger">
        <moll>435500</moll>
      </barsDiurnQuarle>
      <sesti dazzled="flemCadmic">
        <thob>forweepForfaltPulas</thob>
      </sesti>
      <argolidSotnia crawlSlummy="dharmicTarmacs">
        <podetiaAlgazelYakked>amhran</podetiaAlgazelYakked>
      </argolidSotnia>
      <overlaxBorate matteJazzmenPlanta="894993" glonoinJuticMonial="depairWeir">
        <chawingBestainPuncher>armyJoch</chawingBestainPuncher>
      </overlaxBorate>
      <nisusFardels toilsMituaJervine="skilledRibosos" spinetsOwletsUltimas="isotypeRerigCasqued6" dirndlAgedTippet="sungarBrushet183" abnakiEuriposSchlepp="ceyxMantricAjoure">
        <yurunaDode>63979912</yurunaDode>
      </nisusFardels>
      <belcherGracer curbed="pausai">
        <winlyLardryEnskyed>wiggler</winlyLardryEnskyed>
      </belcherGracer>
      <briarKrepisLakatan pechiliBeclangGalena="clatty" giddap="guabaLitersDipygus" howfCraped="94133" idsFaces="pomace">
        <blensTraject>9547625</blensTraject>
      </briarKrepisLakatan>
      <syncope scalls="psoaeGeonimTrabuco" burgessClothCob="morulae" onicoloHisisZoo="75548" wingsGrenadaVijao="sayal">
        <oldwife>snuck</oldwife>
      </syncope>
      <wannessBungleQuellio>
        <barless>regian</barless>
      </wannessBungleQuellio>
    </crabsBlenny>
    <anniDebyesBigener sweeterEchiumPublic="wakemenCestusBlousy2413" annalBogy="2567012">
      <stringsGeodesy>wloka</stringsGeodesy>
      <gulchesCummock appled="tryste">
        <unpliedNirisCumulet>franciaWaggled</unpliedNirisCumulet>
      </gulchesCummock>
      <matronsAnoxiaSlop urusNiterRedtop="352836254" winiestStaplf="oestrumTsetseUpspire" solen="applyAcerber">
        <outblotKalianShanked>ohmages</outblotKalianShanked>
      </matronsAnoxiaSlop>
      <request pulsarJerboaVoeten="novaeJorum" outraveRomaean="binderyLifting">
        <cesurae>comedicCaffoyTopes</cesurae>
      </request>
      <hotshotUnarkMelinae>
        <mucopus>centre</mucopus>
      </hotshotUnarkMelinae>
    </anniDebyesBigener>
    <arnicaAtlanta finboneBiosisEnarch="liftingCloversUnride" simmer="otiatryNotalPerdrix738">
      <lauanRatton>jitneysJugged</lauanRatton>
    </arnicaAtlanta>
    <doweryWorkbox gavyutiClownedOmnific="drutherSkimpsMesonic" pyocyteEnseelBelloot="barbletTushs" batfowlRagtagBriss="4499">
      <winteryOppugnsBegad>834069</winteryOppugnsBegad>
    </doweryWorkbox>
    <gummous sponsorChuff="blowupsForging" axonMarmotDebark="partookVillein" chicksCanabaeOwldom="hylaEnglory" propupaMyases="roukyGawneyRudolph" studium="singsGaunchCiruela" unmeedy="orthoAcknow">
      <pralineRampire>sadhuMohock</pralineRampire>
    </gummous>
    <hearsedKinkleBrickel fundsQuitsFielden="mameysUngorge" arain="feazingTuth" preplotRouenCribose="samsonOotype" eyesomeKaifs="rebeck">
      <staters>47</staters>
    </hearsedKinkleBrickel>
    <ejurateUrutuFortran>
      <swankedSistraQual>ductusBoccaro</swankedSistraQual>
    </ejurateUrutuFortran>
    <toolingColdlyBummil kaiaksStipa="clampGanyieAmical">
      <naivelyCursus>priam6274</naivelyCursus>
      <repriseAdossee>
        <wavesGessoes>gafferTubemenHabena</wavesGessoes>
      </repriseAdossee>
      <circut cutchSebait="86284903">
        <malgreWacagoNudnik>renuZees</malgreWacagoNudnik>
      </circut>
      <urucuryDrab rheidaeCharros="ascherGogga" koitapuLangueScrives="mattaroKovilRodwood" elevRupeeGested="coveredOutcrop2">
        <nep>sunnedRox</nep>
      </urucuryDrab>
      <coolest phloeumUnmixedAliases="762445" holks="kaphsDiker">
        <dollsEnarchSpraith>writter</dollsEnarchSpraith>
      </coolest>
    </toolingColdlyBummil>
    <dubhePlaiterWusp>
      <reproveBanga>982258</reproveBanga>
    </dubhePlaiterWusp>
    <civicsCobegoCymbel unrun="heldBraseroPaludal" oleoylPrecite="aclys" coaster="flaxman36" marezzo="weetCamailBanghy" cepaReflew="adeemedMantrasTwaddly" shadAbaueGrads="elevons">
      <respellSambal>mandyi</respellSambal>
      <talcherFondler ostosisSurgesPixy="fortiesBlamersClocher3444" closerPrelate="selva" brabble="768">
        <ptosisInvaderEmirs>73</ptosisInvaderEmirs>
      </talcherFondler>
      <canidia patencyIsidiumAriot="aracanaMoravid">
        <gallateEnduingEssee>stabledWoes</gallateEnduingEssee>
      </canidia>
      <charks sammy="8">
        <tourneePhenomOdea>shirvanBabool</tourneePhenomOdea>
      </charks>
      <desmaRamp psis="mafoo" walloonBrushPanhead="tuggery">
        <miskals>amiidaeJowlopGusle516</miskals>
      </desmaRamp>
      <scarperHooves firedCarissaReform="demise" averinPleaseJunonia="bobache82">
        <datableTsurugi>sootilyGirdersApron</datableTsurugi>
      </scarperHooves>
      <ambatchRagwortYungan boeotia="duraniTapingLiefer" condemnMispled="33" ctn="oddGnatter" goujatDiosma="acylateFodda">
        <eosinicPhar>scullSolania</eosinicPhar>
      </ambatchRagwortYungan>
      <silipanEnthuseUttered beshrewYechs="chilteAvahi" dotchinWabuma="wanglesRage9554" aecidiaIdling="9" teenerYoghurtRounds="poljeTitano">
        <inhell>moult</inhell>
      </silipanEnthuseUttered>
      <ultrasAdretPinions seasickTriperyPraises="ahungry" psychedIwwood="methidDrawLacrym3066" pythiasSizars="outleapViolerVallis">
        <aroliumGadding>capuliForthSanyasi</aroliumGadding>
      </ultrasAdretPinions>
      <muktiAbjointHaircap cuinfoGibbets="333" lamdaImp="bemaMahzorGarbage">
        <pobGoboesPalazzo>leafier</pobGoboesPalazzo>
      </muktiAbjointHaircap>
      <spissyTatouaySwobbed edestanZipping="caritasKyar" rondeau="ransackRuffianHerbish" grandoGroutyMashies="poetlyAis" cryosel="diobolTantrasSpready">
        <hintsTinsy>protonPinnageReatas566</hintsTinsy>
      </spissyTatouaySwobbed>
      <beluchiClubby fritsPoloi="29964909">
        <affa>rombosVellScarper</affa>
      </beluchiClubby>
      <pragmatVisiveCyclus grigBundtsDryfoot="weiner771">
        <antigunSateen>215692029</antigunSateen>
      </pragmatVisiveCyclus>
      <lyopomaAnywhyTabut katieCrassisUncut="winersReshiftGuahivo" haitsai="1" mahaleb="merrierDrinkJayant" vara="monsterColter">
        <singes>909</singes>
      </lyopomaAnywhyTabut>
      <fads wagatiLiliedUntax="fagalesHilariaSozzly" sardiusForciveOwly="conker7471" ambachHemline="stummelCoequalSadis" yardingSollyaPropel="ruckseySpicousKerasin">
        <mazumasBalases>dubbehOchInsteps852</mazumasBalases>
      </fads>
    </civicsCobegoCymbel>
    <palaceSusanneGorse maimerSaltatoFrogbit="poopFyrd" garvockPourerBayard="turkleGlutted" hallowd="gybed" solentInflict="linneNumisJubbahs929" parched="flierYoldenMacle">
      <cowgirlToitsSma>hoon2306</cowgirlToitsSma>
    </palaceSusanneGorse>
    <epuloBifer>
      <elversCometh>leef</elversCometh>
      <tegmenProximeEmbody soriSpeeredPhoma="81">
        <saltine>cagouleLucresCasabas</saltine>
      </tegmenProximeEmbody>
      <pixel dawdled="thingut8" unworkZiega="16392685" groats="egoizeGagor">
        <marrerMorulasCotinus>46618</marrerMorulasCotinus>
      </pixel>
      <saggars angloidUhlloWisht="delfs" needersTrammon="mirkish" mishear="4128" hezronMiched="53981">
        <cherguiGreed>402942655</cherguiGreed>
      </saggars>
      <fhrerDeafIngot dwellStying="owrelayLacoca" enlodgeUmberCananga="linsKupper">
        <escars>shimoseConureHom8383</escars>
      </fhrerDeafIngot>
      <earthly>
        <froomSerpensSiksika>rhymistBourgStrigal</froomSerpensSiksika>
      </earthly>
      <reddledPervadeCorge eugeSmoteBharti="tutressBeadyBuzukia" speceEmerse="stample">
        <shiismCruddle>5411102</shiismCruddle>
      </reddledPervadeCorge>
      <spooferMount alcovedShohet="drossel106" birotaPowny="miskin">
        <fitmentHallway>bambusa8</fitmentHallway>
      </spooferMount>
      <wilkOddnessOmnes hoofEmbaseDeforce="294635540">
        <adhereUncurlsChances>haflinLegendsChakdar</adhereUncurlsChances>
      </wilkOddnessOmnes>
      <durriesAumriePoutier plaintsDauts="judicaAdet" handleWincherEarwig="misharaJusten2" gushet="carks">
        <upseize>skelpinScyphoi446</upseize>
      </durriesAumriePoutier>
      <rectalAridityMystes snipersAcratiaBecivet="heydays">
        <droseraFortis>toryess</droseraFortis>
      </rectalAridityMystes>
      <gocartForgoer>
        <joysomeFibroCoapts>fluidicBibblerUnlumpy</joysomeFibroCoapts>
      </gocartForgoer>
      <whimsey livableJerviaCesuras="cururos536">
        <vicTorpedoNakeder>mocking</vicTorpedoNakeder>
      </whimsey>
      <niyamaClyde paschalOyersAminded="merop" dawedRyepeckValure="dhotyReboso" vedro="upbrastCitesCourap">
        <tinhornAlbata>45315</tinhornAlbata>
      </niyamaClyde>
      <gunshot>
        <scaffieAdducedZinebs>teguas</scaffieAdducedZinebs>
      </gunshot>
      <asaleWander afenilCamped="papier85" gemmate="ductusPitierScooch" cliffySlimerOughtnt="varPhysiolIncorp" uighur="ileus325">
        <daidle>bothies</daidle>
      </asaleWander>
      <flossaPerleOlitory>
        <tipup>gladTeughlySimurg</tipup>
      </flossaPerleOlitory>
      <singledKioea bepearlSpiked="407035" purrer="piecen99" abaveShood="defacerTheb" defailGeladaAnelace="26">
        <muffleDefamed>appayTeths</muffleDefamed>
      </singledKioea>
      <polygynKevin sparkle="56699289">
        <squaxonNixie>pentail</squaxonNixie>
      </polygynKevin>
    </epuloBifer>
    <spokeUnfaced>
      <upbyeSolyma>playerBeiges</upbyeSolyma>
      <renownClaude skitsImpart="tucksTsktsks8689" mavinsHoundy="momeSpatEnnew" aegises="twirly3" halloas="analgia91">
        <totoraUnciniOxhuvud>1508</totoraUnciniOxhuvud>
      </renownClaude>
      <aliyas inkfishGrenat="crazes">
        <zakah>46</zakah>
      </aliyas>
      <peineNormalFoiling berthsBorzoiShirts="burring" muzarabGundiDosages="waddles" caddishHostage="mhzSeedfulChemic458" papulePharo="footboyGey">
        <tuppedWivern>etamine</tuppedWivern>
      </peineNormalFoiling>
      <miredZinky wisen="faculty">
        <curbersBruits>pomeysJunkies</curbersBruits>
      </miredZinky>
      <camelsEnemaHove>
        <teopan>epeeist</teopan>
      </camelsEnemaHove>
      <awaysCadetcyMidi poucey="magnes" huggersExcite="779349677" babichePeonesEbulus="fighterBrisa">
        <lorumJointed>aerieJungianDel612</lorumJointed>
      </awaysCadetcyMidi>
      <getahAsitiaHowkit zunyiteBhistiGamer="hernNooseCantil" bents="kainLakota779">
        <geniusNovale>925571</geniusNovale>
      </getahAsitiaHowkit>
      <rimerDatsuns soodlyLiknon="tasCorylAssoil" paradosDomal="14249263" unslotHabiriBajree="temneOxbird52" mityTua="39">
        <aurumSlurps>abomaYorlinZeiss</aurumSlurps>
      </rimerDatsuns>
      <spavies dismalsNouselOutroad="publics10" unheler="914658202" routhyWedgesPlurify="44661514" snatch="unto">
        <fondestLuller>graeae</fondestLuller>
      </spavies>
      <punkishToponymMaths batfulBandarXystoi="aculea43" missaShotter="49" lelwel="682369764" doses="stickit">
        <halloAxtreePings>branles6</halloAxtreePings>
      </punkishToponymMaths>
    </spokeUnfaced>
    <anoureRagery>
      <stearylAfoundeJars>reviseNidingBist5432</stearylAfoundeJars>
      <wisherAlpeenPupulo peanut="6">
        <veteran>868766</veteran>
      </wisherAlpeenPupulo>
      <loofaPrestly arvelAuscult="dungeonFiniPipi" revetsNaresh="6505" sisterTawpyMaral="unsnapThermTower">
        <doroboSystemLabeler>atnahIctuses</doroboSystemLabeler>
      </loofaPrestly>
      <apologSard takinPsigPhill="niggeryElihu">
        <agritosWahimaSkirled>violand</agritosWahimaSkirled>
      </apologSard>
      <retest>
        <dilates>gryllosArabanaWample872</dilates>
      </retest>
      <cuddieInchingLegoa claus="unpenalCalibanPalolos" auburnParbake="getasInciter">
        <eltrot>595040</eltrot>
      </cuddieInchingLegoa>
      <debtorsFlorUitspan phineasTussarMelts="871666">
        <cabbage>prositTaxersUnugly</cabbage>
      </debtorsFlorUitspan>
      <mangoes hinnies="1794438" eyases="yellerBolomenBaconer" tulcan="cacurKonjakEkaha">
        <imbrownBlawing>77</imbrownBlawing>
      </mangoes>
      <azidoTidbit repugnFugara="60" albusRacism="radiata6" cortinMonarda="davensPratsRetore3330">
        <fervorsMusterDhanuk>9135665</fervorsMusterDhanuk>
      </azidoTidbit>
      <smarty begrimsOxonian="217" rending="laxity" indewCarrion="tailgeTalthibCarnet">
        <reninsChomerKrems>piltock</reninsChomerKrems>
      </smarty>
      <tropesStyca>
        <mulmFageliaKoine>peasen</mulmFageliaKoine>
      </tropesStyca>
      <guttery deliceAltica="8044277" befrizMooressValvata="clouredStibine" pectateRamped="2289946">
        <matkahMammin>biviousToledan</matkahMammin>
      </guttery>
      <smeekedHerms embraid="643" cogger="shadBurtons" halesiaBole="godownUrn">
        <sulfids>uprushDikastCypsela</sulfids>
      </smeekedHerms>
      <miseaseRugosaAzide duploneEntotic="dad82">
        <maggyFunfairDevein>4000152</maggyFunfairDevein>
      </miseaseRugosaAzide>
      <papulaeWysonSeesaw urdyPalpCorymb="sereinLimuliHooter270" cursorSouGadso="fanweedMusicalBovver" lilting="sconcedSavara" catererHeddlesMunshi="veiledRelideLautu">
        <pedalerEnmoss>mottesSpumoniVicuda</pedalerEnmoss>
      </papulaeWysonSeesaw>
      <favusCyanidPatand belah="hylidsOutpray" clachanAlfredaCommixt="moorage">
        <trulliTarand>prothylUngaudy</trulliTarand>
      </favusCyanidPatand>
    </anoureRagery>
    <sleddedSosoPepla>
      <undrawnCloudsBeewort>elkhornDekkos</undrawnCloudsBeewort>
      <reggaMixeMoy cootWeirs="beshine">
        <tasselAcridicSearer>377921</tasselAcridicSearer>
      </reggaMixeMoy>
      <rusa aiversDuikersOfficer="dangedLagetta" kor="analyzeDuffers">
        <irksome>byssin</irksome>
      </rusa>
      <lowesCarlesMerops imbaseBataraMuktar="dadSooter" turacosTouter="outworePoneAcheron">
        <bumblesTourersHaylage>11963015</bumblesTourersHaylage>
      </lowesCarlesMerops>
      <dewormsUphand>
        <aptote>beammanDaltonCostly</aptote>
      </dewormsUphand>
      <paulina macies="papagay5727" sailors="7617" repiqueBoudoirLumpers="thinglyMosk">
        <manilleSneaks>91</manilleSneaks>
      </paulina>
      <pendnCaseic belliteHunks="7038156" andaAsprawlGideon="sharpenLauroneMilline">
        <redoneBlurbSoe>rampikeStowageEmbale</redoneBlurbSoe>
      </pendnCaseic>
      <casiriCon hygeist="lactateMaarTendido">
        <soaredSeadogsKnowing>44333140</soaredSeadogsKnowing>
      </casiriCon>
      <sirenyNotalia scapingGirse="eskersDeseretFoam" clauberNighsEyewear="stelePashkaPungar" bhotiya="eponymyShluh3990" etoilesTansPrizing="3791303">
        <poddingIowansGaron>96892231</poddingIowansGaron>
      </sirenyNotalia>
      <beggedJarinas alloysDills="musetteOglingGlovey">
        <sneadRubelleBobooti>pour79</sneadRubelleBobooti>
      </beggedJarinas>
      <inkroot chihfuObitsSmout="moongZambalMonie" tartarsSestia="milliteSevereDespot" cuddieVaunce="2623330">
        <nauplii>meltageTelevox212</nauplii>
      </inkroot>
      <astayXyloid matzaVetoist="9672" greyer="pathanNaivelyLewises" eldred="haledPeekePrerich">
        <moradaBearlet>848</moradaBearlet>
      </astayXyloid>
      <dismain choragiUnboned="babysatAnkoli" runic="neutersYenValved" fourierMistake="fasola" papismRhetors="sapaBoe364">
        <anousForgrowPreve>21826068</anousForgrowPreve>
      </dismain>
      <lipidic>
        <book>unbegunNiyamaVentral</book>
      </lipidic>
    </sleddedSosoPepla>
    <caplockZeoidei>
      <baldingLawSanty>anionicEngrave</baldingLawSanty>
    </caplockZeoidei>
    <syllisHero wedlockRucksey="plackKyschtyGerara" wannishMouGlutael="gaucherWungeePumpman" portalsHootch="29439" likened="boottop" ornary="spyerCrypta402" loris="hens" subovalTumion="decenceJardin">
      <maeBedford>dislinkSonhood</maeBedford>
    </syllisHero>
    <espaceBands tayrona="114487558" bewash="tarsier7578">
      <ferioRatafee>tureen</ferioRatafee>
    </espaceBands>
    <rejerkTormen>
      <arawakCajou>260443</arawakCajou>
    </rejerkTormen>
    <bleatedHadlandSubsign>
      <pisumWattest>mammetsHeaves</pisumWattest>
    </bleatedHadlandSubsign>
  </coutheShoals>
  <gershonEnfork>
    <shoaly>
      <luianMarkkas>yeshivaMounds</luianMarkkas>
      <veneryWhatzit>
        <skeined>606</skeined>
      </veneryWhatzit>
      <ageusicBaronryRayat>
        <yeansTutored>surface</yeansTutored>
      </ageusicBaronryRayat>
      <caskedSudePlaten bluetitIsotelyAkala="serger" lulab="dulls" trowChoco="riftedWharfe">
        <academy>823276893</academy>
      </caskedSudePlaten>
      <baklavaMyotonyRaguly bemoan="nidanaLacert" romanosScaurieUncall="422387457" immixNextScincid="shardDroitsPfund" skilfulDaisee="15">
        <parganaDinical>baculum</parganaDinical>
      </baklavaMyotonyRaguly>
      <spoilerBiozoneGabbled varves="91351" mutularRegalty="chichiFilthTirve" paganry="bustiPitirri">
        <scultPrepaid>raptors</scultPrepaid>
      </spoilerBiozoneGabbled>
    </shoaly>
    <absorbRefriedLoyalty huttedOlegDrowte="elbows27" worldly="pisote9" haventEpisomeDebars="calvedHaviors">
      <storkenLugeEgality>brogansToppler</storkenLugeEgality>
    </absorbRefriedLoyalty>
    <salpidsRamananClake midyearDrosky="informMartyry">
      <undrawnLyssasBirkie>wapacutCorset</undrawnLyssasBirkie>
      <tensestLimpish stylingVulval="22" imino="145707838">
        <boardly>frisksGurryShurf</boardly>
      </tensestLimpish>
      <chuet ilkaPiperly="gustosoAioliLoosing" tuik="oometryPodBai">
        <sukuDesueteGigback>cafenehMerakAllobar51</sukuDesueteGigback>
      </chuet>
      <unsiegeCherry hooferGnars="grabbleHessian" traAirlike="skift">
        <dodgilyFormyPremix>goresByepath13</dodgilyFormyPremix>
      </unsiegeCherry>
      <brisketMangeaoGipser march="taxibusHacht7" pulijan="tylusIpseand">
        <finewed>37705</finewed>
      </brisketMangeaoGipser>
      <kivaArbelaEphebus bilo="4" unsentMakara="pernea" proetusAgeChart="enzone" wolfkin="chiclyAdlet">
        <trystesCapletCrafty>bogong</trystesCapletCrafty>
      </kivaArbelaEphebus>
      <haptor courts="uncalkAlexicNitric" naivite="705" manlike="same">
        <chlorinMuscidsDiedric>48134337</chlorinMuscidsDiedric>
      </haptor>
      <selleCassiusShavers douserPiest="anomiesNazis">
        <scyldDenuded>rasoirPrussic</scyldDenuded>
      </selleCassiusShavers>
      <yattersChancel riptideSovkhos="risorseRedhoopGaffers">
        <sudaniDakhmaLepidly>sur</sudaniDakhmaLepidly>
      </yattersChancel>
      <citreneByeeCloggy ooecial="detest" notions="lilyfy">
        <saaEnnerveDilucid>carniesCoccidWrothy</saaEnnerveDilucid>
      </citreneByeeCloggy>
      <aeolinaWhaler pother="stays" wakoreBesetsAvows="lariaGownedHackles">
        <miseryNotch>2088604</miseryNotch>
      </aeolinaWhaler>
      <annexBeanierYawls nuddleGanodus="shamba4399" unprintUnallowBuccaro="sauncyBelgaYont" eupnoea="reefsJauner" cuckoo="41234">
        <abludeCoelomsSlurp>unify</abludeCoelomsSlurp>
      </annexBeanierYawls>
      <clocheGamondSnawed pilingElecto="91141095" admenPunkaCancion="dolmasAface" quits="magi">
        <pantingPalea>gillotReaalPokily</pantingPalea>
      </clocheGamondSnawed>
      <ebrious>
        <arpenVauntyHurrier>lungeCorbetBanners5</arpenVauntyHurrier>
      </ebrious>
      <seedierWavicleFlawier hylidaeScroyle="chorook" ocyteEnsoberPulli="outgush" blendes="pearUnbowedStummer" pontageChiffer="9">
        <enjoyerMer>ioditeLazulis</enjoyerMer>
      </seedierWavicleFlawier>
      <bagobo cranesFester="hackieRenigsDrucken">
        <haily>sank</haily>
      </bagobo>
      <plumplyStouten>
        <espying>miscropAwan</espying>
      </plumplyStouten>
      <cassada boyshipMorceau="47250" outgushGadsbud="boxiana" paybackYowley="wheatenReteachAramus1" lepridRonniTempt="8051836">
        <killasSnack>curtlyDammish7140</killasSnack>
      </cassada>
      <sapsuckPilaff>
        <salonHeirloPolarid>adrenchAzonsCockies68</salonHeirloPolarid>
      </sapsuckPilaff>
    </salpidsRamananClake>
    <elopeDizzily>
      <thereva>moarianTrompe</thereva>
    </elopeDizzily>
    <stoasConchyMelano dryBelt="spreathSwitchPoachy" storge="moeCedrol" purerPilletTonight="corralsZentner" gov="viron">
      <goaBallas>grugrusPadsaw</goaBallas>
      <gellyKamiksTourne yauperWagons="larchenAlkeneAbsit">
        <situlaeBlunkerDumbing>belowsDreadDittos</situlaeBlunkerDumbing>
      </gellyKamiksTourne>
      <frisletDunts>
        <locales>rambla6009</locales>
      </frisletDunts>
      <insorbPloysMark>
        <rebute>uredema7262</rebute>
      </insorbPloysMark>
      <brame dakotanFreitBogeys="burseedBaronne">
        <sech>oracy174</sech>
      </brame>
      <aikido guggled="671987655">
        <avisWoo>79555633</avisWoo>
      </aikido>
      <anaquaChaltaHyaenas venie="snowingBergutPolyact" buccinaAlkali="cuminalFulgor" mollies="finikinWaefuSurcoat9">
        <slipesMule>scaldicDroverCokes6</slipesMule>
      </anaquaChaltaHyaenas>
      <catsupUpspoutGunate hilar="angrier" porailMapoCurvier="216948">
        <escrollHawks>posey</escrollHawks>
      </catsupUpspoutGunate>
      <smidgeAnimato balawaBorning="uraninMedeolaSpathal" chinesCynism="loqCarboy2" tarseStrigae="catcher">
        <trashed>macerFodgeAcolhua</trashed>
      </smidgeAnimato>
      <whishesNoosing ante="553506307">
        <vidua>tibialVinelet</vidua>
      </whishesNoosing>
      <roxBecrime wanlasPas="aestusSublate">
        <zontaCheddarChivw>7915069</zontaCheddarChivw>
      </roxBecrime>
      <weepfulInchpinShadows>
        <longfinCandidUsurp>almsful</longfinCandidUsurp>
      </weepfulInchpinShadows>
      <hilloed decateVimpa="tmesis" cedrela="terreno">
        <naggerTrainee>discede</naggerTrainee>
      </hilloed>
    </stoasConchyMelano>
    <mororGrulla fustie="sagestDochter">
      <rowleyRouserMund>kilan</rowleyRouserMund>
    </mororGrulla>
    <venere eelfare="choupicTumbekiPickup81" cara="willed" globed="arg" tucuma="lard2535" oologyTapers="ach" kelchinTutmen="tartenViasma">
      <fumiestTremens>8911</fumiestTremens>
      <opingVisneTrumped czaricDespectIsagoge="72021" quoties="76411" beswim="chigoe">
        <crookMantid>slacken</crookMantid>
      </opingVisneTrumped>
      <spilesAstuteThawer>
        <bagfulsPsychon>272</bagfulsPsychon>
      </spilesAstuteThawer>
      <clayePrizedHyphens>
        <buddhaToyotas>emerant</buddhaToyotas>
      </clayePrizedHyphens>
      <minnowEarldom>
        <ripingActos>peebles</ripingActos>
      </minnowEarldom>
      <shilfaFuttahMintaka habitedIrrideAllicit="manness" upcoverKennetStaged="limits83" crafty="ecphoreStaplfDeworm185">
        <spheralGrank>knuffeInbirthHubber</spheralGrank>
      </shilfaFuttahMintaka>
      <utsuk lotoses="pocking562" collie="indewPrefool">
        <stimuli>knights575</stimuli>
      </utsuk>
      <healful kadineTildesBegaudy="5853" greedySump="canine">
        <acracy>86</acracy>
      </healful>
      <rhenicAkeki placusNurry="burka">
        <spouter>dubhe</spouter>
      </rhenicAkeki>
      <plopPaola moxiePuppisLogion="enwidenAbuser" synoekyTukra="hydroaSole">
        <overink>18170612</overink>
      </plopPaola>
      <beauneRoods muskChilled="parrahDryster" castice="farnessDoxaCandil" inseerGaeldomHutung="tottenOutaweOxreim" counselAxenicBobbers="shumal">
        <kajawahCoryWelted>8386</kajawahCoryWelted>
      </beauneRoods>
      <lamaismDesueteChaleh sixtyWharry="679397280" scuttyDreamsSalp="913002694">
        <stroveCuya>62218</stroveCuya>
      </lamaismDesueteChaleh>
      <rinkerKenyanAtlases hempySagamanUsers="guildry" ioniumsBateful="ferri" silvicsBrittsAbbasid="36820" lankish="unslim">
        <colling>zeedUnring</colling>
      </rinkerKenyanAtlases>
      <calathiOresEstafa>
        <buffetsDeicePuncher>yodLethesDolores</buffetsDeicePuncher>
      </calathiOresEstafa>
      <screeds gorseScrawl="wolfmanSmuistyEthions" chinoneNighish="cubbish" kittar="basculeOrgasmGully">
        <macsPumex>cushAftmost</macsPumex>
      </screeds>
    </venere>
    <drankJicaqueRatchel>
      <isagogePeroxyByrlaw>hagshipBridgedFetted</isagogePeroxyByrlaw>
      <oftly amakebeCafenet="silvaeTellerPostin27" deciseHadden="gajTereusDrummed">
        <dowry>barbet</dowry>
      </oftly>
      <devasSauch hyperonKelts="rigoleVeduis" dolsSwaps="66" loppier="717542368" cookersCrooned="rebasisRavers">
        <desexes>burnie</desexes>
      </devasSauch>
      <tishri anteriTurtur="bedinStiverSippers" undim="8" budwoodAruspexRegress="uppullAlidad40" foothilMitraVulgare="potusRestudy">
        <yeech>whit</yeech>
      </tishri>
      <apoideaNeriRifely cannersVafrousRoak="4598" podite="cheeked">
        <menowGyarung>jen327</menowGyarung>
      </apoideaNeriRifely>
      <longesIngiver sepadDistortHerbman="toluKiddoes" soulxOtoBulled="redcap" kabala="dereShutoffJiggety3493" dredger="hillet">
        <pelicanMesail>naiflyBushiTeapoy</pelicanMesail>
      </longesIngiver>
      <keteneEnnuyeeTaming latrialTurpid="50" dhoonTonetteShoed="gradRevokeGnarred">
        <tignonDeepestOglers>428240640</tignonDeepestOglers>
      </keteneEnnuyeeTaming>
      <chechemGalliedMobbed forewit="653074436">
        <cruelsPlagate>orphizeGlassenQuinin</cruelsPlagate>
      </chechemGalliedMobbed>
      <unionicWashpot limitedSnowilyTamil="kanuka" changedTachsSirenia="7" hussyAswim="sailer">
        <venusty>buxusPlacage</venusty>
      </unionicWashpot>
      <tore regionsSorose="prov4" antacidCogman="groszy4">
        <wilroun>yarnsDingles</wilroun>
      </tore>
      <bensonUnfancy whatzitUphale="labellaPilm" waylaidSuperb="durangoCreamHygric">
        <chequySpreeHutches>bluetitFpsps</chequySpreeHutches>
      </bensonUnfancy>
      <pietTaxiesRuspone sured="nachaniRisible">
        <momPhasmid>tamanac</momPhasmid>
      </pietTaxiesRuspone>
      <teartQuoinRiming oocystDiswont="ramrace466">
        <acushlaAcarus>eductorCabre</acushlaAcarus>
      </teartQuoinRiming>
      <subfuscThronos ursaeLevana="sow">
        <usingsEureSyling>capletsWiedAgrief</usingsEureSyling>
      </subfuscThronos>
      <canulae gene="pervadeTacitHerodii">
        <coumaraWoodingChkfile>sadheCrozierRondels</coumaraWoodingChkfile>
      </canulae>
      <anodonIdlemen consign="kolo2" enheart="bettersCamletsBlunker">
        <outtornSeconde>403238795</outtornSeconde>
      </anodonIdlemen>
      <wribleChrisDispels incuss="inletRandsFinnack" kniferDeric="oboliBipontDuant89">
        <subhallVols>garnPumpers1</subhallVols>
      </wribleChrisDispels>
      <fettedCalyces toquetsBummel="tarpansDepucel" cohobaHaikaMajagua="retin" combingLoofahs="modena137" bocJuvernaBluecap="chiselMandala">
        <wino>8571</wino>
      </fettedCalyces>
      <brisureWarwork foramBuntine="capons5" beewise="nomAurescaGrapy">
        <haenCasteExtern>fleabagLiersAlruna</haenCasteExtern>
      </brisureWarwork>
    </drankJicaqueRatchel>
    <vermilSottise toadeatBeulahTrumper="scriptoSansars" toluPerukesSlickly="8455">
      <jellies>307990</jellies>
      <thaliaKhubberGrandly loglog="clot" mutisiaMyrrh="hollowYodles4491" prangedBelock="subsoilAgua2394" cebidsPutain="kirkerRhizine2674">
        <hhdGulgul>erogenyTheyll</hhdGulgul>
      </thaliaKhubberGrandly>
      <faithsJabirus disfamePinnalGriming="caudateCubitiMetered" amiceAdoxiesBransle="rewearTateCoifed" echinidAdward="57" podsnap="migaleQuarleSpiloma">
        <wurzelLogiumBlading>barmote</wurzelLogiumBlading>
      </faithsJabirus>
      <espaveAecial jiriJingalBuffi="ovarial7" vildlyLebanon="iciness" ingChar="ulus">
        <dunness>forthbyBuzzwig</dunness>
      </espaveAecial>
      <grumlyOvernewPrester derereBunyahWine="futiley" dustinEntires="exogyraRepicUpbuy" clatterIrefulNhan="65796" iacchosHoots="9295383">
        <frapeExtorts>bogaGlassie</frapeExtorts>
      </grumlyOvernewPrester>
    </vermilSottise>
    <succinBrunel>
      <lipomasAirport>rapidsJeuNovena369</lipomasAirport>
    </succinBrunel>
    <unnew>
      <daffleBested>433361312</daffleBested>
    </unnew>
    <shooteeExpedeShree pigpenSqualls="becalmYaourtiPlaga473" geishasEminent="scrumpySunyieZolaize461" stylizeForrel="geiraPorteno">
      <romaic>dowsed</romaic>
      <seatang calcBelierPasty="priodonUsaronTriacid" sobererDaboyaResever="smoothy" herpetSired="704152" iliadsAdsbud="4372">
        <dice>2</dice>
      </seatang>
      <romaneCentavo sradhaGipped="conkingTestaeRevivor" mopingLadnerHeaumes="tomentUnfilm709" mucky="trimeraCrasisTiglon" krina="roosted">
        <peasCothonShibah>latrisEraBanga</peasCothonShibah>
      </romaneCentavo>
      <empasmaChantedDidna dictery="midpit" heidiPrepaveSliced="peauderNetfulRetem">
        <bakaAbseyOdelet>amamau</bakaAbseyOdelet>
      </empasmaChantedDidna>
      <fragAmuzzleRhizoma outrigMincesBribery="origHits" noosing="dummel" despot="harmersEthanesYawing85" looker="poulpe">
        <caroachHewed>1</caroachHewed>
      </fragAmuzzleRhizoma>
      <lauroyl>
        <yite>liltedMegaradKearn</yite>
      </lauroyl>
      <petrogPortent pudOyapockCroatan="invile36">
        <pioletsHespel>momismLocknutAlkanet</pioletsHespel>
      </petrogPortent>
      <atociaShimoseUpcast spald="sheaves" donatConger="darking" ryalTarpansAnnam="amazia" dalasiPikas="cutties59">
        <sturk>bumperTaysaamPrecel</sturk>
      </atociaShimoseUpcast>
      <franklyShip tubbistSwaddy="3597077" prorexIngestaHows="55049881" kanoneQuaighBurbolt="255911">
        <luckfulSairlyLibeler>oboli</luckfulSairlyLibeler>
      </franklyShip>
      <foutraBanghy geegawsBetrail="anticalRuborTrabea" stagyCifDolphin="adaptLengerCuritis" senegasQuaker="casuistTurgorSpales" moton="filetedCupless">
        <cursersRussety>taurine</cursersRussety>
      </foutraBanghy>
      <aeneus onstandCoats="subaAtoner" carboxyJays="pyroidBilsh" replow="267082318" deprest="hermele983">
        <bigheadRavenedLibido>926678</bigheadRavenedLibido>
      </aeneus>
    </shooteeExpedeShree>
    <rodlikeCruorin>
      <sigGayyou>britons3</sigGayyou>
    </rodlikeCruorin>
    <besSaffronCookie>
      <thecaeTwosome>sabinesMarconiFlask2555</thecaeTwosome>
      <camanFellows maxixe="spuingHallion" warlowMimingRipieni="twosomePantSwather" attics="gigasPanned">
        <slowrieDreep>66757714</slowrieDreep>
      </camanFellows>
      <solsDoricalBeaker rivoseMaunJoists="betornYahganShegets8600">
        <swaySwiz>knavess</swaySwiz>
      </solsDoricalBeaker>
      <hayersSpilerRunnion bergyMogoteHatt="ainee3" calaisPercussUnsplit="5" sumpage="unwareSkimpyBeisa" billie="graveryVenerer">
        <dustoorNurlyByworks>hokey745</dustoorNurlyByworks>
      </hayersSpilerRunnion>
      <quippus>
        <unpityBuggane>ocypode</unpityBuggane>
      </quippus>
      <victorsUtas matzotNasalisSimpler="invHoofish" sowleDonna="baby">
        <gametesDeiparaQuod>evelinaDamozelAnglos</gametesDeiparaQuod>
      </victorsUtas>
      <extreat defied="3" matrahPrecipe="owkFoxtail" pyoceleRedress="pigmentFetesTiler698">
        <mahometChuffedPair>precelLineasBemuck</mahometChuffedPair>
      </extreat>
      <gingiva toea="lushesOralityBesiren" goutMarkup="238866925" listredCottrelBilboes="doting" viddhal="duodenaSalique">
        <passoutBatch>cavernCoggedPrecel258</passoutBatch>
      </gingiva>
      <cainianBaggers taiver="yperite" semois="24735087" wanyoroBillyer="courgeRohunToluic">
        <meanieUraminoThetine>45</meanieUraminoThetine>
      </cainianBaggers>
      <hussyDericPorger hipposMeisjeNiggard="forerunMalmock83">
        <charred>bourranBitches</charred>
      </hussyDericPorger>
      <obolsMondos educiveEvilestDiceras="logansFogdomGervas">
        <docileCroisAlgesis>9025767</docileCroisAlgesis>
      </obolsMondos>
    </besSaffronCookie>
    <sundryPashkaHitchy shaktiAphodal="waxandDamosel" cithersFulgidSepiary="20" feebler="dwined" bawcock="7101" planksSpitboxKip="zaffars">
      <vaquero>25377</vaquero>
      <exigentSaivaLiveth cluckIsicle="diducedCholoEmong" ecdyson="sawflyBuckle" bluegumMight="16">
        <unlucidLekha>erminee3</unlucidLekha>
      </exigentSaivaLiveth>
      <woodboxCaukingSkims maddockApioleMensal="weemen7908">
        <yemingElver>ursonEchos34</yemingElver>
      </woodboxCaukingSkims>
      <typikaAminEnvoys reckSarsen="ribbing" praecoxCumar="295487" fight="rim" agarwalStookie="mentalPepperySally">
        <figless>llautuSpiel4</figless>
      </typikaAminEnvoys>
      <amyroot eulogiaBeware="dwiningBuzzwig8" enuresMucksBakery="imitantHucho" machzor="goyanaMolalaSwager" roachesHefted="rakeryMolarTiffing">
        <dayglowWeinersSinners>livensTamest</dayglowWeinersSinners>
      </amyroot>
      <swarbie deerflyWow="273367551" arainsTutoyedStobbed="williedMadrono">
        <rumal>oreticCorbet253</rumal>
      </swarbie>
      <moonerBookerDefiner dozedUnhardUrodela="4" itchingSabins="besugar">
        <hatbrimBeglad>elemisRestioRefiner</hatbrimBeglad>
      </moonerBookerDefiner>
      <alcaliBoloneyGrogram>
        <apteranBaleful>fash</apteranBaleful>
      </alcaliBoloneyGrogram>
      <obadiahPam ruewortFloranSubgum="dewlapKeelieInwound">
        <smallyGuylineWeakest>newcome</smallyGuylineWeakest>
      </obadiahPam>
      <augustApollos garni="scatBecks" disodic="559097" onaggriWhist="macaber" evese="42677305">
        <ioniser>hammaidMulledAmusias</ioniser>
      </augustApollos>
      <smokeGodling>
        <wuduLeto>dearest</wuduLeto>
      </smokeGodling>
      <sunspotPresoak burdieHarns="scartedAcaena" timet="lingeBrucia70">
        <suttenBeclang>snapUnlit</suttenBeclang>
      </sunspotPresoak>
      <hatchelEbrietyBowless veriest="coxesPotrero" tabbied="eirenic" zygoma="693710735">
        <zinniaArrivesUnclamp>tweetedPoise</zinniaArrivesUnclamp>
      </hatchelEbrietyBowless>
      <diluterRajasRepick macaboyOrage="steenHoneyed" fanworkHornful="6068184">
        <staabLendFieldie>rauraciFip</staabLendFieldie>
      </diluterRajasRepick>
      <shariat trompes="pileus" newingEchoBeking="fangingOrgans">
        <wasangoWair>cobsQuinseClubdom</wasangoWair>
      </shariat>
      <nuclein>
        <stoolKamik>355687444</stoolKamik>
      </nuclein>
      <oxazin kamalasWent="sanifyMorton1">
        <rampage>1</rampage>
      </oxazin>
      <epihyal enrageCufferHedges="2856601">
        <avernalMotherTotora>irianBelue</avernalMotherTotora>
      </epihyal>
    </sundryPashkaHitchy>
    <unclay>
      <lopemanReactorPlunger>dogalTasian366</lopemanReactorPlunger>
      <sievyXoanonaBothy pomak="randomsDestool" nid="sotteryMancheHedgers54">
        <outdid>nandow</outdid>
      </sievyXoanonaBothy>
      <xeme turingSleekerRyots="upheapAlbugoQuits">
        <famRefile>defendsMuddied</famRefile>
      </xeme>
      <azoxy ary="46294784" salvy="hoerQueaseTahiti" engoreSkeough="moulinPhoceanCough" conedHawsing="10">
        <snuzzleOrgCopeia>iodolKatipo</snuzzleOrgCopeia>
      </azoxy>
      <enkraalYowSolon>
        <bournesLinder>berun</bournesLinder>
      </enkraalYowSolon>
      <eviller troops="warlowSoorawn770" boxroomHovaInner="zaniah" racks="50412" amoraicSpandyNocking="abcissa7182">
        <atomDoaInvenit>enrages</atomDoaInvenit>
      </eviller>
      <dewaxBud cabbleBlazers="cabbed14">
        <lanewaySwayer>vanillaPoonsCompt</lanewaySwayer>
      </dewaxBud>
      <lacemenAngiomaBacket pocoson="scaffieBastersSibyls" canoed="peltImbued">
        <bibble>mammersAnoxiasAppends91</bibble>
      </lacemenAngiomaBacket>
      <aineDoubly>
        <marwerGlettyBablah>jazzbowCamusedBerycid</marwerGlettyBablah>
      </aineDoubly>
      <dooGuldRibs>
        <netherDenudes>brelaw</netherDenudes>
      </dooGuldRibs>
      <pesadeStonage agamasMorphosAntrums="50966" easelsGtc="rammerGravity">
        <pomp>554075233</pomp>
      </pesadeStonage>
      <runes synodal="holing">
        <escapesTartest>bienNumps</escapesTartest>
      </runes>
      <renterPachak bradawlAshily="unroastReseda19">
        <aumagaPortass>smithamAggiesMaizer</aumagaPortass>
      </renterPachak>
      <faithedMankieMafurra>
        <hireman>sphalmaSclate</hireman>
      </faithedMankieMafurra>
      <barmoteFlying uprestMulletSurety="barrace" shureAwm="armouryWynd" epigeicTyphoseAmoraic="troppoDeploysCrisper">
        <nielloTecunaIntimas>yipFeasterQuavery</nielloTecunaIntimas>
      </barmoteFlying>
      <indeedyDromic weanerYode="reslay" heistedSwarveVaria="brustleUnoiled22" louted="427">
        <baptise>nymphal</baptise>
      </indeedyDromic>
      <tropylAmadisBarton coremaOvicideGambles="bussuTawie" dicyema="gleitClippie">
        <banshiePaunch>7933525</banshiePaunch>
      </tropylAmadisBarton>
      <borani brewerWhiskerTellina="65596" zoll="sungarDownersAmperes">
        <glucine>dixiesOotwithGelder</glucine>
      </borani>
      <bedeckBipolar frocked="hexadeFawnier5" ancilleHemiamb="41">
        <sumen>obecheLeecherMoudy</sumen>
      </bedeckBipolar>
      <jejunalAortic>
        <wemmyWasheryCasher>daisSagerBagels</wemmyWasheryCasher>
      </jejunalAortic>
    </unclay>
    <pochadeSunbowAlbania>
      <frondProems>bedustTondiSaip</frondProems>
    </pochadeSunbowAlbania>
    <unreelRhymers>
      <phiz>hokiestPewageMixy</phiz>
    </unreelRhymers>
    <zemstvoPolladzCalvish mortalsNattier="curlers" codecRipienoBambini="genoese6" cured="3663" pilateWhitmanJuliet="silkierFerns">
      <menoRattledCabalic>retheMomble6009</menoRattledCabalic>
    </zemstvoPolladzCalvish>
    <bractea trinketCleukGusher="poochHallowd690" skidderForewitWhee="foetusPlouky" bdftLummox="reaved" sinkUndusty="alarumsViewsRobert">
      <yashmakCymbate>779626</yashmakCymbate>
      <spinetsCrapEdgrow>
        <tinpotFrozenRutin>24</tinpotFrozenRutin>
      </spinetsCrapEdgrow>
      <shinsNeuroma estival="wooedDrattedBlackey" kneadedLithateTomans="mongoeSnubDagoba" spicerBilosProtest="runkles" dautRewroteSucre="slinkerKenai">
        <inbondCeps>semperDesoleGolem3</inbondCeps>
      </shinsNeuroma>
      <gallize shared="shipfulTarreOglala" kiddierStopes="dropvie" cypressCrotylArabia="1448859">
        <finderUnbayTaxes>heriotLoquent</finderUnbayTaxes>
      </gallize>
      <elijahSunwayPeril hymenAditus="86196" beneath="rekingCosteanDourer7915" orsedeRiant="kitlingSituHornist834">
        <drutherCribralTournai>roustedWalrusGrunch</drutherCribralTournai>
      </elijahSunwayPeril>
      <gorGermierViolate bloomed="dipsosUpscaleGlossal">
        <saucing>toshyDowlAkhara</saucing>
      </gorGermierViolate>
      <aerate>
        <mudweed>tidingsFranzy</mudweed>
      </aerate>
      <mamsellGair naggarTutelo="collatClaver" latham="11">
        <ecbatic>crozierLiernesWahima6</ecbatic>
      </mamsellGair>
      <twiRunnethWarning trophicOutsulk="kithCyclusAmbash">
        <speeledSunwayGarial>tineinaGuckClapnet</speeledSunwayGarial>
      </twiRunnethWarning>
      <wakyAmphionIsleman punsFanzine="72064" tabby="maiaSewage">
        <navetaDruith>vast73</navetaDruith>
      </wakyAmphionIsleman>
      <mealie quassesChest="braker" bepuff="812671069" abstortPensumUnheed="950418196" panmugPokeoutFeints="shyamAnaboly">
        <sootierRediaeBolo>aridedClavalHyrax761</sootierRediaeBolo>
      </mealie>
      <puisne>
        <tampaJutkaEfik>acacianHighishRoid</tampaJutkaEfik>
      </puisne>
      <blancsSimmonCardial glazilyIngushKaroo="dotedConventAcoupa" maioidPinyl="68" badgingIsatinGepoun="dithery">
        <rookishUnethicOutflee>ferijee</rookishUnethicOutflee>
      </blancsSimmonCardial>
      <dehull perkyBarrera="bespokeJohninWhims4427">
        <balsams>84</balsams>
      </dehull>
      <nubbledDitches woohooWashStriver="whizzer">
        <gristErogate>pawnieAnopla</gristErogate>
      </nubbledDitches>
      <aheadYawned amalaQuantsPertain="unknitTinfulsDominus7933" aphoriaRhoMedio="fermiumCapronLorgnon" outeyeHogDemove="funkiaYadava">
        <buntyDeltas>droitsEwers</buntyDeltas>
      </aheadYawned>
      <serumsHuskersJejunal>
        <mulches>skysDikeGrooves</mulches>
      </serumsHuskersJejunal>
    </bractea>
    <awebandCertoseFlares>
      <muette>vittled</muette>
      <casernRhatany dagosOrtetLevier="beteemClodder" obeah="frumpBalut" perditMoolveeSong="fatting">
        <ozonateShaysBruised>28403817</ozonateShaysBruised>
      </casernRhatany>
      <deciles moet="canoeRykesKiku" wormersTrenchMasted="quayageViaticSpeech" morrosDogheadGrusian="tyredTermerUnwaked" culexColter="79">
        <assess>4</assess>
      </deciles>
      <postern miswishPodosOutgrin="5" rassles="sisiPercidParian" coryciaRebrushLaccol="dadaistLadybug" ragmanMobula="fikery">
        <virgulaFringeWagoma>drawnly82</virgulaFringeWagoma>
      </postern>
      <notatedKousinVerity logwiseMwa="cooler">
        <embower>kinaseRabious</embower>
      </notatedKousinVerity>
      <graspIsohyet thirdSootily="orchicCoppice" fripperJaunManifer="bluejayYourselHeapy">
        <leviteFecklyWaltz>sewed92</leviteFecklyWaltz>
      </graspIsohyet>
      <rifiSodamid zoaSomalo="global" woodingSomedayMotions="770055">
        <utopiaOnyxisKercher>cascol</utopiaOnyxisKercher>
      </rifiSodamid>
      <lobfigHoboesNaggly bourder="dualiGovern">
        <broncoVigiasLoglog>58997288</broncoVigiasLoglog>
      </lobfigHoboesNaggly>
      <daza digitsOxbows="upblowPlumbumPapuan" ovoidalFlokite="5578999">
        <muffinDamaOwned>maftirWastme</muffinDamaOwned>
      </daza>
      <synodusLuted>
        <suggilCyrilla>dured4542</suggilCyrilla>
      </synodusLuted>
      <neuraleEccrineWillet>
        <arracksWoodies>72</arracksWoodies>
      </neuraleEccrineWillet>
      <aithShittyBoney rearing="bungaHoorahMayhap">
        <cypraeaAvulse>4557204</cypraeaAvulse>
      </aithShittyBoney>
      <juftiMangeySawback hirerCatso="dandersMahwaTanwood" daphneCaution="bogmanOrganum" spline="gangersObverts2158" obscure="layrockDecadalAion">
        <fleetsRefired>51</fleetsRefired>
      </juftiMangeySawback>
      <heckles hypingExrxThecial="pesa" decousuTowneesKayo="liltsNewmown" prismal="shickFabling" ponto="uncurstOoflessChufas">
        <promit>soshedNunnery4260</promit>
      </heckles>
      <leapingMalice>
        <matcher>toto53</matcher>
      </leapingMalice>
      <raritySixthly gentleAddendsWrapped="451" cixoSanableHernant="carbora" hitchedJesteeKwhr="darinMaizeStanks">
        <plastin>98056</plastin>
      </raritySixthly>
      <speakFiglikeComic trindleIntuentGallow="rorippa">
        <ighly>pandour</ighly>
      </speakFiglikeComic>
      <wallachCabin>
        <uncoat>235265</uncoat>
      </wallachCabin>
    </awebandCertoseFlares>
    <subtone cairbaBagieOncost="squegGlutaelDrops59" spangedRouth="dorneckAigerMeros" burao="vacatedShamirStigmal2201" jeridSnitch="anticlyOrangAlveus" cataianGresAdorers="laccolMeinJejunum" boil="trinitySturkSkydove">
      <paepaePixie>ptolemyCheddarWraitly</paepaePixie>
      <discamp dryinid="todderBouchal897">
        <faldaOrvieto>5642859</faldaOrvieto>
      </discamp>
      <formats bejazzBrassedBrewage="natallySculpedPungled" duodenaSurviveDeleble="kondePptGonapod" rebornWar="4016714" thoralEelOsella="gibierUndeck5555">
        <groperCabaretMavies>seawanDoers</groperCabaretMavies>
      </formats>
      <sleetyStylate spail="sizer" flickerCainismHyoides="beethToother2888" packing="989775" thesaurSweet="perriesAzureRanter">
        <disleal>jeerersBekiss</disleal>
      </sleetyStylate>
      <haji fiddlesQuinet="enwallOnymal">
        <pectizeCartersVedist>tidiesMomuses</pectizeCartersVedist>
      </haji>
      <bejaAcceder crozzlyPah="libardPuppingLish" lapilli="doxaTidelyUlnar52">
        <spasm>quaeres</spasm>
      </bejaAcceder>
      <repayTriciaTipmen lumenalHagborn="sevierIlissusMarlet">
        <smuseFraenumDrowsy>dumpyPathic7</smuseFraenumDrowsy>
      </repayTriciaTipmen>
      <flumpsValuers benuDowment="fungiteSuckageThort" jigman="freezyTabesHamadan" currentPriss="sawfly" bobcatGubboCurrier="trismusCuretRedroot4">
        <grasperSalmiac>annihilLauraeHarmout</grasperSalmiac>
      </flumpsValuers>
      <parangiBemadWeaker ricedCraggyDouche="oxlipsSagathy" variac="lungyiCytase" jazeran="naether" cadjanProagonPochote="crusado">
        <snarers>djebelBrulee</snarers>
      </parangiBemadWeaker>
      <preveneDjinni glomDrifterVinal="twoRecaps" iodinesSudanicVulnose="671083822" duddleMolles="89" venetic="69">
        <stopersScreich>cramble</stopersScreich>
      </preveneDjinni>
      <humblieColk carvene="begum">
        <carkledAprocta>suturalParkyAgue8</carkledAprocta>
      </humblieColk>
      <marineAkamaiPutto gravidUsher="methaneDayak" kekuna="1569214">
        <kakkak>39871</kakkak>
      </marineAkamaiPutto>
      <trochalStylliConnote>
        <deign>51354</deign>
      </trochalStylliConnote>
      <ontaric strakesRamaSigfile="vicugnaMuddingTeuchit" gensengPoodle="varia">
        <kadmi>lobarJambes</kadmi>
      </ontaric>
      <tentilyPlunk woaderAided="funsInnersCoisns" lintenPuebloChomer="1132" waterHenbaneCarduus="glarQuinton4">
        <quilted>394067</quilted>
      </tentilyPlunk>
      <staid uvresHoming="tussive">
        <stroupAmbuliaBego>zimb</stroupAmbuliaBego>
      </staid>
      <colCocked skift="fled" aubrey="bettorsAds974" meebosRusot="lintolsArduKyanol" unrazed="8869777">
        <ausuboUnroyalArrayed>deniesRuddier</ausuboUnroyalArrayed>
      </colCocked>
      <ossalKers ectopiaAlachah="indigenBathmanTulchin" mardy="cavatedPorer" taphole="quaggleComtistPunner">
        <figwort>91224046</figwort>
      </ossalKers>
    </subtone>
    <buriesAnkou fhrer="hussies1272" cymule="966" purset="bached" vapor="susieRierBallard" sixteenLatedDemoded="ambashEwhow" rantanDiacocaQuaker="pshawed" infallDadayagNuggety="3248">
      <misseemDozyFlirted>2995</misseemDozyFlirted>
      <tind linksUnplaidUnavian="4" snobs="660737">
        <qtdKahuna>briteIqs</qtdKahuna>
      </tind>
      <steenFameuseSheathe fordullRemelt="tonto" escapedBrochtOylet="cannotShort">
        <vivaryTriunalMaxima>mouilleLeafs</vivaryTriunalMaxima>
      </steenFameuseSheathe>
      <ratoEpilogGarron>
        <shareef>ramsGouacheKnacker</shareef>
      </ratoEpilogGarron>
      <bruchidTurningWizen slicers="35467372">
        <ancone>88</ancone>
      </bruchidTurningWizen>
    </buriesAnkou>
  </gershonEnfork>
  <mibsCuttage falsityJewelerElinor="9271326" periteMayoral="umbrose" sharerBoiiPolygam="causeysSialid">
    <outlive logwise="goober15" unshop="wappo260" satanas="unclubFlenchDated" bedaubs="puffer2195" parlourLams="tiro" cloyed="459">
      <becausePussies>rowdilyCased</becausePussies>
    </outlive>
  </mibsCuttage>
  <efikComanMarco>
    <cuddlesLndgVersts>
      <cayapoRagasPapize>758</cayapoRagasPapize>
    </cuddlesLndgVersts>
    <shrives>
      <winged>hooping</winged>
    </shrives>
  </efikComanMarco>
</bemazedMoro>