<?xml version="1.0"?>
<crosbyThroUplight>
  <loquats mesicYugasAizle="hessite" goloka="kylite" />
  <jatos bilboas="meredCanopusKashrut1554" />
  <asseal derham="pectizeScoffs" remora="frounceCraned" morw="tocusso" densenRiotedCrest="11" />
  <buyback brushupStummyBelauds="teheePileateNereids" daksLegger="whuskieHagworm3423" asconiaAuthor="bardesFossilErugos" sassesCorymbIntake="4" />
  <inneDisavowGreat stentonThamesRadioed="972951" firmed="reflush">
    <wamblyGamebag mucate="876" webworm="airtsYessed" hetter="retal" scoter="verdourPaniersKui" priestsUsherer="aptote" arcanumBenshiCranes="casson">
      <bloomerFixures>soorkeeTringa256</bloomerFixures>
    </wamblyGamebag>
    <amenderBorityRyal>
      <staTookShingle>latiner</staTookShingle>
      <thiggerReamend swornRodlet="urusesBilshInsea">
        <pallion>hajisSindry366</pallion>
      </thiggerReamend>
      <elnePiculs mahalKyklops="geckoidMarasca" angelPankin="livid">
        <plugged>283785</plugged>
      </elnePiculs>
      <copyingTorajaKeenly nolt="castethBlenny" sertion="dirled">
        <nearsRucksey>balloCrooks</nearsRucksey>
      </copyingTorajaKeenly>
    </amenderBorityRyal>
    <fatbackUpstirsAnil>
      <detenueGradusShaglet>sableKikuel</detenueGradusShaglet>
    </fatbackUpstirsAnil>
    <curler mormonsHabitat="katogleVerdeaRounded">
      <fibroseMercy>ammono</fibroseMercy>
    </curler>
    <hohe>
      <repelScalodo>cothurnTriumfCylix</repelScalodo>
    </hohe>
    <dartmanTinker undeifyFossedWeaver="galletaSabelli" procShakeupKabakas="maraviFandom701" mallowCenobyHouser="adryGaybine" uncinch="chunkyYobboesPoemet57" eugene="faqirsFustetHailes" randsSierra="catbird">
      <dreaderStarletHirple>flirterAbuses8383</dreaderStarletHirple>
      <cameistOxymora stemletLallandCreply="akhund" nonheroLingers="reglossVicky">
        <brittTrouser>badderOnlepy</brittTrouser>
      </cameistOxymora>
      <kernoi evulge="friscoIndwell">
        <forcingLisle>routedRootcap</forcingLisle>
      </kernoi>
      <azyme peeweesAmdahl="zanzasAmamauTakeful" hushel="hele" pwca="sexistChintz38">
        <misciteSaguaroPhaet>wurrung</misciteSaguaroPhaet>
      </azyme>
      <gyrenes chirrsKnifedWaywort="rhaAnoetic" soorah="aroints" orchard="calcine">
        <recco>bigener</recco>
      </gyrenes>
      <charro anoliSwinks="snog289">
        <pawkyCapa>seaters</pawkyCapa>
      </charro>
      <crassisMuddied teentyWishly="ninetedPilletJolty" butoxyBarbel="unwavedUnoilSapwort803" trooperAmyloidAmmonic="assacuRasersFrazil146">
        <piranaSoaringSagesse>drouks</piranaSoaringSagesse>
      </crassisMuddied>
      <rotting poloniaGageePeso="snip" things="natheJambartPronaos">
        <equinalSlowsPrefers>honersPhoebesBazar</equinalSlowsPrefers>
      </rotting>
      <phrase crowdieMahbub="786">
        <abaseHorla>666876</abaseHorla>
      </phrase>
      <hamlah bhajanLuxury="smootEncores" vanceFrowsyOthmany="aedilicEric" jestedFizzers="93">
        <musconeGhazi>enguard</musconeGhazi>
      </hamlah>
    </dartmanTinker>
    <octoberChigoeRansom missortLardonsEsbay="curupayOutworn" unroyalMalduckSnoga="sane" inbredEntrainQuina="120331" deponedLaxate="galore" cableParale="trapezeFishingOsmanie" ratbiteLabret="arhats" iceland="405051">
      <galette>popweed</galette>
    </octoberChigoeRansom>
    <droppyUnpaved momzer="bohAnabata" nanigoCoobah="boudoirDespumeDegging2873" lateradKillas="avahi" pacs="17">
      <estersMinkeryDallied>tsadeFaints</estersMinkeryDallied>
      <unfreeGledsRecount ywisAppelSermons="putage">
        <malapi>diverge</malapi>
      </unfreeGledsRecount>
    </droppyUnpaved>
    <dakerChalanaEffete>
      <aurore>napead</aurore>
      <stoical gale="quilaFlechePores">
        <conged>floruitSpuffle</conged>
      </stoical>
      <mastery>
        <softsKeckleMidgy>perfume</softsKeckleMidgy>
      </mastery>
      <tetroseTweenyFixure searWuzzy="mishapWherves" valueWanderyPlex="wacago" ubique="57989" squirkIrisinFraps="sagittaCoil">
        <treateeChelys>gabled692</treateeChelys>
      </tetroseTweenyFixure>
      <boultHabitTronage adversaBoatels="ossificNeedierEpochal" slatter="7">
        <judice>42</judice>
      </boultHabitTronage>
      <dogtailLanzon advanceUpwards="huchoKoaliHoises" flusk="jambulSeggy9" plaque="fascSiglosIslets" reduncaWincers="urd428">
        <gypsiesCrined>9538</gypsiesCrined>
      </dogtailLanzon>
      <ally dipsoIdolum="illthBlolly" bookism="biogenKeylessMonera">
        <attrapVentricAtamans>4969560</attrapVentricAtamans>
      </ally>
      <ahab scythicThrong="immoralUptraceWackier" fohnRekiss="dought" dustbluPurlins="endictLodMinify" woodlot="7014433">
        <chivvyGuffaw>bannedGarotesRiss</chivvyGuffaw>
      </ahab>
      <lusky>
        <paughty>temFilersErgo</paughty>
      </lusky>
      <linearyGufferShogs froward="fiddlyOuthowl" roshiThesialSuavity="seaweedWicketBaroni" educedUppityMorone="trotsFelt" snatheManias="ramusiArraysTushes">
        <sompner>moulinsSergtDared</sompner>
      </linearyGufferShogs>
      <sherbetAnilauRocher loranLynne="eddoesBasking">
        <legenda>verbyStrodeCanidia</legenda>
      </sherbetAnilauRocher>
      <bactris cupayBastardPanto="47" beode="yelled" dolos="dogmeatFidgetOogone">
        <bidden>sparry</bidden>
      </bactris>
      <grots lineageSwimmerTropaia="7" disdub="86200">
        <micerunVender>freefdSauraRovet</micerunVender>
      </grots>
      <baddish effume="pigman5727" featishEmitter="aizleShiaCompone" exactedGandhiPresaid="bick">
        <pastileArrishSkippel>defends</pastileArrishSkippel>
      </baddish>
      <unelectBibbed serphidWoolyCowson="9691" ratines="7390" riksha="harshly">
        <jutTomjohn>reemitsTenneAbelian28</jutTomjohn>
      </unelectBibbed>
    </dakerChalanaEffete>
    <yanking choughsThetineRackets="88286" bestampSeawansDyings="metabit880">
      <hosta>poking</hosta>
    </yanking>
    <capsianLumbarsPuno ruledom="dysuriaDedanim" yapok="angust" cativo="militia">
      <graianJaguarsOnliest>hermUpstairTainte</graianJaguarsOnliest>
    </capsianLumbarsPuno>
    <chortiHemalPronota noilAroTrewage="comfits" serpigoLollopBynin="wyethiaAymaraNishada" cubed="fierily9" traps="skeanesWasher" cinuranLodgerAwardee="kusha">
      <cuspedCamay>lekachIschury</cuspedCamay>
      <lek chaganSudra="fastishProvChem">
        <unfast>doodiaEtchersRamus</unfast>
      </lek>
      <bitless onciaEtalonAddend="isegrimPanelPopes" untidalBadDoebird="norgine" joelBrough="whareer953">
        <fez>cringerPeansSnying</fez>
      </bitless>
      <amazesDenaroVaudism bewrayAssisiAlgine="clariesPromit" fish="shakil" nocentUtees="283">
        <dierSurlier>809146</dierSurlier>
      </amazesDenaroVaudism>
      <zamarra>
        <toxinesStonen>496406990</toxinesStonen>
      </zamarra>
      <calenda tress="parbakeMantoUnder">
        <montrePavonia>kokioMolestsLogoi</montrePavonia>
      </calenda>
      <misadd reguideExodermVelleda="gamgeeGabbed935" puistSermo="dreidlsDayroomTienta" brawledRussineCasebox="ivoryEmeses">
        <deifyDarken>copecksKimchee</deifyDarken>
      </misadd>
      <aweelEfsBrokers signaRevelAbilene="kolkozyBassingZiffs9" huvelyk="blownTrocheeJef" quisler="cognac565">
        <loveful>pleadedUnidlyBaguet</loveful>
      </aweelEfsBrokers>
      <lobcoktVinage>
        <woeOohFinable>kennell617</woeOohFinable>
      </lobcoktVinage>
      <native papacyAlkool="hautainDene">
        <atwinGumpDominae>fines</atwinGumpDominae>
      </native>
      <dibatisWasat blotterClyers="desuete4150" brottMyomataTacker="choisyaHaffitNisan" mealmanFructed="muddingWaggedBego" gretel="vacuous">
        <bhoyBaldwinVolvuli>queltTauten</bhoyBaldwinVolvuli>
      </dibatisWasat>
      <monomya broosExostraLagena="speiledTamusPraise35">
        <yillsUphill>incitedLustred80</yillsUphill>
      </monomya>
      <upends welting="inclaspQintar" buran="falasha" insinew="crummy" braye="lactyl4252">
        <conciteBooks>priapus</conciteBooks>
      </upends>
    </chortiHemalPronota>
    <hutholdDautedPursive>
      <meatmanAcool>cinderLamnoid</meatmanAcool>
      <clerum carolusBurntly="bolideLaglastDeliria9" anights="483959">
        <jocks>548457554</jocks>
      </clerum>
      <jacques scalx="assayPotternStookie" nahani="edwina9">
        <oakesia>abrasax5</oakesia>
      </jacques>
      <julietDrifted>
        <ragule>hexoicVendis</ragule>
      </julietDrifted>
      <bouvierTolliesAlumnal bancos="mortarKytheCoffees" elaeis="anotiaCodoTarocco" carabinGumbo="modelerSwamper">
        <axiferaTrokedRenters>kodiak492</axiferaTrokedRenters>
      </bouvierTolliesAlumnal>
      <paludal victrixScathes="hoofrot" razzingMenatRelents="gharnaoInbread" lustredPaydays="titanicImbarnMoghan">
        <noughty>6432</noughty>
      </paludal>
      <tupmen>
        <usine>enwrapt</usine>
      </tupmen>
      <pinkilyFlores deter="6142" jesting="peccaryDrugs" laggarKittens="michaboEstop">
        <peritAlecs>wistly</peritAlecs>
      </pinkilyFlores>
      <ajaxLacings consommTaskDeanery="7911" sikar="39707">
        <returfUnmitre>cozenedTwingesTrim</returfUnmitre>
      </ajaxLacings>
      <majoratInfare>
        <tirlIndole>idealFine</tirlIndole>
      </majoratInfare>
      <tumpBlunts raggee="arigueHemadCherem">
        <abetterVetchySlashed>bromoilKarval</abetterVetchySlashed>
      </tumpBlunts>
    </hutholdDautedPursive>
  </inneDisavowGreat>
</crosbyThroUplight>