<?xml version="1.0"?>
<huzoor>
  <amuckAvernBidpai sepaled="padlikeAsahelPatch" dotchinPried="67" appeach="unminedHydage">
    <amianthCalcate abasia="foretop8" draine="tangaMah" whiskCoifedUnicity="4390023">
      <fondedMahuang>adjudge</fondedMahuang>
      <ospreysPoachedMagot gaySertion="984705576" shilletPilikai="anergyElutorEelfish19">
        <loppersPharmic>gophers</loppersPharmic>
      </ospreysPoachedMagot>
      <ermaniImmindNide eetenCubistFondled="gardenWelded">
        <dianiteBreagheUpsent>cajole</dianiteBreagheUpsent>
      </ermaniImmindNide>
      <sorite kashasRomaic="fondledMicahOctofid" mbirasTryms="rignumEricoidTamped">
        <litter>ambo</litter>
      </sorite>
      <tectona begallMitty="apparCrawledSieved" axersGrowlyPredeny="costfulOuranos" pomfretStyany="toxoids" corbanJabbingSegment="pumeIschury">
        <kachari>karthliPistiaWarhead</kachari>
      </tectona>
      <corv>
        <untzAcopon>itemedMiddler</untzAcopon>
      </corv>
      <grecale bobber="54221176">
        <wolfmanVertuRaploch>dhootiFloatyTamine</wolfmanVertuRaploch>
      </grecale>
      <syneCorver>
        <kedgeJunctlyKaroo>895538718</kedgeJunctlyKaroo>
      </syneCorver>
      <chaunaVeddaDehort gnocchiYemenShakers="beerish" axungeChurr="phearseClassPlaguey" tina="uprestStuiverScanned57" arrayerSoorah="nipterFoyers">
        <cytozoaShunBiuret>surnap</cytozoaShunBiuret>
      </chaunaVeddaDehort>
      <kayoes wittily="3897" danite="boshIndolylStail" soilure="62215845">
        <missay>697</missay>
      </kayoes>
      <edgesSomewhy rancioLionizePeiktha="etuvee" uphoveMessing="558577964" yowled="axlikeSquader">
        <vowel>mizzles7865</vowel>
      </edgesSomewhy>
      <blubbedTarheelFeued pepperFittierSayal="sigmasToque" butinCeroteYeans="mujeresHavanceRetip" odoursSwalePistols="instore" subjOclockGloeal="flagonSeraPewing">
        <morulaeYojanSighing>viler</morulaeYojanSighing>
      </blubbedTarheelFeued>
      <nizams aahsElaidicQuaver="377">
        <smelledBecurstEpitria>hervati</smelledBecurstEpitria>
      </nizams>
      <bothersFiacresPremit>
        <nivalUpgrow>amasser700</nivalUpgrow>
      </bothersFiacresPremit>
      <lewises sabresNigori="hyphaeVexerWamuses" yeatherDueful="slimy3150">
        <adeptsPaschGloated>dbmsTegumen</adeptsPaschGloated>
      </lewises>
      <ahet spoorer="augmentBones" couma="gutsManeh" pippinVenae="samanRelockBioherm987">
        <joltier>alypumFneseStarken</joltier>
      </ahet>
      <calashComfyHunder rumbo="ananasDamesKelper" luggardAthrob="irishAmellusAmbers">
        <vacuousBaloneyRelimit>dosisNinox</vacuousBaloneyRelimit>
      </calashComfyHunder>
      <blare>
        <ligularHoeLotrite>banyanDragon</ligularHoeLotrite>
      </blare>
      <zoniteProfit timberyPedeses="aluminRexesSylvite" speckleAlewife="hurrooAryaEstrepe">
        <dbms>yirredFokker5</dbms>
      </zoniteProfit>
    </amianthCalcate>
    <scamsHostler>
      <delimedEnlink>azolesJointedLockman</delimedEnlink>
      <hollows>
        <eartabHating>586845</eartabHating>
      </hollows>
      <extypalAnnexerSibrede terKilned="benchesRashers" mangierLathery="541779738" alenu="locnAltaidHareems">
        <tanghanFaders>velateOsirism</tanghanFaders>
      </extypalAnnexerSibrede>
      <heirlo>
        <exptlFrontal>geraraCloamen</exptlFrontal>
      </heirlo>
      <trisomeFrauen grinter="65845009" antitaxPutchukUzbek="ascesisJerseysNelson">
        <agalMetinAshcake>2663</agalMetinAshcake>
      </trisomeFrauen>
      <crudle>
        <canguesTucktooNaganas>uncutPraiseCatti</canguesTucktooNaganas>
      </crudle>
      <sharedJellily vairagiDolosNarine="storey">
        <forrel>941793870</forrel>
      </sharedJellily>
    </scamsHostler>
    <sakkoiSiresUrds>
      <gulgulWedeln>skeelExtaticHeavers</gulgulWedeln>
    </sakkoiSiresUrds>
    <dalliedGrazersHowe hoopmenMidgyVeer="252" alcumyNotitiaAtopies="bravado" criey="607755559" maeImbue="43588" embodyGofferEremian="shuln68">
      <jerkish>leewardComalesProcity</jerkish>
    </dalliedGrazersHowe>
    <platypiImblazeTraik>
      <sicariiAscii>tiarasDesmidsHircus</sicariiAscii>
      <chickeeDopperLatuka poieticSocius="jokerCartelTagger" swiped="dragadeImpeyan">
        <hencoteChappin>imbruteGuha</hencoteChappin>
      </chickeeDopperLatuka>
      <biloxiAlbinic hola="clumpy" smaragd="denizen" joggledBecivet="wirosVotishBocces" calymma="dation">
        <ambledCarers>broths</ambledCarers>
      </biloxiAlbinic>
      <termage chullpaOvationNoah="emigr">
        <briggs>lactantFelidPropose3516</briggs>
      </termage>
      <stoatSadhusLarnax pardoVisnomyUncaria="spillBrickedPayor" baculaVaad="noyful" ownhood="riggersTentsNasrol" browNatr="5532649">
        <naiflyLoner>lifoJiggedVandas42</naiflyLoner>
      </stoatSadhusLarnax>
      <adoresRipper cytodeWytedGerkin="quokkasGradualFriscal">
        <rumkinConger>42538</rumkinConger>
      </adoresRipper>
      <xisSlackTyste vacualEgoize="becallGorgio5" calkingNereid="alienly" silicle="trabeae">
        <dronetLodgesFliers>pausedAmbasSanctus</dronetLodgesFliers>
      </xisSlackTyste>
      <witched framingNatesPrecoil="gulash">
        <sayids>chromoChromosTownist</sayids>
      </witched>
      <narwal>
        <mansionTheciumEthene>4331</mansionTheciumEthene>
      </narwal>
      <lanaoPaunche jokiest="ketipicBlendeLiaises836" briqueDecareSpavins="loring" reifyUnowing="reavows" olioAnadromPhonism="dissueReddish">
        <oatseedLaura>shakti</oatseedLaura>
      </lanaoPaunche>
      <kyriale hiatalSpecArverni="radient" tuples="kowbirdBourrPterins" keyseat="501" clungIsizeOwlery="puraqueMutismsBowling">
        <anticorUncowed>testis</anticorUncowed>
      </kyriale>
      <retagSoulterEmoloa pouce="19719" ineptlyNebbish="urethra643" shofarPostals="spires504" cornets="nunatakSolumsLibbing8">
        <fonted>tussockPais</fonted>
      </retagSoulterEmoloa>
      <floytCunzaChina dessilWangDevove="tremieQuidderHombres" piggFuegianFustoc="ophian">
        <columnaFullishJoyweed>aflatusEmeus70</columnaFullishJoyweed>
      </floytCunzaChina>
      <habusGarvieIlima pacsKnublet="harling" bluffyCaestus="swornPuces" bist="craziesDimply">
        <tassely>hamlineTachs</tassely>
      </habusGarvieIlima>
      <trinity onanKainits="baaliteBef" rematchWildishAmsath="toptailRaySlakin">
        <burnish>gomariSiesta</burnish>
      </trinity>
      <sextilePhases>
        <biocide>engoueDigynia</biocide>
      </sextilePhases>
      <soldansUnspikeAlichel>
        <implialDopiestTomosis>drive</implialDopiestTomosis>
      </soldansUnspikeAlichel>
      <jugerumCutdown>
        <wolterUtinam>acyloxyRhymic</wolterUtinam>
      </jugerumCutdown>
      <doyenSloeErotics anilityRedebit="aseityWisestEvery112">
        <adduceMump>unhendeMithersPacane</adduceMump>
      </doyenSloeErotics>
    </platypiImblazeTraik>
    <ambitUnmowed>
      <wertherWaragi>cunan43</wertherWaragi>
      <nobelPunky mittsWinnard="8184" taversSassedYarely="gowkitDiatomaRivet">
        <publica>fencesThegn</publica>
      </nobelPunky>
      <enoughsRacierForold devise="25">
        <spumesSalish>refootVapoury</spumesSalish>
      </enoughsRacierForold>
      <ermani hokum="troys3042" podsIps="6">
        <packwayCuspal>memoriaSacrary</packwayCuspal>
      </ermani>
      <cullDrokpaJargle>
        <sokoRechawCosh>adiosPiler</sokoRechawCosh>
      </cullDrokpaJargle>
      <grummerClarist>
        <legenda>670559968</legenda>
      </grummerClarist>
      <ayieldHuggin laterad="sulfa">
        <weird>tholing</weird>
      </ayieldHuggin>
      <nobbierUnshapeGarse amt="farleuLasing" cwtButoxy="guinfoExarchs" linkmanMoneys="notchesPequot" mullidAnorchiHammada="bather78">
        <brailedVelcroThala>cartage</brailedVelcroThala>
      </nobbierUnshapeGarse>
      <alkynes waywornCarpaleSmaze="geheyVolapukMesnage" jumfru="pentineYamen" yewPaarSegue="550" burnous="ateba62">
        <heptadPittineSassies>quag</heptadPittineSassies>
      </alkynes>
      <styledAdonean nangaPullingMytilus="bangeHurryBourock" matraShushed="windrowCzigany">
        <jahvismVeranda>ruffsCheesyGobangs47</jahvismVeranda>
      </styledAdonean>
    </ambitUnmowed>
    <etymonsLandingAswim bryoninParra="sawarraAppliedFatwood" vicinalVetiver="admixesMeiobar59" beclangStoking="marvelTeasesBunkers" lademanUnflush="wouchCamaile28">
      <optable>gargetBintsVisual6568</optable>
    </etymonsLandingAswim>
    <woosGonopod rebusesLarcin="7757904">
      <quadratRoxanne>titrantPadauksCirrus</quadratRoxanne>
    </woosGonopod>
    <worms outcookScoke="565221" howbeit="prostoaUberousMurage" swizzTrypticMiledh="gunlBuggerDefense32" wyches="ataxic" humbleIranist="146541367" duppy="aflowSkyway">
      <rodden>dorado7</rodden>
    </worms>
    <ivoried>
      <disuseAphraMaxilla>ivin</disuseAphraMaxilla>
      <beetflyGaffed oxynticVoile="cunetteKwaiken" napead="outslidVota" biliousAddeemGheber="millfulVanadylMadrona" obovoidUnminedAttrap="706084213">
        <jaszOutplay>outwishHitchBaized</jaszOutplay>
      </beetflyGaffed>
      <raddled>
        <blippedOldsBeteach>ytterVivoGremmy</blippedOldsBeteach>
      </raddled>
      <pamlicoDoyleysTroke odeonHatfulsOkes="motif9" unlivesSwerverIndicts="bradley755" crowtoeLeproid="thenageGuldens">
        <wakhiShudna>sovertyDruidic68</wakhiShudna>
      </pamlicoDoyleysTroke>
      <cadukeCapital isosterToolman="squushHarbDiamyl">
        <maudlin>14760325</maudlin>
      </cadukeCapital>
      <orrisBezanty regill="benzoxy" tostonChukka="tiklin30" hankulSphex="potenty4">
        <salsodaTotableQuidder>sparkyBailage</salsodaTotableQuidder>
      </orrisBezanty>
      <destoolLatooka bitwiseStylion="boatmanConrail">
        <choleeResaw>733835828</choleeResaw>
      </destoolLatooka>
      <pirny lustredRomanceEponymy="jovialBalkis">
        <wishy>fooleryReriseGloomed</wishy>
      </pirny>
      <linkman porkersRiff="21444">
        <fallenFreaksEntwite>dulcNosticTubed</fallenFreaksEntwite>
      </linkman>
      <sebific lakinClarinoCameo="emirateOccamyDockman" dazaStomp="bartendScuttle" zincs="pommeManzilRoweled">
        <vagientPigsty>baratteSwoopSpad</vagientPigsty>
      </sebific>
    </ivoried>
    <unorderSwarfKurn tapisApr="africaHeaterPodagra" outmansBinfulShool="granatRushedOno" esses="1002" doggleSappingInking="fishnetLanners" macbethGouge="weedilyClearlyBougar" hirFaciesMutular="miracle">
      <skeletUpupoidOlepy>phonghiStaup</skeletUpupoidOlepy>
    </unorderSwarfKurn>
    <bumwood pendScrapy="accelWellmen" shortie="muggier477" sinawaKatsEther="60" ondinePerryAtaiyal="gulpierViolinaLarrup731">
      <resuckUnhairMilled>ratton</resuckUnhairMilled>
    </bumwood>
    <natu>
      <mannify>mono1609</mannify>
    </natu>
    <pattern>
      <trypetaTonguer>gallops</trypetaTonguer>
    </pattern>
    <unairedMolaryInstil tedge="frapePakawa" zemmiChunter="uptimesJimpy" dryerMesset="plinker52" garredMullen="hitchTwanger" tientoCadmiaBated="amentAegina8" outseeCarien="rambehYakkingRenewed">
      <polewigOnciaMoles>chetif</polewigOnciaMoles>
    </unairedMolaryInstil>
    <sequoiaSkelf>
      <toupetKorari>florula</toupetKorari>
      <glazing waggonAstreChalot="jokulConi" basnat="geomyid143">
        <retakePoignetUnamiss>jimmied6</retakePoignetUnamiss>
      </glazing>
      <fisheryOvercapTurnkey>
        <fewerBurgs>minever</fewerBurgs>
      </fisheryOvercapTurnkey>
      <camataNonlifeElses goerTenner="gulyKbarForeact" namersRampoleShorea="caulkedZunyiteMungrel">
        <garbing>laureal</garbing>
      </camataNonlifeElses>
    </sequoiaSkelf>
    <pesadesDimersAbelian cuminylKorero="mullid" imbe="plaint" rispCrex="delia" colleenKonCalumet="179750331" bleepedHymningUnriped="yeldChiurmBancos" boasterFriezyLacunas="koel" saponulAgamoid="purviewShaker">
      <badhan>voladorTouchedMusion</badhan>
    </pesadesDimersAbelian>
    <amatedScutumSludged>
      <awheftRemudas>palliumKozuka46</awheftRemudas>
      <yewsBalkingEgises battutaSanit="isletGuyerTwicet" bumbelo="7" yachanVacandiPerkin="bendiesDossersWeave" teamerClunistDiopsis="mixtec">
        <myaliaProrexAdhaka>veneryReflow</myaliaProrexAdhaka>
      </yewsBalkingEgises>
      <cassiasCrustWels iguaniaKlino="joursPennaeThickly" guldenSeminalAbear="kiswaTsungtuTolled" lobbishSuomi="muilla" vawardsMeatier="nonylMeanedUngaged">
        <lususes>galabiaAralie</lususes>
      </cassiasCrustWels>
      <trysted gripmanVelte="bentingKarnLucumo" unseams="flint" mismoveFuturalSquitch="albergeUppourThingly" lamdanFloodedPawk="cocains">
        <spacesEyesomeDooli>retired</spacesEyesomeDooli>
      </trysted>
      <naphthaReboldGests>
        <gleanedTrappy>redansEstrone</gleanedTrappy>
      </naphthaReboldGests>
      <palmulaUiguric>
        <hotcha>219395073</hotcha>
      </palmulaUiguric>
      <packsWhar fascet="neifs" mormyrKneeler="leucousKabayas29">
        <anoxiaHagseedFotmal>5660539</anoxiaHagseedFotmal>
      </packsWhar>
      <nunnishInwrapFiltre dorneckPiggy="serian" halcyon="960009" caval="pioneerUproots" tairgerBeantNavajo="443807939">
        <paresisZanza>17521</paresisZanza>
      </nunnishInwrapFiltre>
      <adjustsEpithet oxgoad="trannieStudiedPheny4" duroyUnpliedLambdas="859953132">
        <tangut>cholosPyicJailers</tangut>
      </adjustsEpithet>
      <upgazesBiggie>
        <livenCurpinIntend>strettaJebatNumb</livenCurpinIntend>
      </upgazesBiggie>
      <wommera magpieCassoniHakeems="upfly" unhappyTiki="426" loxic="28018880">
        <kamminaShelvy>reposeJaquimaFiars38</kamminaShelvy>
      </wommera>
    </amatedScutumSludged>
    <cymeDesizeScorch>
      <ethyne>sevener</ethyne>
      <redateForseek volingConrad="laudistTentageFitting" assault="unbarsCored">
        <vespidsUntewed>5</vespidsUntewed>
      </redateForseek>
      <yocked moodily="1964" gutterMuddles="kiowanWiglet" sackbagRanatraSeptums="epiderm">
        <vaughn>serfage6</vaughn>
      </yocked>
      <dittoPuncher nucleli="scarfer" befretBurgageBotfly="enwomanBethumb">
        <chunariMaco>4451</chunariMaco>
      </dittoPuncher>
      <shittedCoffer abib="anilins" arugulaMeaslyChobie="happenSlander" kanjisTens="fardEmbull31" genevasCommaAbongo="dahlinRealistTranky">
        <dildoesLaved>djinnsGuttieJacuaru</dildoesLaved>
      </shittedCoffer>
      <pulahanOrselFeasor snicherFeoffNus="meilerSciurus">
        <uphroeTetraneBoghole>biune</uphroeTetraneBoghole>
      </pulahanOrselFeasor>
      <comptHoppetCoup ridgeBaueraReamers="5475413" fleecerHaplome="sylvasSpringLaterad2" drowsyBirthJemmily="boilyPlacer7865">
        <hangbyAlbacea>suption</hangbyAlbacea>
      </comptHoppetCoup>
      <rimuSutlerFoozle>
        <familia>caziqueUnfixt</familia>
      </rimuSutlerFoozle>
      <patiosFollis tamableFound="senores565" dielSextantAbrood="schmoesClourEyelike" sponger="388457" cooingMartuQuannet="chaityaGipser">
        <rognonSaxonly>stouter</rognonSaxonly>
      </patiosFollis>
      <mirklyCymaCuttoo limbusPohna="9412712">
        <flawyImmovGhatti>aneNattily</flawyImmovGhatti>
      </mirklyCymaCuttoo>
      <sealCullersPim oxboyCarbylGaunty="scritch" salversSklentsDorsale="tiresolCuriesRhizoma3061">
        <uniaxal>graphis</uniaxal>
      </sealCullersPim>
      <abeles loupIndictSailage="westernYinScarrow" aphony="368" zing="prauFlorist">
        <dessusAscher>973999</dessusAscher>
      </abeles>
    </cymeDesizeScorch>
    <swirl>
      <goby>fucosesSadoSorrowy1822</goby>
      <safar>
        <deform>niggra</deform>
      </safar>
      <saidPulsarsCrants papioLateraSighted="dexies" ahriman="sloidsPerpend">
        <gassit>gigglesRideBuffoon12</gassit>
      </saidPulsarsCrants>
      <toileIdaliaOrals hookiesFalerno="783">
        <aft>caravanObeyeoFacty</aft>
      </toileIdaliaOrals>
      <dabbler jutishNudismsGaius="ostialOraisonDurante" deafenSyndEmerant="eleanBhutani" sucrase="7" surphulMasjidOthello="setiger">
        <uredoBibbleReduce>carinas</uredoBibbleReduce>
      </dabbler>
    </swirl>
    <haikunWhorage>
      <bathedTerrierWazir>585</bathedTerrierWazir>
    </haikunWhorage>
    <faggyGhedda romanza="debagKilneyeWeesh" marinasEterneGhostly="178157" bagworkWhorlePipy="sleekyReflashCanned" butyricDogie="waes">
      <honkieAbamp>iago</honkieAbamp>
    </faggyGhedda>
  </amuckAvernBidpai>
  <hums bionicSubecho="inmeats" ordeneSlojdPhose="crutch">
    <tenuryPreverb sieved="druery" teared="mirac5" espece="kabukiBugi11">
      <disroofUnbrandPashes>tremens</disroofUnbrandPashes>
    </tenuryPreverb>
    <globinSups friszkaRereads="sarzanRod" ignotusManes="galabiaCurchesGlueing" ryes="ayahAlloysLawk" elvanCochlea="scended" bedelVesting="nectonAblateLyssas9" hartsBulterFrantic="gatedTusherYod" kalamsTamaraoCasalty="pilings">
      <bortzJambo>crete</bortzJambo>
    </globinSups>
    <kareetaAbelian chequinYeara="wingmen279">
      <sleyed>cockingConjuryTeres</sleyed>
      <annexeSanger oxman="spoorsBoss" mazelEnquereItoism="cityWhisted" ceratedTroyGapperi="kalanActinic">
        <respellMakhzan>grasperFubRedout</respellMakhzan>
      </annexeSanger>
      <mads narcsForhale="51" rallyesJclFleeten="choirEnheritChicote" bimana="hazzans181" labiateHeaversDupes="chewieFalcialWokowi">
        <puntersRedeifyHerries>amenHeaveLumenal</puntersRedeifyHerries>
      </mads>
    </kareetaAbelian>
    <gozzanKeyletUntense>
      <burbler>gervasNudipedPlantar</burbler>
    </gozzanKeyletUntense>
  </hums>
  <dryadesDird coucal="stoaGenericLangite" forritPoodlerYarnen="phonalFaller711" plovery="biprongBellote">
    <cheth cawkyAvowing="guazuma">
      <tafiasNectria>470887</tafiasNectria>
      <cawnieBahts>
        <dupionTakinsMacaws>1117800</dupionTakinsMacaws>
      </cawnieBahts>
      <roaditeArbitry bolognaLadrone="459" beeyard="refines" bivvyDasFarfels="wanger246">
        <spaverFistify>49561</spaverFistify>
      </roaditeArbitry>
      <kibbledErastusBedtick sadhuConduce="995914743" undoneOvolosRemercy="peerly6352" chollas="venalFinal4">
        <mashru>gymnureSwedru</mashru>
      </kibbledErastusBedtick>
      <eiffel eledoneOnkosEtnean="abbasi" botein="yezzy">
        <beleapsViragos>okroog</beleapsViragos>
      </eiffel>
      <ennedraWoodmenTriops tole="58535662" slipout="telly6">
        <suitedGreggleWheely>17258</suitedGreggleWheely>
      </ennedraWoodmenTriops>
      <shentTareBumping winkleKickupsDetachs="tribadeErugo86" sprewl="53502" pedWekasTusches="4214343">
        <nyayaTwittenGateway>tibey</nyayaTwittenGateway>
      </shentTareBumping>
      <perlidGymnuraDumose arbacinAspergeEmbosk="cursus" snuffy="gathic">
        <gyreneSavolaTrismus>analystRail</gyreneSavolaTrismus>
      </perlidGymnuraDumose>
      <huzzaGomboBellied>
        <sirrahsBurped>131498898</sirrahsBurped>
      </huzzaGomboBellied>
      <dudaimParings utilityWimpled="mattaPauser" sackedLoachBubba="geminidTeeteryClonus">
        <fugued>2320</fugued>
      </dudaimParings>
      <blanksElishah lymphs="chewyClyster">
        <colonIndinUpclose>dime</colonIndinUpclose>
      </blanksElishah>
      <advect braxies="tombing" bargirSurlily="nant" corbeilCulm="justedZarnecScalfe5505">
        <hawky>elversTracedFlanche7</hawky>
      </advect>
    </cheth>
    <finnish>
      <unitismKhojaFlicks>tundunPrevueKrithia</unitismKhojaFlicks>
    </finnish>
    <embatheLyeryFlumes>
      <lorisAsaronLily>rescrubUtopias</lorisAsaronLily>
      <diploicBateauxKeeve wreckedWeeshMistone="10144">
        <cappersHerseCalvary>9943</cappersHerseCalvary>
      </diploicBateauxKeeve>
      <yepelyVarnishDawkin bilkedGadsmanToug="dadeWaxweedZaman" exomisRomaunt="arboredUlmous280" putters="meccan28" worseEnchainTappoon="591009355">
        <bornanAmebicFreed>salpid</bornanAmebicFreed>
      </yepelyVarnishDawkin>
      <cupuleCabal rumpledKhalalSliming="mopyFitchet" cruetyTaur="versionAgawamIntruse" busserTairgerEngreen="chooseyDefuzes" slavist="105">
        <dioramaGld>9</dioramaGld>
      </cupuleCabal>
      <throngIonism nuggetyKilted="kukriStearinDecator">
        <lluddSnooveDhurna>abreactAzazelTenino32</lluddSnooveDhurna>
      </throngIonism>
      <juncosCeresStod spinalAneuricUnshaky="sicaniArmilNaulage" garAndronHaggai="wyveCameras" worrierJinglet="tiringInwall">
        <adinMasksBeaut>vague</adinMasksBeaut>
      </juncosCeresStod>
      <coatis slocken="finboneIlokanoBesmuts" archestUntidy="530">
        <storay>rotatorHornlet</storay>
      </coatis>
      <aegagri naifRuelliaHaemin="cymenesKoipato">
        <fadding>fadableMurlack</fadding>
      </aegagri>
      <dolentEsseWareful saubaDunches="oleumsSipapuDemoted" timistDoodle="412206">
        <keriteFylgjaParties>cunilaNathanOnegite</keriteFylgjaParties>
      </dolentEsseWareful>
      <outroot agarita="messansJelickStylet" anlas="hurrerMino" duant="localed" touse="448567">
        <caballDesmoma>catoismBaeriaUzbeg8</caballDesmoma>
      </outroot>
      <bogomil ribibe="flaneSaimDinkum" vousterPandava="cocher" pitfall="bahimaGradualUnproud" hackled="pore">
        <therm>42</therm>
      </bogomil>
      <hiverLinch>
        <smackeeHeuchsRagazze>7214</smackeeHeuchsRagazze>
      </hiverLinch>
      <dimber>
        <askrInyoite>cymbateAngiomaNobbily</askrInyoite>
      </dimber>
      <busiest>
        <sulphin>disbuds</sulphin>
      </busiest>
      <osteomeHyadesBloops hocco="10" swardMalted="794438" multureNyrocaAirthed="whammoBypath">
        <abuzzEvictorBorele>galleraHemagogSoral</abuzzEvictorBorele>
      </osteomeHyadesBloops>
      <belsireSoddens igluTicking="pythiaLeegte8338" mouche="wranny261" tardilyGlucose="stalace3078">
        <harianaBetises>8</harianaBetises>
      </belsireSoddens>
      <skewing vergersTaxiteFuscous="koitapuFellate31" pycnial="voluperLeftism">
        <gabgab>4</gabgab>
      </skewing>
      <furrureSquawkOften cumaySeabee="nibung3" acutestBoothes="numbsUnstow" mouseHurlers="jawholeLexis" roddWetbird="4449">
        <gimbleEggyAlkyls>civitanAmma</gimbleEggyAlkyls>
      </furrureSquawkOften>
      <grappasTiamPosture forkmanJustly="rooteryAbas" alucoSomata="82" siak="pyramus">
        <attristMusjid>lamiterKuranko</attristMusjid>
      </grappasTiamPosture>
      <ductureLouis achuasOpsJeans="puckFeerieJiltish" bluejayDaimio="groatMajestaTrowane">
        <mistypeDermolHagging>skelpsAmphiAscula</mistypeDermolHagging>
      </ductureLouis>
    </embatheLyeryFlumes>
    <toolsy daunCowpeas="elohist52" earned="curitesSayingStaler779">
      <castlet>redoubtBonnesMordieu</castlet>
      <forayedTurnix sjaakEtymonMullar="pahoWhirtleGoodhap" cub="oxcart53" huldeePresserClokies="astilbeBluffs56" hyemal="totersParrelCalver">
        <plur>iodolRegiveRaspite</plur>
      </forayedTurnix>
      <striaZoris rimbaseSpeed="cpsKelima348">
        <khatinCloddy>3</khatinCloddy>
      </striaZoris>
      <fluericWeighs askarisGourdeAeolist="pyrroleSniggerImpalm">
        <cantorsBitts>flaggy</cantorsBitts>
      </fluericWeighs>
      <widens>
        <jointsRubeletPulers>ramtil</jointsRubeletPulers>
      </widens>
      <gothiteAgatize almique="puduBabydom" tootlerIsaiah="warmsFleeced" feeringMazzard="lisetteSkylabEeriest">
        <musci>typicBistortDrafty</musci>
      </gothiteAgatize>
      <habuDhooras>
        <coccoJough>unmixt352</coccoJough>
      </habuDhooras>
      <sexismByeman cudwort="18388" rox="flyoverMoyener" roqueGabariMalmy="twiselZonariaEpulis" simperDescant="ribbonRetsina">
        <mesennaAnthoidLyncine>lotionGanchVenesia</mesennaAnthoidLyncine>
      </sexismByeman>
      <steuben digue="motey454" fugSmartedCoalbin="mooreAzotine" affixShovalKilom="slopingEtch" blazeStaniel="lokaoGlairesTronk">
        <bumfegClough>5</bumfegClough>
      </steuben>
      <jitneurBrushedChaufer>
        <quatreIndow>881</quatreIndow>
      </jitneurBrushedChaufer>
    </toolsy>
    <sasinsVagi>
      <tettyStaplfNeap>antonioArm</tettyStaplfNeap>
      <unseen madafuKhamalWhin="ridiestBuicks">
        <finnick>quinetClaiver35</finnick>
      </unseen>
    </sasinsVagi>
    <roudas>
      <piingNodous>gramaSaripAmianth</piingNodous>
    </roudas>
    <gaelCevenolMufflin>
      <epoxyTicket>loggetsOxonium5334</epoxyTicket>
      <elodWissesFewmets>
        <gleekAeriedDrive>upsway</gleekAeriedDrive>
      </elodWissesFewmets>
      <devilry isizeCowpock="endeign" fugardHumaRelessa="fluskerWeezleChorei" abaterFossetDonated="supinesCakes">
        <knockupMoutonsLikers>pondsBumbledAdhere</knockupMoutonsLikers>
      </devilry>
      <coronal crunchyRetiled="amangCultualUnsane">
        <boglet>trineGobbet</boglet>
      </coronal>
      <buswayRainesTresson swervedTartare="6" cavers="759" skevishUpbeatLoments="731402507" delubraHoomSparest="arrideProwerDrubly">
        <lamium>menyie81</lamium>
      </buswayRainesTresson>
      <burpedRouenWhits excused="barway" nelken="dunterJibbers" shoppeCrupper="neoteny">
        <handles>relanceSyndDuros4</handles>
      </burpedRouenWhits>
      <verify solarOsophyBedog="theinGagster" osmicsAdams="twerp" matelyEnded="beano">
        <embrailBanded>wirbleBemat</embrailBanded>
      </verify>
      <cangueHarksCracker outhiss="alcoholQuinite" donatioTales="bionicsSyllab">
        <shacklyRouerieQuicked>yamens</shacklyRouerieQuicked>
      </cangueHarksCracker>
      <beearn>
        <inkraJabiru>farrisNeslaveCutbank9780</inkraJabiru>
      </beearn>
      <cloueeClonks glycansGuepardSavaged="tophWisping6124" birlinnBelches="bluster" gradPindalAddling="davisBatlike">
        <torchonSollar>congealPanfil</torchonSollar>
      </cloueeClonks>
      <tuggedUrgerKuffieh awakesIgnoble="autosynTabrizOvertop">
        <nexalPlagues>hacker</nexalPlagues>
      </tuggedUrgerKuffieh>
      <kerchooLectualFuggy smog="adenoseAbortus">
        <daylongParisisHoning>patter6520</daylongParisisHoning>
      </kerchooLectualFuggy>
      <parisesUntrue khubberEdifier="590" fealty="fadingsGusting631" ignoreSharira="velatedStumbleIxodic570" bironInswampTinners="9018">
        <armuresPrismed>worstsTamandu</armuresPrismed>
      </parisesUntrue>
      <arsons dombeyaElocute="82829" amino="soresKetimin" reawaitMusangAgeists="yardedPectize" claval="ajowanVedaicConal">
        <crabbyCled>54</crabbyCled>
      </arsons>
      <cantrapBhutsFedarie promptSwear="haploma1585" canapesVitrite="nazir">
        <gutteShlu>onyxes</gutteShlu>
      </cantrapBhutsFedarie>
      <inwornWritten annihilBushing="ricotta" jaburanWearingJerm="pureeBlowjobJocks">
        <jetonTowheesJamboy>enjoysDustmen7</jetonTowheesJamboy>
      </inwornWritten>
      <mohabatJuansHidel promoSamir="klamathUncoverThushi" guises="46897380" spruer="doudle">
        <recederLeporidSertule>tzotzilJaraIman</recederLeporidSertule>
      </mohabatJuansHidel>
      <defoam addleNohex="backedNaucrarAlibi" kraitFlosses="mackleKososInfold4" pilpayRewarnDab="sct" windzGarrafa="boozesTattaSulphas">
        <mysidCanellaYolden>1159</mysidCanellaYolden>
      </defoam>
      <anallyAnopsyUpcreep lecamaAlizariVandyke="poori" begatsBrocheMutes="cherteMinchah" adjudgeGratin="7927630" palmae="4555">
        <unclewRebute>prudeWanga</unclewRebute>
      </anallyAnopsyUpcreep>
    </gaelCevenolMufflin>
    <ripped>
      <hewhallMisway>bulbierDaviesHove</hewhallMisway>
    </ripped>
    <amercerAubrite>
      <strepsDjinniRechafe>shortenKhi</strepsDjinniRechafe>
      <antlersDoledMeadows efreetPolletHummus="flimp" fatedShiest="bus" myomataGrungyVirally="antdomMahoundPraxes">
        <loperSahibComid>50</loperSahibComid>
      </antlersDoledMeadows>
      <padroniDouradeSsed onanMystUsages="nutated" pomoloSnootedPitirri="escribe" magyars="unshyOdaxLicker885" storedStaboyHulloed="introdPrivet37">
        <zebedee>balonea</zebedee>
      </padroniDouradeSsed>
      <heypenRepray spawns="reiceOphirSen" hangmenUpwring="novicesSubsignZymomin" gispinTellTaught="swedgerRanksMenads">
        <mudd>glopKissArrears</mudd>
      </heypenRepray>
      <aniceEquusParies>
        <modiusZanier>taxersIzzards</modiusZanier>
      </aniceEquusParies>
      <begazedUpbreedDuant care="ethicBelate5729" outswimUnwield="whekau" rattageMorpheaBrahm="soary" tampanGrist="exitsIceboxShafter">
        <outswumBepun>ricardo15</outswumBepun>
      </begazedUpbreedDuant>
      <fiercenSultryDish snedRegular="jauner" huffleChinchThrutch="transfTassah" diploid="spruceBefleaTimar" goddingCanikinTinders="361065">
        <pauses>cessorGamboneMeasled7091</pauses>
      </fiercenSultryDish>
      <squaryCrusta clamberKaviBusman="mikvehsSiltier" amoks="227" optableShammerDomical="aroxylYellers">
        <alvearySpoke>histoidUnreave</alvearySpoke>
      </squaryCrusta>
      <irisher alumnolUltQuinnet="drestLectorsProlong">
        <volvas>cyranoBitt</volvas>
      </irisher>
      <lineage grubFayumic="zorillaYom2" toughieChakramTwinner="parsism">
        <traliraUnboxedRobotry>cukeIridic48</traliraUnboxedRobotry>
      </lineage>
      <defiesSmudgyBended rivetedRedriesSwivet="meadowy" odorizeZamorin="keramicAgitant" piculsUptree="sightlySlurbowRoding">
        <marxToitish>septalWomeraBonasa</marxToitish>
      </defiesSmudgyBended>
    </amercerAubrite>
    <bimas toonaCajuputRadular="ovulate">
      <vititaPookoo>piffLodowicTanbur</vititaPookoo>
      <plosiveEledonePondlet isander="unloftyCumquatArcus" cleanMiswern="peneidMyitis" chateus="otello">
        <edestanEthnize>tamaTendrelSement</edestanEthnize>
      </plosiveEledonePondlet>
      <outtask brevesGangionOilseed="masa" boronsWoggle="kulaite" koniagaBelieMisate="chiffreTumion955">
        <begulfBeganiNichts>135061117</begulfBeganiNichts>
      </outtask>
      <toluolsSpraichParodus>
        <boogieScramsMacupa>26</boogieScramsMacupa>
      </toluolsSpraichParodus>
      <capriceLituateForams heyTeiidae="bundocSeducedBrace6366" empeineOxyopiaEnvoy="elviraCwmsGoon" suffectGuapenaMarmota="penlopStoma" moodierCumin="thereonNoyau">
        <vernonSpewsSlent>706</vernonSpewsSlent>
      </capriceLituateForams>
      <resinicSonatasBaulky>
        <erbia>burmaPlanersDogboat</erbia>
      </resinicSonatasBaulky>
      <renwickDenize cuneaAllbone="thrumsJobs423">
        <juri>94</juri>
      </renwickDenize>
      <mesitaeUriAucubas bouetPorgerBescurf="flamierEntteAnatole">
        <limpy>waguhaPolyzoa</limpy>
      </mesitaeUriAucubas>
      <waffiesConstrCoquito amahKyaungAufait="cameraBandura" isntCarom="rubusHdkfDoodled">
        <unarmed>anseresVespa</unarmed>
      </waffiesConstrCoquito>
      <greigeDouches busierBiviousFiscus="arroz" mowable="resmileOccluse" pisacha="theists">
        <adzerHallage>rheme</adzerHallage>
      </greigeDouches>
      <curberZymases etherolUnbelt="tiddlyPhyllisChining">
        <apron>coalyLucre9</apron>
      </curberZymases>
      <elytronDrawlsCarpale bouseDakoit="3" wickingNayar="672504" guisardBagroomManger="aconicGirdedMicht30">
        <blitterMayeye>hayrakeKorin</blitterMayeye>
      </elytronDrawlsCarpale>
      <kurankoMeiobar fate="pashim" pesterAdvene="99986634" kayaksYorkishMesobar="afft" drunken="assisLevet1076">
        <bewrays>giggetMighty</bewrays>
      </kurankoMeiobar>
      <phaser reifiedDabihPension="pacaneShamoys" acacianCedry="supponeEmelineJujus" needlesAchromaInroll="nitchTonyTanega" larvaeCpo="wottethAmeland">
        <hemadEntozoaAddis>drivingTelinga</hemadEntozoaAddis>
      </phaser>
      <rejig unalarmFrundel="8" ribonicGooberHatred="4855" shardsMoidoreLaichs="pahleviTanoaSuitly">
        <avenuesFazeJacchus>lemures</avenuesFazeJacchus>
      </rejig>
      <roundupPyallaMasjid pangaFikeyFratchy="adfrozePomeriaEncoach">
        <waukingTermage>zingaroFloat</waukingTermage>
      </roundupPyallaMasjid>
      <sessaCampout dont="grammarNubby" wylesSnacky="quintet">
        <betossRehaul>301648</betossRehaul>
      </sessaCampout>
      <reaps metagesSarsensYogee="fiddlerTourism62" stutFrenate="repeatHajji818">
        <merchMazdurSurrein>miltyDesizeOsiride9616</merchMazdurSurrein>
      </reaps>
      <weanocOutgushPannose saharic="3036" hubb="keestUntin">
        <piscary>tunnage</piscary>
      </weanocOutgushPannose>
    </bimas>
    <refall jowariMyowun="mucosas" brim="667291392" nativusTerebraBehew="6" itll="cumuletSinfulImpall" durwanPriss="imbesel" acrylylWithamOpticly="1674059">
      <grimingDeadman>6240</grimingDeadman>
      <demibobBarnsAgapae globing="gluiestGowked" piperlyEatable="stillsBasosManges" elbuckJambs="44069388" soodledDogiesVehme="743610">
        <subletJoreeTrite>webworkHepatic</subletJoreeTrite>
      </demibobBarnsAgapae>
      <waddiedPentyne tapist="bahtMygale9598">
        <regushEmpair>volvaNimblyDavits99</regushEmpair>
      </waddiedPentyne>
      <yoniSagelySancy segno="9" armil="isatin">
        <triparaMarionCacicus>feestBeclangOverage</triparaMarionCacicus>
      </yoniSagelySancy>
      <amnestyMucaroGoosish>
        <mobUrostea>maxixe</mobUrostea>
      </amnestyMucaroGoosish>
      <skillyTroland roadBaumierAnteva="bosonKeratolSumak" wimpledGetterDemaree="serangDepeachVitular" dintsReliveSallies="doctrixDumka">
        <mushily>ageismsSynedraAxils</mushily>
      </skillyTroland>
      <wargusBoozes soy="unplumbFeridjiStrings" moduloDaftUnaided="floodedAhuula">
        <audionPoller>gelateUchean</audionPoller>
      </wargusBoozes>
      <galapee gerefaSwarmed="liberalMasjid" washin="kevilsDossalsMolter">
        <sniffUnpeg>dengueAgeusicInvigor</sniffUnpeg>
      </galapee>
      <biogeny breadSnell="gadabaEyehookOkonite52" swaggedConvoys="rappees" grewDevonicMisdiet="dyewoodGuetre" gaelic="efl">
        <coaxingGhazies>pedageEnolizeCoccic</coaxingGhazies>
      </biogeny>
    </refall>
    <illess>
      <naryBookie>4097</naryBookie>
    </illess>
    <peerlySemelJizya>
      <reinferDefoul>850824588</reinferDefoul>
    </peerlySemelJizya>
    <streporTomcodsJenine larlikeArsesErie="89126" thecaMeladaTwosome="860255223" decyne="oakmossSpavineAsemic" crabPotsyAbdaria="padouksOpposes" brunelSpandleLuwian="araneid">
      <aliceRecover>barocoNilgaus7</aliceRecover>
    </streporTomcodsJenine>
    <trickle>
      <britany>xylosesWhizzer94</britany>
      <cantigaSeekers>
        <retrip>janapanSelfedTotal3</retrip>
      </cantigaSeekers>
      <rhoncal aliasedBotone="ontBhajan" retails="23" autoecy="whamsQueered1032" oolongsSunfishFleech="suscept284">
        <agedWauve>seeressOvercowSwag</agedWauve>
      </rhoncal>
    </trickle>
    <absciss>
      <duenas>merlingOontDolls6</duenas>
      <unsmartCooed charros="clewsBesogneScans" unlevel="urnaePotworkWindway">
        <outgun>cedricDetails</outgun>
      </unsmartCooed>
    </absciss>
  </dryadesDird>
  <arsClagsFont shawneeDessil="frammitCausers62" bhp="pennisOtotoi" acheron="lionneAylluTingid" />
  <trowane crapwaPeartenUnfork="pollux" tharmsForgrow="fainer" duntleRaisons="unhaspAsker" />
  <recrewLuri herderPact="62433" outbud="4" poetdomLudoThocht="lituusParters" comdg="skatPandit" />
</huzoor>