<?xml version="1.0"?>
<preach>
  <metateDiamylStremma outzanyTrepangSwore="feued133" promiseCornice="239549679" costulaStalky="26" bromus="47203606">
    <kookieGreeing>
      <aporosaSoftishBedded>tybalt4</aporosaSoftishBedded>
      <reki amoristAfrayMikvehs="duhatDameOrogeny" moulAbasiasEthal="39315">
        <adulceSortalScab>bulgurSuddRhamn</adulceSortalScab>
      </reki>
      <spadishCabalGein>
        <stearicViewItonama>unbidGuffSirupy5033</stearicViewItonama>
      </spadishCabalGein>
      <pastourHoeshin ingenu="6521268" bedunce="cabindaRepower" rowelColdLowbred="41710">
        <pezizaButanalVultur>morellaGaffedAbreact</pezizaButanalVultur>
      </pastourHoeshin>
      <millyDanaNumda uniusBouncesPontal="vomitosBalaena7" lamped="goavesArrage" critturLindy="605109272">
        <shojiOhoWelshed>fuguesInsular</shojiOhoWelshed>
      </millyDanaNumda>
      <ricersUnmaid>
        <izardSpeenGeonoma>yadimSophene</izardSpeenGeonoma>
      </ricersUnmaid>
      <goldieChaganNonsync>
        <fussingFumetKeftian>rasenTulare</fussingFumetKeftian>
      </goldieChaganNonsync>
      <tealess tehueco="gunsel" fluxion="kollastCaffeic" tiffinsPreruptLockups="966891">
        <coalbagCidaridSkirted>swoopedCropsBeweeps</coalbagCidaridSkirted>
      </tealess>
      <refedSemple thionylOtomi="gunnelsDebtMuck" tsugaNostocSofkee="critSans">
        <rhetorsFarfelEvirate>fixe</rhetorsFarfelEvirate>
      </refedSemple>
      <symmoryTawedTaslet amidolsBewray="becram5" tamablyBopyrus="chemin4089" organalMomserTychite="faggery" owerbyCayosGabbros="partonStandel796">
        <forbInflue>champerCashews</forbInflue>
      </symmoryTawedTaslet>
      <tosk norimonHominidIzzy="crasserSpooks" rustlerBrasser="sibyl4633">
        <kilpRawhead>changarForgiveSsp</kilpRawhead>
      </tosk>
      <legionsAccruerRoupy>
        <avowersSalpasStabbed>jamdani</avowersSalpasStabbed>
      </legionsAccruerRoupy>
      <mowchMyacea>
        <habaeraAmoles>screarFlaredEnbloc</habaeraAmoles>
      </mowchMyacea>
      <tunniesAghanee>
        <eloahThermaeTingly>92211537</eloahThermaeTingly>
      </tunniesAghanee>
    </kookieGreeing>
  </metateDiamylStremma>
  <astertPromsAmharic />
  <croylLexicaHodden />
  <juggingIngrow bossiesNextly="jestLashingMumming" claquerSercomLut="eadiSemolaGel" claiverPulsarsSippers="8542" />
  <tonicalPanurgeLumpy />
  <junkieRammier />
  <spelts />
  <unblushAiglets epigoniSpailsDeepest="chawers943">
    <piquia>
      <seisedFigmentSudsier>urningXylemOlneya</seisedFigmentSudsier>
      <frowsty storifyPosteen="shabbos" crullerSkyphos="slimishTubbaTreblet">
        <randy>2759</randy>
      </frowsty>
      <ccoyaShippen cogways="prisalEndotys4" dubbins="glycol" dietersMusths="tealBisieQuisby71">
        <tractAfocal>309086012</tractAfocal>
      </ccoyaShippen>
      <eyewear wackyFreakyNatalia="bumpityShittah9" plaster="shikoTankieUnbury">
        <metres>abseilsShasta1</metres>
      </eyewear>
      <calqueSlatingLawine mastageVomitus="862" solisteHarbi="forrad">
        <skeich>domicil</skeich>
      </calqueSlatingLawine>
      <stormJowls ruffian="urchin" cryTaminyBiogens="67851" luff="rhaphae3434" witshipFounts="lah">
        <atresiaTsurugi>frass</atresiaTsurugi>
      </stormJowls>
      <swoons fistleSnidestEffete="domesDecayer">
        <paludeLie>fixersVerrellWanga</paludeLie>
      </swoons>
      <appleYoup sambhur="rhombi51">
        <mozarabTowpath>fet</mozarabTowpath>
      </appleYoup>
      <gudgeonRociestTeres iseumAirdateMyron="worst" bromes="frustObtestBarbute" melia="waws" heimishSyboticProke="vougeot">
        <elytrumRiddelCapos>ritzyLeafs</elytrumRiddelCapos>
      </gudgeonRociestTeres>
    </piquia>
    <porkersUsterCommend>
      <wyleHayloftGreeted>serenes</wyleHayloftGreeted>
    </porkersUsterCommend>
    <siddur parlesIsotonyOutspy="5873" ital="talucheCamoisRancor" ferulesMesskit="dourEscobaMasarid" vittaeIntransCadjan="bedew" shindyWapacutFanam="85">
      <scarpaGlusid>pinged</scarpaGlusid>
    </siddur>
    <incendWersh>
      <wareggaProrateErvils>alinerCerealGrannom8147</wareggaProrateErvils>
    </incendWersh>
    <isochorMuggurs sarking="cebineLayette" unpacedUpset="stonage" henwifeRefletsHooroo="uptrack" spats="479533025" metinFolioedFluible="bawdry" statizeWoadmanCompear="736992" flowery="heaverDaddled">
      <swiftsGalerum>61640</swiftsGalerum>
      <monikerRazzly allasch="zonaryMantaIndabas">
        <sitkanDickite>ovularProppedBrow</sitkanDickite>
      </monikerRazzly>
      <copable jellibRinkerHipster="melilot92">
        <nunksMetisse>yest78</nunksMetisse>
      </copable>
      <plastidTrawls>
        <bitumePikemen>vivid</bitumePikemen>
      </plastidTrawls>
      <detainsEverardCoempt emotersRandori="bebloom" svarajPopplyTimbrel="alfas" oenin="idlersSonlike">
        <embrake>palluKotoite3149</embrake>
      </detainsEverardCoempt>
      <erugo limners="407776" chilPega="etapes3754" diallerWuzzyCupolas="nuns">
        <dustupLancets>50645</dustupLancets>
      </erugo>
      <padshah>
        <sitch>coydogTiffinsPayday</sitch>
      </padshah>
      <frolicsWottedCeratin>
        <minicarClicked>pneum</minicarClicked>
      </frolicsWottedCeratin>
      <schmo arbaciaNagsmanBarites="2371251" cruor="yoked" abideFamilic="atamansCurtedHunchy">
        <gulchesSedates>79689515</gulchesSedates>
      </schmo>
      <woodbinTanaBurys kubera="copartAlbataAmabile" semeMormonLiqueur="musselsIncompt" stumpsEnochic="ermineAnodes" bebathe="loculed99">
        <swobGraded>potenceAnsarie22</swobGraded>
      </woodbinTanaBurys>
      <morionCeratinBuisson minoredPhocid="todayllChilver" redrugRipostFuzzier="caseyEpisode" theeked="expunge">
        <butlers>cariousAcolythPoohs</butlers>
      </morionCeratinBuisson>
      <reivesSeggarUneven scirrhi="granaBedewsDejecta" host="aimableTivoli" slivingDayman="washdayMislaid">
        <sylvaeAgynaryAdhara>5</sylvaeAgynaryAdhara>
      </reivesSeggarUneven>
      <lobataNeapsDidle crazy="ucheeBaloneyRoset" collen="human" clocksChikaraSannups="usneoidTrompeAspens83">
        <depohLusiad>taxingPaua</depohLusiad>
      </lobataNeapsDidle>
      <taipei incutTigelle="595220" serveryJukeboxFlint="laders">
        <squeamSuitor>whoresUts</squeamSuitor>
      </taipei>
      <territBeguile legatorOctoic="swangSmeuseDozier" lukan="5494574" cominoEsth="ignites">
        <timbeAgasTuzzle>englute</timbeAgasTuzzle>
      </territBeguile>
      <cabala savouryVolubleEnergic="37551193" frowsMalachiBels="suspireInust" calineTarrockSmarted="advaitaReflown" houndedSneddedDecene="copalsHeathyEvitate">
        <durrasOphioid>36</durrasOphioid>
      </cabala>
      <frittsRotang soapersSteubenKerrie="tinosa" comdtTurncap="jezebelPrester49" rhemeChebeckLifeday="negoceChugDelayed363">
        <saggard>cavallaFructedCadres</saggard>
      </frittsRotang>
    </isochorMuggurs>
    <wailersLiposis>
      <nidesWithamRachis>oscinesJitro</nidesWithamRachis>
    </wailersLiposis>
    <aerugoEmpales whish="mainor1">
      <marred>32810</marred>
      <cuppasEspinosSneers>
        <thuslyRefenceWedgy>borschUnsalty</thuslyRefenceWedgy>
      </cuppasEspinosSneers>
      <stelaiGroteDrivers cokeneyDabbySanger="khazarEndazeYeni1" uptakeGymnura="sandbagAsaphus" yarbDeface="biopsicPignora" magnetoEpithi="copa">
        <mazutChild>misshodYawns</mazutChild>
      </stelaiGroteDrivers>
      <sanjay yirthsRenvoy="subadar" bowelTremoloShores="poteEjidosCodeia">
        <hunchedBegass>sandbinOrigan</hunchedBegass>
      </sanjay>
      <suededHoatzin darkingAssagai="bebeastLebbanAvatars" lingalaSex="quibusDiviseStomata">
        <puddly>diadem146</puddly>
      </suededHoatzin>
      <compter>
        <rassles>sunyataHoofing</rassles>
      </compter>
      <unrapedTangramComdt mopederAbbotsOvulate="eyey" ikonAffinalBeanie="commodeYor" dapples="ashingDechlogRued">
        <esesThetinGoldarn>sloushBoobRushees30</esesThetinGoldarn>
      </unrapedTangramComdt>
      <kelsonsAraru astoop="espinel" rheidae="stalelyHyla727" pomade="50485" farmerEchinusAlexia="selectsWestingSoftens">
        <youstirHichtShine>8</youstirHichtShine>
      </kelsonsAraru>
      <alunite>
        <elmiestHielandSoldo>312532</elmiestHielandSoldo>
      </alunite>
      <gangueBazarRetie idolaSatine="543" tabesWaegAzonal="scruntyWinkelSeafolk365">
        <conicalWool>yearlyBimane</conicalWool>
      </gangueBazarRetie>
      <pudu persueAzoMoireed="macacosUvella" napperEnfavorBowyers="uglifyPretorTheirs" ribeOrville="5" mislaidOniony="dammar">
        <skelfJebus>cutoverKayan2062</skelfJebus>
      </pudu>
      <lumpyAvouter colloidBurgooBedumbs="estriolCusped" finnierPastilWamp="jewling2409">
        <seaghan>taffetyCharrsFatback</seaghan>
      </lumpyAvouter>
      <seels eupadCoing="cuboidsBizarreJuga8" teffs="523655977">
        <apothgmAnhimae>beacherSealyOhms</apothgmAnhimae>
      </seels>
      <pushrodAsweat flugelChaisesSalival="meuteUpcarry439" bignouUniform="devataWapiti">
        <dotter>tortisPhantic</dotter>
      </pushrodAsweat>
      <yamenAuric>
        <retralOboistsTrollol>undust</retralOboistsTrollol>
      </yamenAuric>
      <mound externaMary="87">
        <torousSulkers>adcraftSepiaeSutures41</torousSulkers>
      </mound>
      <urethanLatroNavarin>
        <menkibSkiwearMilan>subtaskTrestleResound</menkibSkiwearMilan>
      </urethanLatroNavarin>
      <farcedPopplesEthyls>
        <nunry>meatsSuave</nunry>
      </farcedPopplesEthyls>
      <nope>
        <curersIsogramFrijol>knowersClepes112</curersIsogramFrijol>
      </nope>
      <magyarFlatly neebour="hyracid" twp="cerotin" syssitaEwerWhereso="90103" chapelEnarme="2">
        <magmata>unct</magmata>
      </magyarFlatly>
    </aerugoEmpales>
    <keftianApproxCablet lumine="healderEscrod" acystiaWearRhaphae="bentingDunkled" torsRidgerRioter="beyondsCytodeBerther2">
      <texts>nosing</texts>
    </keftianApproxCablet>
    <wholl>
      <spelkSolyma>intomb</spelkSolyma>
      <gobyEnvoiReweds plodder="outbyHashy">
        <haulersEffusoRepairs>subbankSolve1439</haulersEffusoRepairs>
      </gobyEnvoiReweds>
      <ozonidGuarico ruggedBaulkyViolin="4661196" truckStuposeDuffed="5156" vitaeHind="partiLaceryMingled8">
        <vexilsFolden>fycesKerriDhunchi</vexilsFolden>
      </ozonidGuarico>
      <monimiaPhill misbedePremateTotquot="hemmedMoorToffees" mesuaTerret="ductile7158" ostia="sompner">
        <mowGrunion>bootingAlopiasDuyker3315</mowGrunion>
      </monimiaPhill>
      <maoist hackney="nicol" maziest="branleLacedOutswim" braider="77470" modi="glazedEphoricDaggles4">
        <salfernPincer>emballDescortRidges</salfernPincer>
      </maoist>
      <snuzzle peroxyStretCadency="sampiDochter8" tpmTabstopGladite="449" lymphBirlsAlthea="salukis7604" ergotsBassetSputum="graphs">
        <spongin>25806212</spongin>
      </snuzzle>
      <incraRevile hertz="700600" kebbie="phaseal7753" morvinPoncesSpreed="stemmaKadayan" potworkLacquey="327945">
        <gummedButenes>unfierySlockMoneme</gummedButenes>
      </incraRevile>
      <teslaPierianQueers brumby="aurumsCoilSites" penestGasmenPresaid="iapygii" synchThrone="opting">
        <okaysHaverelRatos>eclairsPileaFest</okaysHaverelRatos>
      </teslaPierianQueers>
      <gamontKiang mishitEnoch="climeNahum" timeousBakli="cledgyMiconia">
        <nodeSquibsDoolee>ureaseMashingGestura</nodeSquibsDoolee>
      </gamontKiang>
      <sastra>
        <rottockCraikPyrite>vilNibble</rottockCraikPyrite>
      </sastra>
      <gradusParura cwms="546338">
        <cremant>szekler</cremant>
      </gradusParura>
      <pavyPehlevi anacid="noun" geneat="gayatriMetoponAposoro" nascent="slewing">
        <smerkedAlfaki>effulgeSaumur</smerkedAlfaki>
      </pavyPehlevi>
      <snitchyBourValgoid listCowdieWagling="tav">
        <deux>2131</deux>
      </snitchyBourValgoid>
      <mauler uighurPubliciKnabble="aeolina" tubemenRuelike="alters" uperizeCocinTethers="alifeStokersBlee" outgang="598698">
        <calinutTushHister>sloshed</calinutTushHister>
      </mauler>
    </wholl>
    <collinBelucki>
      <renuZinebDunning>liassicBaetuli</renuZinebDunning>
      <rapines>
        <lambeau>isotely</lambeau>
      </rapines>
      <caracasSheavedLenvoy lecticaHugestBidene="tacanNimboseNilled" unclotMightsGloater="nasa">
        <jerry>4</jerry>
      </caracasSheavedLenvoy>
      <lamanyRoost limnedMazurka="inspokeBeehivePelioma" acnodesCumidin="changsUranous">
        <mouseeDebat>birsitNettleRegreet6172</mouseeDebat>
      </lamanyRoost>
      <mizzyHammier scatulaGulpy="cheder">
        <bivvyTelesia>stolons</bivvyTelesia>
      </mizzyHammier>
      <slish vitiTubiferTwistle="pinacolBeadmen">
        <skinker>filly</skinker>
      </slish>
      <rescoreEating bulbilFlukilyPhizog="padroneGloomthPanicum" sharpyCaraneAiery="stowFronts1">
        <crusherAzured>gooneysQuipsChoupic</crusherAzured>
      </rescoreEating>
      <guppy abampHeteros="88" placeboAmaistNymph="ted" beriVallies="volesKinura1" widdleTumblyMaltman="deturnRemotedUnjaded">
        <upflungFroggyTern>emperilBeleveDhoney</upflungFroggyTern>
      </guppy>
      <wiseguyNauticAmpyces northerVoyeursPiggier="sampi" oddityOafs="rucker">
        <miconia>bayou</miconia>
      </wiseguyNauticAmpyces>
      <tawhai pebblyAubadeToup="198616788" findjanSavouryTernlet="shahidiStooden">
        <remiseCodille>faunsDolce</remiseCodille>
      </tawhai>
      <inveigh loungerEstivalDraying="pilfer" insenseBialyBespy="fixgigVino">
        <eligentLander>piastScyphus</eligentLander>
      </inveigh>
      <aeridesLobolos bolimbaProdder="platen3596" waistedTeethy="logisUppoint">
        <undinedPolers>vickie</undinedPolers>
      </aeridesLobolos>
      <hurdisCourty>
        <firmingNetwise>unaOusels</firmingNetwise>
      </hurdisCourty>
      <tsunamiAnnulet>
        <insertsLardAmt>wagang</insertsLardAmt>
      </tsunamiAnnulet>
      <jaunerScentedFiremen>
        <etch>mappilaPalatia</etch>
      </jaunerScentedFiremen>
      <gipsy sculch="kuaDarkled">
        <sponginChoreasSettlor>decker</sponginChoreasSettlor>
      </gipsy>
      <lungyis harenutHeroesDuyker="ritzilyDrazel">
        <snapps>viver</snapps>
      </lungyis>
      <criolloCagemanPandan turcoZanier="lakierPlanter" infelt="sativaeGrimsir">
        <divined>arylQuiddleSobbing</divined>
      </criolloCagemanPandan>
    </collinBelucki>
    <alterneKanteleRestake ahu="havageBlackySeeded" yowdenOlogy="audio" bipackCarters="outroopNonsuch" neyandaTrickle="grotenNayarit">
      <conchs>idestStoped</conchs>
      <hinRohob waybungEnlistBbs="patois" kindestAgnail="calcSyzygiaGaufer8" khahoonKeymanSimity="89991386">
        <benamiChawl>jetsSubgrinPurfled</benamiChawl>
      </hinRohob>
      <forsookLastsCadlock rhymySnubs="666355" winnieGranoseDoless="armaria" myrtle="19" bancOperonLimbo="bumkinsCeriumDuxes">
        <quannetAotusSpair>adheresUnshellAbaton746</quannetAotusSpair>
      </forsookLastsCadlock>
      <misusedPoilGumwood nemesic="boodlesLunk" caviarEwersTotanus="frustMasc">
        <tetrix>popeyeReknock</tetrix>
      </misusedPoilGumwood>
      <hodsFecket aflauntPudder="27510420" sherds="lutesSamburuGlowed" pinupsFickle="8" mucous="carped428">
        <alveolaWrangsSniped>maister717</alveolaWrangsSniped>
      </hodsFecket>
      <woompTonikanMoran stubbLeipoaHiodont="auletai">
        <triazoProxiedRemi>morcha</triazoProxiedRemi>
      </woompTonikanMoran>
      <winstonBespeakBillers spunksWooer="decarchMasonry" yentaAnhingaStenton="833352122" corbel="basiateGashedBuns" tarapin="fulgorRipens47">
        <graphicAjog>lotahCarried</graphicAjog>
      </winstonBespeakBillers>
      <bardessSpiersMisdeem terrierMomentoPristav="phajusPushesKibsey" baccaDevinct="jah" tonnaPernioCoif="whappetPopgunsNanaimo" nocenceOvant="172922169">
        <bohunkLiveth>sabinsSnot</bohunkLiveth>
      </bardessSpiersMisdeem>
      <statuteDigYobbos raster="91">
        <pentyne>marmar</pentyne>
      </statuteDigYobbos>
      <thingut>
        <shivoos>37970</shivoos>
      </thingut>
    </alterneKanteleRestake>
    <lakatanWhinnyBimong>
      <mainpinCleansDuledge>poseurKadaga</mainpinCleansDuledge>
    </lakatanWhinnyBimong>
    <zogoKiln meatmanTutorly="unbody" unsetsSwanny="coppers" jitters="isaian1485">
      <yakked>corpora5</yakked>
    </zogoKiln>
    <meawTienDisker>
      <garnets>auctors</garnets>
      <checkupAmpule gonerilTyphicEarldom="taphriaBowtie" thungeOyersColters="bailingSueve">
        <furlan>biviumVinci</furlan>
      </checkupAmpule>
      <warrty>
        <regletsSteaded>38933232</regletsSteaded>
      </warrty>
      <lelia>
        <chough>eireGleeCorvine</chough>
      </lelia>
      <laniusNasutusSebundy gotoTofore="89" itys="1" grego="arditi" canchaVerneuk="213584417">
        <pastAidesSunroof>outshutRiles53</pastAidesSunroof>
      </laniusNasutusSebundy>
      <apinageCuish lusky="301" budzart="dixiesBeeswax606" isatinsDisour="129">
        <formula>cantionBiffySehyo</formula>
      </apinageCuish>
      <gaziWajangMidas alcyonZoopery="wisseJoll">
        <flakage>7</flakage>
      </gaziWajangMidas>
      <amastiaCauseyWadge chalehNausity="leetSkivy65" haoma="2714" isthmiMahsir="laocoon1122" intombArousedBlypes="downUplakeWalkers">
        <sauchs>bolivarZoysias1</sauchs>
      </amastiaCauseyWadge>
      <yapper proas="ouijaPuggish" lipaPercase="bluffyProxiesMoneses90">
        <spicaePhonic>conciteZebeck</spicaePhonic>
      </yapper>
    </meawTienDisker>
    <atheliaCalcMedics>
      <smokerFatsosAleft>baptFeudary</smokerFatsosAleft>
      <dustman>
        <mootingBittersChitins>inkie</mootingBittersChitins>
      </dustman>
      <zaribasJacales lionet="diddlesUsh" zebrine="dittingYaffs">
        <rockletMorraHuer>bellboy3</rockletMorraHuer>
      </zaribasJacales>
      <specksHassleTin oblique="sited">
        <oozingImpotDourade>2082</oozingImpotDourade>
      </specksHassleTin>
      <adepts bonace="3" seedletFooldomVow="53">
        <amurru>hudsonLayerYak</amurru>
      </adepts>
      <helping>
        <thrushFrenchy>brisqueTunnery71</thrushFrenchy>
      </helping>
      <aboleteToust>
        <deprome>oziasKishkasCapped</deprome>
      </aboleteToust>
      <rybatClonusBuffs lima="doziestStyward480">
        <niveousCoft>weldingToasteeBirl</niveousCoft>
      </rybatClonusBuffs>
      <yook byrladySwimChivage="showishBebump" flailedMahseer="kaluntiVejovisOverink6" spawlerBoomed="sorrily">
        <falernZenobia>butles</falernZenobia>
      </yook>
    </atheliaCalcMedics>
    <bagdiSlour conor="44" ecorchBavin="glider5415" waspily="7885295" jinglesPorting="3" sunbake="krubiPresell">
      <dutch>rispVector</dutch>
    </bagdiSlour>
  </unblushAiglets>
  <arkoses cobbedLaddishTauri="peroxidAngoras" vulturnLown="darker" defassaRashfulTomium="staffedGemmae" />
  <ochavaSeidel furaneAmlet="molidae" xrayEvokesTablier="kuarSuffeteCaza" corrumpLobcoktHornety="dietalDamnsBlitzes" outbidAirless="doriesAition">
    <indicia>
      <aweary>phookaTotoro6157</aweary>
    </indicia>
    <cooperPliableBryales warkingMutus="iliads" decoctsMosaismSpooks="ballonFreck" labisAbraxas="upbreedStarkle83" jukes="accuserGodfulCryptal">
      <blotter>aplombsWudu</blotter>
      <bhutan flint="octene" chosesTanninsWifely="9741827" fieldy="theyll" pdq="chimers">
        <allyic>desoleDormantFikh</allyic>
      </bhutan>
    </cooperPliableBryales>
    <tingentStupaMoonie>
      <svante>loops</svante>
    </tingentStupaMoonie>
    <pollentTrigonePrelect>
      <osiOffense>amtmanSembleTimers</osiOffense>
      <serapicRammy erotics="5745" potgirl="sotadic">
        <toupees>flang</toupees>
      </serapicRammy>
      <butanol>
        <mobilesGaiter>launcesRehayteRepace</mobilesGaiter>
      </butanol>
      <subsereWastrel papaio="soupedThornedDogrib80" mudlessSixte="munifyPhotonStopway">
        <uvula>bargeJiggled</uvula>
      </subsereWastrel>
      <loamyNovityKelima panzers="tertioVelo" bellootComasSkeeing="micros8554">
        <gearman>fustet</gearman>
      </loamyNovityKelima>
      <mogos budzartContIngrown="woodmenVagasColchis" came="haycartHakeaFouled" daswenScarted="pensumTriols50" acarinaUnsolve="numericAul">
        <ephelisJadedly>kosher72</ephelisJadedly>
      </mogos>
      <epigeanMiskin affinePantoNihil="krieker" plummyKanzuDeist="codecsUnaxled" axogamy="enduredTwalt" garrickPos="smalto7296">
        <squarkSnuzzle>withCrop</squarkSnuzzle>
      </epigeanMiskin>
      <piepanAnabia lueticsMonksDeform="goeduckScoring" yeggInt="hitherSluesCopaiva" twirpsLazyishPrimmed="usedly" oscarAngrierWanly="toged">
        <mungPienFunding>indolsHisis</mungPienFunding>
      </piepanAnabia>
      <miffy snurtWidgie="7990" kyack="panhasPakhtunPutt" tophiPolygar="practic5" cholane="bikeSwannet">
        <begrettTenthlyEpikeia>ourarisPrudeStrait231</begrettTenthlyEpikeia>
      </miffy>
      <warranAllodyParonym khakiedGremioPliny="ossianAbsciseRanked" gunmen="caribesHarpistLippens" honkies="3485688">
        <itczeRuspone>6782</itczeRuspone>
      </warranAllodyParonym>
      <outby cancels="hes" updriesGaradLippens="hankingVacuate" ailie="leptus782" elaylBergyTorpor="coital">
        <jordenTrayShebat>unbet</jordenTrayShebat>
      </outby>
      <certoseBlocked>
        <trocaUnhazySugan>bramCinel16</trocaUnhazySugan>
      </certoseBlocked>
      <cutupsOboe mignons="tergaSeamanCuphead">
        <garotes>dadHowlite</garotes>
      </cutupsOboe>
      <clysmaPoley hoghoodSpiderAlkyd="loopistAedeagi" dimersDakoit="pirogiQuahog" dopperPenises="cotise">
        <volumes>arnicaSpinuleUnacted</volumes>
      </clysmaPoley>
      <sradhas kahar="airwaysTimothy" airthed="satdWolvesPatia180" montero="1058913">
        <parapetFiguresStaked>705754</parapetFiguresStaked>
      </sradhas>
      <squatly grekingCarryke="4125992" clamps="790820290" shammed="marie">
        <coherer>skagsRusted</coherer>
      </squatly>
    </pollentTrigonePrelect>
    <hellish>
      <bobbleMisgo>25</bobbleMisgo>
    </hellish>
    <titlark>
      <danzon>lucan92</danzon>
    </titlark>
    <anelingPerigeeTabira>
      <stanzas>dadaistPropone9</stanzas>
      <oarageChinolEndaze shtetelMonestAntu="suzy5" filchedStoot="aporoseStentonJument" trayfulBocces="96252089">
        <geatasRaiding>preludeGryllusOphelia</geatasRaiding>
      </oarageChinolEndaze>
      <deprest>
        <unturn>sapajouShiah</unturn>
      </deprest>
      <balneae>
        <enfacesRheumedRotamen>60301732</enfacesRheumedRotamen>
      </balneae>
      <jacky myxomas="pontus" uncrate="thurst">
        <pygopusImplore>eyedot</pygopusImplore>
      </jacky>
      <embowel birders="batten7773" wawahLabrums="surfmanBribeesKursaal">
        <roomlet>94191</roomlet>
      </embowel>
      <degreeInlands blaflum="cathro" assobreBatherMarmite="yew" figaryRuru="dustedRaglans" recusf="40857">
        <lachesBolarMazeful>6801186</lachesBolarMazeful>
      </degreeInlands>
      <flies>
        <antu>34513007</antu>
      </flies>
      <malangaGpdSacrals crasis="dimmersEpizoic">
        <tabetWhilly>36762</tabetWhilly>
      </malangaGpdSacrals>
      <pterian plannerJellabUnknown="shillukTaffetyNickey" takefulMariola="491567" italiotAin="bipacksSpiles">
        <growingSperoneTurrell>milageOutsiftBagging</growingSperoneTurrell>
      </pterian>
      <loukoumBoartDreg affablyRackersQuib="bismarkFugio" aikuchiLeashesRuinate="savaraSpaesHamline2">
        <octose>rawsTriglyOmbre</octose>
      </loukoumBoartDreg>
      <mazed>
        <wanyoro>falcata</wanyoro>
      </mazed>
      <nidana royalme="gnathic" shadoLocaledFeedbox="apyrexyClaiverSpying" fellicKitchenAtheist="2162745" missary="modredMulierHumph">
        <hormismFilarEpigram>chubbyKeloids</hormismFilarEpigram>
      </nidana>
      <alkennaCabiria snorkelOinomelTattily="outraze" quitch="unthinkWilrounMetrize" coedsBeknots="bosn">
        <jasies>slinkyAccordUpdress</jasies>
      </alkennaCabiria>
      <ovampo meaners="otary">
        <beisaBoeotia>525</beisaBoeotia>
      </ovampo>
    </anelingPerigeeTabira>
    <rewedsSpoors hostlyEncell="cursaroAgreer" stintSundryShrugs="tagel">
      <saufStretch>charmerLushy</saufStretch>
    </rewedsSpoors>
    <tubClonkMulcher>
      <armsful>540111</armsful>
      <sketeViiiNappies afritsTabrizCameos="sondesSaponi">
        <ahchooKeymanEartag>dikeletHatters</ahchooKeymanEartag>
      </sketeViiiNappies>
      <textusBoseyPunkeys>
        <puffery>waits</puffery>
      </textusBoseyPunkeys>
      <smugger earhole="openBucrniaGidyea376" points="fahamUnfarMoghul4633">
        <aldea>toozooGreisenPintoes</aldea>
      </smugger>
      <uncaveAbbeMaycock>
        <abacliCave>lisaPhuErect</abacliCave>
      </uncaveAbbeMaycock>
      <bruiterDhobySeton spunkAliteArbusta="45998" acor="cimlineLenderPeoples">
        <heraDonningCashel>vealy</heraDonningCashel>
      </bruiterDhobySeton>
      <nozzle>
        <mgr>molle</mgr>
      </nozzle>
      <samburSclimbSild astayMehariHooking="6" shoonProheim="ataxics" fawningBowlersSedovic="baringGudCorey">
        <galosh>nichil</galosh>
      </samburSclimbSild>
      <peruseComadeFray gauntyMezair="losserHeize67" spillerUnturfGoaling="hebrewCabalic">
        <ahchoo>215197402</ahchoo>
      </peruseComadeFray>
      <yucatecChawlBradsot apisVivers="527076978" setsman="tutlyWhither" boterol="vow666" herse="71882376">
        <imbeselLadner>langi882</imbeselLadner>
      </yucatecChawlBradsot>
      <shillsRadiode contuseCulmingVacuo="888">
        <toastyGeckoidHallows>1312529</toastyGeckoidHallows>
      </shillsRadiode>
      <sharpedAbusersHomered lovatNoint="8892" ophitesLamiter="apologyRues" prudelyDuceVitae="todayllDuncery">
        <angerly>quaying</angerly>
      </sharpedAbusersHomered>
      <salonPiglyBurbush lehrSerific="clongMuggilyInbeing879">
        <julusCid>mac</julusCid>
      </salonPiglyBurbush>
      <wudResat murreUpcraneFlies="lifSales">
        <meakingCulming>warlikeJamokeUpbeats75</meakingCulming>
      </wudResat>
      <annieCottersOilyish lanific="tristeFogasKankie" serum="rinkite" peritMargedVeena="huk" givers="flayers">
        <keats>4169513</keats>
      </annieCottersOilyish>
      <fie stalerDispart="stapled" whydahsApogamy="immoralChaber">
        <proavisRebaledPrexes>whiskin</proavisRebaledPrexes>
      </fie>
    </tubClonkMulcher>
    <subtile wemless="750366" craggy="ruling169" guichetShower="23168024" begirtAnnaryMariana="toluolRaja" citreanHijra="resumer">
      <rageePrimusHogger>adeninUntruck3</rageePrimusHogger>
    </subtile>
    <listelGhaffirLauter lest="hakeemsSopheneFumados5" ericaMootman="hubberAppereHunder" sauveSkilfulBaniwa="655483" acesCrankyGabback="919017">
      <debted>kalmias</debted>
    </listelGhaffirLauter>
    <laurylMurshidGuttae>
      <coys>birsleSloop</coys>
      <mmf donnertLepers="caproin" vastyHappedPatible="taintorSubslotSideman">
        <wared>41</wared>
      </mmf>
      <dicks what="moffleBrawler" gambitNotitia="bridgeCleve">
        <tanach>shaugh</tanach>
      </dicks>
      <inglesAssuage>
        <cochins>914</cochins>
      </inglesAssuage>
      <scrips mankie="bragsTatoo" diseurs="rear648">
        <punese>langate</punese>
      </scrips>
      <skittyErodes untinMatured="metierGirosol" critics="butyric" sobeit="wafflyNonrun">
        <tapirusKeitloaAgonist>peruserClaudio</tapirusKeitloaAgonist>
      </skittyErodes>
      <thienylCerrisBoom clegSeemly="especMiauler" pplRoughenDefoams="139575" smiths="5273055" blunker="pavers">
        <bromicLamba>jive</bromicLamba>
      </thienylCerrisBoom>
    </laurylMurshidGuttae>
    <querelaAnormal>
      <stelic>gameteDucatonGros78</stelic>
      <outwoveFattierAsmear>
        <barbion>puttied</barbion>
      </outwoveFattierAsmear>
      <mikirShellumManitou noosingAisles="parmackLaicism" bedog="amieTetanyEmbolum">
        <carlieOttetto>obverseElectro93</carlieOttetto>
      </mikirShellumManitou>
      <noxaTinaja aworry="jetsomsScaffie" timidlyCaulome="abdaria3" fuji="arneChams8" smidgen="antalUndry">
        <andianSpuffleOnsight>5668073</andianSpuffleOnsight>
      </noxaTinaja>
      <wheeler taisch="2610" tonna="tunkaResuck">
        <multics>sextosIdenticKoasati</multics>
      </wheeler>
      <fawningUnmask maureenReata="sexlikeRiperCajou">
        <montureWilkPsyche>advisyGadean</montureWilkPsyche>
      </fawningUnmask>
      <juicyExcisorAscence daybeam="bollixBuenosEisell">
        <frized>neaten9</frized>
      </juicyExcisorAscence>
      <burgle gruyereTrypanDozy="misuses" smartlyCitrins="jackers450">
        <poogyePyrotic>harpagoCothKuru</poogyePyrotic>
      </burgle>
      <sorrowyElodes>
        <ocelliDoze>22</ocelliDoze>
      </sorrowyElodes>
      <ixias>
        <worshipHen>hartals34</worshipHen>
      </ixias>
      <puntiesDeckie nopePresage="screak" roamerSidedLessen="burelly" breed="1786538" waglike="awa">
        <igneousMegrel>gattine</igneousMegrel>
      </puntiesDeckie>
      <chionis maltoClapePopply="fotmal" forthbyPeskierGinnel="haybote">
        <saltireCoatis>gimBicyclo7</saltireCoatis>
      </chionis>
      <retrain>
        <garniec>riddel</garniec>
      </retrain>
      <unmagicLaborSubrail mandolaYclepedGrison="umiackLaraliaAgamae" radfordKeepnet="spsMaghzenAcrab">
        <pinboneBrev>xicaqueCaserns</pinboneBrev>
      </unmagicLaborSubrail>
      <zaramoIgnaro byeman="aquilaBialysTruants" semify="boyardsYucch">
        <zoarcesJasione>undullDigamy3527</zoarcesJasione>
      </zaramoIgnaro>
      <elected phenyTarlies="temptsJags">
        <rupiahsSalmonsMoidore>headwayPtp</rupiahsSalmonsMoidore>
      </elected>
      <clivisCumularTeerer mexicoOvocyte="requiteToutersHienz" solerPikerAgenda="8" zoochemVoyeur="768785508" bolsonChegoeNorna="retourSloppedStample">
        <soldat>unmossyReprayRosated</soldat>
      </clivisCumularTeerer>
    </querelaAnormal>
    <soohong>
      <mazerCalche>repickCussoPeakish75</mazerCalche>
      <sudsier belays="shopful60">
        <whom>75</whom>
      </sudsier>
      <adorned vinousProwedAbigail="acomaNayaritFley1846" gouges="6064" duncify="imbuesEquiptSabered" abkary="noser">
        <whigPondsFoolify>avowBosqueGrove988</whigPondsFoolify>
      </adorned>
      <targingHeadbox untoughQueuerFoehns="557109364" diehardKlanBeakers="billetQuicked">
        <danFilix>lunarsCuddlesFixatif</danFilix>
      </targingHeadbox>
      <normedTempter>
        <predRefTuckets>spung4</predRefTuckets>
      </normedTempter>
      <stammelCestodeBuxomly hawsers="unbraze" bedeSlojdIsogone="108">
        <scobBestirs>loligo</scobBestirs>
      </stammelCestodeBuxomly>
      <lawnJetter bookersPeyotlsSparky="exerts8553">
        <framersPeachen>bysackiGeleem</framersPeachen>
      </lawnJetter>
      <skilfulTowhee tarponLackey="picachoMerril6038" prutahHagigah="7">
        <cranage>fondoukApnoeaRaucid</cranage>
      </skilfulTowhee>
      <rumbledTriwet hyrseSifflot="atoniesYonside" bootiesProne="santeneVasuRechaw" grossedJohann="fitment" saveloyGibaroSware="argansTriflyStudios53">
        <updartNapoo>makaleHastlerLinaloe22</updartNapoo>
      </rumbledTriwet>
      <hrdwre halebiTheyveAva="unberthMahNarras" reasonsRegrowsWhitlow="vuln" tasserCattle="ogrismsPomeroy" cheapie="ropemenWeaveCerites">
        <gampsClitesCusso>oafishPieshop</gampsClitesCusso>
      </hrdwre>
      <kellionTazzeTrident>
        <bluesBiting>pipes</bluesBiting>
      </kellionTazzeTrident>
      <bruja crany="apairUnsore" deinkUntyingBurrier="lispsTeucrinNco" triceAgamis="wigeonRwoundPutter6" radicel="attiresDeplaneArachne">
        <sharnsDamans>tupmanHoverlyUngated</sharnsDamans>
      </bruja>
      <verandaSoiling rakees="imitate73" vulnoseSlapped="71341750" lutrinWhindleHoopoo="9">
        <biga>punkahsReswearUnslain</biga>
      </verandaSoiling>
      <gemsbok>
        <cheminsMichaelBariums>shimoseBissonAlicant</cheminsMichaelBariums>
      </gemsbok>
      <vitrealSapiens>
        <untimidComes>mardiApianAtip</untimidComes>
      </vitrealSapiens>
      <cerite>
        <mfdWrossle>mintersEcru7153</mfdWrossle>
      </cerite>
      <medusalUnits cubitZesting="curatGratinKharif6238" isogonyMysian="appeteLyingRurally" assamarYunkerJaypie="gestes" rerose="raccrocResew33">
        <decerpBlartWaler>98</decerpBlartWaler>
      </medusalUnits>
      <cordyBolis brieferTheria="harrisIngrowLabium" zohakAbkhas="nullGawkyStrown">
        <evertJundies>67</evertJundies>
      </cordyBolis>
      <chacmaVocatDuvetyn nuzzleHoochSivaite="1067350" shittedInwrapt="arroyaDenyHoumous">
        <jussiZamorinGilia>keglersAmouliAlmadie</jussiZamorinGilia>
      </chacmaVocatDuvetyn>
      <carpelsDozersWitches hathi="unfoxedRettingSao79">
        <parotic>pelon</parotic>
      </carpelsDozersWitches>
    </soohong>
    <nonoicRipostMump>
      <dresses>porionsWongskyRahdari8</dresses>
    </nonoicRipostMump>
    <vulvar valuersFlukily="neuricNote" yeatMeisje="woorariViseed" corplChase="tovetPalaticMymarid" heath="trumeauSwigger9" beanbagDecerpEssenic="ridingsLivenedChanst">
      <pauxiPravity>assign</pauxiPravity>
      <sorgosNeuron doseNayaur="morongBai">
        <porgeKnute>goliad66</porgeKnute>
      </sorgosNeuron>
      <sinite akhyanaFokkerZodiac="216066" nomineeBotong="blazed">
        <frizingAsaphia>15153</frizingAsaphia>
      </sinite>
      <causa whinnelAmyleneTheemim="jaypietSlup" templumLeaked="unladedShopful" lacca="bardieRiggotCogs">
        <outeye>vierBecolme</outeye>
      </causa>
      <gastreaTincCarest commitsTanega="cavingsUgandaCupric" averralPilgrim="thujinTakelma" slartGelated="foochowLinusKempy7">
        <moloidCissyKaros>3</moloidCissyKaros>
      </gastreaTincCarest>
      <shoolerElytral unobeseKarpasWilbur="giocoso" cabaConurusLivest="vereyProsistKapur" wailing="malchus" panic="63345370">
        <makos>daunch</makos>
      </shoolerElytral>
      <leasesCystine undyed="everichThaTurtan" cora="preuxDeadish" cleanAdown="aguamasWuzzle30">
        <rizzerCorrespRykes>638</rizzerCorrespRykes>
      </leasesCystine>
      <traheenCould flawing="lithestShaptinKeester" logoffRacer="coremia">
        <spurner>mitralDipettoGeog</spurner>
      </traheenCould>
      <unplumpSpiculeAgonal>
        <spalder>oxphony</spalder>
      </unplumpSpiculeAgonal>
      <sertule tenibleAethersBerbery="selago" unfrostVugSkirr="perfay">
        <anomiesAbouts>stutterScabia</anomiesAbouts>
      </sertule>
      <aasThruway pharian="604113" easefulHakeSiva="sister" strix="987765704">
        <reluceAngustFashing>181049</reluceAngustFashing>
      </aasThruway>
      <haveralBlusterFlasks torsks="2951112" valueUran="typistsCriersSubcoat989" argentBedubToggler="longeveTaculliHiking8196">
        <skatolsBiune>loveman</skatolsBiune>
      </haveralBlusterFlasks>
      <deaf claudio="415954818" seah="77047">
        <deaden>gallify960</deaden>
      </deaf>
      <septumsPhysis>
        <spragPlebifySkun>sugaryNodally</spragPlebifySkun>
      </septumsPhysis>
      <vilifyRon kgrGpad="73922815" bisexed="scutateAeonKebabs" bidreeTonnish="volenti" bergh="8989">
        <irisesTotsBetwine>pesade</irisesTotsBetwine>
      </vilifyRon>
    </vulvar>
    <labraUpends>
      <titienUnlaughAccents>jantee</titienUnlaughAccents>
      <mulga weedful="67" tarefaLeaperCoppy="piquetManege" okapiaCanyonPeponid="loachesGunsel">
        <scance>retrackSageer</scance>
      </mulga>
      <chalotLosingsCambion>
        <moonieCrap>172267</moonieCrap>
      </chalotLosingsCambion>
    </labraUpends>
    <cinderYardage stoushCokeney="worstsPyemicCloset">
      <anotusAqua>reversiShackTatler</anotusAqua>
      <stummy upcallBlueishDow="oariticGrosses">
        <bribe>pinic</bribe>
      </stummy>
      <corriveAraua>
        <cavings>fruitFattish</cavings>
      </corriveAraua>
      <agalena whomVoltaic="talleroUnboltsFalun" bornite="945411029" theologStrange="cabbala2712">
        <bladishElain>72</bladishElain>
      </agalena>
      <nickPairing nuclideOutfortTalthib="art" psiloiVenieVatic="mahatmaCamesHobble">
        <cherryUptrail>arachicDiseasyFoisty</cherryUptrail>
      </nickPairing>
      <palatuaUvalhaUlmaria cloPoesies="151" headyNutated="meioticFirmaOvist" burrosMirable="dockingAthecae">
        <chloredHalalasAcetary>6</chloredHalalasAcetary>
      </palatuaUvalhaUlmaria>
      <forwornChaucerCojuror autereSproil="pommadoStyreneBatboys" ararPaalHapuku="stallon" ustHoustonUploop="poopsie">
        <rackTelergy>cutins</rackTelergy>
      </forwornChaucerCojuror>
      <clarion shawwalOrganyAmadou="fluxedWifeletMehari" whirrsHoopoes="crier" plisseTangoTellt="scur" posticKalpas="4183">
        <elvisHaenSnotter>dampyPhialedFama</elvisHaenSnotter>
      </clarion>
      <tarasco mockupsGlobule="872367182" remanetKushaPaid="napalmBelait265" devoto="jared5813">
        <pajamasMenseCankery>alap9555</pajamasMenseCankery>
      </tarasco>
      <untaped>
        <obvertDarby>tantras</obvertDarby>
      </untaped>
      <clemmed bruntsEths="orfraysLesbiaSlider" lycaenaAbdest="5343" cloverBygoingPhlegms="punktBacin" endhandSortieAglycon="5744">
        <gudrunSnocat>diverseEmesaSurgeon</gudrunSnocat>
      </clemmed>
      <taoiya premeds="fainest">
        <relicts>poohedRubles3152</relicts>
      </taoiya>
      <marrysBestirGlochis>
        <rappelsMatara>season</rappelsMatara>
      </marrysBestirGlochis>
      <romanceGelate guessed="nigelMaleeFormel">
        <gamma>famelicScalene</gamma>
      </romanceGelate>
      <vareRamular coastalTrintleCaestus="micronResmileCoupe" boloingXixCruiser="50198" pumices="bedroom">
        <subornSpyerLasset>epoptic</subornSpyerLasset>
      </vareRamular>
      <dertraDardanUnwhip>
        <unstuffAwnlessSetting>forcerAnheleDicolon</unstuffAwnlessSetting>
      </dertraDardanUnwhip>
      <unpietyRotches basoko="diseur420" plancer="shorls1" zygoid="panctia">
        <sinicalOutkillTamed>oeilletIambistFloreal</sinicalOutkillTamed>
      </unpietyRotches>
      <skylineDozzled>
        <baggiesFalculaReedy>trustsWithout</baggiesFalculaReedy>
      </skylineDozzled>
      <frakenWhareTurbo pastilsBhat="motacilAndriesGloam">
        <clappedTestarBielby>pktBraggedVirelay</clappedTestarBielby>
      </frakenWhareTurbo>
      <swiz jivaro="martAjog" porkinVestletPouty="onless" azotiseRive="buccaroAmuzzleCuvies">
        <smilaxGrowlsImshi>rebeatRubidic</smilaxGrowlsImshi>
      </swiz>
    </cinderYardage>
    <paiute>
      <chorda>flathatGuabaDomajig5</chorda>
      <semifitGeasterGuids>
        <friezerUnheadyBedouin>8078730</friezerUnheadyBedouin>
      </semifitGeasterGuids>
      <carafonHolidayAmerce tableUnslogh="bespellTousled" glancer="axlesAstute">
        <goosery>redueMolies</goosery>
      </carafonHolidayAmerce>
      <phialeArchealWithal grinny="oxlips193" vinelet="4404" lops="babbieQueridaAbmhos74">
        <howlingCaconymRusine>creamFilicic</howlingCaconymRusine>
      </phialeArchealWithal>
      <quohog erosion="hubbingFemceeUrachus365" cynicJizyah="unendly" robinin="linyDarlingKronor">
        <outbarKibePanung>comeDruggy</outbarKibePanung>
      </quohog>
      <dogmenTidbits topheZircite="deviate">
        <ithandEurytusRecede>ecarteBuxeous</ithandEurytusRecede>
      </dogmenTidbits>
      <mindel>
        <dozenth>shaver</dozenth>
      </mindel>
      <planishDedenda mangoes="bename" tibbieOximsMovings="appastCascadoPopsy" crannog="sipDextrerAmebid">
        <rajahEmulous>balkish</rajahEmulous>
      </planishDedenda>
      <echardsExergueDharmic gesteGaddish="anserin" guaco="ceinte5" reflash="luminal">
        <phonerBebrine>pugdog</phonerBebrine>
      </echardsExergueDharmic>
      <ignoresRakuRobed atopAlephs="pipits" zythemCryingArgosy="148762520" perduesAcaridsHolcad="havelWanrest" boise="216">
        <pasha>priscanSarkarLaments</pasha>
      </ignoresRakuRobed>
      <onymize>
        <pfxAbakaCrowed>loftily</pfxAbakaCrowed>
      </onymize>
      <espece>
        <evelongGhazi>1670</evelongGhazi>
      </espece>
      <jugglerSurra arpentMethodyGarnett="45" wunteeLlynChimere="dogman3" rajiv="adsorbWrothyOverlie">
        <teeting>buggess</teeting>
      </jugglerSurra>
      <vetsRoudSooners maffickCaserneBeking="yodelerBilkSysin" dubhe="camas" woadwaxAnaboAalii="conniesFitchewRessaut5">
        <mendsAnnamWinnel>emotersManatusSmokos3</mendsAnnamWinnel>
      </vetsRoudSooners>
      <tuarnPhragmaEmbrase>
        <shelleySuasoryIntaker>guelf</shelleySuasoryIntaker>
      </tuarnPhragmaEmbrase>
      <ardisiaGawkersPopode>
        <octdraLeelangPekan>45</octdraLeelangPekan>
      </ardisiaGawkersPopode>
      <raxPublicaEyeful droilRemimic="veloursDrachen" kerfAntirunSugis="burpedSince" homoeanCorrody="lyophilSkaddlePonce">
        <negrita>faltersBedebt</negrita>
      </raxPublicaEyeful>
      <ofaysMinimus assapanGelatia="scrunchBasten7" cymenesAxing="388178" lazing="bego220" beulahChuana="grype">
        <abrazo>scarnSamkara</abrazo>
      </ofaysMinimus>
      <tabisNativusAutarch geatasArgoan="kinbotInstepsCohos" averredUpkeeps="jubilusOxlipDrant" plotlib="hummingSummed" redact="751923136">
        <alliceJailer>gonal70</alliceJailer>
      </tabisNativusAutarch>
    </paiute>
    <turvyCounterTinfuls diced="fideism">
      <skootCassoni>tineine7880</skootCassoni>
      <eadEyeEfford mwalimuCraniad="49776" gaspedPlier="39092476">
        <calinda>shackyGoyishInvokes</calinda>
      </eadEyeEfford>
      <dappledBuntMimeo sonder="djibbahVenada" sanerRayatRutin="cracksRawly" cuchanSlopeScient="909323" rebobAssurd="pusleysVetoer">
        <nexalGarlics>howledGloryCologne</nexalGarlics>
      </dappledBuntMimeo>
      <levisPepsine>
        <uncanedTorous>soonersAdjoint516</uncanedTorous>
      </levisPepsine>
      <plutonReetleLobcokt etasOculusHaws="strondBleachsChian" rucky="skiv">
        <apercuSamirAiery>361866916</apercuSamirAiery>
      </plutonReetleLobcokt>
      <unixSaloopsCalicle>
        <tabour>dubheJaspersToucans</tabour>
      </unixSaloopsCalicle>
      <voicersCustoms preppyAwned="70432478" croresFinetopGoasila="kithsPropaleUpway77" ticcaCokingUmbone="fossulaKiekie" factishClatCaulk="flyoffLoather">
        <jovaIndure>rasant</jovaIndure>
      </voicersCustoms>
      <albian>
        <scliffMummiesList>pupas</scliffMummiesList>
      </albian>
      <saver avileCuyas="hausseKarree" chylous="stalkoButanal" dermadStrial="covetBeretta" upturnBenzin="8">
        <readies>hogcoteSukuRustily</readies>
      </saver>
      <widest pueblos="787921">
        <gharnaoMorularUploads>unson</gharnaoMorularUploads>
      </widest>
      <seqedRuledomArmlock oddsbud="citrate" albitesReefers="dropperMildly">
        <cottarsReseeks>resendsMock</cottarsReseeks>
      </seqedRuledomArmlock>
      <laggard dejectaLaevoPotwort="acajou" vacateRefer="oblasti">
        <rolf>myrciaMaidiePaenula</rolf>
      </laggard>
      <doggishDeath lirTornade="noix" cabs="parisesHallion" anglo="hookingMennon">
        <nymphicSopperBassos>tules4878</nymphicSopperBassos>
      </doggishDeath>
      <senusi velvetSandix="251734" geggee="discerpLooking" noodlesWonky="edenicBetrunk" epicYgapoClerks="unpinLatexesFlorist">
        <cuittleGenepAtmid>pineal</cuittleGenepAtmid>
      </senusi>
      <liegerRaanan embusyLoutherHammed="tobaccoTrouss" abayah="solubly" towson="4804029" pushout="forrideEaseled">
        <meminnaUpfurlPousse>amerindBitoLysins</meminnaUpfurlPousse>
      </liegerRaanan>
      <fiftyMisgoEpopt foxfeetSnafu="contoid" urluchFerth="pinas" jufti="uppowoc" twindle="syzygiaBandiesMeaning">
        <cobcab>ink</cobcab>
      </fiftyMisgoEpopt>
      <durion koodooFriggaUrena="inustRemeltsKetchup" espartoFurrowy="clavusCravo" bedcaseJuncus="wirier">
        <abohmLuperci>fuzeesStovenCrumby</abohmLuperci>
      </durion>
      <proctorInsunk softest="kphDangle" ayuyu="quashesStadiasBandies">
        <femininPattuFerret>95259</femininPattuFerret>
      </proctorInsunk>
      <starry>
        <wilga>9</wilga>
      </starry>
      <sensate becursePudsey="89463" hcfDarnex="diploid">
        <quorums>lourieUraminoRashful</quorums>
      </sensate>
    </turvyCounterTinfuls>
    <aeonicBeguile>
      <totallyEms>kodaguValoremDakhma</totallyEms>
    </aeonicBeguile>
    <austinTranche sanseis="sweeterSowfootNeaps338" nitwitTakar="copisElopeDiaulos">
      <alpSpotsFlimsy>locustaAlariaBeetfly</alpSpotsFlimsy>
    </austinTranche>
    <easyRecuseSerian lenaeumComfier="parra">
      <fronterEphods>jumperRaffles</fronterEphods>
    </easyRecuseSerian>
    <riveretUreidesUptaker>
      <sasseIsogamBurkers>768</sasseIsogamBurkers>
      <boobily sukkoth="blatRadiousMurk" infeftUremiaPinacle="mascled" pintoExpleesBedlamp="groomyMural">
        <divataConsole>asleepMildest</divataConsole>
      </boobily>
      <pashkaUnmutedUnition pileiGamerBoggish="tapeatsSabbySlope" benumbsHereofSignori="feereDismastFoldout15" forlese="awee" comiqueSparid="bousedRappels">
        <finbone>helingRattanJagong</finbone>
      </pashkaUnmutedUnition>
      <mentorsAntesGebbie sougan="molary" oviductAkuPoppers="remerge124" seasan="hymenia" mousyOtaryGestate="eanlingLationLyn">
        <sephiraOsseMusket>cortianEtchTrifold</sephiraOsseMusket>
      </mentorsAntesGebbie>
      <twagger citator="rhesianPalikar" hajilijSaveyGoldy="ascapeJacalRuption56" laggedQuickerThoman="cloacaeExcided">
        <emailedWristPalaka>notal</emailedWristPalaka>
      </twagger>
      <ranchos mediansWashupKrubi="1070755" wamusesNode="pridesBossy55">
        <tupeloDeponeEmmett>stenchyBaronry</tupeloDeponeEmmett>
      </ranchos>
      <tomtitPupoidPapism stithyPeoples="samely" uptowns="terzoSwathed">
        <siltier>griquaCokeryKainah</siltier>
      </tomtitPupoidPapism>
      <pivots>
        <haitsai>unheleFisher</haitsai>
      </pivots>
      <hetaera>
        <hyphal>bortz</hyphal>
      </hetaera>
      <nonsaleArhats cupulaeYhwhPesetas="growersTargerAquilid" pionedXxivWhauve="coupesMahound9">
        <coyed>souZemstva</coyed>
      </nonsaleArhats>
      <niblikeUnitismElfins>
        <guhayna>reshotUndonArefact</guhayna>
      </niblikeUnitismElfins>
    </riveretUreidesUptaker>
    <heptiteAxenic>
      <betoyaHeptad>bufagin</betoyaHeptad>
    </heptiteAxenic>
    <oreasSpiksAlexian roomierApadanaDramas="basharaMucaroTripy" shabbyMalachiPainted="213572" faun="rustySamghaGabback">
      <hitoshi>kingcob</hitoshi>
    </oreasSpiksAlexian>
    <belles>
      <pulsedCuffsAntigod>decanCunjerBraid</pulsedCuffsAntigod>
      <picaro riperBedroll="ruptileBabisKneeler" chattedEscalopCatena="morello64" turcicSpitful="twae" devotKexy="zests">
        <shovedCleans>soddingDoneEjected1714</shovedCleans>
      </picaro>
      <outgazeWarabi>
        <gadwallTania>hackedBovinesTsungtu</gadwallTania>
      </outgazeWarabi>
      <snog agy="40" suavelyCorkierAyont="ownableUnstrip986" tedesco="degras">
        <speckly>oliosBenmostZamias</speckly>
      </snog>
      <sawpitGrainedDemaree isoptic="215628326">
        <betailLumpElfland>spreads</betailLumpElfland>
      </sawpitGrainedDemaree>
      <chikeeSubhallLym>
        <aumilRecombKudos>incle58</aumilRecombKudos>
      </chikeeSubhallLym>
      <aegagriUsationNoyous>
        <nacriteEspigle>tangle</nacriteEspigle>
      </aegagriUsationNoyous>
      <logilyCalmer jernieWorkingBerne="ataxies" cornierKlaxons="kyaungStiltedStylo" splicedWilhelmSalish="visa6">
        <mercers>hamlah897</mercers>
      </logilyCalmer>
    </belles>
  </ochavaSeidel>
</preach>