<?xml version="1.0"?>
<walliseAccite>
  <matara thymate="isawaVouchorDropvie" tolmenDamasBuibui="hawking7" guisingJuglar="522239667" enriveAlkoxyCronus="rehonorTollentBerg">
    <hails>
      <sauriesCasbahOphitic>1</sauriesCasbahOphitic>
    </hails>
    <unsoggyMousoni washout="monaxReequip" drawly="mist9394" aumbry="chadFirringHaars202" remiped="penangSnuffsTakeful">
      <decimus>butterPyreninChancre</decimus>
      <profs>
        <flawed>15</flawed>
      </profs>
      <bractedBreezesFaurd timberBlayVanilla="helodesCouteauTabs" phenene="jerald66" reevingCathode="benthon">
        <cotonamDistuneSloper>slavizeHonkie</cotonamDistuneSloper>
      </bractedBreezesFaurd>
    </unsoggyMousoni>
    <bijouxGangava>
      <anletAlerta>109710</anletAlerta>
      <rondosKenmark unfileGadgetyMourns="choanaBiznagaBaldie456" tousledGrateMpangwe="copsoleAshameZakat">
        <unrapedPrawns>1</unrapedPrawns>
      </rondosKenmark>
      <strackWifelyUcal>
        <twazzyWailersMalheur>91499926</twazzyWailersMalheur>
      </strackWifelyUcal>
      <siftageConfine staynilDiked="moter6166" burmiteDobeAbd="dispostBaulksGaining">
        <direful>cliqueyPisoExtolls</direful>
      </siftageConfine>
      <geegaw>
        <eluantsOuthymn>osirianEstradeSpecies</eluantsOuthymn>
      </geegaw>
      <pomonal hoodcapBloody="707465633">
        <krumanCast>5</krumanCast>
      </pomonal>
      <bothersDismalRoman oberon="7089313">
        <oilsSophist>coneenGloverRishi</oilsSophist>
      </bothersDismalRoman>
      <wamefouSongoi enlifeJimpyMasonic="3104" trilitYuckingTranker="wekaAles" tilingLorenWorkman="6863673" worker="twint">
        <mucorsBeldThrew>scoters</mucorsBeldThrew>
      </wamefouSongoi>
      <barosma putoffsFlunksHosier="746" kabarHeirdom="maltose">
        <matriceLocatorGuetar>kipfel</matriceLocatorGuetar>
      </barosma>
      <chloeFoppingDominos reested="athwart" megaara="grufflyRabbled" taillieMiranhaBonasus="vougeot" alachah="forbareKeraci">
        <dansantSaimyLoganin>kidsman</dansantSaimyLoganin>
      </chloeFoppingDominos>
      <echeaSerbian exmoorGorbitDecani="begnawn" beefaloCadere="utahan">
        <quasar>histedRattus379</quasar>
      </echeaSerbian>
      <opticonPuttBennes glossalMounPotoo="82377467" biloxiElaphe="lehiSloomyHoi">
        <marronPeansDullest>equilin</marronPeansDullest>
      </opticonPuttBennes>
      <pomePignoraSnippy thrillZoocystChounce="pyknicSenegasTinwork" baconic="quadrae901">
        <granterIcedDoblons>yom</granterIcedDoblons>
      </pomePignoraSnippy>
      <grebeCredal>
        <flotasSenatusHaole>spitfulRetrod</flotasSenatusHaole>
      </grebeCredal>
      <jostledWaxbirdHartail tremorUnchurn="oxter" botchPremise="sdumpFrden5">
        <barosmaPuncher>limmer</barosmaPuncher>
      </jostledWaxbirdHartail>
      <asweat herausSoxSquama="olena67" mahewu="lookCredosGinn">
        <drinkerOutbrag>needslyHidated</drinkerOutbrag>
      </asweat>
      <uplongRewelds ictericClickAdvowry="932407534">
        <boodie>unheal</boodie>
      </uplongRewelds>
      <squared phytomaTebbadExogyra="outbulkUnpious35" empallArtsyDominee="moasHakims8118" detruss="518941798">
        <pecosComitia>71405778</pecosComitia>
      </squared>
      <ashramsGurkMidgety afzeliaTitbitsAcop="269841">
        <bremelyAcylalSake>trauma</bremelyAcylalSake>
      </ashramsGurkMidgety>
      <bendaysAldrin>
        <yetapaCovetSeewee>crummyJujubesOmasa</yetapaCovetSeewee>
      </bendaysAldrin>
    </bijouxGangava>
    <tutrix>
      <theyaouSalletsCrowds>anviled</theyaouSalletsCrowds>
      <pata tinnenAfernanBegar="alemiteSwim685" asarone="shptPirayas2">
        <kphVespal>bavaroy4909</kphVespal>
      </pata>
      <parvise>
        <colones>simba</colones>
      </parvise>
      <hugging cultishTrekBiunial="2" beguessInnlessAbuttal="ternateSatanic" dragsStanzoGurk="hashedKhedahsScruple" circletZizany="howsoDroichZambia">
        <unaged>child</unaged>
      </hugging>
      <bitchedTarpum>
        <surahsNyalasMedusa>vergerCheatedKyke</surahsNyalasMedusa>
      </bitchedTarpum>
      <skeen leapTanzineThos="916501472" rgen="sneezySexpot31" hipsterPanama="enstamp">
        <yaqonaUndevilGlyptic>everlyUnovertEngle4</yaqonaUndevilGlyptic>
      </skeen>
      <twinlyPipetSlavers laius="tomtateUnzoned" wakikiOthin="gleeked2909">
        <bulkishSkids>favorer</bulkishSkids>
      </twinlyPipetSlavers>
      <tandourLeander aftNuttedDropvie="1" tylarusWaicuriToying="merks">
        <bawdryLithiteBamming>52</bawdryLithiteBamming>
      </tandourLeander>
      <kuesNosairiSquats>
        <bonducsWinkedClouded>numerosClods90</bonducsWinkedClouded>
      </kuesNosairiSquats>
      <polypus>
        <leptonsEmpusa>hvyPrabhuSabbats</leptonsEmpusa>
      </polypus>
      <billKorun hookierBingAlbatas="956945786" geyser="codensBeinked">
        <rabalUnsurly>flivverShederViragin</rabalUnsurly>
      </billKorun>
    </tutrix>
    <albeit gravelsHerlingWeanly="quizzeeDoyltTweeded8" fizzedChile="zits" sties="psaltry" dualAuspexInsect="mazersLoomingBewake" inlyOvariesRidgy="717" ramiroFards="istleMilo">
      <timeful>nickCornfed31</timeful>
      <acronyc fanwiseAbaue="fris85" tetterLuxates="chukarDoled531">
        <rinker>abidiNorieIter</rinker>
      </acronyc>
      <tellin inspectEffacerSlipups="gyved" kayoMysianScad="note" suededBiduousVisards="mgalShelfy">
        <breamsGenusLimbers>haviour</breamsGenusLimbers>
      </tellin>
      <tubeful misteukTremaUratoma="1068544">
        <topedBoyd>whsePiefortColons</topedBoyd>
      </tubeful>
      <ipmRehoop insistsChochoTulchin="trench" bracesSubdean="shilla">
        <stanceEnteria>417497</stanceEnteria>
      </ipmRehoop>
      <samanIowansRedupl hindersAlbugo="fesses" muddier="ankouSerg" antonyRescanAimara="4925305" eebreeOnkerZelator="bisleyArk360">
        <bapSautoir>pulquesAcider6898</bapSautoir>
      </samanIowansRedupl>
      <ethnish mummify="97" badness="plud" hurdlesStonenAsianic="75" classicBackingAcrawl="castethSaggard">
        <serfageKaserWurst>sextetsFoison</serfageKaserWurst>
      </ethnish>
      <dapple clawersSudsingQuinols="parkingGropersCubbish" thievedOssal="inc">
        <epiclyMeskedKappie>502</epiclyMeskedKappie>
      </dapple>
      <allyCrosetUnblued galchaBoches="somites" spared="patenerLepantoSloper" augiticLibeledKoppies="cumbersSierrasRevent" admixedFlawing="fidelio39">
        <clonesAmoret>198864084</clonesAmoret>
      </allyCrosetUnblued>
      <unactedPeskier nidgeMucosaeSacrist="59643" delouse="3" spareSexiest="mutuary" tenail="207458841">
        <sippets>irrisorFunli</sippets>
      </unactedPeskier>
      <woven barba="druggyBoyhood" shita="untownUnbitDorper1">
        <oxidesHadith>linnaea68</oxidesHadith>
      </woven>
      <astraeaBidery die="thecoidPlott8433">
        <oars>couples</oars>
      </astraeaBidery>
      <chitak deemingIcefallDigitus="cebathaReheels40">
        <neopine>luiginoRedactRadical</neopine>
      </chitak>
      <rodletHarmout pansit="snoredCirrhus" admetus="4687" torpex="froryBiggestVerchok" simulaMangue="shadflyDreamtJirgah">
        <mokeSargos>butylicHorreum</mokeSargos>
      </rodletHarmout>
    </albeit>
    <nicolRissle>
      <cosieCauda>kelson</cosieCauda>
      <dithers>
        <manfredBesnareStourie>342</manfredBesnareStourie>
      </dithers>
      <pouchedBiflex timarClangorHalakah="tizziesAstray292" caciquePetunia="5531">
        <challiePlaned>encenseAdossedCanty</challiePlaned>
      </pouchedBiflex>
    </nicolRissle>
    <glor>
      <hamlinePlowingRelodge>epuloKaruna4</hamlinePlowingRelodge>
      <bemercy aeriestItalian="blitumWienersStoker">
        <gayatriSererGullies>1329230</gayatriSererGullies>
      </bemercy>
      <midribsCelsiaFresno pietism="gaucho" wrawlerSiluricCymar="tornadaBosomyModulet601">
        <koaBetake>attacksScouth</koaBetake>
      </midribsCelsiaFresno>
      <wyethiaMonadAsgard frawn="satisSoughtEgomism">
        <thrall>toluAlvelosDemeans</thrall>
      </wyethiaMonadAsgard>
      <hijackSelfist>
        <squinPshaws>minkeryWillsLactary356</squinPshaws>
      </hijackSelfist>
      <burring tautlyUnpiety="dawningCausansMegrim852" ilotCunjer="bummingOutheel" xanthinTensesKneed="fugue71" nocuityMerge="berlins">
        <pedatedDizzen>wivernJiveass</pedatedDizzen>
      </burring>
      <whelpNaturedExclam arablesRayBkg="iberesSpaningSemina263" vibixViversIceni="aquerne">
        <zaptiahSeggars>abash5</zaptiahSeggars>
      </whelpNaturedExclam>
      <maneges aliencyVanedForblow="8881" umbered="292250" axwortOutrickWhacked="upfleeCommosSetters">
        <dcorCerate>hepperNeuralScaff</dcorCerate>
      </maneges>
      <prawnTinoAdapted unbuilt="595338" kittenRandal="taku" cosinsSla="hartsGateage">
        <poochMulture>8613</poochMulture>
      </prawnTinoAdapted>
      <pioletsWenonahIridin lorinerShrinerAculei="batteryDarbySolon" khasaCaracoaPhoned="roble" subunitSlowerUparise="gugletPlatterDelouse">
        <retialHollow>lotosesPalermo</retialHollow>
      </pioletsWenonahIridin>
      <tpmBerlins koelsTramped="readornBegazesMakluk10" fumetteContrSnib="horasStyrianDreggy8" paesano="mirages" tydden="224514896">
        <hindersAkongeBewater>safelySniper</hindersAkongeBewater>
      </tpmBerlins>
      <birledFlaxesOmnibus coetusTawite="tegular" eeyuckGeckosEyases="perdrixClunkedMydaus" poddedGodlessWurleys="unfetedAshramsGizmos">
        <stelicJelick>cecumsReuben4</stelicJelick>
      </birledFlaxesOmnibus>
      <tartroSwornRyepeck>
        <sonjaSonance>66</sonjaSonance>
      </tartroSwornRyepeck>
      <paperedClasper redwingSmilers="timarri" twistedGaugedGolet="lambesFrothsAries" chevvy="kiddier" akindleForeby="blawsBourne2239">
        <unrude>alength</unrude>
      </paperedClasper>
      <whealyMoppetStarted yamilke="91" grullaDopier="triste" bullpupUprose="kikuel" collisOutroarToosie="pulletsZeroth42">
        <recado>520841122</recado>
      </whealyMoppetStarted>
      <rompLupine>
        <pepped>yelver</pepped>
      </rompLupine>
      <scaut elitismAnnoys="runbyMounded" corajiGiltyMadiga="puggingSplashyCarbyl">
        <goddams>wankerVeesZindiq</goddams>
      </scaut>
    </glor>
    <laetMiskeptBaggage>
      <hutletSnuffle>earlyBraiseColias</hutletSnuffle>
    </laetMiskeptBaggage>
    <monadalNidana>
      <garronsRemoved>virguleJill</garronsRemoved>
      <custrelHollowPattoo>
        <amarine>7319290</amarine>
      </custrelHollowPattoo>
      <gummaFolksy alphylJota="gromiaPrancy496" akasaBygo="planaru" bipartyUnclamp="muckersIngotCoss44">
        <pyloriAlemiteCarotte>wobUnown86</pyloriAlemiteCarotte>
      </gummaFolksy>
      <bonksAfghani awned="verismo" epil="freely">
        <lawbook>83162</lawbook>
      </bonksAfghani>
      <nyalasAdvisyBegazed censedAtebrin="626850743" nunnifyProlia="3678345">
        <tabernaNoshers>294771193</tabernaNoshers>
      </nyalasAdvisyBegazed>
      <trailsLowboys flight="nagorJurors" waggerPawnsMelica="4030917">
        <cahootPiotr>ionise</cahootPiotr>
      </trailsLowboys>
      <alenDankCokeney laymanEnsafeHoes="bearingCavils" vidonia="663" purimTilaiteQueens="zeroth">
        <spoofMalvinIambus>42</spoofMalvinIambus>
      </alenDankCokeney>
      <frowsty arielMidwestLysed="grifted" cakesCongas="egoizeLibidos" clypeal="roachPurlinHoy84">
        <shoppeCaca>dividedScrapie</shoppeCaca>
      </frowsty>
      <dassyGods>
        <nozzlerAdeptsMalodor>noilyCatalan</nozzlerAdeptsMalodor>
      </dassyGods>
      <dyeMandatTweezed>
        <heliconPrevise>goitcho</heliconPrevise>
      </dyeMandatTweezed>
      <loosens umteenKelima="khatsSpirlieInquest" khilat="ictuses8545">
        <gibli>colmarWitoto</gibli>
      </loosens>
      <storing gooberZounds="voluptyOracheChkfile" tremblyDingee="misdo">
        <qualityKithingSaluted>forkmanDarstAirman</qualityKithingSaluted>
      </storing>
      <swob>
        <lactify>silicicEpeirid</lactify>
      </swob>
      <incuseBalor unslylyRenga="seatHarrier">
        <ciaWoubit>keltsRhagoseMetrise</ciaWoubit>
      </incuseBalor>
      <wrathFagus headway="aahsBarged7709" meskedPyrites="slate" sumnerArereAnhima="stilledGld" forget="trampot">
        <stend>44578088</stend>
      </wrathFagus>
    </monadalNidana>
    <rinkerCouhage wakiupCathay="8447" arabistGlitter="15648" brooked="derobeHymnalsInsnare" lamestTotora="ancoralQuintadDeturn" governPendedJuno="mullensReiDillier6" beproseLaithScoops="djinniPirns">
      <rheboks>besneerSpeilTawkee</rheboks>
    </rinkerCouhage>
    <townlyAboundsNoyaded>
      <papuaBhowaniApout>tandleRiyal</papuaBhowaniApout>
    </townlyAboundsNoyaded>
    <hibitoCosingAcquiet pifferoYeuking="uncloudRoseousBruised" enhalos="graphsPignuts" bumickyAmenuse="agelausCreeseHopples">
      <manticJamesProas>binoticLoreleiChoosy</manticJamesProas>
    </hibitoCosingAcquiet>
    <becivetOchred fribCraggedFornix="lademan" lapisesSonglet="euploidBoeingSunkets" kwanza="3782666" travailSpurletGisant="5406589" huffsSeizureFormule="waveysManjeriJaghir" fennelDyvourGermule="abidiUnlawed">
      <captanHelder>gowkedTrottie</captanHelder>
    </becivetOchred>
    <catapan>
      <serpariAdjutor>hawse</serpariAdjutor>
      <jambos khazenPerinea="bajury" timar="83921" chicaEggler="pelonCoxyLiane">
        <cressyArisard>widely</cressyArisard>
      </jambos>
      <bastingCabman foxiteHyphal="quippeWalkup2478" borsht="7555">
        <malus>houndy</malus>
      </bastingCabman>
      <bathkolAquose sasherySulfa="tizzies" brassesPoorisPlaten="raspersQuinyie" midsts="retro" ugric="drizzleKanariBrinjal">
        <zonesCurates>awonder</zonesCurates>
      </bathkolAquose>
      <quislerFadedly stainedFiorded="kirkerBopyrid" tipsifyAddendTimelia="outbar">
        <nestedRecuses>93082</nestedRecuses>
      </quislerFadedly>
      <plitchVistalFeceris capuletKimura="mowedFrijaCrinid" vitialDos="tejanoDruseanLiest">
        <wendish>9964</wendish>
      </plitchVistalFeceris>
      <repureFulfilsAngola gnammaVizsla="cetaceaMalto9" sheriaCratchRaches="tanh" almondy="9" verry="tecomin">
        <cymule>306621</cymule>
      </repureFulfilsAngola>
      <unbledPronaoiTools isatin="2" exposeChorotiMuphrid="advertPanganeFizzes" borrowsVulvalSizer="hurriPuris" zippierBordmanJainist="sipeCongers">
        <beepTogatedLutea>ozotype</beepTogatedLutea>
      </unbledPronaoiTools>
      <blunged bufidinSubdual="aflauntSizzing">
        <corchatBousyCoky>ecesicGlutael</corchatBousyCoky>
      </blunged>
      <dumaDeadman>
        <tinnetModica>9383</tinnetModica>
      </dumaDeadman>
      <upspew lowserTaringBbl="7225387" reswarmRodent="lagersBracon9218" amoretFord="arretezRoyt1" miswendTruttaEsprits="7163689">
        <rim>synchroSlicer</rim>
      </upspew>
      <tabis flymenUnfineXat="obiitEnclear">
        <greets>180</greets>
      </tabis>
    </catapan>
    <toastUnrowed rwySubmitsSploit="dormie" couxia="pilotsMusties" intubeTroyBios="4621" jalopDureful="304286746" andineAverMaythe="davensChinkle" salvedAbrupt="jowel">
      <juniusSnowingBruiter>scfActless</juniusSnowingBruiter>
    </toastUnrowed>
    <cassEspinel meetCobleDisple="scorchHushion965" pina="956" summonSanand="subwinkRenew" suffer="sticken" disobeyKirbyLapels="hairletDiskery7391">
      <noughtyNeguses>133151096</noughtyNeguses>
    </cassEspinel>
    <dowlySerac>
      <trammanGoglets>7966</trammanGoglets>
    </dowlySerac>
    <lleuHooking alish="asperly" turble="18" kniaziFramingStolae="651055404" epicierTendidoVeer="sizzledAmyrin" analyst="jihadsMappy" tending="miosesGhatti">
      <ammuCamused>pasquilChun</ammuCamused>
    </lleuHooking>
    <grecize>
      <mullarBygoDrouths>3</mullarBygoDrouths>
      <hamularSutleryTolsey>
        <soceScrivan>murkest</soceScrivan>
      </hamularSutleryTolsey>
      <uitotanCarbySpital>
        <dotardsWedding>45192264</dotardsWedding>
      </uitotanCarbySpital>
      <kneadsHaunch nonport="adosseeBoggish96">
        <bobotie>91</bobotie>
      </kneadsHaunch>
      <nhan fuckedDanais="115293" upfleeDynelAblaze="easter">
        <minkishWigeon>myelineBlowups</minkishWigeon>
      </nhan>
    </grecize>
    <shier>
      <managedRetiled>serpentArchway</managedRetiled>
      <urinalSidiaWarily shifted="toft">
        <melote>946460</melote>
      </urinalSidiaWarily>
      <greenedObfuskScrinia phiale="oilcansViron" vamoses="cormelsQuaitsoUpreach">
        <clashyEogaeaRentee>inosine99</clashyEogaeaRentee>
      </greenedObfuskScrinia>
      <gap>
        <vaiPassionCarrell>35</vaiPassionCarrell>
      </gap>
      <halideOuds sataiWagogo="emigrSodaicUnnewly" ligules="touterRefoolBestock2" staverParded="platter3842" cloves="8092414">
        <holdoutGropes>radeauxDinghy6938</holdoutGropes>
      </halideOuds>
      <loggatKreaticNarks umiack="greeney" labsChirrupMetis="76692" xyliteGonne="dochter">
        <alkydEroticsJubate>pastosePesachPrismed</alkydEroticsJubate>
      </loggatKreaticNarks>
      <blandlyMyosisFohns baresKorunPiasava="wafererPunditWilli5687" eighMischio="potlachAlterum">
        <zincifyBaruPortate>68317148</zincifyBaruPortate>
      </blandlyMyosisFohns>
    </shier>
    <expects grousyShai="bindsKommosGunge" pipa="zambo1301" supra="aerosol" sokesGldCranage="asaleMastaba14" icefishElanceTizwin="begadZaribasFussed" cheatryGoopy="ventersPhrasalSlushed">
      <daeOdumQuixote>lynx</daeOdumQuixote>
      <propperPlantedOwer>
        <carlos>bismuth67</carlos>
      </propperPlantedOwer>
      <sarusPileumLucence noser="restepKathySancho" avenueDoa="85005" tarazedTurfdom="gleg" radishBigeyeKhlysti="762738">
        <valetedCagingLoud>ouster</valetedCagingLoud>
      </sarusPileumLucence>
      <stupaLescheFundal outlerFiddedGreg="sherpaCorralsHogen" stubblePersonsRenove="974" aptateMilieux="708774976">
        <bifilar>402827876</bifilar>
      </stupaLescheFundal>
      <amadisAccruerBalolo>
        <disheir>paraleDabuh</disheir>
      </amadisAccruerBalolo>
      <gozillWizierPfui tweetedRamies="centuryUnrideHomoean59" hungerSolve="fluxesZizitRudera" uncubicUnpiped="68278">
        <acies>wethersRaffle</acies>
      </gozillWizierPfui>
      <temiakGiust hokiestAcoupa="aglaQuarredIgraine" dezaleyKwachasRegius="aclu">
        <devideRams>equidReyoke</devideRams>
      </temiakGiust>
      <pamperoLomentaThitsi koreishVernal="lookoutPealed">
        <twiners>9700240</twiners>
      </pamperoLomentaThitsi>
    </expects>
    <ligandLowboysTaffeta valueNippledLawk="barhop9199" hymeniaElicit="583866609" reboise="cristi" sunt="chafer" arroyoFibroid="marcBathalaCawney">
      <versionTukulor>gaggle</versionTukulor>
    </ligandLowboysTaffeta>
    <cowslipMicrohmXeroses melamedErthUrine="benacusStarker" bradsChigger="2360" sinkingSahiwalHoking="jarlsBautta" nasion="71178918">
      <partingLongwayBiog>engrams</partingLongwayBiog>
    </cowslipMicrohmXeroses>
    <thonNocturn>
      <berriesMudarCutworm>parulisRoquistAirborn</berriesMudarCutworm>
    </thonNocturn>
    <farcersGlinkRicer>
      <skiltyBasogaPiing>ryesZuzaTissues52</skiltyBasogaPiing>
      <mistilyGlazingGustier shari="272699">
        <tizwinRamboOpaline>moostNovcic</tizwinRamboOpaline>
      </mistilyGlazingGustier>
      <istleBeepers eupneicPreplot="51177" slaum="taggedRumour" noded="nostocTyler" retiaAmebanBlenny="9320162">
        <hollock>470</hollock>
      </istleBeepers>
      <leafingPlungeUnspan bagios="21593" shaulaMirkishAcnemia="sickestOutrock" oraMissendHover="spumoseComptPursive2819" enfiledIberis="reslay">
        <compileRefilesCubane>548537</compileRefilesCubane>
      </leafingPlungeUnspan>
      <weapons cunts="lumbusChenar" untrist="48629791" mittsUnfiredArius="visible2">
        <fermataHedgeCopes>chekist</fermataHedgeCopes>
      </weapons>
      <echosHeapHotline procyonHarmout="weevilsBeladyBespy36" rutchCuttled="963598">
        <plastic>magus</plastic>
      </echosHeapHotline>
      <duster valorPrizers="22658501">
        <obadiahIdolish>tapedDongonHernsew</obadiahIdolish>
      </duster>
      <seamusShoversCitrul condoleHomoeanCanal="caderRosetsHarled" mopingNoh="drang">
        <navelyPrissCarom>27657800</navelyPrissCarom>
      </seamusShoversCitrul>
      <saltestIntuitsEthenol cyrusChinkedRouens="pawEmpoverNorfolk" mantapaTenselyPhytane="163907884" levetBoardTokays="bepile" guesses="tiptoed">
        <huntersRamose>paiwari</huntersRamose>
      </saltestIntuitsEthenol>
      <bayaPalaka signoriCoopers="squirrPushing">
        <girasolKeetCeral>eyebalmNebackMell</girasolKeetCeral>
      </bayaPalaka>
      <flumpedMovent>
        <galaxyDysuria>hastishCatwalkOuphish2875</galaxyDysuria>
      </flumpedMovent>
      <rubeBlabby>
        <movieKashiFodda>smears</movieKashiFodda>
      </rubeBlabby>
    </farcersGlinkRicer>
    <scillasCrinchTeres>
      <hotchedRamblerBern>25</hotchedRamblerBern>
      <vulgusNookedCobang quisTardleChubs="virgeWhinersSebate" dumplerEkes="burdie" pootRendoun="sharers" payolaShelly="lehrsPopuliMerles">
        <armoric>65799868</armoric>
      </vulgusNookedCobang>
      <vousterFilosus taximanHacking="larixOolly34" ohioansEyehole="skilled313" defade="quarryNoraWrister" rammackUnsnibWingier="greatenCountysFaunist9">
        <aten>cavetto</aten>
      </vousterFilosus>
      <mitrerKor caudadAbsitMirk="quandy" wupTwinges="eciton">
        <sheeneyBraised>pushumMorphea113</sheeneyBraised>
      </mitrerKor>
      <pokeyDistantBrooke bajoccoLobeCuif="punctumClaptHohe" bodyingAnnuls="correct" nauticaRooed="ignaro">
        <buyableHoopersUxoris>flossaWaspy993</buyableHoopersUxoris>
      </pokeyDistantBrooke>
      <coquitaCowardy vocatPenaeaConster="drateKinetic" kefsCobles="6319898" erebusMidmainPercha="caracal" mahoriRoxanneCheeter="batikedTirwit">
        <rouilleTpm>jaggyTrowel</rouilleTpm>
      </coquitaCowardy>
      <whistResidedLimners lossierOnery="ducat" melamDualismOnethe="alloquy1" growths="upswayLatticeTinemen" timucua="chancreOverputPalazzi">
        <enslave>boxtops</enslave>
      </whistResidedLimners>
      <yogas khuEnvenomKwamme="kelek">
        <safarisTendingTousled>floatyReneged</safarisTendingTousled>
      </yogas>
      <bioherm caliphsPrepare="7605" lahar="becarveThronos" alcoveNocht="sunwardEvese" queeredHorsts="poppetsTzardomTumfie">
        <redeemsGibbierRunsy>cameryFeeble</redeemsGibbierRunsy>
      </bioherm>
      <flowingSlushedCenture alinitThrones="frenunaBetoyan6" smidgeVengerSassed="jazeranDevilry" galilee="gurgletWeary4">
        <raviYoursBimetal>ekoi</raviYoursBimetal>
      </flowingSlushedCenture>
      <regretSeggy pinkoes="jojobaMangyanJust" hobsDemotic="63" digram="spannCostAlodium">
        <kosos>hedera337</kosos>
      </regretSeggy>
      <picaroWeeklyHilus haidanGuebreEmends="witnessQuinia" terningTunist="bouses">
        <traist>bopsValeweHoondi</traist>
      </picaroWeeklyHilus>
      <ropesGrayAday fittyCretic="curnock413" fatedEndaseh="breckMazucaVesture" gleedsBicker="forelegAscus" visas="domesOutfast">
        <undeGhostsIrisate>183</undeGhostsIrisate>
      </ropesGrayAday>
      <roberd withesCapo="akindleTogata">
        <betDiamb>garlionHelicedOrage</betDiamb>
      </roberd>
      <chrobatTripara miaotseWaw="laxatorGeorgicBionic2" dybbukOlafCasal="zonelet" mootchWeared="inconelBudzatCycle" floristRagoutsEuphony="gunaFretfulSulci">
        <lyrists>conditeDrey1080</lyrists>
      </chrobatTripara>
    </scillasCrinchTeres>
  </matara>
  <rootletBorid bilatiGrover="pietose">
    <lipuriaWynds>
      <scrazeAmender>fatedRetirerAdight</scrazeAmender>
    </lipuriaWynds>
    <hypuralOliveanDreader>
      <shtick>eten</shtick>
    </hypuralOliveanDreader>
    <meeCrawlySues unbuildRideInlaik="468" felloesIdolizePebrine="4505" holmia="60" arised="1883" delaterLambedInfile="animousAmidon" gaylyCobberAcineta="283521" pardineAwakes="disrulyPostmanCanabae4697">
      <rcptNouche>fleasBritt</rcptNouche>
      <miswish cableDaun="cocheroCosheryEwers">
        <demiman>godwinKiersZeed4364</demiman>
      </miswish>
      <pizzleBocceCreamy koshaSealikeDefiler="golpeCapsaWidens">
        <chubbedAkal>trabeaeBenthos</chubbedAkal>
      </pizzleBocceCreamy>
      <dorCampaneRachets wolfkinNielsBodrage="workmen" clysisHeuauGim="wronged" sorbentTwirlerFellah="exsculpSinaThwaite600" lyratePulka="ownShotesSwashed">
        <gustsDossal>30715</gustsDossal>
      </dorCampaneRachets>
      <foughtCygnidCometic groomTomish="ainGeyser" patoisDutied="ganoid">
        <barkary>pennate</barkary>
      </foughtCygnidCometic>
      <braseroSejeant narApolar="mongos">
        <idothea>63651984</idothea>
      </braseroSejeant>
      <ondingQuantum woyawayBernice="14" tripyPuruhaEyewort="bummaloIcacoHewhall" kinetin="nunquamUnwordyHeadful">
        <ghazies>tearlet</ghazies>
      </ondingQuantum>
      <skives flightyEleaticRagnar="18" rammi="glost" stipo="7">
        <hainch>oppugns</hainch>
      </skives>
      <spankyLochsDebbies>
        <tynesIdol>devonicBruited</tynesIdol>
      </spankyLochsDebbies>
      <scathy grizzlyTouses="coggersSorter" jaseys="patin">
        <miaows>3821</miaows>
      </scathy>
      <stocksNoonlit yazataLewie="4" unadeptQuinizeMidewin="agalenaTurklePehlevi" clichedQrsOutflee="pelagraBurierRolled716">
        <wocasMacabi>983730954</wocasMacabi>
      </stocksNoonlit>
      <spisulaPlewAnisado>
        <colicin>cobblerTatesIndigo4825</colicin>
      </spisulaPlewAnisado>
      <bikersToot>
        <parlishSittersTabaret>septierEntrain</parlishSittersTabaret>
      </bikersToot>
      <alaskaYeukingWhiff>
        <saucerInwickEysoge>nipped</saucerInwickEysoge>
      </alaskaYeukingWhiff>
      <limpilyTamure falafel="cuspalGenusRussia">
        <dehorts>410491</dehorts>
      </limpilyTamure>
      <riotous herat="hotline" enscene="foliumLadlersBecasse" unshutCrape="sweatedTelei3555">
        <crisesTestuleLirella>scillaBulbilsJavahai</crisesTestuleLirella>
      </riotous>
      <broilerGodwin topazes="tartishHobilerMolders" awanNymphicClapper="scalage8" qty="curbGrapnelTaxers">
        <regrows>lopCumaraSquame</regrows>
      </broilerGodwin>
      <pigstyMyology rhyttaLoweiteAmorphi="poudret" branialElegiseKulan="galumphPokeful" skedgePayniDonas="whiledAik">
        <patentOvulesLouis>ragbagsSweller</patentOvulesLouis>
      </pigstyMyology>
      <cercalStentor closkeyAdultGumshoe="gastly" splatLadyfyQantar="aldimeLambent7196" gobbles="vocular" namersDisroutGhouls="whirlsCharingHipbone">
        <ascaredLutists>lappaHolmosAlpeen</ascaredLutists>
      </cercalStentor>
      <undoped encinalUniola="marxSpicant" pluvianInfant="46970" banghyHypopusNunting="440516" windock="gardensBrutGave">
        <plantadRosetyBhoosa>97</plantadRosetyBhoosa>
      </undoped>
    </meeCrawlySues>
    <basote>
      <daverdyBraches>denmarkBalrCangue</daverdyBraches>
      <onagraShamim whatmanShragToads="swabbieBepity626">
        <faithedTem>plectreImportVirls2119</faithedTem>
      </onagraShamim>
      <colaSummitShakes bals="friths6348" cyamoid="snippyAmah" bleepsUntentyCoccic="alum" earlike="fairerOatseed">
        <brawlScup>clofHeildRuble</brawlScup>
      </colaSummitShakes>
      <tewter unsnareSiteDrad="anilic4354" encyZincum="vending" resweatTeedle="1109869" giglot="resawsCorriveOsmatic">
        <weedersChains>advoyerObjetBanc1</weedersChains>
      </tewter>
      <aitches>
        <varshaUnaryBasta>usheen</varshaUnaryBasta>
      </aitches>
      <borrowCoracleBarlows>
        <campholBesnuffPavises>naywordHugy</campholBesnuffPavises>
      </borrowCoracleBarlows>
      <ramanLessorOurangs>
        <csardas>lugandaZirianValvata</csardas>
      </ramanLessorOurangs>
      <pshawedMessilyConusee ofleteAstr="prevostThinnedRebuses" lungingMenowPomace="mecumsAstony627" antiliaKachaHambone="bkcy">
        <bayouRetent>1</bayouRetent>
      </pshawedMessilyConusee>
      <advaitaSentry>
        <roscoeEthanolDanes>obrienDipylon</roscoeEthanolDanes>
      </advaitaSentry>
      <tools hewgagPhasemy="spentActiadPhyllin" mendelCroakyPriapi="esopgi51" hasterAlgores="linerKibitzBrosot" bulwarkEncoreFumer="platieRupie">
        <litters>delfsGymnureUnopen</litters>
      </tools>
      <neoceneAsidesLetches ambsace="50842727">
        <stoit>fablingIodized</stoit>
      </neoceneAsidesLetches>
      <peckyTaoistSnores>
        <beraptPerauHoneyed>lustraDoublerKischen</beraptPerauHoneyed>
      </peckyTaoistSnores>
    </basote>
  </rootletBorid>
  <overtaxEatcheGarn vasculaDolour="8207445">
    <tithersKeepingTropic>
      <chancerMatins>vahine</chancerMatins>
      <sledder marries="saithDiscant" bloothShimClerics="combyHavingsGuava">
        <imbosomGemless>tanglesTegaHuns</imbosomGemless>
      </sledder>
      <jndMexicalSleighs stray="fletAshirSashes" cowpeaHumite="vexes" atmaCavies="refutesPursers" untwistClaspedAga="37338">
        <lotas>gushing</lotas>
      </jndMexicalSleighs>
    </tithersKeepingTropic>
    <shooksFreetIsatis>
      <tieredMoonalBollix>posedHartsSynched</tieredMoonalBollix>
    </shooksFreetIsatis>
    <buibuiDemesIdioms anusimVaultyOsmerus="unannexBotherBeclose" nucleinCramperSwelter="gride2540" furivaeTesteWifes="lantaca" sneakTwittleUnsoggy="weaker" twindleStarwSekhwan="outplotDrisselLatish">
      <asoakTrigos>vetusPotagerElodea</asoakTrigos>
      <cavies>
        <aiolis>snipingTinkled</aiolis>
      </cavies>
      <lennowFoghorn lyon="feak">
        <cassinaRoodExposer>belisActiadScolex</cassinaRoodExposer>
      </lennowFoghorn>
      <barrasIndusia paphianPatient="aigreBaygall" adenylsApposed="dapperParaded" gawby="quallyIreneOutswam">
        <unfenceOopack>clivusBounce61</unfenceOopack>
      </barrasIndusia>
      <recureRushierLindera nayar="richard4" sureMottoedBit="910311965" aflauntRimery="burmite" taurianSavileRipen="maia">
        <raveledDecd>luteinsMedimn</raveledDecd>
      </recureRushierLindera>
      <poditicNacrine bibbing="xeroticTalcumsLugs260" heryEctypes="8" gutteePoinard="ulmic" radiacElainsPontage="bursalSimioidGiunta">
        <dereismRefires>refeteJestfulEvader</dereismRefires>
      </poditicNacrine>
      <dopCainite culversPipesClarist="797" bicorneAnlaute="45" natantAbjures="beaterKebobs" slitch="80089626">
        <misoJanner>mahoundShovels</misoJanner>
      </dopCainite>
      <hapu ladangWheelSeising="kokanNpeelAvarish" excidePekoe="gonagiaLehuas3">
        <jinksSawbuckFuzzing>dodgierTextureOvarial</jinksSawbuckFuzzing>
      </hapu>
      <coticeZaphara>
        <polacreMarinedWalapai>dungariStirrer</polacreMarinedWalapai>
      </coticeZaphara>
      <resent amakosaSibredeCrapula="befistRever">
        <leglenRopy>bouilli</leglenRopy>
      </resent>
      <opossumCoinersEarn nardusPapain="raguleWorralHalp">
        <woosJarrahBelard>phylonGnarrYakmak</woosJarrahBelard>
      </opossumCoinersEarn>
      <asterin brisesSilency="violonErgotBotel">
        <jackpotAmylumsCatery>8110264</jackpotAmylumsCatery>
      </asterin>
    </buibuiDemesIdioms>
    <inbd shuntedEncycSdeath="cothSpoffle" absvoltAxseedsFanes="tweeter" umbers="360143" densus="exitialMurmurs23">
      <ligninsElites>unspotFalla</ligninsElites>
      <serinesTampinSchlepp>
        <causersJainist>campiUncleanApodema</causersJainist>
      </serinesTampinSchlepp>
    </inbd>
    <embulkDecreer grates="54827564" bedamns="147007995">
      <lathiEirenic>48357</lathiEirenic>
    </embulkDecreer>
    <felineReysonBecks>
      <ozonedKinnery>25114</ozonedKinnery>
    </felineReysonBecks>
    <koboldNixerMetopae unpotParishBocci="prolansYaliRuesome7" rumbaOutfastSmidge="thighTithes" whelpedMarxistFellest="easesCawney">
      <scoop>collumSeggarNosher66</scoop>
    </koboldNixerMetopae>
    <lowbellBusbars bedimsMidwest="75213662" philomeButAntum="99695" flakeTending="99687029">
      <brutterCopycat>57</brutterCopycat>
    </lowbellBusbars>
    <sikar jubbahsLumenUnaloud="illumer" glycolReuse="decalMakhzan" inkhornHutung="partlyAkala" hurriNonyl="131" conatus="muscleRotge">
      <negatorCulpae>fungoseHemins</negatorCulpae>
    </sikar>
    <oorali punyishFulhamsVises="triaene9" queeryAoul="febres1" cookdom="ergotedHopvineValvar" sabraScopesAouad="davensHarminNosh" laughHitchSalpae="663213" peeriesActinal="tycoonsHissel" remaskGassy="tropine214">
      <fleakRankle>209001</fleakRankle>
      <rereignAlcyoneDuranta soleasWilgers="23764345">
        <hamal>buffoon</hamal>
      </rereignAlcyoneDuranta>
      <beecherEmbelifBosquet sagumGlobous="sobbers8964">
        <rifflesBrotel>corbiesCoeval</rifflesBrotel>
      </beecherEmbelifBosquet>
      <gnomish attuneWritingOollies="fdname3" prowerSlayer="lipaseFlatcar7">
        <summae>exactlyUnburlyYukking</summae>
      </gnomish>
      <extinctFermiDmarche>
        <cahowElkuma>alosaChalqueTittie</cahowElkuma>
      </extinctFermiDmarche>
      <pythicBudlingAppro vortexEndossGay="natantExcisor">
        <tarveDrawlsFungoid>eluateQuadricYelmer587</tarveDrawlsFungoid>
      </pythicBudlingAppro>
      <snodly casaveSputum="tarpeiaCanzoneCulices951" arvejon="fronter" bibbed="8577">
        <roucheJocote>snap</roucheJocote>
      </snodly>
      <dunstAirmailValley callot="5" addenda="evincesAbidi" hirmos="delilah">
        <buckerKyanite>gryllus5510</buckerKyanite>
      </dunstAirmailValley>
      <ajenjoPomadeBustard rollockTriplex="roodCalderaGlaiket80">
        <stoperMislinGagor>36</stoperMislinGagor>
      </ajenjoPomadeBustard>
      <moutheMarxistOffic>
        <aniccaLager>forrardJongMutten</aniccaLager>
      </moutheMarxistOffic>
      <cabblerOveractGloater wickedReelsGlyph="difformElizaJaggers">
        <rasureTeredo>fijianStraussShifted</rasureTeredo>
      </cabblerOveractGloater>
      <cullaysSamasWeirds genresSeedier="animous" ottarHekteus="pointedButtle">
        <roanChapter>8</roanChapter>
      </cullaysSamasWeirds>
      <myceleNorwestMias suivez="undustRecurl" numberGrivois="1552" yoho="899" yentasRodster="cymlingElongTeaming">
        <dhobeeQanats>dusksGimmick</dhobeeQanats>
      </myceleNorwestMias>
      <pangene wipeout="146990" frust="grubble7" btlMobed="rovingsAnenst" alfredaScrineBulimia="81844573">
        <becalms>runnelsSpoffySpaniol</becalms>
      </pangene>
      <thuluthAgst unlivedEstoile="matedOveningCachous" trankyTyres="scarceGyricGoody">
        <solvate>8345783</solvate>
      </thuluthAgst>
      <kilanAdipous box="5818720" wadmels="woonsCeroidSquench" burseed="tesvinoDorsi">
        <calcifyArchealRadiums>hydrol32</calcifyArchealRadiums>
      </kilanAdipous>
      <padsTiplet krengNarrows="948" inhumesFucused="wivesHarborsDoless3740" soothsOvistSlobber="nasaumpSwinishGal" scrips="twigger">
        <rockedAlacranSaad>wrothy</rockedAlacranSaad>
      </padsTiplet>
      <hauflin courap="dabbing" tylosisAlchem="maam" unlacesAndrias="893" fantasy="316">
        <fiducia>disnestPiqueBrinier</fiducia>
      </hauflin>
      <heftedChine usurper="wagedItzebuCorpse2" zunis="waiveCirsium" daduSettlorRebated="ginnierInfumeFowlpox">
        <rushesGeckoFrape>radialeGrelotWeam</rushesGeckoFrape>
      </heftedChine>
      <arest sinopis="unmeant" jyngine="tubsterAuraeProlia1325">
        <resumesSeisinRefuter>91481</resumesSeisinRefuter>
      </arest>
    </oorali>
    <convive>
      <wintunComatesAbaze>seeressRozzerRotular</wintunComatesAbaze>
      <segBriar uptimes="tautensJennetsGamble">
        <daud>lintieTardy6173</daud>
      </segBriar>
      <defoulSpisula gabyMil="feudeeGallopsCadbote" revinceYawny="303234" molto="xenyl">
        <grillee>pouffesPhloemSalpids</grillee>
      </defoulSpisula>
      <spinatePrivetNab inexact="wifelet" sportedAiledBangled="folderMincesLocrine1793" sateens="bemiresVelte" outgangNuancedRuntish="beebeesAusones">
        <bienttSexes>tharPrasesDulcite98</bienttSexes>
      </spinatePrivetNab>
      <iguania faggy="busbiesSticklyJinxing412" azide="aconinTeenet" kososPulldoo="niftier" rehashTawite="xray">
        <spoilsPicturySusurr>calxSkaffie</spoilsPicturySusurr>
      </iguania>
      <cochins rackQuinse="poetry">
        <morphiaNeper>pightSavants</morphiaNeper>
      </cochins>
      <repass mitReheard="amissJanus">
        <tullianTembu>emforthAldm</tullianTembu>
      </repass>
    </convive>
    <despume sowar="23349" trigaeBoozing="aruntaApprestUredos" dualistFishery="precite" weeversBurasAlvite="resistsTenailRegma" humidor="touristCumidinTrevet947">
      <sailsHockyArrgt>applot</sailsHockyArrgt>
    </despume>
    <bonanzaGrayestCivory>
      <glitnirItllJobbing>uphurlVidkids2</glitnirItllJobbing>
    </bonanzaGrayestCivory>
    <drummy>
      <zinnias>83827</zinnias>
      <foozlerPronounDespise>
        <calliCosiestSpiv>danton</calliCosiestSpiv>
      </foozlerPronounDespise>
      <krasisHouses underRegmata="buckled" fathManismIndols="badged3" eosinsSoapersSerges="apritif" chakdarMitotic="sanedFoursSalal">
        <wadisImpersReefers>reqBielidSleck7</wadisImpersReefers>
      </krasisHouses>
      <mercBrisqueDrabby loroClaspedSockets="druntAnon" exigentIncluseSpauld="creantTaniticMuntin" pellileAddisonPlatier="clawer" bockingMagpieWincers="cabiriFeued">
        <lungsLevantHooping>premitAbjure</lungsLevantHooping>
      </mercBrisqueDrabby>
      <slorp chati="rego" wist="taipan">
        <soldMickyBedumb>daydawn</soldMickyBedumb>
      </slorp>
      <erucicLordy cangle="harimAirward" bonally="yakima825" bassoBewryDauber="kirantiFinlandPiss" immissMesonsUnfrock="mimbars">
        <bethumbAzlons>3260246</bethumbAzlons>
      </erucicLordy>
      <eisodic ghettiLcd="solfgeLouisaPennill" schmoesMesivtaNasty="sewered">
        <yieldsAbaculiGluier>bongarTraiky</yieldsAbaculiGluier>
      </eisodic>
      <fetusesSemipro jocelyn="nubileBelaudOrig" dugdugDouar="amanoriRabbies" ariledRealia="uroInfern">
        <plinthNarrows>hoggers</plinthNarrows>
      </fetusesSemipro>
      <theoCurlike roguesMedizer="eebreeHorla97" teethMats="skirtyFinallyBoother80" traitsLyxose="leg19">
        <disazoKiltyDezincs>tzar</disazoKiltyDezincs>
      </theoCurlike>
      <frate prisage="scivvy">
        <sinsFree>termaBeleap</sinsFree>
      </frate>
      <vitium>
        <niblic>shoringCheatGrignet</niblic>
      </vitium>
      <dinus scogTheatFeuar="steamed" rosineMulmSilvery="721">
        <potmanDerrideAbantes>bhat464</potmanDerrideAbantes>
      </dinus>
      <fizConine staffsLanelySlicer="shiksesUngiveCopped" leonard="59867241" neepourNotan="natrajPieced" salmoGandhi="roach">
        <ergateVerbena>kumshawCottonBoxen</ergateVerbena>
      </fizConine>
      <rissomWeedowGaz idgahBebang="skeeredVirge" poruleBegirtFeatest="99" mordvPiebaldShivy="62" attrib="bounces">
        <phonilyBefoamFlit>stritMeldersCuon</phonilyBefoamFlit>
      </rissomWeedowGaz>
      <abogadoOverdue pyloricFilm="17" uplinks="975" lstIngulfsOkoume="skipsTangoedSkiey">
        <demand>3</demand>
      </abogadoOverdue>
      <coarserMajestaMacbeth direful="39087429" paverFaenceAdvert="duoleDecoatBoojum">
        <overateThrap>903423</overateThrap>
      </coarserMajestaMacbeth>
      <merchetShugWae>
        <placitHatlessRetip>phonalInkleGoi8</placitHatlessRetip>
      </merchetShugWae>
      <tottery curbedStraintLaws="girned8199" aphthicMetsLehayim="ageismsBinaryRubible">
        <varyHelixesWashoan>885757608</varyHelixesWashoan>
      </tottery>
    </drummy>
    <muntin baccateCyanin="sonhoodPiqued" carratEphodUnnethe="659699064" blash="codist" steelieExtantTrapt="villousCholos8">
      <tunish>721</tunish>
    </muntin>
    <eelpoutWrastCortins vouchor="297817">
      <orbityDudman>3717</orbityDudman>
    </eelpoutWrastCortins>
    <premix>
      <ammuHappen>dimout97</ammuHappen>
    </premix>
    <pheonDoersGerm>
      <chining>oraclePalourSake</chining>
      <prober agronElapsesReskew="melamed113">
        <ladesUnturn>bods</ladesUnturn>
      </prober>
      <patenerVerziniBrogued poppa="morsingPickles">
        <turret>hellionCullay</turret>
      </patenerVerziniBrogued>
      <drowsyLabrets>
        <bredLiassic>poopsie</bredLiassic>
      </drowsyLabrets>
      <fgnVeter biggish="pindersVoarBacca">
        <hadbote>222</hadbote>
      </fgnVeter>
      <disglut mermenProddleGrahams="dauntonDrum" formbyPontifyLoppy="acutate" abassiAcrasin="hyaenaAitis" handsetPilpay="9">
        <eelwareJutting>8</eelwareJutting>
      </disglut>
    </pheonDoersGerm>
    <upstemSekosSalaam kilehAntihumLoaded="21126">
      <cplQuasheeOrgans>unrayTaigStack</cplQuasheeOrgans>
      <shackos virtual="seniumBluggyEncave" floadShalomChiefs="huzzahs" khedahsKeirsRamped="unpower" scirpusKolasOctyl="997157747">
        <marcato>pinataGreeseSradhas</marcato>
      </shackos>
      <lobby>
        <vizslaTwo>monthsThamengPawnie</vizslaTwo>
      </lobby>
      <hydrulaMurders fardo="pyrgom">
        <wightsGirdsBagong>58</wightsGirdsBagong>
      </hydrulaMurders>
      <rondeauRedeemsBrief spargeMuddily="trojansHaughsShodden" kexOrmond="leglet" yackedLauwine="screensCruset">
        <unlured>76</unlured>
      </rondeauRedeemsBrief>
      <sprettyPirayasJissom latrianByron="mysell10" glucicSimlingDotard="euctiMediad" maticoStanly="987439" skeeter="siredonRefriedVanadic">
        <zip>seif</zip>
      </sprettyPirayasJissom>
      <roucheNagorCrassis mammetsCincherPannus="gliosa" leiss="forzato">
        <iserine>dumpageGeticAdored12</iserine>
      </roucheNagorCrassis>
      <unplugAtabekRulers>
        <semirawGrogger>rhemish</semirawGrogger>
      </unplugAtabekRulers>
      <crinklyDodletArrival rimerScaldedIndican="abandDiverDaemony" shuteye="piast">
        <ulnad>tappers</ulnad>
      </crinklyDodletArrival>
      <whaddieSpeedup hilus="nocht" pyemicCapito="syringeRhus" hissing="panary4607" lavabos="15855">
        <caite>dheri</caite>
      </whaddieSpeedup>
      <fizzleKpuesi>
        <mulmulSwilled>9</mulmulSwilled>
      </fizzleKpuesi>
      <fundiAffirm>
        <theftsYahwism>annoysSorely</theftsYahwism>
      </fundiAffirm>
      <poeticDoglegAbcess aculeusBarged="stemmyLouverShrew">
        <aces>decourt</aces>
      </poeticDoglegAbcess>
      <masking muddify="piteousAgallopLakiest">
        <lushestCoresSmither>156</lushestCoresSmither>
      </masking>
      <eupneic rowport="caddedBastite3" myrtolSorbic="haulersFestaeRatton" daubesDirkedExam="vapidlyMislenStunk796">
        <cheviotShoesConn>pronBeyship</cheviotShoesConn>
      </eupneic>
      <gudokWastelyCurple>
        <jarsful>roomers</jarsful>
      </gudokWastelyCurple>
      <parsiEstrual isomery="kitschyMiurusAerogel" laurelsDrawee="monial" jerksPinhole="fegsKittelHoedown" fattensDarken="madres">
        <anahita>embowMafiasBlart</anahita>
      </parsiEstrual>
      <enlistFlutinaObeish vexableStratal="falkMillaVicars" stottShrubby="alapCineolsPorns" repealExor="54">
        <wrootColloqAggro>xylomasWemCratch431</wrootColloqAggro>
      </enlistFlutinaObeish>
      <watteauBosomUnwaned namerHugsome="nona">
        <misate>thymierSurfyBossdom</misate>
      </watteauBosomUnwaned>
      <glaurGonadal>
        <cared>bezoarsTringaConfab</cared>
      </glaurGonadal>
    </upstemSekosSalaam>
    <sadicPaver>
      <routed>spidery</routed>
    </sadicPaver>
    <swepPoeRowena>
      <evolverHullsVeldts>sackage</evolverHullsVeldts>
      <errantIstokeSerous peonismRainier="9">
        <hoarserUrinals>mein</hoarserUrinals>
      </errantIstokeSerous>
      <rights>
        <tassah>scythicAuriteRelook</tassah>
      </rights>
      <ionized avsharStewbumAdoxy="aufaitCleanerReeded">
        <aquiferProsody>pellianKarakaAirmail48</aquiferProsody>
      </ionized>
      <mesennaBilio kaffirs="272247313">
        <sabbed>agorothLows8</sabbed>
      </mesennaBilio>
      <uncoil>
        <riotistDbl>spissyBobberWasel</riotistDbl>
      </uncoil>
      <eche belove="refireVejoces" riem="433" zorisAloinLinier="denningLazaretThecae19" eulogia="azaleasRerisenAthogen642">
        <waseguaPillion>hoydenDiodia4</waseguaPillion>
      </eche>
    </swepPoeRowena>
    <tacanaXctlSplodgy partimTaha="goadedEustace" quipsDepit="dopersCarahoHolder" summate="pingue">
      <reddle>achage</reddle>
      <mantuan taqua="44017839" apitpatDush="arkabPhilipCubicly" regraphWizensCoisns="sakersAgatha540">
        <esparto>whanHumit</esparto>
      </mantuan>
    </tacanaXctlSplodgy>
    <bulbineSholaPredoom>
      <almudesTequila>quickedExtremaLounges</almudesTequila>
      <formesPoret foldoutCitricIroko="depassCaserns509" rubabooVetustyPiano="nacresArgylesDiamine6" caestus="trinketDrivageChkfil">
        <mistful>thereup</mistful>
      </formesPoret>
      <stroneCoelect galanteFruslaGoaling="rapeyeAdhakaTriols" unhingeTwiddlyJoeys="interimIraterLungyi" ashkokoWurrung="epistleBrailsSchtick" subpimpSplayedEstoile="senorJustle">
        <swathCeramic>238733</swathCeramic>
      </stroneCoelect>
      <storingTyres tzetse="49649">
        <crowhopLyings>immanes</crowhopLyings>
      </storingTyres>
      <append macho="trajetApx" birkieChenica="bedareLingula" pashNiuan="lionessLemony" unactRullResmile="exshipTanglyMannide157">
        <casabaAbnetBlinker>probant</casabaAbnetBlinker>
      </append>
      <secus zoochemCyrilUnslim="2796720" owingStuped="yeastyHop81" amblesExciseShean="gedunkPas" affaire="292798">
        <ramateViscinOphir>inure</ramateViscinOphir>
      </secus>
      <holloo tozeeInspokeCarvyl="glor770" cmdrNirisCouter="gynicsNaulageGaatch">
        <girshes>finlet</girshes>
      </holloo>
      <upleaptAgada feuars="zoaeaCiguaJoul" awk="zunyiteTarries4">
        <blowze>colicSheuchBonbo6496</blowze>
      </upleaptAgada>
      <flow>
        <warluckChaptSoughed>friesicOtides51</warluckChaptSoughed>
      </flow>
      <latigosSuccory>
        <gyse>fellowsRechipIsogriv</gyse>
      </latigosSuccory>
      <misdoer champy="2997781" zinckedJacu="adoninTribracStaboy" tillingAnginaSunfall="fugDyphone">
        <thyroldMissish>13421</thyroldMissish>
      </misdoer>
      <chock toluateSkys="guaxima" cephusChymase="844617611" turks="royalCalfret" wharfs="shinerOnfall">
        <vintaLord>araminaBanns</vintaLord>
      </chock>
      <psychonCroutForgave showishHearer="845267090" busboysVivantGenua="turgorsCobles" korec="frappesTittleCroker">
        <munched>choraleWanUnafire</munched>
      </psychonCroutForgave>
      <bendingParotis>
        <yabbyEppieVarve>cruetyHidesJymold</yabbyEppieVarve>
      </bendingParotis>
      <footersHazle>
        <geoticPawingTerfez>kobangDiatoms</geoticPawingTerfez>
      </footersHazle>
      <apxBardishCoxcomb withinSlenderStingy="2" disazo="363866">
        <unmined>coml7</unmined>
      </apxBardishCoxcomb>
      <heirsTumboaBework nuggetJenny="70300" reposes="voltes" wickiup="lois2745">
        <pianism>1</pianism>
      </heirsTumboaBework>
      <arbitryTrompil fuelingNewmownOstler="tollerPedated" frypanTaxemicReposes="teliPlums" hakamTelemanPases="encelia" pacsPolkaedJackets="toxin">
        <raggerCapriceTael>974660337</raggerCapriceTael>
      </arbitryTrompil>
      <wampusAghan iteneanNeskhiOmbers="nachaniSoftsFagoty1692" pilular="3409" failsPimaricCauking="chowsedLaxism">
        <hogmaneMore>62070</hogmaneMore>
      </wampusAghan>
      <cups>
        <placageDanChupak>thecia</placageDanChupak>
      </cups>
    </bulbineSholaPredoom>
    <fetidly>
      <quoties>73</quoties>
    </fetidly>
    <unrareBornane>
      <keir>bairnly663</keir>
      <culverMaybeMavins outlopeGrillesAcarida="dorQuiesce89">
        <blondRoryKraters>380790</blondRoryKraters>
      </culverMaybeMavins>
      <simoonApposer pmsg="tahami">
        <knifedActify>rhypticLevulin1816</knifedActify>
      </simoonApposer>
      <chinlesMourner skyeyLatest="golfersBarbed" cardedAldehol="durgenUnbloom" cantel="toledos" idolismGeodistAdust="competeLyremanShiplet42">
        <dissentSquishyPirl>83323400</dissentSquishyPirl>
      </chinlesMourner>
      <priggedPisacaLaweour>
        <bange>fannia</bange>
      </priggedPisacaLaweour>
      <alumsJarina>
        <failingTrouss>gerent</failingTrouss>
      </alumsJarina>
      <ridderAloysia motion="overawnAdonizeDeliria">
        <coequal>acheneRoyena</coequal>
      </ridderAloysia>
      <maro snum="cuculleUtile9844" phalanxSetupGools="mazurWeasonSchul60" groszy="timishSkivyPerkin">
        <cymeneAntar>oarlikeBokom</cymeneAntar>
      </maro>
      <fezzesPeruleEarclip urd="637761484" coughed="veinedCobbyFilcher" ureidHardyMutts="valseKoas">
        <ceroteJundies>189049</ceroteJundies>
      </fezzesPeruleEarclip>
      <pealerAhuacaTippet>
        <oreganoGestTrulls>70539</oreganoGestTrulls>
      </pealerAhuacaTippet>
      <homrai>
        <kaidBolly>pylorusFeifOnsweep</kaidBolly>
      </homrai>
      <pinkeenTomrig drubberTribes="impresaCogwoodChawed8" topogMonocotFiled="kyke29" trackerUnderlyUnfugal="jaalinTallies" pompeiiWishmay="5">
        <dhurraCornettWithtee>68241</dhurraCornettWithtee>
      </pinkeenTomrig>
    </unrareBornane>
    <snowsViraUnnoisy>
      <rematch>6661773</rematch>
    </snowsViraUnnoisy>
    <latonDequeenAbwatt koreans="obelionEngler" ripestTringleCondue="ownhoodBabbitPositum" fitweedJiggler="busky" perjureRocky="wheyishOchers" vulvaYabbyWoo="compel" taintorKimonoTrabuch="appert" monkess="tiresBoasEarnful523">
      <valineNittyKenyans>exuded</valineNittyKenyans>
      <brazedFerdiad>
        <konini>berakeChores</konini>
      </brazedFerdiad>
      <cripsPurlmanMaltman panto="gloriedSolutio254" indicesAvant="nounal" privadoOgresOctads="shelledConfact" tracerRobertsIslets="shabbleTirazEsker">
        <whutterLapfulChumar>kotoiteUncoif</whutterLapfulChumar>
      </cripsPurlmanMaltman>
      <frickleNaturel zenanaAlludes="hyakumeBalladsTanzy" obb="naulage8" mindel="tillingDevisorGlycyl4569">
        <promise>dormice4</promise>
      </frickleNaturel>
      <unmanWaiwode scobCutbackAkepiro="gularisQuirt" squark="pilferPetwoodSpewier" smirchyChappy="delicat">
        <aestusVocalic>furthyRoytElution</aestusVocalic>
      </unmanWaiwode>
      <bauxiteAniente spillsDurraFagine="risking" wagesArmrest="88184032" oratrix="tenuryBust">
        <ascusIndus>needntTavghiSpec</ascusIndus>
      </bauxiteAniente>
      <osmicUnthrobRevisor alemmalAnnoyed="scutaHeypenIliad" klismos="floatsCollum" narcismUpsurgeDot="40" genny="couchyGrad">
        <heavilyAloft>tailedFumose</heavilyAloft>
      </osmicUnthrobRevisor>
      <kuskiteTeuton utrechtHalcyonLooey="jarvy">
        <miterer>caudexTigroid</miterer>
      </kuskiteTeuton>
      <takelmaDesex percaVelaricYajenin="mahua" lingaEyepit="phononZingaroCraichy">
        <navete>synocha</navete>
      </takelmaDesex>
      <rep plater="pereSupaiCulm" pickerAliteDuffers="repineSanjeevLerot">
        <ethenicRabatte>755753</ethenicRabatte>
      </rep>
      <slimly settimoLighterBladder="naveteCharm">
        <wanklyPoncaTenez>dacryaFulyieQuasky</wanklyPoncaTenez>
      </slimly>
      <bargeesFightsBaryon atwiteVolencyGipser="agroofCaddiceLaund" snecker="994966898">
        <dillue>ralishHoneyedTailles</dillue>
      </bargeesFightsBaryon>
    </latonDequeenAbwatt>
  </overtaxEatcheGarn>
  <vespery ronyons="morphia" spauld="cetylicBailout">
    <muzzMantelsChoky>
      <jawsObligerTailed>feast</jawsObligerTailed>
      <sarraf scorchOnlap="rampick" grieve="various" hatpinBlunket="geoform541" fusate="andamanPyruwlDogleg8">
        <brasseyDade>tamsAwhapeUngues</brasseyDade>
      </sarraf>
      <renter kussoAlthaea="lociDetickBlots" praysFause="373438">
        <thawnSnuckUpcall>592167</thawnSnuckUpcall>
      </renter>
      <forswat>
        <lemmaEastlinTentful>reearnStrut2845</lemmaEastlinTentful>
      </forswat>
      <parcaeShyer randellCathariDecl="samuel" emusive="browisHangars" nontermSnowed="undueOrlop" daricsHackeryPectens="juliane">
        <gulper>tules1</gulper>
      </parcaeShyer>
      <enshellSunbelt>
        <hurleys>4096079</hurleys>
      </enshellSunbelt>
      <mishmi utopias="41959" hexosesApochaeOnaggri="faitourFlb" myiases="leakers">
        <nobbily>charqueQuinsy</nobbily>
      </mishmi>
      <tusksWringleGammock coxalgyDolling="cateranAndaste" derSurianaSmoking="unupset1" grackle="trusion" leefulPerched="eutexiaFluible">
        <tzaddikVirtu>seemedPinjraRappees</tzaddikVirtu>
      </tusksWringleGammock>
    </muzzMantelsChoky>
    <tusayan cariyoAnnularStarny="jaunder">
      <lockupsOutrockChis>gibusesRebringDeader</lockupsOutrockChis>
      <barrensPlumletMisdate deadmen="foleTypify" prosaic="opiumSchemas423" blipCabberDarac="47381141" dragadeOkehGeoform="153">
        <sublate>concise</sublate>
      </barrensPlumletMisdate>
      <lamsterProperGoethe>
        <quisby>joubert</quisby>
      </lamsterProperGoethe>
      <wabungaXxiiiEncup whaleryCurdled="templet627" usuriesBriss="drysYowed">
        <majaguaKrautsWinds>murinesRaveler</majaguaKrautsWinds>
      </wabungaXxiiiEncup>
      <bestick>
        <beedgedCaldenBlest>batikHousal37</beedgedCaldenBlest>
      </bestick>
      <absohmMair dopperDocentsDelves="silly" jeesSonata="titrantCattiSakulya6" sayerArmetChiam="fuffyGurusPrier">
        <drivers>ennuisOntarioIsuret</drivers>
      </absohmMair>
    </tusayan>
    <waftureGasJiao>
      <mienWyeItalite>731540204</mienWyeItalite>
      <raversLabra refryPussesAiring="pipiriAlantsLied" orant="outeyed" counsel="bedouin" abandum="ptsRackerCircle">
        <ascidia>muleyJaping</ascidia>
      </raversLabra>
      <exorateMangelsStd jotisi="woven" taping="mems3179" jerreedHariana="waxily" estatedFamHunnic="48">
        <hardlyKemp>nymphidThymateXylol6125</hardlyKemp>
      </exorateMangelsStd>
      <turturLift>
        <grayedSawdust>making</grayedSawdust>
      </turturLift>
      <filmset glossem="nouriceUrogram" amictus="bradoonBraizeEasts" killedRoupit="chromes" stridesEnfect="atalanHomSync">
        <casalRigidTurfite>78107966</casalRigidTurfite>
      </filmset>
      <beanyOunds famishChatterDills="bostal" evened="jonglem" blurryWiltingOomancy="grotBeaveryFren" siphonCredent="zymite">
        <sarcast>mantoidCombesBegall</sarcast>
      </beanyOunds>
      <miasMetrise hilloedBurlersBargham="birsitHilsa" moldery="saufMuscari29">
        <muzjiks>infants</muzjiks>
      </miasMetrise>
      <gteIgnis>
        <celiaAroint>london129</celiaAroint>
      </gteIgnis>
    </waftureGasJiao>
    <tiltsRhamnus>
      <vomiterHackmanYald>williSouping</vomiterHackmanYald>
    </tiltsRhamnus>
    <latched>
      <squalidVenders>upeyganBrieferCocullo</squalidVenders>
      <ampyxFrontal dueledSludgedVagal="33" meow="taculli7084" stewartJujitsuFellows="cheeserKroon">
        <tinnen>curstRaviney987</tinnen>
      </ampyxFrontal>
      <loaders homelyStowingDoms="hanoverRedia">
        <hottery>65929747</hottery>
      </loaders>
      <anadesmFoveate>
        <kevinScaphaIncisal>chakraSicsac</kevinScaphaIncisal>
      </anadesmFoveate>
      <availTambooAbient inneElides="adnexShaleeEditor">
        <predietRowansRimless>7</predietRowansRimless>
      </availTambooAbient>
      <kadderVerde amblersSheitanPopinac="airBowleg" notice="wardQuickieEngoue">
        <fluidly>railly</fluidly>
      </kadderVerde>
      <ruskAcrobatProsify fangerFususMazama="octarch" behestsCutawaySaqib="unmeteOwnnessRheum">
        <restageProcity>tanach</restageProcity>
      </ruskAcrobatProsify>
      <unboredIfintTresche>
        <leptiteKlepht>9102060</leptiteKlepht>
      </unboredIfintTresche>
      <peartenQuipfulCockly isohyet="554" maanaHuntedTozee="stunnerProtiumEbcasc" sundariStropheBumbler="sheals">
        <cestrumTucker>sowish443</cestrumTucker>
      </peartenQuipfulCockly>
      <ungamy uprisePairleBeefed="6" muddlerStithyPalsify="sootingGarth">
        <creenMastixNumb>whalyMailbagNicolas</creenMastixNumb>
      </ungamy>
      <mogo>
        <puebloStalko>endgameKryptonCorny</puebloStalko>
      </mogo>
      <norimonGuaryAmedeo eludersSkippy="berniceRamenta" encratySillyDiglots="augend" spudderBerat="himpleLyricalOllapod" daystar="supplesHooey2424">
        <coccinRights>39648</coccinRights>
      </norimonGuaryAmedeo>
      <ult pod="orthalCandle" falisciGrimSorex="aporiasDicks">
        <caduceiProceedUpping>softens</caduceiProceedUpping>
      </ult>
      <boreal>
        <dicticPippyKaiaks>cokingOilwaySignior</dicticPippyKaiaks>
      </boreal>
      <zingana erenachFrothiMeans="vulvae" eminentSacrifyFutile="portateJim8">
        <dossels>78261</dossels>
      </zingana>
      <uvea>
        <natalSkylabLasset>91247</natalSkylabLasset>
      </uvea>
      <pommadoVotally oboliAdorn="ppmBoxtopsBrained">
        <leptus>29314967</leptus>
      </pommadoVotally>
    </latched>
    <shikses mortify="isotopeTurkeysPlasson" gallera="hyraxesEnstate" quinteOnerary="kawakaPadraicUnplait" amabelYenned="291502982" puckish="trixieSaimy" throvePhtalic="730" billingAurifexTortrix="puking4">
      <malurusSpumoseAreae>bertinRoland</malurusSpumoseAreae>
      <pullockMitty serpensAdoboTopes="7150" outword="everardAmazers" beignetDubhe="potbankZonulesTelsons">
        <theines>duosCharry</theines>
      </pullockMitty>
      <rosetsAblerBit corneinVerdinFrontad="bywork" hartShuntsReatus="outbornWitingRecoup">
        <tildeKadein>thaiRemarksEscapes</tildeKadein>
      </rosetsAblerBit>
      <vendeesTroakScend>
        <unwormyThunge>blainsMaximin848</unwormyThunge>
      </vendeesTroakScend>
      <adet chewedKarelSpins="harariShauriPanes" orthoKadagaTang="blooped" huhRepaysIlicin="caldronHabubUltras">
        <poncesMasculyOncome>unstySensivePaw8</poncesMasculyOncome>
      </adet>
      <follerAdheredTreatee>
        <cursCinderPhonic>fneseCondWarrty</cursCinderPhonic>
      </follerAdheredTreatee>
      <oddmentFusteePerty adheres="3179" ellingeMoppersHeadway="ligBillowGalant" warniss="62207317">
        <bathesBuphaga>81122939</bathesBuphaga>
      </oddmentFusteePerty>
      <avijja comakeSpoony="4818392" heartedNectarsLashkar="lollersMispaid496">
        <midsPaip>liniya</midsPaip>
      </avijja>
      <clitionShevelAmidols doledMoltenTawsing="cloutedEntry53" gookEndballSpumier="gaggerKolachViscin" puluSpirity="3171" delim="spillerBulla">
        <secyLiens>wambleBiset</secyLiens>
      </clitionShevelAmidols>
    </shikses>
    <flybook>
      <spookyProtestSalinas>bachelShamoyNevo</spookyProtestSalinas>
      <sturte>
        <unrainySpaadAlveole>matzo</unrainySpaadAlveole>
      </sturte>
      <outwinBizeCarotin>
        <grigsNiobidPanes>5364427</grigsNiobidPanes>
      </outwinBizeCarotin>
      <madwortLessive coccusBiotinsAbsorbs="feringiRecitedSyncs">
        <deeding>ahtena</deeding>
      </madwortLessive>
      <putrefyFract>
        <agrafeHeptoseUprisen>134451</agrafeHeptoseUprisen>
      </putrefyFract>
      <pindy badness="5823417">
        <acronyc>peyotylDogfishDjebel</acronyc>
      </pindy>
      <jake myceles="yunFakyKilobit">
        <beep>doigtYelledMagnets</beep>
      </jake>
      <salud chevisePosnet="5080881" dagsSampan="8712899" tolidin="dishmopToltec" rattly="giponUralic">
        <wrigglyHimati>knout</wrigglyHimati>
      </salud>
      <warper>
        <archerAbounds>516514548</archerAbounds>
      </warper>
      <potsiesSnooded gansy="anapestReprune" soyotSazerac="113070374" elegize="goatpoxKnotterDoghead" farcies="cymba">
        <unagedGorryWennish>poredSubage</unagedGorryWennish>
      </potsiesSnooded>
      <infidelSpudder hotsCursen="afterRoister" stret="zosteraRighto4058" closishDemerit="lasted" tinosa="tarterHoi5127">
        <snookerTitlesUnblued>63728650</snookerTitlesUnblued>
      </infidelSpudder>
      <outfortGoofsKathode revereVeal="94557098" monsterOohed="florida" achterNebris="betoss" trioecs="parelErinize3069">
        <pavetta>804</pavetta>
      </outfortGoofsKathode>
      <padashaLoafsTallowy>
        <epilate>beyonds</epilate>
      </padashaLoafsTallowy>
      <cyanole bookResays="88043" snaresLobules="outrunBlashy191">
        <reexpelReaderCudgels>4</reexpelReaderCudgels>
      </cyanole>
    </flybook>
    <ruckusOffence hejira="boccaro" clackedBladeSermon="2493401" jamadarLerSkeery="zygionSubsignTestril" tchBowwort="rocherRemastExpanse" metiers="dawtiesMalist" sambarWindowsSnodly="ectallyCandidaInsculp" satiate="vulnoseGrowls">
      <lastyCann>cheeseCreantIndices</lastyCann>
      <brehonTurio>
        <burry>6</burry>
      </brehonTurio>
      <tausGheraoUnfated retzian="ofleteYohourtBawneen" odyles="piacaba">
        <rubella>lures</rubella>
      </tausGheraoUnfated>
      <guniteVivaMissals>
        <moonwayCabahoTzental>73</moonwayCabahoTzental>
      </guniteVivaMissals>
      <arationMalefic futuresLikedYangtze="ologistSoprano">
        <skyhookSterope>caurusOutbanCloyne</skyhookSterope>
      </arationMalefic>
      <toluids>
        <monadicKarwar>marimba2</monadicKarwar>
      </toluids>
      <clinesProxyJollity illiticMuffleFlagmen="5809437">
        <tottenCulbute>albireo</tottenCulbute>
      </clinesProxyJollity>
      <squabbyComtism uppbad="rutchMahican" rantedTanoa="hilledSwathes51" rankineProcneMutated="argotsPifine">
        <rehoeGarbillDivise>916527631</rehoeGarbillDivise>
      </squabbyComtism>
      <segosBoodie>
        <pittaCairWormed>soricid64</pittaCairWormed>
      </segosBoodie>
      <monistBayman lengest="plud93" catchyCaskets="popify">
        <asonia>deemerBowling</asonia>
      </monistBayman>
      <ohiasSur dclass="58" artarFrail="ransomRereads" stonageAsianic="zymosesSuleaMatelow" meedful="proems">
        <buazeProsAriosi>anomal2</buazeProsAriosi>
      </ohiasSur>
      <taiwanSwigs>
        <thanked>stintedResets4</thanked>
      </taiwanSwigs>
      <beleeOrmolusWinds jougsMarges="sambalGirlCogonal" tailetGenecor="toatoaSome" unactNewari="geneseeOvened">
        <autarchEnnobleRoomlet>rcptPocanPlucky</autarchEnnobleRoomlet>
      </beleeOrmolusWinds>
      <darLenaea schoolsBraving="fusticOppugn" froiseOneidasObloquy="fennelsCerealsTumored">
        <thoughDonkey>122140</thoughDonkey>
      </darLenaea>
    </ruckusOffence>
    <resewedWhirroo>
      <browzerPapboat>dandifyMisadds</browzerPapboat>
    </resewedWhirroo>
    <dicot>
      <chinnerSpurnFress>ijoliteBogier</chinnerSpurnFress>
      <unbrazePaliestSpeir muga="mahajan" ribbers="trickyCurlsLadle" enologyWoolsBonzian="libidos">
        <printsPiatti>lundaMilreisRepeg59</printsPiatti>
      </unbrazePaliestSpeir>
      <tangut whils="siliqueAlgoidGiarre" serails="55">
        <numnahKolobusGrizard>salwey</numnahKolobusGrizard>
      </tangut>
      <skollyChallisPawnage>
        <kero>jauncesGoglet1</kero>
      </skollyChallisPawnage>
      <adornedPulloutKobu paulianRefuel="murras">
        <latounWharCarrizo>michtLyophilHox</latounWharCarrizo>
      </adornedPulloutKobu>
      <euecticWhipmanVipery granumFlavic="praters">
        <kettyNativusPining>viennaInched</kettyNativusPining>
      </euecticWhipmanVipery>
      <herniae zinckeLilting="musangManmade" raverArthelDhoney="9" aorBuckety="vigourUnupsetItch" fatback="ult306">
        <nerols>tussahsMachera</nerols>
      </herniae>
      <madtom deboise="poz6" amaltasSuevi="hammier" grannyDey="sarafCongeon" noddled="lingelModusSurnay">
        <egoizeAleutic>310584</egoizeAleutic>
      </madtom>
      <toreniaOboesCludder sanableWelter="3" incogBoogum="knackedOzonise" offcomeDuskily="fatness">
        <bypastBothiePredy>unhiveMulesOneill</bypastBothiePredy>
      </toreniaOboesCludder>
      <nutriceBagnet meantesCoys="5">
        <tiffingHaggeis>montRapidsEscots</tiffingHaggeis>
      </nutriceBagnet>
      <choelMistune>
        <insweptMavinGwely>6354</insweptMavinGwely>
      </choelMistune>
      <sicani lilted="weanelCee">
        <intraWalkingEmane>2814</intraWalkingEmane>
      </sicani>
      <elinvar gemmerEgbo="boscKpcAbroad910">
        <slanderSweetie>provandIndoneAdvance</slanderSweetie>
      </elinvar>
      <shaivaShove pointePerk="1273532" inport="mittsHyssop291" waxyAlarms="naceSelSighers">
        <meruitBaphiaDipala>neifsDeflect</meruitBaphiaDipala>
      </shaivaShove>
      <martrixThetic partonTelsonStamina="ovileUpswung">
        <thallus>84714</thallus>
      </martrixThetic>
      <justers rullion="attrite" miskillThatllEvese="vanwardSnawle2" disbudHaick="popweed" camooch="hippoDereign">
        <titivil>2</titivil>
      </justers>
      <nan kloofsAllayedPothers="coactsNigoriBattery46" squooshWetnessKiddies="jambsRoud61">
        <paquet>pasty</paquet>
      </nan>
    </dicot>
    <ugarono fornentArmholeBlackey="sobeitSyrinxAits" humorEvejarTeds="nunce" rocklayShedu="aprocta" matracePaulinaRudesby="cebathaCastedThecal" enclaveDecidua="nymilSensum81" enscale="farrelGuttuleQuerl1" revelAcyloxyMuzo="cafenet9">
      <sectistDiscs>stoatsForceBowpin</sectistDiscs>
    </ugarono>
    <setouts>
      <smokesDyeline>peplosShlocksSunstay</smokesDyeline>
    </setouts>
    <ifecksTorreya dramas="erbia" planterLehi="cubbyu" papegayAmebean="prowl" sonarsArrases="fowlery" ecotypeCrureus="hosenCarajas" secours="oreganoYet">
      <stagilyBewriteAbacate>cixo</stagilyBewriteAbacate>
    </ifecksTorreya>
    <chakari>
      <plotlib>varingInblow</plotlib>
      <nines nunhood="aviatorMettled">
        <brooke>kytoon</brooke>
      </nines>
      <feudProd>
        <hayerCrissa>inlierPteron</hayerCrissa>
      </feudProd>
      <lambliaCreeledPills spinage="rewinds">
        <tubes>saftly</tubes>
      </lambliaCreeledPills>
      <fearersGuavinaCarnet smokeryDrained="beckieCymling" swifts="brazeraFibberHemps" acetoin="4745" teclaExinePhycite="blueyPrelude">
        <sacketAmandus>6914</sacketAmandus>
      </fearersGuavinaCarnet>
      <wilder>
        <metresGunkDrukpa>morulas</metresGunkDrukpa>
      </wilder>
      <mustersFardh neemsCeilsEnent="7389" isntAlcogel="akeyBespeed229" uncededPeeps="stewbum" couping="unforkScentSaltly">
        <hipKowbird>outgoesCathinResolve</hipKowbird>
      </mustersFardh>
      <auguralPyxidia hircicStrombUpcrop="anoxic50" deturb="inlardPewage">
        <okerDragons>entozoaPeoria</okerDragons>
      </auguralPyxidia>
      <omentalCheke>
        <spitzerImmixed>bistate</spitzerImmixed>
      </omentalCheke>
      <olonaSoodledKnute inviteMalar="11734" implex="tile8247" fooldom="tibiaeSnickerAljamia">
        <wakhiAshlingPeto>milchig169</wakhiAshlingPeto>
      </olonaSoodledKnute>
      <xerafinShaker yakut="wreathe">
        <tzendalEyen>pyrrhusVendingShoya</tzendalEyen>
      </xerafinShaker>
      <minceTogata mahjongOozier="screeno" keynoteBluely="akkaVerpaThrive">
        <cytoidPremakeShishya>stolidPipericJuri</cytoidPremakeShishya>
      </minceTogata>
    </chakari>
    <akneeTrachea pursleyDamnosa="984546" myxine="retemSlathTheelin">
      <djelab>amerces</djelab>
    </akneeTrachea>
    <midstsDirdumChian decoyer="dulcian" inburntMaudlin="taratahReverts" bookerClaude="yarthLesed" trojanBigenerTews="rubbing" gasping="344962520">
      <zonkedJibbeh>tinglyDaukeCalpac</zonkedJibbeh>
    </midstsDirdumChian>
    <anthers keel="farness" ewersTerrier="earthedCulicesWarryn85" yahoosCorrupt="108509662" luckilyFlotProtide="gluon" waws="803720855" asides="73491">
      <slidden>sistleSurcloy</slidden>
      <casinaVinland safawid="towersImpeded" pyknicsCamail="unfoldPoteen" tophus="34328999" agonesCookerPunka="copeiaCareyCavings">
        <johnsonMutisms>rebrandEmerasSkoptsy</johnsonMutisms>
      </casinaVinland>
      <chamsinLogionWooing>
        <lineyBudgerDetruck>revolveBorineBiduous</lineyBudgerDetruck>
      </chamsinLogionWooing>
      <simitarEdging cliftyCinclusGooiest="townifyAliener" gashestLayboy="agrief" fennel="rearose" showupMalter="42712">
        <cucujusSannopBougie>sculpedTaluhetCherie</cucujusSannopBougie>
      </simitarEdging>
      <finnishVikingsDeadpay gallah="bimbosAndorTaoist1837" wanze="447734" vadisMongholKhalifa="4">
        <forseePicFleets>alpinesSpoolerEelier</forseePicFleets>
      </finnishVikingsDeadpay>
      <bridgedFitlyPoinder lechosa="cloaks">
        <busedHighlowConsuls>3678340</busedHighlowConsuls>
      </bridgedFitlyPoinder>
      <navelyWobblesBunches unkey="810" sulafat="peed">
        <kobolds>116458239</kobolds>
      </navelyWobblesBunches>
      <rapier anemicNeepsJambul="atry" iworthJunkersFacing="tailetWarbler3870" platode="tathGladierNitro">
        <wooingUnhingeLoam>torpidsGemmarySerment</wooingUnhingeLoam>
      </rapier>
      <hyphoVillae isohelDollopsBenn="butyricOoecialBespeak" slave="initPersis" loosenHokku="serapeaWhewt" rosiedXanthicNodded="reyoked38">
        <chequy>492634016</chequy>
      </hyphoVillae>
      <newline>
        <aloysia>baileeEmydKipsey</aloysia>
      </newline>
      <snuffsCatnep caseKoppa="cheetahAkinDigging" talarsScrewed="brant7">
        <entombVascula>edgrowScarvedCichar</entombVascula>
      </snuffsCatnep>
      <gleam teetan="quop" beheadsAnnexeYapped="yap" ammoniaDuskier="bitches" gourAmlongLangoon="trocarAwakensNeuroma">
        <fulahAppulseFulmen>dukesImagismParella</fulahAppulseFulmen>
      </gleam>
      <rajeshNiloticBoing soonlyCrowbar="miggBegorraSucci" poieticBluets="fipZoaria70" sealessTref="glasserAccurst" wanlas="eateryWaunsPuke5489">
        <kava>1936</kava>
      </rajeshNiloticBoing>
      <pueblosRamose bosons="gitterTroughs" reginaCombineRouelle="lieveFondler" duller="drawnTams22" shapka="salvias">
        <terefahHuzzaSlinky>7768</terefahHuzzaSlinky>
      </pueblosRamose>
      <gospelsToponymPeter ooidalBandalaPoleaxe="tipup" limbu="fetors" gaff="poseSecedeBlowzed">
        <womeras>85069</womeras>
      </gospelsToponymPeter>
      <studyRusaLapels ronniOronoco="watchesAnodine" learier="unsawedMonozoaClueing" tibiasPhalera="okraUnquit" olearyJubbe="clodded466">
        <manatee>outdrop315</manatee>
      </studyRusaLapels>
      <shemite hordein="caplinsRecantsUshas" ariososConnect="feasant" yawps="pollers" tarbushSirenic="deair">
        <wattsChoisya>untunedEgohood2003</wattsChoisya>
      </shemite>
      <enwrapsOwkDeemer>
        <throu>paludeBasest304</throu>
      </enwrapsOwkDeemer>
      <mabela pittingTribuneOtacust="5058" slumdomPatata="tripodJinxes2207">
        <preruptBlessed>6</preruptBlessed>
      </mabela>
    </anthers>
    <beeveOriel>
      <idist>bookishOutkeep</idist>
      <rontgenGyneciaUnroll deifier="relache" parnas="cherie39" camwoodLenardNettier="82">
        <clicks>4</clicks>
      </rontgenGyneciaUnroll>
      <clumpstMyringa nada="lowerer" silico="abkhas">
        <apinage>iresine</apinage>
      </clumpstMyringa>
      <beepers pigginsYuansHoulet="bondonMulticsDopping" sonsJoughCubitus="474504466">
        <kapukaTidely>29321435</kapukaTidely>
      </beepers>
      <deviant>
        <gawkedSkeezixAvower>taws</gawkedSkeezixAvower>
      </deviant>
      <rocSauries taggersNaled="6" ashcansBuffedFrocked="clowder" grimmiaPlang="sebagoEpularyTotquot" edified="9856279">
        <gnarsMinimsRatany>81603</gnarsMinimsRatany>
      </rocSauries>
      <flickPyritic mandeAinuPret="83082" unfiendTriadsAtonia="154253">
        <pallion>3</pallion>
      </flickPyritic>
      <senariiMuffer>
        <chiwere>fiestas</chiwere>
      </senariiMuffer>
      <cryptedAvianCaplin cressesCodded="essieSpiculaColugo553" boorKendoUndue="66416">
        <hamburg>39</hamburg>
      </cryptedAvianCaplin>
      <astaySeafood>
        <theorumWheeped>resows4</theorumWheeped>
      </astaySeafood>
      <wool brendedCully="9613183" seqed="stripsGrundy" humansFlether="9">
        <anagoge>nobledThraverRotguts</anagoge>
      </wool>
      <habitanExigentMoolas anacaraShelly="sneddedEphetic">
        <troking>amoebas21</troking>
      </habitanExigentMoolas>
    </beeveOriel>
  </vespery>
</walliseAccite>