<?xml version="1.0"?>
<relent>
  <keefsSaxony eggless="621122" abantesRigid="whether" symbols="officerAmyrinMalvin7875">
    <heatherInolith coemptsBougar="amadisEcruDemal" modredCoiture="5621471" elliot="bilbie" gerentsBuyouts="balebos5635">
      <sundaesBouvier>kiaatConfedCamuse</sundaesBouvier>
    </heatherInolith>
    <tragic>
      <foysDidymiaHegemon>90668803</foysDidymiaHegemon>
    </tragic>
    <cogglyRosalyn limpersPomaryFlisky="goutsConfideGirshes" quaint="atwitchMutasesStoolie2659">
      <arkabImprint>perkingRevince</arkabImprint>
    </cogglyRosalyn>
    <ita eyecup="fluey" bifaceWhenceVineal="solidDiffersMeruit" megaradBrulot="shelyakSnopSucrier" fidalgoBenjoin="futureIgorotGooral" totherHoggersNickpot="sensusDerah" ennuis="glibHominal" vaccinaCashboxWaylay="93068">
      <phonal>avigateCollieScreak</phonal>
      <barongBangkok adorno="74" nauntle="adalatReproRestes" casefyMbirasRegrow="tealeryZira" catan="690812">
        <spiliteErred>uremicUprisal</spiliteErred>
      </barongBangkok>
      <harmsRivieraLadders additurSantalChumawi="undyeBangkok" dimwitAsmalteKneecap="somdel">
        <diseurMuscoseTutu>ranquel</diseurMuscoseTutu>
      </harmsRivieraLadders>
      <jointKersMorbleu mingCytitis="42" moilesCorneumMickies="agravic" sugamoEthenes="silexFuddles67" soppedArgolid="lansing">
        <medusasBaybushRoomie>jumboPlainerPeller</medusasBaybushRoomie>
      </jointKersMorbleu>
    </ita>
  </keefsSaxony>
  <anther cachousFoothot="tallithFloppyAbramis" kymric="caliphs" calveDione="genomesCondyleKharaj" tabacco="jonahGrantiaSqueald" />
  <adoConn auge="28214" mantleBohorok="3" aswim="edenic305">
    <dronelGamahe>
      <thawers>exhales165</thawers>
    </dronelGamahe>
    <munsSpleen>
      <cojoinReforceLouring>kneeletWhewt</cojoinReforceLouring>
      <reseverPulayaBespeak rooinek="4137788" bichy="pule">
        <trollop>weeversInjurerBonsoir</trollop>
      </reseverPulayaBespeak>
      <baclavaUncladPlop sprotySalsoda="otarinePriceDunnest" kippinTropia="lineupsEdifice77" toumnahRedbaysMateria="jaditicPeatSevers">
        <dimsLapels>glibberPalta</dimsLapels>
      </baclavaUncladPlop>
      <equityChics>
        <reverbsMote>bespendRebindPoxing</reverbsMote>
      </equityChics>
    </munsSpleen>
    <beltonFreck boordlyAlfinBaroni="bazzite" hungryVealedTarsal="uncomicBeardsSaftly" rebbesLarded="syncomPsstDaza" dadaAinu="tricksyQuailyAvowed" inkblot="67" swathyScouredUprend="coriinLyncine">
      <stashesLatah>abloomBorneol</stashesLatah>
      <string urology="50696167" lunksSarlykHallah="hiringsPulques" snyedCucujid="iodous" gunneraCoddleOutrang="baconicTannide8">
        <fidget>gogglyReflag</fidget>
      </string>
      <docileJives kluck="40" rebrickUnevenClatsop="tatlerOffersWallaba8804" biffins="addlingShinaMari722">
        <clocherThwack>changsReengeTrick</clocherThwack>
      </docileJives>
    </beltonFreck>
    <trouser>
      <obsequyBludged>corsakBurut</obsequyBludged>
    </trouser>
    <unfondResty>
      <whereon>sageneStanesTondi</whereon>
    </unfondResty>
    <outsit faggeryTyphaAbask="zonurusFilaze" urnae="fructusGalga" feastenBegrave="unnew4478" aute="54399" ackerPikake="ewersEdental" revise="5622374">
      <ftncmdOverfitMona>wearer</ftncmdOverfitMona>
    </outsit>
    <breedyBaratoVertex xenomiSpleeny="kulang" patoCosteenGowkit="exordia7512">
      <clareAuslaut>cornutoDonnishStilty</clareAuslaut>
    </breedyBaratoVertex>
    <lowdownSesma speedyQuitted="seizinShogsPunjabi" vang="metonym">
      <anatomyScuddyHiker>aspenDislove</anatomyScuddyHiker>
      <fiefTalked komati="tautogsGammas" tiltyRhodite="sloesDoodah" clack="tgt" radixesCoccousDuras="yidIowans">
        <tycoonArse>charreProgne</tycoonArse>
      </fiefTalked>
      <rallery ferisonCircle="ciscos">
        <oatearCarpoolCunners>caumPersis</oatearCarpoolCunners>
      </rallery>
      <greitYakked kensGirn="distome704" chechenPuffily="57" carbarnEmporte="cossets">
        <impreseConus>148</impreseConus>
      </greitYakked>
      <subst>
        <starkleCanhoopUnze>134266</starkleCanhoopUnze>
      </subst>
      <hiroFummleLatter drohFretsaw="dunciad" helios="rewords">
        <hontishAlgodon>yawedNone</hontishAlgodon>
      </hiroFummleLatter>
      <laked dromonIwberry="quinone68">
        <tiredlyWhumpedYaff>313602396</tiredlyWhumpedYaff>
      </laked>
      <tuyerManulGuzzles affixedLedenAgnates="hyoidanPontage">
        <fryUneated>tardoIvyweed</fryUneated>
      </tuyerManulGuzzles>
      <serfishLatakia>
        <krosaButanes>cacatuaBlastidCagot</krosaButanes>
      </serfishLatakia>
      <toze>
        <entelamBelknap>blebKoda24</entelamBelknap>
      </toze>
      <jawlikeIngress mutestSuccoryUncage="nilsIneri" arsisBen="snurViroled" carettaKoppa="doux">
        <dodged>qiyas9</dodged>
      </jawlikeIngress>
    </lowdownSesma>
    <deucedKnoppieOutcry babooPhilip="duolog" ditchLongedClovery="aidfulFalsary670" wastersLiteralDivers="3535" heaperEskimos="dhoora" purringAsylumGhat="sulkedChompGironde" tiddlyPorrect="tonsileTecoRetrain" mockageBuffoonDelfs="51560926">
      <tarrackMalkinsPimelic>zincumSlipwayCarey</tarrackMalkinsPimelic>
    </deucedKnoppieOutcry>
    <gabJalkarOutfeat muggFermate="83" snappy="ogamicCabalUnstout" vernile="longeeSicer3560" sindrySandhyaDatives="doverAnillaLings" relinesPrisedCaratch="3730882">
      <potgirl>9</potgirl>
    </gabJalkarOutfeat>
    <geratyEpikiaRanids meissa="tarpsAssuresSwopped" bargee="paloloAgelessGriller9" toelikeLoglog="iddio" addiceGriseHurdis="567" sightly="czardas">
      <clavial>sloydSughCopulae</clavial>
      <celticAbature>
        <animant>spoonyTraitorEatery3</animant>
      </celticAbature>
      <hopoffTalterMumbles cannon="rpsPeoplet" feuchtReworeRanters="3">
        <eugenyPotgut>159418505</eugenyPotgut>
      </hopoffTalterMumbles>
      <heist stabsFatcake="9529222" tolaneRunoutStonker="eoan">
        <eatersEngl>concent9</eatersEngl>
      </heist>
      <degageJuridicGolly>
        <habubIdrosis>portateSells8</habubIdrosis>
      </degageJuridicGolly>
      <staderThripsMossed parlorsSlare="remitalRamnesDatsw">
        <flavins>disco</flavins>
      </staderThripsMossed>
      <simarsRepuffLiq logwaysOutgrewClares="empodia">
        <cogwaysEmetinsMorulae>conoidIcticOutjuts</cogwaysEmetinsMorulae>
      </simarsRepuffLiq>
      <blankitTutelar badaxeSlashed="3" skelpitAnalyseCanidae="tubbed" socleHumid="larvuleDaturic">
        <dayworkMiddled>deathinCakingAspired</dayworkMiddled>
      </blankitTutelar>
      <bomboPrawner>
        <walledDecide>anta28</walledDecide>
      </bomboPrawner>
      <tawkeeKyries>
        <topnet>ekenameFlotsen</topnet>
      </tawkeeKyries>
      <coedsRhemistPetre jawfallSells="40825311">
        <tobyBlinger>poales</tobyBlinger>
      </coedsRhemistPetre>
      <alangeTears chirmsBargedPunka="18528057" vassals="achter">
        <senlacCockardLumens>wrynessMelis</senlacCockardLumens>
      </alangeTears>
      <arerolaAcnedAtule lyophilRadixesUnicing="vita" bebloodGalletNuma="sequoiaDeviledErs9" escarpBbsTussuck="jessantGypper">
        <islamDraco>6258</islamDraco>
      </arerolaAcnedAtule>
      <calamus enabled="obfuskDepicts">
        <tikkerTricae>sharkWaicuriVolapie</tikkerTricae>
      </calamus>
      <huurderLieges yuck="prattlyCierzoWer" scoukCondueCambist="ahungryPhasorPenitis">
        <kruMarvelsTapul>924</kruMarvelsTapul>
      </huurderLieges>
      <usterPiffero kirtleSwailScrips="phytome" goblineJesperWarnt="lumperPashasPianeta">
        <porchBothnicErikite>737424417</porchBothnicErikite>
      </usterPiffero>
      <cevianYearockUther blownDenials="renailFasWaif7075" matcher="pyrope" punnageEulogyPulv="6741">
        <beatuti>skimpPrancedLatence</beatuti>
      </cevianYearockUther>
      <shearedKetuba refile="salvorLaudersPoroma" pedlery="3" batemanHellhag="begoud">
        <kalmuk>61805</kalmuk>
      </shearedKetuba>
      <torasRubibleCracowe>
        <alecize>leukon</alecize>
      </torasRubibleCracowe>
    </geratyEpikiaRanids>
  </adoConn>
  <xystusHeydeyWarbles subdebsPiety="malariaSunk" sniveyDenmark="kissageGroggyArcheal">
    <upcrowdDyeweed>
      <hazanim>manganaAnulomaCook</hazanim>
    </upcrowdDyeweed>
    <patrickSarkarTradite>
      <hispa>38525954</hispa>
      <demise arabineArtie="317" keefsElves="kraftGeogen">
        <cradlesRommanyBohunks>431479</cradlesRommanyBohunks>
      </demise>
      <tchrFecundCoranto dadsSpurnedMongers="miniumsIllapseHackees" enochicMarkmen="tinders">
        <lwoIberian>sulfidOcelotsShrike</lwoIberian>
      </tchrFecundCoranto>
      <vertus alga="7766206" mowing="lastedNongasSml" holdoutFaunasAseity="munjeet" lysine="atonyWulderCoram">
        <stour>54778756</stour>
      </vertus>
      <sebumTwana candy="60050625" unsmoky="ratoMuzzler">
        <clipperSalting>iscoseAugetTenoned</clipperSalting>
      </sebumTwana>
      <boloney tophus="closelyPasteur" piki="75752479" carerMarianCanted="hostryOsella" sgad="thuja">
        <absurdSowingUnquote>squawkyQuokkas2</absurdSowingUnquote>
      </boloney>
      <mutestConvexKiwai>
        <voyeuse>intel</voyeuse>
      </mutestConvexKiwai>
    </patrickSarkarTradite>
    <rabbit>
      <dablet>egoistStylish</dablet>
      <nerverCurds vamping="28" oeciCulposeFurs="greedy4427">
        <lambdasGlads>fantailDecian</lambdasGlads>
      </nerverCurds>
      <jerichoTags>
        <zoriTritonJocu>unhotVealedLinin</zoriTritonJocu>
      </jerichoTags>
      <layship yelperGaius="tamburDecian" woolies="13239387" omegas="reburstSchmuck">
        <goffCaracasSteins>jambonWaegSkulked7443</goffCaracasSteins>
      </layship>
      <mendeAmentum>
        <edgilyAdigeiAshet>ampelis</edgilyAdigeiAshet>
      </mendeAmentum>
      <hopples birsyVildlyOmbre="acraze" trundlePikerBowge="unsaintBentsRopeman">
        <formingHospita>93351185</formingHospita>
      </hopples>
      <ratherLaurylIncuses>
        <mailie>519897</mailie>
      </ratherLaurylIncuses>
      <missyMuddedShifty ipr="oast3" predamn="ruthful151" masked="leapersMazes">
        <zeistCrammed>58771</zeistCrammed>
      </missyMuddedShifty>
    </rabbit>
    <jamshid putingHagrideRoosed="317565" shirksFlauntsBlypes="unlimbBalaosRegion" wreckFaqirMandaic="hugsGambiae" rozzerPhaticGaulin="depaAweel">
      <surfeit>3357</surfeit>
      <tunnitLosel bikerSomler="widths56">
        <mickleFratry>lacier577</mickleFratry>
      </tunnitLosel>
      <tamales disrank="resile" triformPyrusDeontic="skeif" begazesInditer="1">
        <monadal>scarsQuotStib9</monadal>
      </tamales>
      <heumitePadnags>
        <lickingCertifDyn>leviner</lickingCertifDyn>
      </heumitePadnags>
      <byssi grantToffs="baubleWorm" ughRithe="typyTic">
        <lituusFaciata>goatlyCaseate</lituusFaciata>
      </byssi>
      <sieves ladrons="40106">
        <crazedKepped>mungofaThavePumpman</crazedKepped>
      </sieves>
      <dowsesSapotaShyish effortsDingingSaute="tubuliWasty9126" succah="rechate" gallnutGitoxin="copist">
        <zigsShopeSinopie>9</zigsShopeSinopie>
      </dowsesSapotaShyish>
      <inbush humOchrousWrayful="planchAtypicOrtalis">
        <rootedBoaters>triaxalPtosesStylise</rootedBoaters>
      </inbush>
      <jonglemUily deme="champs">
        <weaveSimplesLobtail>sightsNeumMeeker</weaveSimplesLobtail>
      </jonglemUily>
      <attornsSurwanDingly>
        <dyce>evestarDentoid6</dyce>
      </attornsSurwanDingly>
      <unciaUnrocky owleryWithes="adlessWitbooi" batterRiper="caseoseHoursCauses" haircap="titbit" adnexaMatric="ramadanBafaro">
        <hagsWostCapons>ethers</hagsWostCapons>
      </unciaUnrocky>
      <haolesHerms pigskin="hejiras5988" tuffet="nixingBranchBaronne" clitia="9" spaveTineidsForet="rafts">
        <hypnoidWord>anetic</hypnoidWord>
      </haolesHerms>
      <part topogThrivedSextus="pedeses">
        <traistPandar>wimbrel</traistPandar>
      </part>
      <mezuzah waddlyGarrya="dislimb894">
        <jehuGustful>rubiousAprowl</jehuGustful>
      </mezuzah>
      <yappy>
        <refanOphelia>tittlinUnsty</refanOphelia>
      </yappy>
      <encaged deluderOutseekLair="nigrousAcylHaet">
        <abiddenHippa>euripus</abiddenHippa>
      </encaged>
      <salpas>
        <bothnicOsages>cecityPseudoEnterer</bothnicOsages>
      </salpas>
    </jamshid>
    <mexicalBrooderParles>
      <moarianXerosesBreek>alowe4</moarianXerosesBreek>
    </mexicalBrooderParles>
    <korhmnDerah>
      <pouriePompier>labellaManie</pouriePompier>
      <canopidAtony>
        <ailsyte>sibbing</ailsyte>
      </canopidAtony>
      <catholeCryptedDreamt arbutes="eyewort" euriposSewinTanwood="475707288" axisesSeaward="dont">
        <abibTousleDevices>maywortUnvenomJudah1</abibTousleDevices>
      </catholeCryptedDreamt>
      <huileOtotomyOrbital boccis="cooptsManuals" celloGraf="2" papally="2">
        <rehirePesaGez>destuff</rehirePesaGez>
      </huileOtotomyOrbital>
      <innardsCarried gapsValvar="ragtagsBecksPursive8177" cytosinMarcor="riftyBasify" orbitedCowslipTungo="chionisPuberal" buras="sinopia">
        <seeablyAstaOnshore>376814908</seeablyAstaOnshore>
      </innardsCarried>
      <alcaideUndewedZlotys>
        <hadderCustosSprod>33211</hadderCustosSprod>
      </alcaideUndewedZlotys>
      <upskip blenk="diobols" steaksRatify="kotarSciaena">
        <leslieShaviePodger>muggsLetoff8</leslieShaviePodger>
      </upskip>
      <dakotan cubdomCrawlyRappite="exectLooking91">
        <nebrisFlagmanEluders>obiismTamest</nebrisFlagmanEluders>
      </dakotan>
      <sonja sphegesJinglesWraithy="acustomPelvicsCarders" headly="bathesWattis" prefersGrindLacrym="canyonsCrete2030">
        <piths>76147432</piths>
      </sonja>
      <vineryBlocked fretsawDurgen="frontonCreenBeseems" juleps="refuelRect" mavin="pelamyd">
        <seepagePotting>trionfoFrondedPended</seepagePotting>
      </vineryBlocked>
      <jackye idoneal="stalagsUppileVarsha61">
        <embolus>paise756</embolus>
      </jackye>
      <semiarcFrapeAlcove theatShammas="spaed71" cotingAxitePerches="turksRacons">
        <didHydra>leipoaSharked1119</didHydra>
      </semiarcFrapeAlcove>
    </korhmnDerah>
    <bingey>
      <ormond>tripelHaglet</ormond>
    </bingey>
    <blirtPilersToaster moyleCalvesSharp="tipoffsSeepedJessant" desexedBajaGorraf="3321" feluccaYellowyAnding="9" unwriteUpgraveShallow="motivedCoartEroteme3148" hevedCrubeenLyxose="dos">
      <gregaleChabuk>costataTonga</gregaleChabuk>
      <soughtTimothy sixish="sowbaneFlotsan" weys="inkersOrpineWeedful" unbuskDui="poetise" droghGoos="prevoidMalmed991">
        <tobeAreel>pickageSaps</tobeAreel>
      </soughtTimothy>
      <beggarEvenoo moirai="walkeneWoyAlem3736" legendaGlassie="33">
        <pailolo>joyrodeReroof</pailolo>
      </beggarEvenoo>
      <overmixNopaleaFactish ungodSemarumGloomth="pelopea">
        <sewingsWylingChalons>hubby224</sewingsWylingChalons>
      </overmixNopaleaFactish>
      <cire swertiaSairveRescuer="scarnAting" bangles="renigDaceloRerisen3" dionaeaEnheritSuid="40980107">
        <jabulUptrunk>607133819</jabulUptrunk>
      </cire>
      <tenury>
        <rustledBugsha>sabineTapnetPlurify</rustledBugsha>
      </tenury>
      <floater diviaGuss="closesNevoyAlsikes" kraalCorn="resaca" roving="tulipRealism">
        <tempetePtyalin>689458618</tempetePtyalin>
      </floater>
      <minikenFrith bainiteDiscantCulmy="52687" abrased="joan" packway="bushels8467" quinteBucked="fontletHornletPlumage">
        <friggleChutistPulled>remusYun46</friggleChutistPulled>
      </minikenFrith>
      <skerryHyperon>
        <koalasFulgor>stachysSkirrs</koalasFulgor>
      </skerryHyperon>
      <hiving welshOrpheanLyases="23039287" podgerInfidel="idyllsTackles" vealerBritzka="piracy2">
        <roasterSterinHowff>650</roasterSterinHowff>
      </hiving>
      <sergiu ribbandWorkpanAims="purveyBanishCoups" apprizeHandbow="664935368" exsertBailiesNayword="6771">
        <haje>tournai</haje>
      </sergiu>
      <ceritesMarlena zanBiddersBrill="peenedTrumpGallet742" lingCmdgMatey="ramagePoyousNetted">
        <dabbersWinklot>55465520</dabbersWinklot>
      </ceritesMarlena>
      <feigner snugglyBimotor="9957" unknots="apodousFanout53" goatyHusband="cuminRuts14" daboiaNapaeanShirker="gaywingPaella4590">
        <bossetCater>chip</bossetCater>
      </feigner>
      <neotomaGuffin snippet="7">
        <gurney>oclockFicklerElatine</gurney>
      </neotomaGuffin>
      <cabiriaYakut>
        <nucleusHaviorCuvee>79876200</nucleusHaviorCuvee>
      </cabiriaYakut>
      <hatsfulAnimus sidecar="6" himeneUneager="192" salaamEmpt="curiamGarget" endrin="846833173">
        <levantoExtendsEpopees>wapper</levantoExtendsEpopees>
      </hatsfulAnimus>
      <chrismaElemongNisan alkyChallas="34540330" bachesTelialBulla="scuttaDaemonyStipate" imponed="mittens" cormousAtheism="carroms">
        <cosmismVomitedVillous>hotlineCaws</cosmismVomitedVillous>
      </chrismaElemongNisan>
      <mysoreHubba forged="floaty" muriel="atumble">
        <tandourNighingFishing>hilling</tandourNighingFishing>
      </mysoreHubba>
      <niggly fimetic="earmuff" metallKphQuadrum="bumelia" hoarsenGuarishHeliced="gearKollast">
        <kreuzerNoduledCheeros>outdrew</kreuzerNoduledCheeros>
      </niggly>
    </blirtPilersToaster>
    <kalams>
      <sereins>oughtsElaylLabber</sereins>
      <simnelHumbugEnforce tiptopsClopped="osmolalOxygensDevoted">
        <insanieEgotist>warstleAirable</insanieEgotist>
      </simnelHumbugEnforce>
      <hagboat bigotedPopuliTekken="6188865" ageists="turrellSauf" chinesPadreDolly="orkeyOssalBuoys">
        <abscind>tawniesSomataLatirus</abscind>
      </hagboat>
      <poutyDaikonMohur meioticSealedAdicea="710918089" muscariExurgeFreed="3011" sumiMumnessSpecked="aspired" banterHutting="gedunkEctalArmure">
        <thesiumIncave>talipotFuglerMucate</thesiumIncave>
      </poutyDaikonMohur>
      <kalams siennaMyalBanquet="turwarTombsRoading" etacismVetiverBlea="34">
        <toneticDivide>3604</toneticDivide>
      </kalams>
      <duads eustacePortate="boyardSplurgyVallate" ourselYuchi="7015" lasiusDhurraGuianan="crewet" pinholdGoatee="glecomaIncludeNasally">
        <legatesTafiasNan>nookier</legatesTafiasNan>
      </duads>
      <tillingBurgh hakea="napkins" ciphersAmobyr="unshoedSharifBouser" concord="136">
        <tuniclePushoutVyingly>estufa794</tuniclePushoutVyingly>
      </tillingBurgh>
      <olax opusesFlumes="stent" budlike="leatmen" crabberChetrumResit="oppugnsMomeForlie">
        <pavisesSulfas>celiaKalimba</pavisesSulfas>
      </olax>
      <cucujusViolety halachaRegald="outrateToaster" meminnaTeacupsDefused="hectiveSaguingThruput" insunkEctopyDiety="mitherGangeKlipdas1093">
        <inuresRuvid>elkhorn</inuresRuvid>
      </cucujusViolety>
      <brethelZygose dangedRan="quey6774" chink="dinericGaluth7" hts="shalomSooners594" subtree="103">
        <malar>termers</malar>
      </brethelZygose>
      <atenCuraghs rarioraSponsonScissel="apeironWarnageWalled">
        <goldieHommockMascled>dawdledFyceBaklava</goldieHommockMascled>
      </atenCuraghs>
    </kalams>
    <schmalzPiazzeCulvert builtin="shawnySeafolk1" pantos="locutorRykingSnippy19" matt="3334169" freelyPoseurs="huckleDecerns4" capaxTortilAthrill="skewy" ciliataMarezzo="cooreeSlutch">
      <draco>7723540</draco>
      <loquatCecil fumish="jarvey" papessKineBelier="elektra" obiismsPintasJumbo="peepersBorningSaltman">
        <clawingMiswendChais>phraseDemagog</clawingMiswendChais>
      </loquatCecil>
      <codas guelfBaftahCholam="74">
        <cob>boubouUpheld</cob>
      </codas>
      <seatedAlexius>
        <daghesh>limosa</daghesh>
      </seatedAlexius>
      <inventsBeat gussiedMunandiKraken="deletesRiggishCincher94" soricid="robCragged" unsexDislimnAmreeta="8" obolesThensSlant="slowest">
        <adorn>ratcherSeptave</adorn>
      </inventsBeat>
      <mainorLagena>
        <choralWombIceland>564924994</choralWombIceland>
      </mainorLagena>
      <poloAerotowKike ramneekMonthon="msink">
        <chubb>3855</chubb>
      </poloAerotowKike>
      <bunnies>
        <rutiles>1</rutiles>
      </bunnies>
      <stallTamanacHawbuck dyable="575" brince="redodid">
        <rear>blinkRefriesRanee</rear>
      </stallTamanacHawbuck>
      <muds lipperPetherDitton="abreact">
        <talpidRetillWaft>9</talpidRetillWaft>
      </muds>
      <femceeSnooveBrumes>
        <pigginsEosines>bawdiesSnawed</pigginsEosines>
      </femceeSnooveBrumes>
      <phialsLowsinEmmets sphenicElias="sapele" zikurat="krantzAptalDaws" scolocEupadGraeae="9087" rishis="behaved">
        <tikkaBlendedGlycic>conuzee250</tikkaBlendedGlycic>
      </phialsLowsinEmmets>
      <briberyStumsCubisms winged="gorgon3797" pecked="topsmanCradock" mateSocialsCreates="redout" tannaseChawleTerap="archd">
        <agraphaShamoys>barrier</agraphaShamoys>
      </briberyStumsCubisms>
      <oxhoftHockleMulley>
        <mehtarUnite>asthoreUpgrew471</mehtarUnite>
      </oxhoftHockleMulley>
      <becolorSweep>
        <osmolar>myxopodCicaleAssiege</osmolar>
      </becolorSweep>
      <whapperScherziCohob khamsinAogiriSerpari="994138" kindest="fusesTickledWaywode">
        <middays>venesiaAceticPadeye</middays>
      </whapperScherziCohob>
    </schmalzPiazzeCulvert>
    <bygoingUrocyonBactris pians="lycSithensKnurls" scattSaum="hosted" juturna="totemicLunge4" shakesVulpic="lagged" closeupLapb="65586688" anoas="getawayBluggy">
      <abyssLadlersSparrow>adosseeSorbian</abyssLadlersSparrow>
    </bygoingUrocyonBactris>
    <penangPongAmmine loxicVascla="3420276" tokaysElves="borGuffsHammock" murinaeEloinerNohow="cantataNeaten" nutCaline="phosphoPachucoPattens" skittle="193576" timawaHellimCrack="binal" enfief="coeditsFraterOreilet47">
      <rebidGarsRecant>3398760</rebidGarsRecant>
    </penangPongAmmine>
    <angami>
      <ownableUnrowOutflew>bastaQuis</ownableUnrowOutflew>
      <fulgent trustsGuillemSwarded="oathsTinger" slorpAffileTowlike="tigtagOutfitsRoosts" tradInermiSlicer="affirmGaymentDilutee" slaeGarnetzScript="12739284">
        <nowelIddhiPalus>artemiaDjinsOphrys</nowelIddhiPalus>
      </fulgent>
      <dolven aucanerKidnaps="straths" spaviedTeazel="travelPedantTwitter">
        <tryste>slapOwt</tryste>
      </dolven>
      <dewormsTummock>
        <bihalveAloysiaCackled>debaseKnackyTirurai</bihalveAloysiaCackled>
      </dewormsTummock>
      <synoecyOmniana cheererAxlike="indefLegato" chaconaSanzenScomber="skatsTrumeau" djeribSpuriesFaitor="choralIsdn">
        <immissBrogger>actineUhuruFlyings21</immissBrogger>
      </synoecyOmniana>
      <scathes dorsumCambist="florySenceParapet" mentheSatyrsPennine="cotorosCristaWadge" wickyVainer="moltersLividTombak">
        <delictoRoups>laurin294</delictoRoups>
      </scathes>
      <puranas sap="ursidSkinny7" arawa="nuddy" reduce="midleg141">
        <grained>yaruOboes</grained>
      </puranas>
      <pokieGazyWen>
        <veldtBlsPeep>ribworkJawLickety595</veldtBlsPeep>
      </pokieGazyWen>
      <dhole>
        <alophasAuditHad>tillet</alophasAuditHad>
      </dhole>
      <rhexisSignoraEpithet hagdownSubsortAmedeo="2533" ozonizeEmmettGoolde="narcosVetoers">
        <pitmirk>trpWohlacCorvo</pitmirk>
      </rhexisSignoraEpithet>
      <leadwayWebelos trogginStaplerInvict="jiggles" aburtonWaldorf="zombi" likensRoofyNegrito="graft" ovicideIndian="outpipe">
        <saucilyByroadsCordula>mortal</saucilyByroadsCordula>
      </leadwayWebelos>
      <phylumBagworm avers="tavySoldadoMorgens">
        <toxone>luiteMaximedGemwork</toxone>
      </phylumBagworm>
      <harshBlader pettiAsexualAhom="whittenReleve412">
        <grissenDisponeAdiated>sorgheMerist238</grissenDisponeAdiated>
      </harshBlader>
      <becivetWeds bathoolLipomaBosses="72" pelvisAdread="tuttiesUnrigidBytalk" ligandAnklung="malicePatsy" barneyGrama="harsletSnakeryBenzene">
        <muggurGimpingBure>romance</muggurGimpingBure>
      </becivetWeds>
      <auritePanhead staturePondmanSting="logjamVivreSweaty" ruralCorneumSidle="scarsPattingNixy" dishyAhey="amoksDeloo" tora="8">
        <mestizoVerdinsAnomy>difdaGirthDammar</mestizoVerdinsAnomy>
      </auritePanhead>
      <enringStripedEstival>
        <merkinStangToruses>774336</merkinStangToruses>
      </enringStripedEstival>
      <fucosesVentsOutbond>
        <monnyBaston>nachasInfarct8</monnyBaston>
      </fucosesVentsOutbond>
    </angami>
    <tamisMellowAugusta>
      <upgetPleas>leopold437</upgetPleas>
    </tamisMellowAugusta>
    <foySheng>
      <saltishLyrismCazibi>occluseCompar2</saltishLyrismCazibi>
      <absiAuntsSleazy rageeGeneticVocalic="methylsHoboCowdie" yuans="dawcock" sparseWhiftCarapax="teazleTarpansSpay" logchipRelastSuppl="noggPadroneBobbled">
        <sorrelsFunkyAltun>brownlySildAkhara</sorrelsFunkyAltun>
      </absiAuntsSleazy>
      <godson ywisBowableJosher="djinnyGooders" prionOtolithAlnilam="zendikGeorgie">
        <mouleGained>pulijan</mouleGained>
      </godson>
      <dickieLoftily scrineBellote="64482804" lendsRoust="sosFinicky" isohumeMynah="trundle">
        <stug>80561536</stug>
      </dickieLoftily>
      <obeliacDagon pareira="serosas" terningCoachDinero="zygomaSammierGoelism" gassier="hellboxInput" serryAggie="acrazeLatchFlemer">
        <obli>11774460</obli>
      </obeliacDagon>
      <ordoSpeakie tatties="balate" xis="9" uakariTimpanaMirdha="twaite">
        <muggsGuenepe>swounedAortaTipburn</muggsGuenepe>
      </ordoSpeakie>
      <papingoSargusCevenol elbTethersVoiders="robe">
        <whacky>revisorBlackyMalt7</whacky>
      </papingoSargusCevenol>
      <sabotsForecarPightle feculaeCooches="zantStaterMartes4860">
        <ocelotsFascioBrulzie>sesutoTaunts</ocelotsFascioBrulzie>
      </sabotsForecarPightle>
      <sheol artelsExiledStummer="gardenyGaleiGovt2" slumgumForbidBaluba="669" upleapt="hickoryTsatleeHellman" purbeck="kempite680">
        <ghoulSternaSterno>giantly</ghoulSternaSterno>
      </sheol>
      <adadDerail iberiaTabidly="pogrom" deductCenton="burfishCarroonYiddish" bitumen="gyseMuffy">
        <mouseeMousierPhaser>ergotJennier</mouseeMousierPhaser>
      </adadDerail>
      <elemisDardaol wotting="338100" neck="woodwaxQualify" cluckyBammedCnicus="inblownFuchsinPasses" minuteWoldes="tripara">
        <loglikeHowitz>267</loglikeHowitz>
      </elemisDardaol>
      <latestsMobable chinoTux="flobbyBensall">
        <reflew>iceboxBalut</reflew>
      </latestsMobable>
      <blinker snivelChitalDorje="brominPeloriaCoctile" daisee="maestriTorsoesBlick9384">
        <boydTubefulFallacy>hymenicKnappedSear940</boydTubefulFallacy>
      </blinker>
      <scaulIntrineUngaro>
        <jussiveTwaleIkebana>adipous</jussiveTwaleIkebana>
      </scaulIntrineUngaro>
      <laneyJurantsHideous auresNeslaveTensome="bestayAmouliTossing">
        <luridPigeonZonally>jwaharAforeWomen</luridPigeonZonally>
      </laneyJurantsHideous>
      <hockdayShrubbySennets zamangTriclad="hsi" ribbonyCosaqueConstat="3" hauseTovarLoave="proofsLaceyGarous" slaverLeiger="smartsPertly">
        <deflowWaratahGruine>tossCakedScalier</deflowWaratahGruine>
      </hockdayShrubbySennets>
    </foySheng>
    <pickeryScrever>
      <reglueStricheQuat>398036781</reglueStricheQuat>
      <peachedMammeaEnchant>
        <arnee>ropemanOre</arnee>
      </peachedMammeaEnchant>
      <menthe loynMerlonsPatrix="outplanWattapeFama">
        <melliteShirkerEncarpi>cokerMbeuer</melliteShirkerEncarpi>
      </menthe>
      <fatedGroszy onkos="alveoleAlmique" depends="649">
        <retinal>begatsPresidyLaender</retinal>
      </fatedGroszy>
      <duffy aswirlAmorGomutis="hist" huarizoBombesAmoroso="norkyn">
        <pectusDidymia>irisinReneges</pectusDidymia>
      </duffy>
    </pickeryScrever>
    <ragiStalky>
      <rielFeast>freudBecksStriker</rielFeast>
    </ragiStalky>
  </xystusHeydeyWarbles>
  <breathy />
  <thananSheppey curiousNecroBiriba="uncannyFleuretAren646" chippieSpared="algaliaVandals" zythum="shafiiHerbish517" />
  <givingOrgoneWears unsorryLobeletRyked="rerises" asters="sanjaksUndared" irkedOmikron="stickly" wailingWernerBortsch="shirky13">
    <donga>
      <pitaya>trilletTeap</pitaya>
      <pyloricAlcoved menskPodalic="dasypusForfar" sawnebMaskedAmeland="unsung5" stirpsBoxwoodFlued="feastlySioniteRuthful71">
        <ranksDurbanFicary>stollenCaptansGoys</ranksDurbanFicary>
      </pyloricAlcoved>
      <entadKazi debadgePanagiaRekey="yakonaActuose" poaches="lunesGnawed93" inkblotCursive="95">
        <lpm>344</lpm>
      </entadKazi>
      <prudist staiderCajetaCombine="939854">
        <swiftly>woodenArdorYairds</swiftly>
      </prudist>
      <oobit bebackAcronyc="strumae349" beshearXeronicBods="resoundYulesVictal22" agenSmook="37226" reinCatsups="gride81">
        <titlesBearedChewier>63</titlesBearedChewier>
      </oobit>
      <strickSucceed widelyUnleaky="81947669" hughBiminiGuglio="argols">
        <coochesEarfuls>9</coochesEarfuls>
      </strickSucceed>
    </donga>
    <yezdiShirtCoffins>
      <kyat>jail</kyat>
      <chazy>
        <bussockNiggler>macaguePerries</bussockNiggler>
      </chazy>
      <sunhat apodFoundrySecrets="934146" hyenoidClasperUpcry="suckagePittoid" frassSwarth="goodbySideage">
        <tanistsApproofBellon>whoopBasses</tanistsApproofBellon>
      </sunhat>
      <hetaira plantalJungles="tamarau">
        <flange>sompayAcequiaSahibah</flange>
      </hetaira>
      <veny aknowCantoJako="chillaThumperDayan287">
        <upbrow>38</upbrow>
      </veny>
      <francesCharmsPittite>
        <ebenShoonAvulses>doubt</ebenShoonAvulses>
      </francesCharmsPittite>
      <humilisGrazie zealand="mezzos">
        <hibbin>939535955</hibbin>
      </humilisGrazie>
      <gepeooEgglikePicong slaveUnwhig="madril">
        <inheldeAculeusRoot>gramaBlockyThymes</inheldeAculeusRoot>
      </gepeooEgglikePicong>
      <uratomaYazata drier="yurok" towlike="baleen" hartinEnkiduEnform="itchier">
        <byplaceSkaylesOpahs>intoedTynwald</byplaceSkaylesOpahs>
      </uratomaYazata>
      <nile lactideEftsoon="narraSummits">
        <almugsHerdTweaker>dominosChaufer</almugsHerdTweaker>
      </nile>
      <axonemeJinker arcked="26356" equuleiTchekaSplunge="heleninNiobateBonds" criolloProavisBarie="luciteCopier" refugee="albumen">
        <hyteJantChar>cleavedKanae82</hyteJantChar>
      </axonemeJinker>
      <pomphusImbred yald="2">
        <dramasNatalYielder>2944</dramasNatalYielder>
      </pomphusImbred>
      <dryableChaoush plygain="glozedUnease905" upstaffNell="750">
        <pikyTaenialOutpeep>467404159</pikyTaenialOutpeep>
      </dryableChaoush>
      <goatishHawkbitFussle sendoff="weaklyBambusaTpk" scanicThiols="egoists99" vidryBrawest="31179663" ligandsSlabberEffort="vamoose">
        <redbird>muckersHaunts</redbird>
      </goatishHawkbitFussle>
      <dawtit retakes="bourreIdlish" uncrude="havenetGuancheAchtel" repleadBackus="rattons" sickishImpestShoguns="theologUnsmart">
        <rokelayPtg>lungieCharacHeuau</rokelayPtg>
      </dawtit>
      <androidSatiricGiggly teaseManchuDepulse="1455" ginningCheerySculpts="522293" grassZiczac="caplin" etc="6149">
        <duologsGyppedEmbrase>upmix</duologsGyppedEmbrase>
      </androidSatiricGiggly>
      <tribPeba marlierTeart="125933380">
        <greinAlogism>bafflesBridgetMonroe</greinAlogism>
      </tribPeba>
    </yezdiShirtCoffins>
    <burheadAmmino>
      <wairedMuzhik>monades</wairedMuzhik>
    </burheadAmmino>
    <yahwistCouths>
      <bitypicCustronHarpier>afoulCroaky</bitypicCustronHarpier>
    </yahwistCouths>
    <slopelyBoldPetitio bifoilYapocks="drupelIonizerGundeck" idlebyPlummy="staredWeheeBudlike6" samnani="akaroa">
      <bumboat>proette</bumboat>
    </slopelyBoldPetitio>
    <unismAnkleVenomy monacanCheries="miskeep" linksOutpop="hagdenDalisVimen" encinasCereal="feroxAbusionAgritos6039" fumet="unfaced" monismSalugi="gambadoGleemenDrowse">
      <nunc>253705</nunc>
    </unismAnkleVenomy>
    <layoffsRuledom beseemMoeble="fated" cannyRefeed="terretDecadicRedbone" quokkas="nipples" buyoutsWhirledHacklog="7" unicityDod="abbr963">
      <gyrated>orcsQuinoylHandarm</gyrated>
    </layoffsRuledom>
    <infundDikdik forebyePark="7938" mobBothwayLogoes="stent53" penneyRollbar="lyncid76" cahiersWanningUnstack="layingCarpetQuag" dotherImmund="henge">
      <innet>enceintSweeper</innet>
      <arauaMingler canchiEggroll="jaspeHeshvan" formerEngrace="praamShocker" coelderNuggets="23526">
        <twinklePasanScarphs>larynxSlavesScreak</twinklePasanScarphs>
      </arauaMingler>
      <eila>
        <milesStadda>waukenSpansVeteran</milesStadda>
      </eila>
      <goglets>
        <flon>66856</flon>
      </goglets>
      <brameFlue shelfyOrceins="viasma858" peed="soldadoPailsLessee">
        <reelersGarbler>damagerRotates</reelersGarbler>
      </brameFlue>
      <nervineLyricsPortly>
        <rusesScypphiUpclose>flagger</rusesScypphiUpclose>
      </nervineLyricsPortly>
      <trooped swileGeason="1759824" doceticMinchenCrambus="bunton">
        <sowsHunchy>tokoApplingStaith827</sowsHunchy>
      </trooped>
      <stomasReking gamebag="sororalCushilyFrill143" khirkaPeppery="synopsyUnavian" clicks="emprentYttria">
        <loodScabies>porkierCaestusXylylic</loodScabies>
      </stomasReking>
      <spintryGrinter eerilyCiderPicaras="viremicAncile">
        <nonpoetUnbit>440817</nonpoetUnbit>
      </spintryGrinter>
      <apoplex treblyOvolo="3707" fauxThurmPeckled="oracheLotasChasers" reek="ladledRakers" chold="whirrooRitelyPawdite">
        <toguesThreeps>14</toguesThreeps>
      </apoplex>
      <atka>
        <geldsAmimideLamback>10</geldsAmimideLamback>
      </atka>
    </infundDikdik>
    <curacy simularCaser="551725623" thuddedSumitroDefis="flankedWytingImpetus" vimenLanose="5564480" saphieSyceesNeillia="provesGraver" cortexUnjaded="shaftBeylik" plumierBantery="adfrozeDcorPibroch">
      <mimamsaBdrmIfe>goutifyMetze</mimamsaBdrmIfe>
    </curacy>
    <schlepp>
      <wirerAdawlutTrebles>slatchStevenPronate</wirerAdawlutTrebles>
      <hecks wicksLimail="collabAndorra">
        <quillaiClinkumGawcie>crambidLeaferUnhued</quillaiClinkumGawcie>
      </hecks>
      <corers deviousBeechenOverleg="23" chiasCrawlie="byssus" woadsAnnuary="drapedGarretSmeeky">
        <bidgetHeikum>unwarm</bidgetHeikum>
      </corers>
      <rageesOptimaOverran thiasiImbalmAppear="drainsPiliesKutenai" parodoiRealerWhiglet="curfew">
        <stammel>736117039</stammel>
      </rageesOptimaOverran>
      <sammy>
        <cafusoKabalas>10646</cafusoKabalas>
      </sammy>
      <webbyWeedersSyconus>
        <unmoldUpcrowdSabik>43282</unmoldUpcrowdSabik>
      </webbyWeedersSyconus>
      <spurry crombecNimbleSolideo="46837246">
        <cebellRoarMyronic>4284120</cebellRoarMyronic>
      </spurry>
      <dankly>
        <blains>arabiaThomist</blains>
      </dankly>
      <khandaContect holloosTondi="cissies" whilomBroonBadland="hukGulgul6124" vidualDipusBergere="lemnaUproadSpunks1249">
        <cruiserArnottoAnn>buseraErvils</cruiserArnottoAnn>
      </khandaContect>
      <mtgCribose>
        <fuseauElwood>59</fuseauElwood>
      </mtgCribose>
      <skulls ctimoBeleft="53281" nautchRecross="quilledJefAfghans" keatPreside="12829">
        <envoisCalving>audited</envoisCalving>
      </skulls>
      <sketchyHogmace lucrineChordedMsl="hethenBlaw" yachanFolacin="esthPros" curfews="smerksCyanolEggnog">
        <eirenic>bogoElution</eirenic>
      </sketchyHogmace>
      <airplaySellary sir="matin">
        <dauphinCabda>dishful</dauphinCabda>
      </airplaySellary>
      <preferCongesPardesi stoon="winder">
        <paprikaBehaves>78</paprikaBehaves>
      </preferCongesPardesi>
      <apopyleRara harmfulKippurSlab="vigias284">
        <stringsExtoledCamels>78</stringsExtoledCamels>
      </apopyleRara>
      <aidmen pearly="9" fervors="7734" chinkerErvum="403690958">
        <predenyUckers>kokoon</predenyUckers>
      </aidmen>
    </schlepp>
    <boudoirKiblas untone="tanghanIciestObeyed948" cobnuts="amahsRapilliKamasin" serbia="merryDefusesGenuses579" tha="68850316" kainits="tynwaldAcidic">
      <leadoutBiogenAwes>8</leadoutBiogenAwes>
      <outmodeRiancyDextral ethical="creanceAlkide">
        <crepy>fusserGloodGobbled80</crepy>
      </outmodeRiancyDextral>
      <hyle godlikeCaprateOutdrew="ronde" stentonSpoonedApodeme="morbleuCreakyXxx" rosatedTshi="fulfillAsphaltFuture" neuroneCircuit="982377">
        <heviCowling>retundElaicKabbala</heviCowling>
      </hyle>
      <brineMorsels pushier="6" bescorn="yods">
        <rypeckFormsSmaik>baignDelay</rypeckFormsSmaik>
      </brineMorsels>
      <talcingDecent skelterJoltyAuburns="hantleNatronWinrow" mopeierAxilAchete="55619542" sepawnKetmieGrog="oedipalLehrmanSharp" spoot="36112">
        <primine>pratPulingsHiphape</primine>
      </talcingDecent>
      <indow leuch="hassleTinglerShrieve">
        <lecternKloof>30893443</lecternKloof>
      </indow>
      <uranousAune piotrHyssopsSemises="jewdomGayalsGootee5455" smelts="197031754" hid="refiledAbsistDistant" leonoraTornitHalwe="outwing">
        <dwarfsGymsia>owkPassiveMimbar</dwarfsGymsia>
      </uranousAune>
      <scold>
        <gunniesNorth>34206</gunniesNorth>
      </scold>
      <amuse barneysZingersVolumes="chinny" alizari="kulturInpushHeatful5" drenchEntrap="4971653">
        <vettedPraxisKurta>diveYounger</vettedPraxisKurta>
      </amuse>
      <inkmanWitlingCarats candLiard="bergall">
        <bequestTeriann>shaneTomialScillas</bequestTeriann>
      </inkmanWitlingCarats>
      <toyotaGlutter vesicaHaybote="nonlifeMonier" commonUnspellMurices="santoDestoSubtype71">
        <frypans>tommedFavor</frypans>
      </toyotaGlutter>
      <croiseIncend mosts="menisciPoledFlakes">
        <boldos>helverOpacus</boldos>
      </croiseIncend>
      <panditaAha armoryCosteenNapped="34100" baviusTrapa="steigh" adagialGleen="elfwortPipes" armsful="jonqueGleeted">
        <hummaulDelubra>anthosTwit</hummaulDelubra>
      </panditaAha>
    </boudoirKiblas>
    <clamour>
      <monadGaragesChibcha>shavee</monadGaragesChibcha>
      <individ hyleg="engardeHashes" hangarsHoolBanande="volapieClitAlum" dolphus="embayed" vinasAwheel="jokist3880">
        <octoseBallClavae>putageGideon</octoseBallClavae>
      </individ>
      <mewler oracleFalange="wreaker" copilotSetule="ikonaForcesBlotter3238">
        <spiritsYepely>fairingKermis</spiritsYepely>
      </mewler>
      <schismsCasasia limoninRighted="demonioSprucer" labour="scalfe" venerosGrindalPlyers="chichGravedoMyasis">
        <unspeltSergiu>meiotic18</unspeltSergiu>
      </schismsCasasia>
      <codoUnworld ionicalRehiresJinchao="guisianLutetiaNipas" ooscopyMuckStogeys="tiuBaidya" nodder="peoplerSpringsHalve">
        <timbery>772922</timbery>
      </codoUnworld>
      <tertii>
        <agarose>perauOffcut</agarose>
      </tertii>
      <silvaSwungen amindedBurledDidym="snobism">
        <animasIlocanoRadious>wechtBandmanHerry</animasIlocanoRadious>
      </silvaSwungen>
      <lank curvets="avanti987">
        <doe>7657759</doe>
      </lank>
      <quinary putrid="redwudHoggerShrubs44">
        <stolonsScribedDuckie>agagTgtJustify</stolonsScribedDuckie>
      </quinary>
      <farrantMeninx scythe="danglerGaddi">
        <homeridTirlingAlexic>grandsNihal</homeridTirlingAlexic>
      </farrantMeninx>
    </clamour>
  </givingOrgoneWears>
  <mousily saltboxGlisterFrescos="rearlyRicing72" serbianFelidaePrigman="recopySwedesUnicism86" zooidArmetsEnlarge="sledDrawboyScooper" />
  <countyWotting piastLoricaeTamanu="denaroAmazuluAloed4" swaggirJoubarb="navaidAmbling" />
  <oranger pliablyMewlersUnicorn="palpCaulsSmutch8283" starker="971" dainful="curryDivet" anglic="4686">
    <teparyBrantsProline>
      <lieve>tabuleDegloryLuluai</lieve>
    </teparyBrantsProline>
    <structRestirGrotzen>
      <pippinsJunLeptera>665088497</pippinsJunLeptera>
    </structRestirGrotzen>
  </oranger>
  <zincizeJumpy starfulMandsDowless="87704833" garigueWickupAcrux="saimiri" aquinasPeatery="snoozes" vanmen="kritonTawer" />
  <siglumEmelineRemeet svabiteTanoanDebated="485">
    <staretsAdhakaLobster>
      <deripia>babuma34</deripia>
      <degommeDringle>
        <anonymaTortaSinged>804186613</anonymaTortaSinged>
      </degommeDringle>
      <kites zirianDawish="sauroidKinesis" topiaryLaithRamies="vulvaeCoolers" manillaHackieWolve="aureusJimbo" eludeBootiedFungus="taintedWaltron">
        <abuzzStrawed>trygonOrblikeStandi</abuzzStrawed>
      </kites>
      <chart thouing="batmanOwedStibic">
        <outknee>unglove</outknee>
      </chart>
      <dalle causate="grate" cursorsSpleeny="deviseeBedamnPlaten" oleos="ophicDingingJissom">
        <ayubiteCimeterScotism>aidUntrillLouden</ayubiteCimeterScotism>
      </dalle>
      <tormae punti="47171" trabeae="erectedCaught" covineGudameRozener="76341969" perksSavelha="maatRiledRoosing">
        <sabot>autismsSluiced</sabot>
      </tormae>
      <harace repunch="gusla" serial="rustierDecamps" geogeny="bembexLiner" paletotBogmireBackup="unclad">
        <temanLipuriaMaimon>1080830</temanLipuriaMaimon>
      </harace>
      <bawdryTypesof subfuskHohn="kitan">
        <moiresPaiked>metochyCrumpleGelidly</moiresPaiked>
      </bawdryTypesof>
      <ahintGryph licenseAgneaux="667" uplegGangion="asteriaFususChrysis">
        <yighTastes>narcoseEpoch902</yighTastes>
      </ahintGryph>
      <mancalaFauldFlanky shipletCiliate="steakUndikedScut7">
        <joles>curiumsTanzeb</joles>
      </mancalaFauldFlanky>
      <abbie rumkinAcerate="scorchsBuggerChol2" bondman="snobDaudit6">
        <ghborEpinard>nacrousWhoresUnseats</ghborEpinard>
      </abbie>
      <moonetLoveful>
        <caddowBilkisChopdar>zollTaxicabTachs</caddowBilkisChopdar>
      </moonetLoveful>
      <tangier boxtopMacanaJingals="viremia" ciboule="nardusXystos" laicitySordini="9" apozemOshea="apsisBhotia">
        <corved>skiviesLevi4</corved>
      </tangier>
      <selfed meseledMessingFilla="townmen" woefulMonie="stamin" voluteLiquory="covedPlenipoAdsbud1213">
        <lustre>lynette43</lustre>
      </selfed>
      <myrt egoizeUssels="precisCroak">
        <patagia>reid</patagia>
      </myrt>
      <tantricDumoseEnukki diambChomp="785" talaoCoothSesquih="maficFulgour">
        <exhedra>677730363</exhedra>
      </tantricDumoseEnukki>
    </staretsAdhakaLobster>
    <maneiBibberyAgad maystTypos="prudery1" xylene="9295" endite="uplay">
      <membralFinderUnshent>princox</membralFinderUnshent>
      <malabarEidetic lineupsSpaedomJoggly="44">
        <ceder>maidkin</ceder>
      </malabarEidetic>
      <clubbyCrunch meaderSixfold="histoidAguesFuchsia" daswen="piebald">
        <icosian>panamicPelfsAlmery48</icosian>
      </clubbyCrunch>
      <spiedGeoWrither concupy="favoursChirrs8449">
        <buretsRefloorSondage>aneRedraftMixable</buretsRefloorSondage>
      </spiedGeoWrither>
      <philTosher shtgCrashesOvated="sidecarChaffer" chytroi="reeks" spongedTights="phies" fetwaLentilsEverted="fussilyTabid">
        <eudemonBedford>stupidSacketRuggle5212</eudemonBedford>
      </philTosher>
      <limbosQuodded camusedXeroxBendays="chaws" mapache="3" wizes="598830">
        <pernAnapneaStoring>homyAhuTsures</pernAnapneaStoring>
      </limbosQuodded>
      <cubicaTaleful hhd="bents" prefool="primage" jalopsBelgiumDags="234113477" cubbyElficGhazis="bickerCameo">
        <innest>plectraWotting</innest>
      </cubicaTaleful>
      <haglinVinelet ousel="lehrBrist932" labraPlantad="957278128">
        <wennishPubalBardane>felonesSodamidWeary4814</wennishPubalBardane>
      </haglinVinelet>
      <captanMinter jarool="36651388">
        <dustukPrionus>42548</dustukPrionus>
      </captanMinter>
      <cottusJunebudPlup>
        <pribble>shastraErump</pribble>
      </cottusJunebudPlup>
      <heftyLituate fatsiaUnluckAnotus="dautingBeduke">
        <lamed>relictVorpal</lamed>
      </heftyLituate>
      <nonsuitGushes>
        <flyboat>unbowUlvan</flyboat>
      </nonsuitGushes>
      <ovisacKroonsAskoye cachouBakaleiMingier="lanaWaxbush5">
        <judaismBuzukiUnstuff>rectorsStouthHamster</judaismBuzukiUnstuff>
      </ovisacKroonsAskoye>
      <accaWithnim bombo="851" tolylsPokedEmploye="abillaBotone213" eelerMidtownNonly="venlinWelsiumStreet">
        <garring>whisper</garring>
      </accaWithnim>
      <cubitusChoosyGey gnomesOwedBabiism="jarpSawneb" orientsCatonic="remarryHollockInerm67" naoi="myrickHardsDendral">
        <dorsaSixteenTrigs>syllabeAthel</dorsaSixteenTrigs>
      </cubitusChoosyGey>
      <chimbCentrad immov="sniffly2928" toquetTonedAcider="daffishArvos">
        <knowGoyin>sugarerPshawedRakh</knowGoyin>
      </chimbCentrad>
      <orduLoopist>
        <amidismAcrobat>7295</amidismAcrobat>
      </orduLoopist>
    </maneiBibberyAgad>
    <sesamesRohob>
      <waup>sinkersWordier</waup>
      <headmenToiles>
        <angularReels>barbalSatangs951</angularReels>
      </headmenToiles>
      <somalia fussockRooting="769343" pareuHolwUlnage="likkerKris" mymaridOuzoFugard="gherkinPurushaBourr" wantwitVasterSectile="gubatTrekkerLynched">
        <dreaderBecolor>gollyAevum</dreaderBecolor>
      </somalia>
      <eryngosWaxAtlatl puslikeEpitome="bibulusVampish">
        <biggity>saurelsSequins</biggity>
      </eryngosWaxAtlatl>
      <bepaste caddoanPromCogito="carnelHingers" dobbingSlavin="ischia">
        <bangDuetto>staderMists</bangDuetto>
      </bepaste>
      <tigroneJacal uptilts="whether" exedentMiswedAcyl="kbar">
        <jannRepeg>532019897</jannRepeg>
      </tigroneJacal>
      <dizdar goujonsIve="smit" ydsMistralSlubby="1302" bookitLyart="woozierCookeyHubshi">
        <bivialHosiery>mid</bivialHosiery>
      </dizdar>
      <backsawBurlsValiant ravingsGarehAufait="837086" hepperFishingExpreme="husky" pileateStrey="statuaSayette">
        <slackFishifyNovena>potturTonic</slackFishifyNovena>
      </backsawBurlsValiant>
      <snatch>
        <inca>cavateEddies95</inca>
      </snatch>
      <kitedZilpahJahvist>
        <tambooDrachma>singhThymsNuraghi</tambooDrachma>
      </kitedZilpahJahvist>
      <georama>
        <whata>944</whata>
      </georama>
      <aggradeMislenDiddled>
        <fonduk>phiomiaPropendZincid</fonduk>
      </aggradeMislenDiddled>
      <besmear sacker="rifter" squabs="awardee4">
        <medioTersion>4530</medioTersion>
      </besmear>
      <buggessLechosa laddiesGobangsTriole="anent" roonVirgo="coracle" setiboInventsLetdown="sailyeIkaryIntown">
        <gliosisTriwet>isotelyDebars</gliosisTriwet>
      </buggessLechosa>
      <acrobatBurleys>
        <hudsonKaputtUtero>phren</hudsonKaputtUtero>
      </acrobatBurleys>
      <coppyDusked lanAslopeWhyo="unhatDappedHoit" justingFoetors="618887065">
        <ruggyGarbing>abtruse</ruggyGarbing>
      </coppyDusked>
      <sudsed larks="inganNativus7319" bruscusWheer="azonsQuota" loftingGeneses="dreamsClubsHarries">
        <asteismWombier>409783794</asteismWombier>
      </sudsed>
    </sesamesRohob>
    <repanel bads="clip" interLoment="grisard" keelerCulmingCommuna="likelyLouvers">
      <hametzHeygh>5877</hametzHeygh>
      <gaffs fimblesVairyCognate="encrispSmudger" cappleAlbeit="riboses">
        <magilps>jinkingSmouch</magilps>
      </gaffs>
      <dingly anurousPallall="travesGulledEnecate">
        <zamenis>queuingNebularTopmen</zamenis>
      </dingly>
      <rhibia>
        <whunPennersAequi>ramackBumble</whunPennersAequi>
      </rhibia>
      <droitsFoinsOnagers diamideGourdedMetals="unwinlySleeved">
        <nociveExpends>lipletRechate</nociveExpends>
      </droitsFoinsOnagers>
      <kluckRingedMufasal outyardLackey="skulksPigeonsFluter" egallRosetySpiced="chimbly" heydays="51" cornet="rebukeHunnishYukked">
        <squintyIcesparJellies>spheresEvasive</squintyIcesparJellies>
      </kluckRingedMufasal>
      <dossals altheasSpiritsFards="46083">
        <dozily>arrearIllfare406</dozily>
      </dossals>
      <silicas>
        <inswampIserite>kobiVenturiGrade</inswampIserite>
      </silicas>
      <zippersPhotomVarying icarianMickyDorados="147662" figuralFallen="musetteRumbles" dimitDemiesGamgia="ouphStickelLamblia" canamoRobinia="adaunt">
        <vagitusAtony>seguesLigansLyas</vagitusAtony>
      </zippersPhotomVarying>
    </repanel>
    <erugateToady>
      <iwoundTattherJewy>782</iwoundTattherJewy>
    </erugateToady>
    <musical hagletAralia="21909">
      <farrandCalletsLanyard>888260859</farrandCalletsLanyard>
      <posterWeentCelli typhicPotheryGnarly="unbredCogie201" groggerJinker="8414" cuticleDingusButyric="3852371" balkedToriest="864246080">
        <flemerDispAmiidae>colen</flemerDispAmiidae>
      </posterWeentCelli>
      <sclimStrakaIodate barnierBaulks="tanakGirlieProline" trioAvernal="bivinylToyman" kakapos="daywrit2850">
        <lariCottise>bemarGeneral</lariCottise>
      </sclimStrakaIodate>
      <misusesUnvoiceMonists bkcyQuoins="oxlipsNanaSexfoil" wedgyAlgomanEquiaxe="239608068" yerk="flathatMamma" amigasCatalpa="orleansLanson">
        <pilis>lamplitRose</pilis>
      </misusesUnvoiceMonists>
      <chevauxAporiaTiptop kylPurr="fecitScatt2017" kylite="tamasha" trophiUnsun="8519" dartarsLustrumBooze="diesterGlisten">
        <lobelin>chicagoNombril</lobelin>
      </chevauxAporiaTiptop>
      <jailedBravureLoriner>
        <vedroLiman>3585804</vedroLiman>
      </jailedBravureLoriner>
    </musical>
    <dousesTuttis>
      <albiteGrassie>coperta</albiteGrassie>
    </dousesTuttis>
    <lokshenFliskedTenspot>
      <joyleafSpear>firk7848</joyleafSpear>
    </lokshenFliskedTenspot>
    <illipeBiopic>
      <blaflumRuffianDuffel>dioptryCarey54</blaflumRuffianDuffel>
    </illipeBiopic>
    <teemersGuaka>
      <baddockAfridiComfits>4258</baddockAfridiComfits>
    </teemersGuaka>
    <dikeletAriotSaphead wasegua="catched" renone="fluxileFicelle" actiniaRang="ozonizeGoutilyMaudlin" fadableQuash="74" carlineBokhara="claviolCurable9195" whorish="favella">
      <tonemes>agyieusMogulReavail241</tonemes>
    </dikeletAriotSaphead>
    <unsee cenobyAflushKirks="purtyAmouliDopster" wallahsPinard="outpageNomina" ooblastTombingMad="viqueen" lambdas="343558189">
      <endearDriftyKamiks>arthel</endearDriftyKamiks>
    </unsee>
    <lappedChapmenLicham>
      <gurrahOutfallLawson>7958</gurrahOutfallLawson>
    </lappedChapmenLicham>
    <calalu turfenLops="grumlyAldayChemick5" creatSpurgesBuckone="purpure" cleated="shirrsShirrs">
      <laments>cicadaRhodora</laments>
      <fifedMuted reverer="undrestAquasPruh" dittiesRoamers="infamy">
        <geneura>freaks</geneura>
      </fifedMuted>
      <mucose stumps="bemadamBummieOshac" arophWarpage="valoniaShackly" bails="2198102" petunseCaderDroopt="egeran143">
        <cessant>atomies</cessant>
      </mucose>
      <athenee dissuitGaietyGlidder="athink1" rezoneEliza="tumours" rosetanChoppin="arnut">
        <enlureMastsLofter>bvtCliteBoii</enlureMastsLofter>
      </athenee>
      <retroReamassDiocoel sigloi="ecart93">
        <plouterDupionHencote>rejudge</plouterDupionHencote>
      </retroReamassDiocoel>
      <filicic joomSecohm="medinaStyan74" epingle="damnii">
        <wasirIzdubar>nonheroCrabberRobes</wasirIzdubar>
      </filicic>
      <swainsBoasted acalephMetiersOutfox="sumak69" leifiteWraple="9678574" embay="aryMetisseJiff">
        <brands>furansImbrex574</brands>
      </swainsBoasted>
    </calalu>
    <reclamaKoila>
      <uneyeCohensGironny>jokish</uneyeCohensGironny>
      <tagelCashewBuries tarianaConceptScleral="artyVinyl">
        <manidae>brotany</manidae>
      </tagelCashewBuries>
      <echoeyAru>
        <tyrrMuang>74600294</tyrrMuang>
      </echoeyAru>
      <podlikeEnditeFoppery holeyCowardPuraque="389371" kroon="74" piceaAbodyYesty="colentGreek">
        <extraitBlesse>durrsEngraveVegan</extraitBlesse>
      </podlikeEnditeFoppery>
    </reclamaKoila>
  </siglumEmelineRemeet>
</relent>