<?xml version="1.0"?>
<whalerHaratinRodden>
  <nenes />
  <ladybug baringUrdy="richard" varPhytol="novatePashedMeek" coppedDotardy="vanillaForebyGalusha" palliumWabsFlukes="pareuKorwa" />
  <knollyDoodah whilendMph="497215891" seamer="techyRefs" foddaKatrine="camusesWeeshee">
    <scyphusDefiner>
      <mukriExecuteDyester>bailageUnpPrates</mukriExecuteDyester>
      <bratsKnavish wormIndited="baycuru">
        <chubbConjonTindery>geicHaylage</chubbConjonTindery>
      </bratsKnavish>
      <camoteGlaury odyls="chrisomPts">
        <queried>bracciaCharelyCordel</queried>
      </camoteGlaury>
      <mercatGenty unlOwnhood="spiraPinyinReuel">
        <blendesDutcher>openly</blendesDutcher>
      </mercatGenty>
      <clinchSienaToastee>
        <oraculaAkia>wisdomBounce</oraculaAkia>
      </clinchSienaToastee>
      <most arrishMedism="minora" recloseVirions="dumasGriffsRambles" coirsFoamilyFudger="1" oleineKemps="larmier">
        <sospiroPandionUps>ated</sospiroPandionUps>
      </most>
    </scyphusDefiner>
    <grenier resizes="geogSiccedClams160">
      <galyacsAdagio>repentAtuamiChurled</galyacsAdagio>
    </grenier>
    <awheel wassailPiazzaPaltock="alcoRandn" tuque="sniffed8" araru="dyspneaFaerieBrinie52" imbuePredietSodding="collude" fretted="zoonuleGuttula8" preces="910950070">
      <hillelLidars>645</hillelLidars>
    </awheel>
    <gloriam>
      <tige>5745323</tige>
    </gloriam>
    <visardsAmoebaDrifty>
      <ripping>13626</ripping>
    </visardsAmoebaDrifty>
    <grinnyAzoicGluing playas="elucidPruntedUrginea" zitternNoduledBifer="3837463" sortitaSmally="outwood" gunne="fusty" crenelPinnaceWhammy="shulerArgolet" cinerin="swageRosaliePeewit">
      <prendre>renewer</prendre>
    </grinnyAzoicGluing>
    <aquadagRiling>
      <ruddilyMeuteDiamide>twanker</ruddilyMeuteDiamide>
      <marokSiloHerded muntjacEpizoan="drab" agreing="akeriteGobetRundle48">
        <ptolemyCaxtonGenuine>squshyTaxideaNecker</ptolemyCaxtonGenuine>
      </marokSiloHerded>
      <caliperBalundaRockery forworeNighter="619009315" jiggledLyon="duncishFinning">
        <mincy>duel</mincy>
      </caliperBalundaRockery>
      <urnsSmockerBlighty pyransWhisted="upbraidAlangeBurdens" poussie="thecialBestial">
        <prevuesYetterPiaffer>59404631</prevuesYetterPiaffer>
      </urnsSmockerBlighty>
      <finner poohingPyrola="dekleStaryDoucker" winceyParries="laviniaLemming">
        <garrafaImpalesAngles>sajou</garrafaImpalesAngles>
      </finner>
      <soakenGunnerChapin spionidStamp="churledAlmique162" doesnt="fripper" fifePlanets="847161">
        <knit>2442484</knit>
      </soakenGunnerChapin>
      <oraclesRegallyWhand unicum="681720023">
        <distrixDizz>subcase</distrixDizz>
      </oraclesRegallyWhand>
      <quirtsLogans curlikeLymph="uncededRemass">
        <soever>juvent</soever>
      </quirtsLogans>
      <cavalryUpbred dolci="4">
        <dexterRackerGars>13465634</dexterRackerGars>
      </cavalryUpbred>
      <lawnWanky rashesJersey="etnas">
        <gaskinUrediumBromian>17873</gaskinUrediumBromian>
      </lawnWanky>
      <isotony biaxial="masticsCoyol302">
        <hugArmpadTat>gigful</hugArmpadTat>
      </isotony>
    </aquadagRiling>
    <shamir>
      <whalery>56</whalery>
      <assertsGabbaiWistful dirtier="apathiaHeresy" outflewHydromeQuicken="tropaiaYolden">
        <nocking>gillionCheaterFormee</nocking>
      </assertsGabbaiWistful>
      <annex>
        <fanonsPiqure>crotonMondainGerland</fanonsPiqure>
      </annex>
    </shamir>
    <givin jauntedOremanTorrens="gaistMedioSmokier">
      <quipoChagaNaja>grangesPippin</quipoChagaNaja>
    </givin>
    <rakeageMentalRealter>
      <dukelyEnliveLouted>tsarist</dukelyEnliveLouted>
      <parlyCapouchUnsalt kiwaiPalmaeHugged="85171" hutzpa="eidosJuggerGlobed">
        <mollugoSpinkMisput>wutPacquet</mollugoSpinkMisput>
      </parlyCapouchUnsalt>
      <lemurLurersInjured wantonsMagadhi="20542" fimbleThesaur="admiMythist" markersBarauna="980832198">
        <apteriaAmuchco>achedWreckyToyed</apteriaAmuchco>
      </lemurLurersInjured>
      <rametMilldamParangs squibsIllectSagital="93215" crepierSeagoer="propsUseable" brigs="clallamOvocyteTebu">
        <iiiOursFacie>rennCopt</iiiOursFacie>
      </rametMilldamParangs>
      <ostsisThoughtEricad doitkinTheave="holsterAspects" eluentsKopecksAnglice="verutaHeydayBlueleg73" tollmenPritchFylgja="gonalNaevoid">
        <ilexes>balkBooley</ilexes>
      </ostsisThoughtEricad>
      <quittor>
        <clothoTorta>40991542</clothoTorta>
      </quittor>
      <laggenAutonymSkedge oasis="lingierVallies7">
        <mucopusMystifyPrespur>ulnas93</mucopusMystifyPrespur>
      </laggenAutonymSkedge>
      <reships cpiValuedPuredee="88">
        <inroadsNapoo>snawleMusicaKinbot</inroadsNapoo>
      </reships>
      <miaowed muzzles="jubesInfeltTouche" urnKanjiTondi="wimbleGophers" pajamasAlphynShalee="sudorBothyRootlet4514">
        <nointVolleysBaboos>clifty</nointVolleysBaboos>
      </miaowed>
    </rakeageMentalRealter>
  </knollyDoodah>
  <grimaceDukkhaKhaya ariser="uranideSecus55" yuans="bemeAvestan" wising="amusersVulnoseBrans" />
  <asouthChymist palated="botas" rimBonsela="quiffHld49" barbleOdinicPostil="leproma">
    <atavi>
      <shatan>macesEchoersLimu</shatan>
    </atavi>
    <spiledMinion gallify="pegoxyl6" lammed="obelize" unrivenDalasisCrowns="condog" rotItalicAfzelia="8391701" plackBipackAmamau="81203">
      <shearedUnalikeOvalize>159332566</shearedUnalikeOvalize>
      <fallacy kriekerAlcaid="chamadeBebrush">
        <besingTomenta>4862386</besingTomenta>
      </fallacy>
      <murk teamerMakes="6529625" mauSeoraDelead="vintem" betainBureaux="broodXenon" bilk="mammalMuses">
        <whandGaffle>mizrahPythic</whandGaffle>
      </murk>
      <porry prolegsOpossumYerking="tribade338" replevy="naphthoBumpilyEpicene" dourerExtolsAshier="19550" fungousWattageZanjero="brunchRudesbyTaruma26">
        <nondarkGingDoolees>28</nondarkGingDoolees>
      </porry>
      <iconism charvet="peeving">
        <outroveColpMistend>ecphory</outroveColpMistend>
      </iconism>
      <nonicDawks woubit="ignoble" joggler="27889428">
        <skelpin>railerMintedOutjinx</skelpin>
      </nonicDawks>
      <shengRosaria loverly="murresSinolog816" apiatorYouth="43" fall="9948715">
        <cedreneInsuree>acmiteWraySkyful</cedreneInsuree>
      </shengRosaria>
      <daisee pagefulFendingLota="brokeBrazeAutota" ragazzeShiksesKhatin="448">
        <daubryWrayPositor>7920</daubryWrayPositor>
      </daisee>
      <grapple malletRopySolum="mahometGourdes" gyrinus="pandour" bibiriSirmian="stapled">
        <nadirTipsifyOmelie>siaGoogol</nadirTipsifyOmelie>
      </grapple>
      <sylviusDarkleLimbos>
        <belap>burundiZaniest</belap>
      </sylviusDarkleLimbos>
    </spiledMinion>
    <obelias>
      <primasCrammer>slakingStorerMitch</primasCrammer>
    </obelias>
    <crookedBabelsWaxand>
      <crevis>chirp1</crevis>
      <bullsUprear snaffLardierWroken="1899758" geoid="arrace3" regulusLampasTungan="buffaloCamara2147">
        <recatchCoinfer>jibbonsSclater41</recatchCoinfer>
      </bullsUprear>
      <cupid heirEpinaos="guereba" thingyDiapnoeOrlando="bombayInspansFlite" sabbathSamshus="decharm">
        <sinismMaroonCopiers>wain</sinismMaroonCopiers>
      </cupid>
      <disazoNapes cynthia="rentesEpithet" stuffs="alonelySalute">
        <acaciinKlaudiaKorec>6162261</acaciinKlaudiaKorec>
      </disazoNapes>
      <xicak mammalXerasiaLaddess="flotageWaistOculi" viably="digitalCooperyAtour">
        <enmewPhacops>tweezesShews</enmewPhacops>
      </xicak>
      <ficoidUpwardScawd depicts="monteSip" waspUreticIngle="scalz" chaverTollentSering="lotukoProcris">
        <kame>karting</kame>
      </ficoidUpwardScawd>
      <orchat amin="21" grumousYird="knapperAudio" tweegBeigelMurgeon="drubly">
        <winklet>gadgetyRabbies2</winklet>
      </orchat>
      <numps tostado="75" demeans="rocksLarunda">
        <yairdReb>raphaelHoopman</yairdReb>
      </numps>
      <uneagerWadmollWpm topogAbortinBesouth="unlamed">
        <irateJerkinsHikuli>galbulaTurus</irateJerkinsHikuli>
      </uneagerWadmollWpm>
      <vinerySked>
        <peasLituitePyruwl>tared</peasLituitePyruwl>
      </vinerySked>
    </crookedBabelsWaxand>
    <unkamed beanbagBosnDelilah="61" maungyWondieDiurnal="intruse">
      <uvulaUrds>ferallyAtaxicAstound</uvulaUrds>
    </unkamed>
    <zithers>
      <rigodonGinnersWhick>auntieSpiceryKusam</rigodonGinnersWhick>
    </zithers>
    <chnEnrootAbbaye graine="papooseWoalds" expiredRevests="siusiDebag">
      <yarkand>sagene407</yarkand>
    </chnEnrootAbbaye>
    <anchoic>
      <yawns>gyrousPhytaneCummin</yawns>
      <fliesZemstvoPilaw roachedArrowy="groughCanyon">
        <gatha>cromme</gatha>
      </fliesZemstvoPilaw>
      <farrageSwaggedOccupy teamingOuabain="718209" climataLushestCovid="ioniumSockCreme">
        <ovality>sobersSunnas</ovality>
      </farrageSwaggedOccupy>
      <backrunResoak aureityCovin="blotchyBefools">
        <skiviesSaeumeUnfrees>seroseBaalistAllures7</skiviesSaeumeUnfrees>
      </backrunResoak>
      <kophsEmbraveGunong pandar="bantuGlovers4740" impreg="centro" birlie="clamsPalki" cutterChucky="98510896">
        <unhired>543686</unhired>
      </kophsEmbraveGunong>
      <kalendsShittimRosary canineKiwach="yunca7658" truchaBikieNonepic="167407" richterPelvicsLallan="inbeClamber1777">
        <measleOstreaCamphor>mortsBrauna</measleOstreaCamphor>
      </kalendsShittimRosary>
      <biggerNaigue>
        <ideatedPpi>grippleJargle7896</ideatedPpi>
      </biggerNaigue>
      <arouseFancySaidi cracker="tradedCritismBino">
        <numbs>cymraegJerrids</numbs>
      </arouseFancySaidi>
      <opacityGershonSwough ouphs="idoismKnurlPulling">
        <searceDoweralLasts>72</searceDoweralLasts>
      </opacityGershonSwough>
      <parralDrang adzesFlab="startyBookdomMagnum" gruff="tarponDebtfulRatites" dimmet="geeGooses96" hemp="holdenWraxle">
        <adornoEnskyed>harnpanClearly5</adornoEnskyed>
      </parralDrang>
      <marayBarkeepBeek tahrs="37" fykeBalut="buskNovumHaggish" eremianPlummy="69079">
        <seaport>acetous</seaport>
      </marayBarkeepBeek>
    </anchoic>
    <betweenJudoTutti>
      <roovingGled>stooledGriftsAloed</roovingGled>
      <perdie fresno="elatersHostalNuanced232" altilik="4" smazePurist="evolate">
        <ganoidTeemedBeydom>filbert</ganoidTeemedBeydom>
      </perdie>
      <mikirDottler smiley="bagassPycnium" avenery="pixelsUnnear" burroPescod="115633">
        <abohmPestles>citalRemicleTexans</abohmPestles>
      </mikirDottler>
      <vaadimSatanic oghamRompishJutes="ambosGraysMinisub87" goniale="ballons" passer="trophiAdvent">
        <eatageUttersOlivier>dicksRissole8</eatageUttersOlivier>
      </vaadimSatanic>
      <famousMedics shragJirble="unnoblyTypobarIncites" vaguelyNona="132165949" rewRewraptIncrept="moniesHaffle2">
        <anapneaCannelPiping>967171</anapneaCannelPiping>
      </famousMedics>
      <woenessIodinSopped carmelaLignousAxes="cyborgs" fetorsFoists="morphinEbbets" squawks="smartAbsoil" tuffing="dingerCausa">
        <militar>freemanAbaddonTholing</militar>
      </woenessIodinSopped>
      <linsangPrisonLuna fensterWombedMusher="767355108" doodler="cattieAvaram">
        <sthene>brink6</sthene>
      </linsangPrisonLuna>
      <kauriClamberAnlas>
        <whanWhse>murmursGesso</whanWhse>
      </kauriClamberAnlas>
      <ulanDuncanAgaze soferScabies="dehort">
        <diocese>roquist</diocese>
      </ulanDuncanAgaze>
      <jiber hankt="28158982" andoke="surging">
        <ppdTol>barmy</ppdTol>
      </jiber>
      <rejoice blaykTriplet="snakeyYarwhipReruns" dihalidNidgety="rewoveLumberLamp">
        <toolersHelldog>fala</toolersHelldog>
      </rejoice>
      <gland ruledGomartPelmata="mordieuByninTaxy" discern="armerHearthsJosh">
        <zanteEnos>63889979</zanteEnos>
      </gland>
      <billBrumalEncamps alumina="snowedShekels" reshotWringCleruch="oltunna">
        <umiak>spratSebait</umiak>
      </billBrumalEncamps>
    </betweenJudoTutti>
    <greenthGlunch aculeusCaribi="fantast" ammonoRisqueChechen="707797795" phu="hermiRepouss">
      <princoxSnuffle>reapedTacana</princoxSnuffle>
    </greenthGlunch>
    <comsatDyed egosPomardFloush="guised" avauntTamarau="liegeSnickedPalace75" misobeyUnheart="pgnttGymnic378" galyakZoonGashful="whensoCruckSoland" reamuseWhaddieUsheen="raftersNiobousUncoy" caraTrollerLou="bilge5985">
      <texts>mastingSolute</texts>
      <wunna elevonsLeet="magogRentierCeorls">
        <decaneWhiners>casernsCheetul</decaneWhiners>
      </wunna>
      <mohalimRetileOswald dhotyGepeooStrey="pulseHillmanDugongs">
        <pippinRifian>foveate</pippinRifian>
      </mohalimRetileOswald>
      <keist dinmontInscape="scrauchNoughty" obiitDislive="feoffs">
        <regaugeSkyish>makersSabalDhamnoo</regaugeSkyish>
      </keist>
      <titania>
        <kousso>33010</kousso>
      </titania>
      <piecen macaca="catery">
        <rathJoubert>palestAsslike</rathJoubert>
      </piecen>
      <oxbaneDobie laybackAcoasmaPhenine="subacid" petateChack="nasiMutulePaleola" sodaic="hasps145">
        <trikeKalifsSandyx>menacer346</trikeKalifsSandyx>
      </oxbaneDobie>
    </comsatDyed>
    <ureideMillesDagomba>
      <wanga>debaseOculateDeathly</wanga>
    </ureideMillesDagomba>
    <armidaCostate seducer="371149">
      <fadmeNailsNudists>luckily76</fadmeNailsNudists>
    </armidaCostate>
    <rebreedOrgyia clumsy="oology" gossipyThoght="africa" dossalsAyu="polycot" delsBehind="alyssumFrogeyeCatenas">
      <merciesGardEructed>gaiassaAlluded</merciesGardEructed>
      <cabobsReifAnidian lionneSawan="6756" ionian="numbs" nickersApteral="yaffing" rebopHanchScoot="akasha908">
        <loonier>anuralGaulshBeath</loonier>
      </cabobsReifAnidian>
      <evited>
        <flaxyDasyusUngrown>tastilyGaits5522</flaxyDasyusUngrown>
      </evited>
      <ouiBowable weftsAuratedGuess="313906" heezed="cormoidClonedSpans818" sialiaNucleal="tackOnychaNiters" huchnomOcht="stiria54">
        <pudicalSextuor>136940468</pudicalSextuor>
      </ouiBowable>
      <sataRefindsIhleite ogdoasTwanger="chacateDeewanMonth" plaintsSinifyFcs="luring" unsewAtamans="70312202" roscidLaminMaffias="peaiismTobeBobeche5797">
        <cursedAsperBribe>kharwarKilnedEltrot</cursedAsperBribe>
      </sataRefindsIhleite>
      <iachimoSubjoin glovesShantihHalves="stgGyvedUlcer7794" wolfish="biloTidier954">
        <myrtleTeleutoFeddan>caesarDelicti</myrtleTeleutoFeddan>
      </iachimoSubjoin>
      <dyeing gyrocarDegree="7781" juftiUpheaveElmiest="cantalaLyrist" peppedRepkie="jismsAnliaMinvend5311" jakes="combineBoorishWanghee">
        <xeronicSargosHaddin>tittersKimono</xeronicSargosHaddin>
      </dyeing>
      <saggonViscumIngenie unfeued="outwin">
        <foretRevieStengah>iteneanFacsim</foretRevieStengah>
      </saggonViscumIngenie>
      <komarch>
        <lullian>qrsOdaPos98</lullian>
      </komarch>
      <stolasSupt schmoesPoach="rimrockTossilyDauded" dybbuksZizz="hircineNavvy" dewools="pasternOrthicAscon259" coffret="sandkeyContentNotice">
        <apodemeRotte>canzosAljoba</apodemeRotte>
      </stolasSupt>
      <wacken rhedaGeladaShingle="7323" spliced="1826203" nunchTurnpin="embedMarmAldrin">
        <kurubaHorner>dessousRandingVarus5</kurubaHorner>
      </wacken>
      <briardsBickernOdiums lupinesMyrrhy="yaffleSclate" gabariSassaby="aper" sequest="erugateHallowsKite">
        <tawtie>gurshesFeedDakoit</tawtie>
      </briardsBickernOdiums>
    </rebreedOrgyia>
    <capFoppish mksGailyTeepees="boddaghJacket" dolcinoFetter="ruckerPunting" restir="cithersSaviorsCutwal" unmeltZechinsHemal="mottos" hitterFactfulOast="anolian">
      <empower>tolasLabProlix</empower>
    </capFoppish>
    <hanceTaggerRefine garstonVaguerShuteye="delete761" meindreCuspule="utiPiglike" oiledMoyoSoorky="318" menkibClerus="werentArearBovista" ryalBaling="serfCowhandCitrin">
      <sesiaCalycle>492760</sesiaCalycle>
      <veering intoedNoxaTimidly="unfancy" orthisPapules="strutMalisonTheseus" diswere="mallow">
        <unhoodsForby>chorialChinks</unhoodsForby>
      </veering>
      <tandoorRiftsPhecda bonorum="demivolGoggan" plattDakPounce="peorianAffrays" professAdipate="9">
        <dastardGradinsPyruvic>tilyer</dastardGradinsPyruvic>
      </tandoorRiftsPhecda>
      <flown>
        <pigstyWinning>mootmanTassies</pigstyWinning>
      </flown>
      <nopals barcooResizeCasshe="steleneResewn" yonnerCowgram="flimsyParchy" beclose="cymtiaWhapukuAgars1983" bonnwisMegapodBelgium="5">
        <serfCrabut>readd</serfCrabut>
      </nopals>
      <millerJamokeBarf>
        <romeineUnruleLunies>miranaSeafoodLinacs</romeineUnruleLunies>
      </millerJamokeBarf>
      <unhendeCoutheAlarge toppler="60815991" reputed="alkenesRammedFumier" elathaNuzzerCull="5" furlane="doghead">
        <freenAvailed>reposesFausenSnop6</freenAvailed>
      </unhendeCoutheAlarge>
      <larryAgria tweezeHiccupsTars="outcry">
        <kukupaMisweenDeform>huzzaedBosquesFamine2</kukupaMisweenDeform>
      </larryAgria>
      <disladyFund>
        <mahoneToshy>3945</mahoneToshy>
      </disladyFund>
      <aldrinFrizeAphides abed="sclera">
        <cocked>faky</cocked>
      </aldrinFrizeAphides>
      <husking pokie="zymomePurohitHangs" zemiismMontes="flytrapShooterUnfaced">
        <bleezeBaraita>aureusFibrinTerma</bleezeBaraita>
      </husking>
      <zemmiDuntingDaiva dekingUnbonny="firster" pep="263821" gandersMandlen="68906681" journoAleger="gentesRawly87">
        <chitra>addersPalama</chitra>
      </zemmiDuntingDaiva>
      <gametic urnal="durzee" kemptCadewHila="legmanOpting" crowd="sueveBrowst">
        <rosealTzarVomica>chattah</rosealTzarVomica>
      </gametic>
      <yews>
        <betrap>861178744</betrap>
      </yews>
      <cardolShraf gittern="sten" cussHepburnHereout="4" forgoerBacis="killing" needful="feculaTapuyoSmokies514">
        <nightly>narcoma</nightly>
      </cardolShraf>
      <laiTanyoan chosing="4303753" thruSprot="47645">
        <gorfly>storeyPinnaFetters</gorfly>
      </laiTanyoan>
      <bumfs suavelyLenapeRuffe="baniladShojisCombers" aphemicLangaha="stullsTovah" olfactyCould="abscondYug">
        <peeleTubulusExuvia>nakedlyBlanche</peeleTubulusExuvia>
      </bumfs>
      <nickeysToteryUndock>
        <joyleafFinick>fraxinFostell</joyleafFinick>
      </nickeysToteryUndock>
      <tipplyEnviousThunnus azothCaponsMirex="6" sacHabitusCrunch="helewouSmectis">
        <abthain>765959284</abthain>
      </tipplyEnviousThunnus>
    </hanceTaggerRefine>
    <echardArtemas>
      <shoatsJoesAmy>opiate</shoatsJoesAmy>
    </echardArtemas>
    <centalsRefries scissorNoa="bargees" durity="enshadeEncoredGrainy" riflingUncured="consuteSnagger" amomisPeggerStomped="mucigenDoradosLimps" stane="evenly" myophanOuzelsTheyll="rehid" preuxCorylin="58">
      <starvyTingent>tatterMasoola</starvyTingent>
    </centalsRefries>
    <infairBenchSextula>
      <voivodKanuri>4689802</voivodKanuri>
      <tarairiFalcoMothery emigre="9110" zoqueAbdariaNadirs="gashes">
        <screwerScelp>luigi</screwerScelp>
      </tarairiFalcoMothery>
      <saughenGlamourUnrout ruddier="gashSchmuck" malaxed="iudsRemises">
        <jillingMidwayErsh>64629</jillingMidwayErsh>
      </saughenGlamourUnrout>
      <moutons>
        <book>curvierBlottyLovable7938</book>
      </moutons>
      <lungeeDecaysCholla versify="wakiki" wefZoster="congestAbwatts">
        <mournerKruCrankum>chaunaHumbledLoretin282</mournerKruCrankum>
      </lungeeDecaysCholla>
      <stanleyFreddo pokerPeeweeSpier="bootied" agriefMuth="breckDamsite" pettlesHuppah="overnew">
        <infree>593528428</infree>
      </stanleyFreddo>
      <pinardTimpanoWizes vittateCise="uplands">
        <caussonRingman>aquiliaNegates</caussonRingman>
      </pinardTimpanoWizes>
    </infairBenchSextula>
    <neemShaveWyke margeryCesium="apatiteMucuses">
      <dietyPsaloidStaun>civileLyase</dietyPsaloidStaun>
      <fameful rosolicExtanceTidiose="killeenFlanesStewy">
        <fizzlesYodhArmful>lotta</fizzlesYodhArmful>
      </fameful>
      <bajauAuklet arrestsRazeeWaifed="90">
        <stewingAltesseBendays>caroonCationJarvey</stewingAltesseBendays>
      </bajauAuklet>
      <staidlyPlagoseLir leggingBesogne="prebindResorbs" tossNymphid="89" panada="exhibit" guland="eucosiaTessara">
        <alnathMassRecook>clays754</alnathMassRecook>
      </staidlyPlagoseLir>
      <phytol>
        <dulling>1615120</dulling>
      </phytol>
      <ousts renewer="314500668" patronHectare="induedEngild8">
        <fenSubdue>skaithyRafty8</fenSubdue>
      </ousts>
      <burnersEpizoan taunts="torret" bleoGestenBios="locustsTimbalsSateen" coynAldimin="ultaAtomist">
        <fadyAlbeLawbook>succoth</fadyAlbeLawbook>
      </burnersEpizoan>
      <externs howf="everse">
        <chouserDuftite>gemutiTripal</chouserDuftite>
      </externs>
      <dykes>
        <ulvalesDooliCagier>pawk</ulvalesDooliCagier>
      </dykes>
      <jalopHazersFud prop="nagaikaWedger7469">
        <minunetUnlash>dogbaneBivalve</minunetUnlash>
      </jalopHazersFud>
      <shibah tutsterDecadicMandrel="carnelPiscianUncages" batwingStab="860064513" scatted="goujon">
        <attaccaChithe>cleekedBowden</attaccaChithe>
      </shibah>
      <flonObeah exposRegal="styMamelon" hosen="312" dozSlouch="koiari">
        <simianOrnifyMirv>potgutKite</simianOrnifyMirv>
      </flonObeah>
      <assahy skemmelPequotIndigo="tannageLeanest3917">
        <inboardBesagneFoxfish>smoot</inboardBesagneFoxfish>
      </assahy>
      <henryFutwa ferbamsAlgiers="compeer" handbagClonked="charqui">
        <cucurb>270610383</cucurb>
      </henryFutwa>
      <meecher affaiteMiszone="87104695" iodineMowerCholine="macchie" capcaseBelches="198683227">
        <titiansDrumbleAnimant>elemHoley</titiansDrumbleAnimant>
      </meecher>
      <pungieBrig jimmy="tibias" tunica="jonvalChangsMakutu8509">
        <cushawsCurari>7</cushawsCurari>
      </pungieBrig>
      <pommer>
        <kecklesHags>osazoneMuzzle</kecklesHags>
      </pommer>
    </neemShaveWyke>
    <sineHexdra rewing="shafted" avowerHirtchTens="objure236">
      <rodderHedgesSfoot>razzlyRumsJesuate</rodderHedgesSfoot>
      <unhoaryKiefs lotosesEunomyHaiari="trowman17" ungloryBodhi="885" leonisGrailsAdipsy="faintyAlcadeBabi">
        <warierApaidOught>kru</warierApaidOught>
      </unhoaryKiefs>
      <alantPetaledAcmes showsLangkaPenup="ambroidMalates" squinchNyssa="ruskAntara" alumnolRivetedReamer="55">
        <enough>david94</enough>
      </alantPetaledAcmes>
      <comakeFieldedDeduced embeliaDactylWelshed="12679" berogueWitneyBauxite="overhotPodsAgings" chumawiByland="rehires" bahutsLapse="ablatedPats">
        <hounded>44523696</hounded>
      </comakeFieldedDeduced>
      <elbower garyOpa="gharri" sawWigsPaseos="psaltesTiffedMiro">
        <travis>beefishSilverButeo</travis>
      </elbower>
      <unroundScarpShohji mudir="rifartAtavist">
        <mizens>unloyal</mizens>
      </unroundScarpShohji>
      <acanthaWarrior wansRashest="foils">
        <vade>carfareSparked7989</vade>
      </acanthaWarrior>
      <usableHeroic rancour="uriteUrial">
        <teleman>16</teleman>
      </usableHeroic>
      <nachasWham>
        <glomeCooledReefed>752571058</glomeCooledReefed>
      </nachasWham>
      <boshesUnquertUnmoist>
        <glumaWhaler>bungleCaseyGlaire</glumaWhaler>
      </boshesUnquertUnmoist>
      <libkinNestledOctoate>
        <entone>9199269</entone>
      </libkinNestledOctoate>
      <pharoCagoule eyah="stoutenMussels265" troverHerders="175951" unlightWramp="surnameAgunah">
        <blunkerMonemeThermic>mize</blunkerMonemeThermic>
      </pharoCagoule>
      <glumose tolus="beshowLoaded">
        <gorseddEucre>settlerQueersMirk676</gorseddEucre>
      </glumose>
      <slokingTrytLongrun cirlRuesomeDings="stywardFarci" acreamCedreneGuebre="noyadeVariolaHaunty">
        <salepVolventClumper>neuriteSauntVeritas</salepVolventClumper>
      </slokingTrytLongrun>
    </sineHexdra>
    <coalingMudde hugerJigmenIncites="24383" bepinchTirlingCurves="1" jehovicSlubbySmutchy="zizanyAph4182">
      <hamPatencyMedimno>sinkedBills</hamPatencyMedimno>
    </coalingMudde>
  </asouthChymist>
  <yusKnotterCixo athortSoundlySabella="sayid" mappilaRebatoResiles="bifoldDaffledTopas6706" davoch="657087" />
</whalerHaratinRodden>