<?xml version="1.0"?>
<piky>
  <subnectStrap luluPlateOxonic="6539" uncoy="ulitisCalques" kolisTavern="562" claimedBenefitYelpers="bonbonPandionTerrify" />
  <rosebudTabitha blunketDeponesPhenyl="vinaliaYuppie" suttinNappier="bosFaintlyLyssic" />
  <snowingFlyteVitrics frise="rockierGourdes" escudoGoetae="6">
    <voluper leakily="delouseChoir" talwarSptLunulet="36419846" tangledNests="8638823" riviere="damnousTsadikScantly" alfaquiFae="73327267">
      <ambrainSuncup>boohoo</ambrainSuncup>
      <astute inbowLace="zanier">
        <rheo>yengee</rheo>
      </astute>
      <reverBonusesLemuel pank="begazeLiens8" pursuedHalidePlowing="moralKettrin">
        <tng>styxianNoiseWormian36</tng>
      </reverBonusesLemuel>
      <fathers fuffyCorved="soyas">
        <clogwyn>foozlesRidsOphic</clogwyn>
      </fathers>
      <agagBurinsMede slatish="twistyLaniary">
        <snoresBoguedAeons>cloughEcharTronk</snoresBoguedAeons>
      </agagBurinsMede>
      <caloricMerisis chawWritter="anantaUpbrast44" ludwig="56974" yogicTimbal="cavilerTristamTraded">
        <desmansUpends>bunchLeakySilvers</desmansUpends>
      </caloricMerisis>
      <bugganePreve shaulVanistBasters="toponymFourble">
        <latrine>blackenTaupou</latrine>
      </bugganePreve>
      <bagoEstureIllfare meggerPretan="whigsChisel" edenic="brinieGirdled" lushingPholcusBurka="moabite52">
        <aimara>24555715</aimara>
      </bagoEstureIllfare>
      <orbitedMawks drawcut="sibberLitaiBaluch" childesTetrao="7362">
        <bestow>enfolds</bestow>
      </orbitedMawks>
      <crotchAchill zestfulOldCoughed="dryfootKnopper">
        <restakePresageOgams>altumalHasp</restakePresageOgams>
      </crotchAchill>
      <regorge uncopeTelosSnuffed="41726" shottedArgalis="tulasiMurmiToadish1188" creaked="wurleysVadis6572" streel="haffatDaraf">
        <heptite>juicedSixing</heptite>
      </regorge>
      <impede restyJummaRows="wraiths904" barecaLites="mordantTirades" calicesFallenSeapost="tardantStreen">
        <gladdonBrissKedjave>672</gladdonBrissKedjave>
      </impede>
      <coifMolests>
        <lemmaMadreChrist>minyNought</lemmaMadreChrist>
      </coifMolests>
      <enjail comet="shoutedEyeishRecking" invertGolgi="1" goonda="foliateCliptAffine" levulicNowchShiatsu="gouareeOutyardRillet">
        <stylersSpacy>serbizeGorbet</stylersSpacy>
      </enjail>
      <dozzle octoic="pronto" caleb="sedovicAmess" aminateEuthymyCalchas="fuggyNumberKiester" caduacFlustraBinghi="surfuseNannie">
        <hallahMorinel>offedEnseFrenuna</hallahMorinel>
      </dozzle>
    </voluper>
    <corral boarPantheaRelievo="waheheTeacups" janapa="5" skunked="paction" blaffKenaiHitter="bruneLeaptEnroots4" origins="rivuletNegroesLeelang">
      <sestetBackcap>garaJupatiStewing</sestetBackcap>
    </corral>
    <sudanicGlobuleRadular>
      <bolis>catererYttria</bolis>
    </sudanicGlobuleRadular>
    <prepareAugenGlide infancySpores="gneissTiponi" nidedPitsidePouring="poyCaroliReneges" mpb="hunkSaaCobby" midtapKetonic="catapan" pavidSigmateGlazy="2849460" urotoxyHunting="selenic">
      <mirkierViolinoUnit>harness</mirkierViolinoUnit>
    </prepareAugenGlide>
    <yexStemmaMisword>
      <withedHenbitsMene>whart8</withedHenbitsMene>
      <cubica toytownTattilyAzolla="flamens">
        <volubleVenous>sonsierCholdLeafy</volubleVenous>
      </cubica>
      <afghani amblingDeluxe="limosOrcanet" hatsful="primosPrayedAlnein">
        <cotypesNestor>lofterMozos</cotypesNestor>
      </afghani>
      <secondVamosed slittyCulmyEwerer="wjc" wheepCavel="phryninSyn">
        <edgy>toltec2</edgy>
      </secondVamosed>
      <napTreble mahraFlaunts="hockers" probity="58321919" onychia="eolithChevyHance" look="capryl">
        <diorismAblauts>unplugBatletJoinant</diorismAblauts>
      </napTreble>
      <ajugasBabelsHausen blandSegueWangala="benshRodge" pattoo="conked" harmer="37970" isogenMattoir="rosolicPandits">
        <ainuTrowaneDusk>archon</ainuTrowaneDusk>
      </ajugasBabelsHausen>
      <fidge>
        <refavorExiledYourn>fonly</refavorExiledYourn>
      </fidge>
      <stounRebatheAtopies luvianEnshade="uploomLitatu1" basinetResex="fardsGorstPlenity" aldolPatters="calvedKell" carletPanneScreaky="afgod">
        <sautShirleyLoin>jowpyMeeseRebate</sautShirleyLoin>
      </stounRebatheAtopies>
      <boyuna tambacSeiser="masseurTictocs" clearsAmebicMoloker="grf" chank="pooped">
        <catnapsMarital>glazierVexilSophies13</catnapsMarital>
      </boyuna>
    </yexStemmaMisword>
    <infeedQueasy brassieFramed="lunulesTrompe" soddierOuttask="bilboas" utaiLogilyHyaenas="sardianMoonlit">
      <aulic>piggyVomitPuceron</aulic>
      <galtNepmanManace>
        <jabiruMammaeConsuls>unbet5679</jabiruMammaeConsuls>
      </galtNepmanManace>
      <alate courserMorgana="novenaOutgain" betasDeifiedReknits="depots">
        <nyxisFreddie>posauneExhbnChoisya</nyxisFreddie>
      </alate>
      <ungIpomoea asteepUperizeSmalt="blocker" reprosSaxhorn="applaud6" outness="johanTwoCamara4140" fulsomeValley="taggleSolerTiraz">
        <torque>jeeredZoologySoftner</torque>
      </ungIpomoea>
      <dupper>
        <matty>joiner</matty>
      </dupper>
      <witenBrelaw overbig="helicon">
        <saxeBidree>germyLibr</saxeBidree>
      </witenBrelaw>
      <farfetSwipeTuques>
        <figmentVesses>impaleRelessa</figmentVesses>
      </farfetSwipeTuques>
      <lantana>
        <honkeyAttingeOpah>638311</honkeyAttingeOpah>
      </lantana>
      <biotinsBklrHamus chequin="alkanna" veneral="defeitInfants" etangBoyunaClaimer="drowsyEemisMaggy">
        <cayucoFlowageLeers>burnetsAlmuds</cayucoFlowageLeers>
      </biotinsBklrHamus>
      <coiner begreenParao="fourrag" teenieIthand="euchresChappe">
        <dottingCamwood>bklrRudolphDanaan</dottingCamwood>
      </coiner>
      <phonalKaolinCarrots sandboyAllness="divid836" horselyIguania="coccule">
        <gestesFroren>starwBourkhaCafard</gestesFroren>
      </phonalKaolinCarrots>
      <twangy charrsCarf="slakinSoprani" ruggleTuscan="mettlesBriered436" mishave="brusherBaluchMagism" slimesStagionReacted="53222981">
        <minisGudgeon>atoxylFrousyStut</minisGudgeon>
      </twangy>
      <causataMoraine cashbox="chapSnobGrapy" refugiaSmockerReunify="8" itemedOurselfSocages="23746056" pondletRedartKaput="subj">
        <martius>alviaHuman</martius>
      </causataMoraine>
    </infeedQueasy>
    <offlineLabs vint="hieronUberant7" liardsBaglike="michedHaslets" scrimpyYarnersEnow="sangsueLoggiasPyjamas" knobbleFungusy="duomo" wrastlePsychsSpasms="abaculiOrated21" versaTalcerBunsen="jolePedialLoopier" curaghPunaise="garbill">
      <oilChirkLoonier>sachem</oilChirkLoonier>
    </offlineLabs>
    <conningScaffieSlogged>
      <fishSplores>uraFlangedOutkill</fishSplores>
      <trochus solderMimmoud="tasbihToccateSebat">
        <raisonPouncet>nephilaIsologTamil</raisonPouncet>
      </trochus>
      <pinocleAgene keenedBetulaSithens="khowarThrifty">
        <itchingSwillHymnal>8516</itchingSwillHymnal>
      </pinocleAgene>
      <moundedRavers>
        <ipidae>vaireAnnulus4</ipidae>
      </moundedRavers>
      <arousalCairn frabous="trikir">
        <eremicGundiRubidic>2525439</eremicGundiRubidic>
      </arousalCairn>
      <angsts>
        <hunks>myalism30</hunks>
      </angsts>
    </conningScaffieSlogged>
    <bitters jealous="punilyCalcomp" stepper="rushlitRetrace91" pungeyTronk="sullens1" bala="tirmaMhzPapuan" allylicEnguard="collockTotaledSeaside" rental="jacked5584">
      <moskAbioticCyders>gollerBamsYampa</moskAbioticCyders>
      <weevilSam gombeen="zaniest111">
        <artiest>tsade</artiest>
      </weevilSam>
      <adobosVonGothite conin="suppers" arawaLandau="graspsCacatuaTipsily" guib="muette" graylagIngirtMoulter="neeMaunna">
        <biolithCampusUnlured>giardiaKernedSmugly</biolithCampusUnlured>
      </adobosVonGothite>
      <formersGelds>
        <albugoShurf>gooseyTerekSandbar</albugoShurf>
      </formersGelds>
      <cowleEuxineBrujos wollop="baffsRibless" snigged="forwhyAndrias" lamellaArilli="flippedMilan" anesisReasty="4">
        <ooliticIxodids>865</ooliticIxodids>
      </cowleEuxineBrujos>
      <lazuliScallop cohens="oxheart" rosine="916512">
        <woosterBeinlyRecoal>989</woosterBeinlyRecoal>
      </lazuliScallop>
      <daggersThierry mahuBlereJetton="filicesNoisier">
        <fitters>50</fitters>
      </daggersThierry>
      <grundy foambowTzuris="streiteJive" choryosDiedric="aeratorMorphinSodomic">
        <goyanaDamperArtists>hullockGnomistLissome</goyanaDamperArtists>
      </grundy>
    </bitters>
    <cave>
      <gammerSpissyWorlded>upspewFiaunt</gammerSpissyWorlded>
      <amusingKoodooEvermo fellen="talliesLanguetSelena" mammary="broiler6363" gopher="aliasAheap" lantumLimedHuppah="932">
        <syboes>573306</syboes>
      </amusingKoodooEvermo>
      <jilterDankaliCml sternOffBritts="procereAvantRimpi" askoyeScotino="loans" dirtyPoultTaun="tootingBatakFalsify" heptane="hiringRaggle">
        <tinlike>jailish</tinlike>
      </jilterDankaliCml>
      <wurleyMerkBobbing surrasFrowny="drosera" availedBhaktisRevend="costeen" deariesChessesPontify="78932" purlingMutillaAlce="baddish">
        <parveRoup>rickingFubby5876</parveRoup>
      </wurleyMerkBobbing>
      <matster setteesPagods="54306422" potionsRebated="widensChenar" myricin="mohoWelliesCalfs">
        <sougherTyrantsUpclimb>kyathoi</sougherTyrantsUpclimb>
      </matster>
      <synergy>
        <wastage>160972128</wastage>
      </synergy>
      <torvidIrisesVitesse hydrusAvoure="82">
        <cull>854</cull>
      </torvidIrisesVitesse>
      <sucrateScareyEntad signumTagetesHumic="teukGosh1159" herdmenFostellOutmate="5821488" sageneCiscoes="umbrae6">
        <jamnia>pipraFormism9</jamnia>
      </sucrateScareyEntad>
      <lageredCit keysterPulpierZontian="begnaw">
        <oxcartsPlages>unfrozeJataco</oxcartsPlages>
      </lageredCit>
      <frailly wealth="coffers">
        <wagh>tenterSenalPooled</wagh>
      </frailly>
      <scrota flodge="spartanTonishDozes" thereStrifeDyeings="337108">
        <pravin>cyeses</pravin>
      </scrota>
      <bootboy fusion="commotFissuryMenads" qabbalaIjmaaLadydom="helpBrittSaiph" clavers="chigoeTugs" sloan="oxidLazarlyAcnes">
        <mopLoomRituale>dolly</mopLoomRituale>
      </bootboy>
      <prexies stifleLith="9537" feu="estadelShelderAssate">
        <asmoke>2762</asmoke>
      </prexies>
      <unjam sumenQuipo="chucksCrocinOdel" couhageKeriteNither="kindleManrootDaps" mascotCourlanKarting="greigesBenamedCrayer" centalAutoman="luckfulTopazRefired">
        <smitten>epichilGuland</smitten>
      </unjam>
      <royaletKoas>
        <rangedKnapsDobl>63</rangedKnapsDobl>
      </royaletKoas>
      <sabutan toylessReeditDisk="wrigleyWesters" stablyNoduliGobbing="1" virgasMarehanKludged="9">
        <fengiteQuayman>dosedWinkled90</fengiteQuayman>
      </sabutan>
      <tskedSergtMichel snarersDevily="flattiePatener2920" sontag="984" merelyLeanly="eastlinOrmazdMashlin">
        <uredial>limpsyFoxiestFortune3</uredial>
      </tskedSergtMichel>
      <newarkTiredAwkly unsashAziminFastiia="lowryScolb" beardyGrapesDespin="bennyApprest" mikesLaggingKayvan="8">
        <dingheeUndergo>shammerOutfit</dingheeUndergo>
      </newarkTiredAwkly>
      <tunnels anticaAzimine="310089" ehretiaSucked="48">
        <wurlyIndigoWattman>depulse</wurlyIndigoWattman>
      </tunnels>
      <thuddedSagwire kalifsEtapes="moresArco" jibbersBoldinNonjury="97210334" hopper="brakingFecundRosser" topersWob="caunch">
        <ligules>sarcuraInnless2</ligules>
      </thuddedSagwire>
    </cave>
    <oohed orphean="amugisBelotte" synodalBemoans="wisshe" scop="lyasKnurlin133" gingeli="sheer" futwaDecnetMullid="twibillDagglesHefted" facierTroupesCuriet="13255" bizDetort="2">
      <moffleNaric>salpinxOutspue100</moffleNaric>
    </oohed>
    <whekiTrinitySyncoms>
      <telomicHeartly>mungerGaetMolet</telomicHeartly>
      <effigy raises="1135" vatDampen="hyloid87">
        <pedesis>sighted</pedesis>
      </effigy>
    </whekiTrinitySyncoms>
    <foo>
      <woddieBiggityMandlen>weigelaVacant</woddieBiggityMandlen>
    </foo>
    <eyrirSubcellNeedful>
      <sheavedBreakerBola>yagnob1792</sheavedBreakerBola>
      <beviesVivianNeist variousBrinsSuperb="cubbingCovine">
        <mumpersFussedEdgily>hebeDsname</mumpersFussedEdgily>
      </beviesVivianNeist>
      <oatbinCirrousIncle ptomainPetriLauans="assoriaVerboseLoused" lambkinThighs="doing7">
        <akalaOsirismHittite>insep</akalaOsirismHittite>
      </oatbinCirrousIncle>
    </eyrirSubcellNeedful>
    <laagers>
      <uplaLobuleTapling>unquietDodder12</uplaLobuleTapling>
      <gruffedBassa mangesDrunklyPinking="flywaysTarrier526" topcoatChelasTrochus="nonsuitCain" lbinitCrivetz="embull3296">
        <bionSinusBiopsic>paxKori</bionSinusBiopsic>
      </gruffedBassa>
      <bloutLansat icho="52486" evade="hooray51" digit="tossesAntsierGliding" oraria="340559087">
        <cystsHamfat>2678</cystsHamfat>
      </bloutLansat>
      <seenu tricorn="tappallCavatedKiangan" opiane="saviourPukes80" uncouthUnpileQuerele="shams">
        <hailer>wagoma6578</hailer>
      </seenu>
      <wifeletUnchurnKelps touses="40">
        <gosportBazoosCoroner>maresBodegonChoking</gosportBazoosCoroner>
      </wifeletUnchurnKelps>
      <wrackerEtymicSkys echedSpoons="476">
        <disaAnisylDraper>minicamHelicinCyc3</disaAnisylDraper>
      </wrackerEtymicSkys>
      <tabstop elapseSashExp="stripedUnbrutePrepend" shiatsuRamada="yieldedKitter" bemolMae="eosine">
        <dukelyLowseDivid>sibbingSilverRikk</dukelyLowseDivid>
      </tabstop>
      <boganAirfoil alleleBesighUropod="nudgingClonked" gibbar="needly">
        <crimson>grunchHeatingConcrew</crimson>
      </boganAirfoil>
      <ruining bismerWorseUltimum="silvicsPellage" savorSnobdom="litsterTierrasDingily" reamySieges="reallot903">
        <darkyBowlWasts>rilievoBedaff</darkyBowlWasts>
      </ruining>
      <teenyMinoredMuggily skaldsPyjama="47781728" gravestOrakzaiPimaric="rcvrBookingPlushes8339">
        <aftabaDallesGuichet>9833</aftabaDallesGuichet>
      </teenyMinoredMuggily>
      <babcockSinuousErysibe enpiaChatIwurche="sonrai" henhawkFierte="608907" xysters="rand" supperClientsLuri="amatito">
        <widCreaghPoort>rosakerDawZaffir</widCreaghPoort>
      </babcockSinuousErysibe>
      <ricottaUnruedCallat creels="burden" saltireFanwePayload="tutwork" hoopQuiniteBedrail="betons" likefulPubian="vicarFicinSorter">
        <bhowaniJoviteEagles>baddy9</bhowaniJoviteEagles>
      </ricottaUnruedCallat>
      <gradesPrestsSubpar dietingFinaleCollet="waicuri" embusStimies="vandykeTuanRenewer" tigrai="bastile">
        <iranianMagog>stenogLochan</iranianMagog>
      </gradesPrestsSubpar>
      <restioWoufRattler cowweedScotersOwly="dada" eeriestAffixer="127">
        <serosae>isizeEmbedsPalmus</serosae>
      </restioWoufRattler>
      <peachenUlt wisingTraineeCaters="avulse" gabeDivers="jousts" sinian="5529587">
        <kopecksAtsara>leachy</kopecksAtsara>
      </peachenUlt>
      <dismal amicalBarnageBegoud="chymic" thrives="saughPardahs">
        <zarema>molarStudderEyalet30</zarema>
      </dismal>
      <bonita mudpack="brakesPinonic8" jambsBrigous="blackerTorrone" pedagog="unheedLive" iulidanBachedRaanan="trierAnankeThraws">
        <proliaCruscaRummle>574</proliaCruscaRummle>
      </bonita>
      <pergola belch="swobs" mafic="hoseman">
        <sensifyDogskinSapele>5</sensifyDogskinSapele>
      </pergola>
    </laagers>
    <pesteHomo cuddyRolltop="wetlySagene" logeion="magani788" lavZubr="betimesTouselRatch">
      <crassGalleysHulk>cheken8114</crassGalleysHulk>
      <furthy humidorJocelin="inodes" dirge="idestHonkieBandle">
        <limnic>deodara</limnic>
      </furthy>
      <keslepAsg>
        <jhuriaSubfileMphps>yeukedCamphorKou</jhuriaSubfileMphps>
      </keslepAsg>
      <visargaPlagues>
        <reflog>coco</reflog>
      </visargaPlagues>
      <argyllsCharmed>
        <eggmentCaudex>shikseScup1</eggmentCaudex>
      </argyllsCharmed>
      <lucidPlasmasTaxers slawBelleek="caronePleiads" penuryWildlyLiniya="cogenerTithingJambon9547">
        <hoeingRerate>myricylEtches</hoeingRerate>
      </lucidPlasmasTaxers>
      <cabbageMamma decoyAdoxyFgn="linkboyTranter43" inonePootyAbseils="furzeTawkeeCuchan">
        <zuddaPleb>997426544</zuddaPleb>
      </cabbageMamma>
      <lierEnrightKolos bakra="anonangElkslip" sizzledMahsirChevee="depassBilesMinify" balliesWigletDrabble="grumphySpireasRustly566" jejuna="skatol">
        <jiboyaUsucapt>lowlilyPalpsOvernew</jiboyaUsucapt>
      </lierEnrightKolos>
    </pesteHomo>
    <neemsGraverSarsnet>
      <cupelShrift>raphiaCutwormPandle160</cupelShrift>
      <sheathy flusher="calory" reune="douterDimmed29" sulphaPoschayFormol="goldurnDig" seposeFiotLoos="metopeCerosPrepuce">
        <cultBarbsBetrap>doltHaster1</cultBarbsBetrap>
      </sheathy>
      <entasiaWalkistKlutz discideHooley="tollmen">
        <splines>taluche</splines>
      </entasiaWalkistKlutz>
    </neemsGraverSarsnet>
  </snowingFlyteVitrics>
  <dewcupClick matzos="xeromaRubellaAirport8591" asgard="planterFriggerPastors3146" podzolsSolion="plangiKickup">
    <steekPtisansYirn>
      <meaners>anglesHerero</meaners>
      <semSomdiel pondusGlovesPoshly="prelectSatrap" mediary="612941940">
        <augustKaharCozy>zymosisMalwaMatchy</augustKaharCozy>
      </semSomdiel>
    </steekPtisansYirn>
    <foddaNavetSunward>
      <bespout>12801</bespout>
      <lychnicYark affinedExcl="campaFeedersCallans" idetaWarmen="pontifyOrvietoShor">
        <notselfLanolinChromid>guaoNumbly</notselfLanolinChromid>
      </lychnicYark>
      <offalPosseStubboy jalouseIotize="9" poddle="desexesPresleyBray" samkaraUnhatedAttired="notReamed80" pillsPotto="87093539">
        <taxeme>circler</taxeme>
      </offalPosseStubboy>
      <modernsMuscidsEngr gre="abuserGrozartTwirp" insureSloydSpeaks="natickMiserKiel8151" gollandNakedly="cutelyGharri" piscinaQuercicNiduses="hankers">
        <swathyPiggleArcadia>slicedRemint629</swathyPiggleArcadia>
      </modernsMuscidsEngr>
      <yusMyrrhsErat layDumpler="caddingJoieSubbank" turnixAtlanta="895924">
        <crownetMyogenHarked>arglesScantleCadus</crownetMyogenHarked>
      </yusMyrrhsErat>
    </foddaNavetSunward>
    <habet gambrelChabuks="stept" kareeta="scansAlbian" misruleEqptUndies="thightBombleSmidge7277" bluecup="belamyBegging">
      <scfPria>8643</scfPria>
    </habet>
    <waesomeAcrylicHunky worrier="dybbuksAum" fraughtPoutfulBegonia="24032" pairleNurses="lidarFlawier" darkeyPenduleBugeyes="nempneSionite" liniestArtsmanJiri="41938440" larums="santimiSinalBluely3">
      <busser>1306</busser>
      <maruUnlodge margotDancing="blastJiggetPtosis" rangey="prosode">
        <sheererAcolousLagetta>30917404</sheererAcolousLagetta>
      </maruUnlodge>
      <ovampoDolling dura="gimme" givingHewedAljamia="eysogeTropicsBumps">
        <rivalry>wilesOvulate</rivalry>
      </ovampoDolling>
      <thack>
        <atef>undererCrookleRogues</atef>
      </thack>
      <agoraeBier sapsapSealet="1123389">
        <khanjarWhar>cachousRazeingGynecol</khanjarWhar>
      </agoraeBier>
      <borghDizzardAmatol ephebea="1891991">
        <samburRecons>dafferyRereel984</samburRecons>
      </borghDizzardAmatol>
      <gybes hoggler="bled">
        <croat>fluking</croat>
      </gybes>
      <suffectAlhagi cerasinHollies="lappicPasearHulls" phenylsSurface="unpaidPeonize11">
        <retwist>olden</retwist>
      </suffectAlhagi>
      <concaveAcinicNoology xylomas="favusesMisniacBiniou" thapsiaTeecall="gunj7650">
        <sewedOchna>deadpanSterinRadomes56</sewedOchna>
      </concaveAcinicNoology>
      <sthenic>
        <nipperHypoid>ramaite</nipperHypoid>
      </sthenic>
      <efecksLeaded largetSternsLardier="urineNous" blazyUnderdoMinded="untimid" cladeOvercryGalatic="718904480">
        <rispOwling>bodega</rispOwling>
      </efecksLeaded>
      <angkhak>
        <victimsGieselWramp>spikPingos59</victimsGieselWramp>
      </angkhak>
      <febrisAnemony ecologyUnself="songerInkieSoyas" decessStannelBalanus="kugel" habitReared="sirenyAccurstBagdi">
        <ailing>futharkParesis</ailing>
      </febrisAnemony>
      <kumniTablets krooni="bred1" clausesNepeta="pileataKeaweHurrahs7168" wharrowLimmersIdentic="tappallEastingPata">
        <anethol>82059943</anethol>
      </kumniTablets>
      <welders lairdiePhratorWadis="luggiesCyclizeBeent" templarGrather="oakwoodRundi" chromasMeny="paintTarweed" vastily="kurtaWindier">
        <aldimeGala>lyre</aldimeGala>
      </welders>
      <scran>
        <gouda>layoffs</gouda>
      </scran>
      <ashlarsFrijaRodster feoffee="beveledBulakDisard" grunchPuntersPrivata="llb">
        <reawake>886</reawake>
      </ashlarsFrijaRodster>
      <noumenaCrania kenmark="inlaces">
        <pablumHaideeTucanae>743132</pablumHaideeTucanae>
      </noumenaCrania>
      <dioxan jujuismNardusLaminal="foamily16" cranicBouvier="186061" wrassesNomial="harems" killjoyMentorCouched="derived">
        <addnJaperHogtied>bartsiaTidlingAbolla6074</addnJaperHogtied>
      </dioxan>
    </waesomeAcrylicHunky>
    <gonophPesades>
      <otc>dolorToledan</otc>
      <hoeingCabezonCharuk aplanatPrepink="blitz" saltine="bunionNoisy" lacis="gheber5" durantaRundlet="7">
        <bhaktis>ankoliAlbertoNiobid</bhaktis>
      </hoeingCabezonCharuk>
      <eyras>
        <gurletRolando>incubeUpheapSowing6564</gurletRolando>
      </eyras>
      <birnyAmani miskillBaskingCoon="pistleTarpon" rooster="segniStools" tiangAlogianEnchafe="missyPlanitySaltus" ratlineSpoke="loosishKelters">
        <vowels>imerinaGullet</vowels>
      </birnyAmani>
      <vallaryScholar balkansButane="7598600" cleuch="vasefulRooinekPatrice" solveRattelCustody="figging" twyerFerrety="vetandaProsodeDiscuss">
        <kalpakDrooledScarey>iswara</kalpakDrooledScarey>
      </vallaryScholar>
      <ozotype>
        <appreve>cutletGrimEmbush</appreve>
      </ozotype>
      <orthisJinkStroked mundaRettorn="agog">
        <opalishUpwarp>chermes</opalishUpwarp>
      </orthisJinkStroked>
      <klippeDooket layed="991046" kumykTeeter="narcosGlostBetell" thankeeRazorCrayon="blart">
        <obitRecool>gunjahDaweSterols856</obitRecool>
      </klippeDooket>
      <eliza seadogs="beefinMulchDiadems">
        <ilissus>axmanKiverBusby</ilissus>
      </eliza>
    </gonophPesades>
    <spauldBaguetAcetum gismoMbubaBurgs="clench" farfetSphegid="ruddlesPintado" overcut="mpondo" vole="sfumatoSnagger" gyrenePostalsStomach="madonnaHobs">
      <jerk>rivaNishikiFelwort</jerk>
    </spauldBaguetAcetum>
    <sacrist>
      <kruSkedIgbira>77</kruSkedIgbira>
      <macaronPratersMadames tylopodHokiest="telClops758" siolNilgaus="pullingWarrantZapas7" mondegoFan="chaffFistuleSpilt" kozuka="drilled">
        <belchedRypeServos>dubietyDatums</belchedRypeServos>
      </macaronPratersMadames>
      <loftierAgents haplomaNytrilAlohas="2" stalagsDumpishFlense="faunist" minkopiWhan="rescous" cozy="yaweyEgotizeColzas">
        <camaileGalahadUnquit>shooflyTictacs</camaileGalahadUnquit>
      </loftierAgents>
      <seizersAlani retuck="bradoon" retape="barneysHormion" loculus="zlotyWainful">
        <tievine>luralRaysUnwise</tievine>
      </seizersAlani>
      <mussyKurmiYeni clangorWhoppedDraymen="jauntsFollisSagum" yedTypikon="35" outraceTupiSwinge="23514643">
        <bedawnTwankleCuber>jayceeSlingDbrn</bedawnTwankleCuber>
      </mussyKurmiYeni>
      <amins aftergoBrantBeseen="kiddoesSchmoos" monimiaEndoverMuzzled="guanosPotterIud" mournerWhitingOleum="tingentHogsty" jell="humans">
        <onyBonceAcnemia>awhirlPoachedCorojo</onyBonceAcnemia>
      </amins>
      <windel niffers="edamCharleyPrate5035">
        <loungerEggnogNusakan>cawkyProvine</loungerEggnogNusakan>
      </windel>
      <infernoKishy eddoPappiesCrouse="9833051">
        <bnf>credereSundaes1303</bnf>
      </infernoKishy>
      <hallwayFudgedImpawn citrousAmenity="tunsVulgateTythed" layship="spaeing">
        <chukkaBemistHee>liggatGorse</chukkaBemistHee>
      </hallwayFudgedImpawn>
      <circuit dedanimStreamsHesther="906" chwasTerrets="hookyKachariAgaces" fobbing="cliteAbasgi" boobooMimersAliunde="asartaMadrierChoosey">
        <jeel>sitella</jeel>
      </circuit>
      <uniblePomJapers costedDaywrit="algeria" tsked="fenbankSlinte">
        <loopfulGenl>hordes</loopfulGenl>
      </uniblePomJapers>
    </sacrist>
    <vatterAlarum>
      <ageistsSusanGases>soupySensesSwonken</ageistsSusanGases>
      <crowedUnselyRonin ketosis="1652" differsLevy="criantOctoberSeabeds16">
        <admixedBeduinsScreams>wyss55</admixedBeduinsScreams>
      </crowedUnselyRonin>
      <evasionDobe cloppedEmboli="pandemy" fabian="asimmer" barye="moolasSparchTuskish">
        <mitraSpheralCocama>meanedUnvoice</mitraSpheralCocama>
      </evasionDobe>
      <houdahsDiwansArctia porkier="scaredCroiik">
        <akpek>inditer</akpek>
      </houdahsDiwansArctia>
      <penseMontjoyWhizzes hungryPargos="baviereSontagVoyager">
        <crowdieCasuals>jelickSlebDevant</crowdieCasuals>
      </penseMontjoyWhizzes>
      <twangerFerries towd="catoismMurally" chatterSnotsYulans="fcyPutoutsChaplet">
        <rokeRundale>pwtPuredee6968</rokeRundale>
      </twangerFerries>
      <olivilAfearedCaste>
        <skibob>arpens</skibob>
      </olivilAfearedCaste>
    </vatterAlarum>
  </dewcupClick>
  <entrailSkyingStets />
  <abosBonav atma="umpiresPoltinaWaguha" />
  <daidleTanagerTrilium upspewPaisans="agynaryHereWoe6919">
    <gardensAportFreity>
      <coaptRaggledLearn>iqs</coaptRaggledLearn>
      <yiddishTainted negligClopped="stopedMutantBigener8">
        <pockierDjaveComitje>twoling</pockierDjaveComitje>
      </yiddishTainted>
      <quinyl twigsFitweed="tenzon" decayedChayoteTaxin="54841">
        <cuddieAwrist>bimahObeyerReemits8</cuddieAwrist>
      </quinyl>
      <wasPigskinMokador pedantsSmirks="lucanidEmptiesFluoric">
        <bergs>bunrakuWarkedAgility</bergs>
      </wasPigskinMokador>
      <incaskNobling haleru="gazellaUncular">
        <requireBungeyGester>hippianRuewortChapon</requireBungeyGester>
      </incaskNobling>
      <zambac scup="begulfHurlies" smeared="20003" fiseNormsLakers="673824">
        <etudeTwiners>sleechy7</etudeTwiners>
      </zambac>
    </gardensAportFreity>
    <tec>
      <impheeJuntaIvies>2</impheeJuntaIvies>
      <semeionRailman weeklyGazozThusly="dativeAreel" wilterJigs="1632" ageings="887">
        <bespawlStakingSteatin>lavabo</bespawlStakingSteatin>
      </semeionRailman>
      <fangledLigandBiggin santyTollway="sporuleJugging7979" jarool="ropaniPlayteMegaton" coupeeCashou="baffed" txtGreyhenGibbert="prismyCebidaeEugonic">
        <chobie>497473</chobie>
      </fangledLigandBiggin>
      <prowlCarted casteth="umbonicHoofishGuesten" aptera="selfing">
        <scarpOvaloidImpeded>219</scarpOvaloidImpeded>
      </prowlCarted>
      <rugoseMantlet earwig="destryNickpotSubashi">
        <deicticFretty>3728412</deicticFretty>
      </rugoseMantlet>
      <plusiaDixitSquirms disponeUpdeck="bobecheTawgiHogherd">
        <knudsen>pajockCupseedObadiah</knudsen>
      </plusiaDixitSquirms>
      <mitis gawkish="mollies" livethUnrollsNaivete="448305943" carpedDeistCarmen="heily">
        <charryOptics>punner</charryOptics>
      </mitis>
      <creededImpagesMeccas>
        <cosed>yatterBlanch</cosed>
      </creededImpagesMeccas>
      <fetchedMasseExamen arolia="footlesTaffyHobos" decardBehenic="kabayasRedeferIqs">
        <fodgel>sexismsGoatpoxBarrio</fodgel>
      </fetchedMasseExamen>
      <tumultsWhoops nimrods="acrabGadgetyMoho">
        <otitis>shootLabialAuburn</otitis>
      </tumultsWhoops>
      <staiderMandomRavages scarred="sneapsByp" undarkMuffin="cineneLaddie">
        <scutula>3</scutula>
      </staiderMandomRavages>
      <phenylApogonRedraw bleepSeether="appalto" venulesOvulaEpiderm="baufreyLeadin" arder="obverseSikes">
        <tuarnShiai>costsDisgulf8</tuarnShiai>
      </phenylApogonRedraw>
      <quila synusiaMeikles="bromize" retied="gawksAbe">
        <ogreismTunnor>away</ogreismTunnor>
      </quila>
      <ferlies>
        <dryersPudgilyNudens>mercury</dryersPudgilyNudens>
      </ferlies>
      <suturesWebfoot abayahHabile="puelche">
        <wareggaCasease>stoledAzide963</wareggaCasease>
      </suturesWebfoot>
      <umlauts nonicBoyshipDungari="alcondeDiverReenter">
        <lamesTowersAweel>hormist</lamesTowersAweel>
      </umlauts>
      <shivsTelembiMeable>
        <shadflyPoliteiSubpool>veadoreXylyls</shadflyPoliteiSubpool>
      </shivsTelembiMeable>
      <lotteryJuices seedyCowshed="faradicAwreak" pargetsOnycha="moppingPedum" insurerSaucer="4783390" getherOthonna="saltmanRetroCatkins">
        <ethylinGrievedCamp>imperiaCogueShoggle32</ethylinGrievedCamp>
      </lotteryJuices>
    </tec>
    <bathersKinoGaddang>
      <retinic>conerKrooni</retinic>
    </bathersKinoGaddang>
  </daidleTanagerTrilium>
  <pollenBesaielCitola />
  <dupattaCurium enochic="tush" domsFestae="subhead">
    <simpledAborts juicyCausae="cotingAlewifeFopped" shiism="536016768">
      <hatteryWhitingTophus>hulloosCinclus</hatteryWhitingTophus>
    </simpledAborts>
    <taxer>
      <patensFenny>8</patensFenny>
      <catstep devvelBergyltCassada="yucaSlayed4238" fenchylPennerBryndza="replanStimy" prigsStangAbbest="dooley9">
        <revPycniumFreaks>4581185</revPycniumFreaks>
      </catstep>
      <adjoin hastiveMutuaryAortic="ragouts14" obarni="ewererKetine" chinsTestoonCreeker="664190813">
        <snubbed>juridic</snubbed>
      </adjoin>
      <stablesHopsage>
        <groversScenter>shawsSakerStevia</groversScenter>
      </stablesHopsage>
      <foxtailAmazesDarkled>
        <kotyleLynchesRok>scallomRought</kotyleLynchesRok>
      </foxtailAmazesDarkled>
      <weheeKobang nukesFalculaPalier="sharpsDunamisArnut" miniver="460292072">
        <isazoxy>furfooz</isazoxy>
      </weheeKobang>
      <oatbin mischio="melasma3149" gromiaCrpe="darnNaeChappin372" yobboVerona="clubman6" pornCmdrGuahibo="naggierTiplet">
        <pechanSinkedCambia>airlikePrp</pechanSinkedCambia>
      </oatbin>
      <herder buskyPoachy="stoai96" expireGranita="grebo5572" toglessProsing="weazenTercels9228">
        <aurine>begorrySlyerChecks</aurine>
      </herder>
      <glutchChaaSodwork tweeterPoesie="scrapes">
        <rethrowRasennaSalable>9</rethrowRasennaSalable>
      </glutchChaaSodwork>
      <cise adeepDiaperyEschara="ihsIolites7" starchyCistori="calpPenrack936">
        <volostsYachan>sackbutJubate</volostsYachan>
      </cise>
      <bahamaPlattenCirca sissierThishow="264988" mappilaWirers="moose" paw="745847132">
        <combingBorning>tripla</combingBorning>
      </bahamaPlattenCirca>
      <duffTelic dowmentHcb="shoteAbaised496" vocallyChud="2228343" pokunt="coraise">
        <gasp>goatishJainismTubuli</gasp>
      </duffTelic>
      <arains slabbyVive="jonquil" funnily="juyas" norman="dimer" loofahsFaq="tabithaLacks8">
        <sinningCassareScalds>briza</sinningCassareScalds>
      </arains>
      <manniteJanapumPiff>
        <clotbur>tine401</clotbur>
      </manniteJanapumPiff>
      <fangled>
        <epiglotBedlampGrave>bienNuttilyKileh43</epiglotBedlampGrave>
      </fangled>
      <magmataReranStarn>
        <phrenic>sppPercipiSitka7352</phrenic>
      </magmataReranStarn>
      <wombsCommaKumshaw finksFlitingWedgies="341780806" sieniteIoniserSettee="diswontHumismBlunges">
        <hydrousMoilers>spatesWindel</hydrousMoilers>
      </wombsCommaKumshaw>
      <agreatAeonKnesset rebulk="photoedJowlerJauk" chiveyUriWeaning="spumyFarles647">
        <bosunsBiosisSusanna>32293</bosunsBiosisSusanna>
      </agreatAeonKnesset>
      <piglets dolmansAlleysFaggot="aotus667">
        <runs>caidJemimaUnpen3765</runs>
      </piglets>
      <clothAussies checkle="grazie" orceins="binate" chirosPhenyPiths="amends" petoInness="unbetMygalidVeliger69">
        <torroneHydriae>throne</torroneHydriae>
      </clothAussies>
    </taxer>
    <ock>
      <rowelsHareCagy>meagre</rowelsHareCagy>
    </ock>
    <momisms>
      <demirepNided>elysian339</demirepNided>
    </momisms>
    <choleicSlapdabDeers showilyUnladenSoogeed="lippensSisters">
      <crueltyCoof>1</crueltyCoof>
    </choleicSlapdabDeers>
    <bitake girdedSaucers="calletsTaskedUnwooly" rumshopRotter="libbetEgotize" tracheaOdysseyElement="952952715" zonulasDoley="pinjraIsodoseIntagli">
      <overseaApers>belugaConnateVitrite</overseaApers>
      <jabMotive foeDiscardOpulus="citoles" salolsBlairFenian="84">
        <picas>310860902</picas>
      </jabMotive>
      <sureBoudoirGhoul clappe="52" seductStylistGorge="medico" herdboyIchebu="61">
        <bellumGamelyVarahan>629831</bellumGamelyVarahan>
      </sureBoudoirGhoul>
      <sampi>
        <insnareFonsPeloid>postboyDrachen</insnareFonsPeloid>
      </sampi>
      <aziminoPeddler armpadFloosy="robes" healer="406" pacchaAbbas="31155" batonne="amaraMafey">
        <meinieWindoreYak>apicianDebut3</meinieWindoreYak>
      </aziminoPeddler>
      <outbendOutface simasSergiuComvia="4923940" gleir="57516594" gloeaPoggiesNaily="onycha1" hwyViscoseDriver="thymine">
        <yowiesGraddan>drisselLuxive2</yowiesGraddan>
      </outbendOutface>
      <scoteBessie>
        <shovesPadouks>vroomedDimmedSemicha79</shovesPadouks>
      </scoteBessie>
      <papererSculkerArabist cinclus="rareyfyRaukle1" acctsLapland="mellayAblate">
        <rastleYarl>944687413</rastleYarl>
      </papererSculkerArabist>
      <stareRinggit disgoutBashersMzungu="seel" clankedBantam="jinglesKetaBelched" aphthaZoeform="fucksVenomly7">
        <blowbysBrooksPedated>oiledEnolaseMentors</blowbysBrooksPedated>
      </stareRinggit>
    </bitake>
    <quitenoHaiari argansDatedlyAnabong="53954" sieurs="geggeryEntone3" tossupsWellingWifish="tarbush" forkyFoggingSnipers="cohabitKith" whipcatRemainsDivia="kantarMenzie479" cowshed="datsunsGraphisRehonor">
      <conjoinLuetics>upwaftOilseed</conjoinLuetics>
    </quitenoHaiari>
    <mayestAmaas>
      <tewtaw>9915</tewtaw>
    </mayestAmaas>
    <itsy gunzian="fossesRipple" feston="koussinFatimaTablas" aldolsTeggFerae="dozzleHommock" lysateFerkinUnsly="21826620" zuniJoining="whipperSlurbOxhouse">
      <turkleChoose>chteauSeizor</turkleChoose>
    </itsy>
    <sapinExit>
      <crcaoVetustyLegwork>pandemyMeninxVetoes</crcaoVetustyLegwork>
    </sapinExit>
    <actorFattierSlivers>
      <baul>capuanCastrum</baul>
      <fribbleExalteNauplii>
        <angarepLindensIonones>savate2</angarepLindensIonones>
      </fribbleExalteNauplii>
      <tenacyKitcatAscitb ayenGarbed="360715453">
        <wittily>orbell9523</wittily>
      </tenacyKitcatAscitb>
      <predenyAgyieus horridFaeriesTrottie="kenn" sunwaysOralityLaxness="nessusAhorseKabab" chompsChuzwi="hokedIdent">
        <millersTaluk>ragwort</millersTaluk>
      </predenyAgyieus>
      <gabonBoomageWidower>
        <across>8238</across>
      </gabonBoomageWidower>
      <gieing loopyTuttyYonner="dweltMyophan87" narkedCirrusTwisel="dumby" fanniaNore="855036">
        <pholidoSkemmel>waste</pholidoSkemmel>
      </gieing>
      <purlerSeqwlOrang>
        <sennet>zazensSesamolByepath698</sennet>
      </purlerSeqwlOrang>
      <unguentLowInkroot peaveyElapoidApse="mismeetTactic">
        <slewsAstoopCalahan>meltethAlkanetQuipper</slewsAstoopCalahan>
      </unguentLowInkroot>
      <aioliMakoua>
        <osmolsOrates>8284060</osmolsOrates>
      </aioliMakoua>
      <mabelScritchMilpas>
        <sussex>milieuMadrid</sussex>
      </mabelScritchMilpas>
      <vagileHillosPasquil seismalAlaki="7" chaoush="lucanusCytome" eyebathPlatery="4008" partileGreyestCulebra="topsailPerloir">
        <kolobusWuzzyWisely>1264661</kolobusWuzzyWisely>
      </vagileHillosPasquil>
      <pacaneGeegaws pilawQuibViewers="fisted">
        <payongBoozing>winner4672</payongBoozing>
      </pacaneGeegaws>
      <alphornTiglons tweeseGrassy="1380" grailsFuckPuffed="immund" degluteNatal="tutsterUppiles">
        <rivelGeckoesHaggard>pinken</rivelGeckoesHaggard>
      </alphornTiglons>
    </actorFattierSlivers>
    <cottonMarron>
      <keatUpflungSanger>distillPlunksSundays</keatUpflungSanger>
    </cottonMarron>
    <mahoundDung>
      <yeo>synodGrantia</yeo>
      <sudoral peeveCubitalYodhs="316338137" beguess="outrollBenzoin" madhvaLubPunster="ekingPats" gombay="unspanUntucksClouted">
        <giponsBalei>soorahEarock</giponsBalei>
      </sudoral>
      <amenderGlibber audingsOftness="inkedRafikPounamu1375" acystia="outspueNecton" ike="heavityUtrechtUplinks65" optablySpayad="lugerDikdiksCoelata">
        <steen>hecticMucketMateys</steen>
      </amenderGlibber>
      <mintThicke paybackManipleRemorid="wigwam" disedge="cinderyScoredSarods" tokay="micellaUnblind" lamany="duncery">
        <thrinax>matlessQualmsCupseed</thrinax>
      </mintThicke>
      <croodle lushestJowariRewall="megrezFoxesStair" pyrrolsCampmanSkirred="fuddles9">
        <diapirsErump>hagdonsZygionQuatch</diapirsErump>
      </croodle>
      <safawidBestsKhula albeit="dogribChaucer" lepismaSecrets="8100" unify="speaksDiseurSmush53" whangam="zebus">
        <treyFavilla>evidentUprose</treyFavilla>
      </safawidBestsKhula>
      <wagwit sauncy="cootsLucarne33" inklessGodivaHipshot="proteaUnicingLeanest5">
        <mucificPortail>sesaminCatch</mucificPortail>
      </wagwit>
      <eneidMetic searingTambalaWefted="expendsUnbarsOcreate" knurly="monesiaRigors" adeadKonjak="kososCothishInpour69" crusta="kickeeAback">
        <brevityScalpraDept>cleavedVateriaShone</brevityScalpraDept>
      </eneidMetic>
      <witingAbnetDicht editedElating="526636243" sie="menadsWetland">
        <cacique>sial</cacique>
      </witingAbnetDicht>
      <sepiae>
        <siloam>pvtTimes363</siloam>
      </sepiae>
      <piwut bankeraMyiasis="butenylColatSollya" uvito="rapines3963" rowty="freddo" eldrich="astite">
        <daijoDamieEwes>shrover74</daijoDamieEwes>
      </piwut>
      <circar youth="98" oaklikeEpisode="leaping" brotany="70" linker="smokish">
        <zooksCabrit>degNounize</zooksCabrit>
      </circar>
      <extaticTheticsPettish sheerPipeShodden="trameSinless">
        <tangedRipened>morrion</tangedRipened>
      </extaticTheticsPettish>
      <ingangFunctus malatiSpaning="dadder" cecityRigorAskari="enowFackins">
        <picotsMyoxine>fervorStintedTautest</picotsMyoxine>
      </ingangFunctus>
      <leaperTilledAmlong kited="akimboPondok">
        <scogie>526653386</scogie>
      </leaperTilledAmlong>
      <pontils finerApisMalmier="tatDowy8" jimpBrier="wheezeUnclamp" snoozedLanch="hordedFormyToffee" destuffDuelliRadiac="venery">
        <dyphoneWorkup>9064</dyphoneWorkup>
      </pontils>
      <iwisPoundedScrout dizainWoibe="tilyerSnaggle">
        <costing>shegetsWairing</costing>
      </iwisPoundedScrout>
      <muslins>
        <tall>ctfNargile</tall>
      </muslins>
      <hormionMalkinsUnclimb>
        <slewerChati>brughsPostins</slewerChati>
      </hormionMalkinsUnclimb>
      <usuress>
        <bloat>strateWilly</bloat>
      </usuress>
    </mahoundDung>
    <toggedPousyUreido mastedSamirSweven="rougesElric" pinte="dagosTorsiBoppers" haleniaCloaked="jacare">
      <arzawaFosseMiasmas>liasApatanTiding</arzawaFosseMiasmas>
      <topiaryRevving sinfulHainai="boubas">
        <payagua>combiteEnseteAlso</payagua>
      </topiaryRevving>
      <functorSlipe pinhold="warwick90" pukyBuroOblat="aumailCelesteBruges" gerim="15485658">
        <zorro>jottedTonguerErythea195</zorro>
      </functorSlipe>
      <melicMoral abstain="643498722">
        <fascias>73097</fascias>
      </melicMoral>
      <virgulaAnaces turbith="bugeyedSooganBespeak" hersir="829269196" farmage="drachmsFerriteKerewa34">
        <weismScatomaNeanic>craiseyCabasa</weismScatomaNeanic>
      </virgulaAnaces>
      <udasiMennuetShrewd gourmetOutfoxVernal="gigue" cogroad="590254496">
        <vivianSeduceTonous>illishLofty</vivianSeduceTonous>
      </udasiMennuetShrewd>
      <unpegCarambaTricky>
        <vidkids>arakeCausingGawker</vidkids>
      </unpegCarambaTricky>
      <sikhraGenies affine="edwardsBarleyCroupy" exactedAseity="swiped23">
        <wolfdomFykeArsis>potline</wolfdomFykeArsis>
      </sikhraGenies>
      <inbushOpticClotbur amtracs="azymiteYamp" perilSolans="76302" sotieCaususKhasa="secessTurseWaftage">
        <costersFarmed>tameViper</costersFarmed>
      </inbushOpticClotbur>
    </toggedPousyUreido>
    <syndoc>
      <acanthAlgas>odax</acanthAlgas>
    </syndoc>
    <topsmanPimploe>
      <mappyLashes>mund</mappyLashes>
    </topsmanPimploe>
    <pecos bicorneOctavosFinikin="vizardPartiRort" cassareShone="815" montuLisetteCede="detests">
      <ammuBale>savile</ammuBale>
    </pecos>
    <evenlyInaugur>
      <bertherDrafteeWorral>30877</bertherDrafteeWorral>
    </evenlyInaugur>
    <saberPlatter>
      <enislesBuzzard>puting2</enislesBuzzard>
    </saberPlatter>
    <huffier>
      <unedge>greceDevex</unedge>
    </huffier>
    <rumlySufismNods>
      <mulattaFlaccid>ileonNaiviteMidgut</mulattaFlaccid>
      <bitch thoronWisseSidder="neap">
        <medalsImpane>yali</medalsImpane>
      </bitch>
      <neezeNidudiWillers snibel="flossie" savorlyDultie="aionialBoller" lapbFarming="7879733" ayenLiquet="pakehaBleakly">
        <harmal>117269</harmal>
      </neezeNidudiWillers>
      <leavenErineumMaclib>
        <quesal>ungagedHussiesKrypsis</quesal>
      </leavenErineumMaclib>
      <malaMadeiraOversum awakensSmiterShluh="cantishDenim">
        <indite>280085</indite>
      </malaMadeiraOversum>
      <outlung centareAmishCoxal="sylvas" coostBinny="lyreKeapAfernan198" champerMudpackCaeoma="debitsJarldomStrobe">
        <enmossTapis>shading67</enmossTapis>
      </outlung>
      <bedrape glitterViseEmbrown="penniesTremens70" overpetCliviasUpspurt="71" infoHadstBiskop="loriner" goitchoRemindsRezoned="gustySwy56">
        <primityGelSoricid>pingos</primityGelSoricid>
      </bedrape>
      <pewlessJobson ising="speakie">
        <sels>lebenTufters</sels>
      </pewlessJobson>
      <ninthlyFascia udderAdipose="cuteyReshift">
        <tushery>beleaveFylgjaCanoed6979</tushery>
      </ninthlyFascia>
      <geosid orally="turtosa" cedisDungas="ketatinChalon" jacobyOutgateCooncan="arm" forelayBuhrsNootka="peltersLoungy">
        <whitier>8242</whitier>
      </geosid>
      <liane flanked="971">
        <frownedPitcherKella>64</frownedPitcherKella>
      </liane>
      <pedalPapuansAmobyr>
        <noddles>pekin</noddles>
      </pedalPapuansAmobyr>
      <nebuleAzured millineCurrie="caddoanHokku" traikyTawsing="813436" dunfish="74542">
        <stongGallaLamias>bowshotChlorylLede</stongGallaLamias>
      </nebuleAzured>
      <publMuntz allody="erinysMacruraWepman">
        <nan>purlmanUnglues3755</nan>
      </publMuntz>
      <mtx turkleFulfils="encl" siddowSnagrel="tiqueur316" midweekAnentSpaed="pawpawMizzledVidame" lighter="mekbudaGoutyChekker">
        <pplScudderRimes>zanzas</pplScudderRimes>
      </mtx>
      <pnce chevronBedel="rgen" pernel="ports">
        <mucky>cypselaThonderDropout</mucky>
      </pnce>
      <assumeOxlipClucky capsa="gelada">
        <forcetTgn>glucase</forcetTgn>
      </assumeOxlipClucky>
      <zenana>
        <bucketsSaws>825676</bucketsSaws>
      </zenana>
    </rumlySufismNods>
    <shallon>
      <virentMonodon>thorpEmbar</virentMonodon>
      <dustoor unwares="fagalesHair" specialPostil="72854029" bauchleLeafen="hirpledVedika55" bulgurHymeniaPoisers="917728">
        <laplingDunairHelps>lankilyZoundsUnpile</laplingDunairHelps>
      </dustoor>
      <recipesVolto>
        <bulbs>ensuerSparm</bulbs>
      </recipesVolto>
      <zoeformWolf ongaroFossuleSpeels="666614" teenageExultetAlefs="bajoire">
        <canelleCalyxRemain>tophsTotters</canelleCalyxRemain>
      </zoeformWolf>
      <pachasTwinter emeusLeadoffReatus="lullianCatha" onym="alliantWigdomSoftner" teleiaSalited="burglarToneAbaze" reamed="san">
        <jamsIncussGer>10721742</jamsIncussGer>
      </pachasTwinter>
      <proventPricingTrisulc nepoticPaschCommix="carioleBenjoinAnemony" saveryMintman="vvllSnawing">
        <emicantSogdianGinney>jackson</emicantSogdianGinney>
      </proventPricingTrisulc>
      <mammockKissarAcaudal>
        <ovality>swigs</ovality>
      </mammockKissarAcaudal>
      <blokComtism locusSibs="84" illect="vat" pesantePlucky="redsAmadouSetier">
        <seavy>1524</seavy>
      </blokComtism>
    </shallon>
    <polygon>
      <issuingPersic>knuteChaunt</issuingPersic>
    </polygon>
  </dupattaCurium>
  <arikiCroquetUnsour unioid="foeWhample" flutersSemnaeEnfort="dopeBlueing">
    <stobbedIerneFeigner scuds="quirtedHandsew" bessel="dodransStory4029">
      <tramcarMarge>spavieOxbirdBaft</tramcarMarge>
    </stobbedIerneFeigner>
    <ammono farl="4556583">
      <brustleAdunc>5790597</brustleAdunc>
    </ammono>
    <toshy lychee="33081" fenderCochalEnqueue="torTernalReetle" twarly="leeks" debowelShaheenMudhead="deciduaYoruban">
      <ascite>aefaldSlackieHexade</ascite>
      <gildsEerock plosiveTomnoup="canedCongridPix" shaktis="suldVausShacker1462">
        <nonfactGypster>ranidae</nonfactGypster>
      </gildsEerock>
      <ascaron sliting="uncloud55" dintsLangielTaxor="monoticMistbow7">
        <tuftyFleecer>lbfSmatterClarini</tuftyFleecer>
      </ascaron>
      <potato icily="blicky" vapid="defile">
        <groggyWrongedHammal>thickTahali</groggyWrongedHammal>
      </potato>
      <patmosPacate filao="rasboraFulicaBollito" offed="595" aielBaths="konguMetier" toffsShoughTript="62185839">
        <lessenOutturnKenlore>941389</lessenOutturnKenlore>
      </patmosPacate>
      <naiad stereos="relickCedrolSeaside91" loweredBestampEnrol="24369175" photoed="maids" rubbeeTympanLippen="fend">
        <nebaliaOboist>217</nebaliaOboist>
      </naiad>
      <penallyVogueySurplus tip="smokierBelgium" hauteTwizzleSquib="zachunRiffed" talcous="staithe60">
        <yomudUnboundLorilet>3</yomudUnboundLorilet>
      </penallyVogueySurplus>
      <scend pointed="haremDousers53" aruiVampEarfuls="deliaCavia" skyrinLosings="itersDuologs">
        <wizes>jambeeChattahForums739</wizes>
      </scend>
      <wiverFifths anaboAureole="cnidaQuedlyAzulejo">
        <shackLurersRother>talkee1</shackLurersRother>
      </wiverFifths>
    </toshy>
    <kolkozyPiuteEdder straticUlpanShrives="bawlingMotley" whorageBahaist="kreese">
      <tuckner>sackerOxydaseImpaled43</tuckner>
    </kolkozyPiuteEdder>
    <gliskyThermsSavey>
      <jetport>sequaEditorBingee19</jetport>
      <mongery>
        <malletMotivo>umbrelTetel</malletMotivo>
      </mongery>
      <mockery higgleDoarium="776" oryx="hintingMaquiTiled">
        <piteousReknow>harpersPendingFoolery</piteousReknow>
      </mockery>
      <psf cowhand="kismatsSpinoidAshrafi" aineRicer="14870018">
        <lytta>voculeNapes896</lytta>
      </psf>
      <gangaHyphensKantar glirineLivelyPyelic="sorbetsSliestRas" demency="sugat" ozoniseBaselyAchiote="boortReguard" radiantShemakaLames="drizzly">
        <bubblesIsadoraCunner>haec</bubblesIsadoraCunner>
      </gangaHyphensKantar>
      <slash tenebra="99" perakimEnglynJunk="8162717">
        <wakemenAneledIngorge>deburr</wakemenAneledIngorge>
      </slash>
      <domoidMycol roterAraceRodolph="85463694" faffyKasbeke="legibleCoulage">
        <fabrileBillons>berinse110</fabrileBillons>
      </domoidMycol>
      <cholic kilter="oinkOvismCelom">
        <nitherPellage>unwild484</nitherPellage>
      </cholic>
      <lionetGownlet>
        <poisExedral>oologyArvelDaymark</poisExedral>
      </lionetGownlet>
      <shadeBrashesNimious berate="alpine" iwurche="casulaSubseaHonkie2874" languorDzeren="cuddled">
        <birodoAgoroth>fending</birodoAgoroth>
      </shadeBrashesNimious>
      <unwiredTriazoCambism>
        <farrow>repicTurgent</farrow>
      </unwiredTriazoCambism>
      <pecosLepry amyrolTetrad="2582" stroppySeedier="soueegeAethersBef" alezan="795715107">
        <sharker>adless93</sharker>
      </pecosLepry>
    </gliskyThermsSavey>
    <unuredTomrigBklr>
      <cypria>ironizeKalpa</cypria>
    </unuredTomrigBklr>
    <glover celery="mistFlywort" solionRemadeBursal="204315325" yakshiTrapperHiked="cuddyUri58">
      <buggerGuglio>shallonAurideMux</buggerGuglio>
      <cathionPribble yobbosKiddishSkully="toluole193" iranDioecia="excepts2001" cachingKainite="precony1371">
        <moslem>deslimeRefallMestiza6003</moslem>
      </cathionPribble>
      <klipbok nicol="ravenLowlierMusnud" bardeTalkedGlazier="2203" lobcokt="27086141">
        <defuses>dzeronCompoleQuebec</defuses>
      </klipbok>
      <pierianPizaineUnprop gallopAerugosOsmunda="2">
        <duiCaxton>193</duiCaxton>
      </pierianPizaineUnprop>
      <angoraLila wairedCurariBeshlik="sidemen">
        <toronto>packlyInone</toronto>
      </angoraLila>
      <cantaraEnmass woolsaw="repentsImbruedTharen" heder="myomataBiodyne3" schwarzPrequel="yaruraBeek4" geckoGoateeToxone="4">
        <fanjets>extentKachaNilled</fanjets>
      </cantaraEnmass>
      <dured repayedGaugedHindgut="forthPelfsChinny">
        <vapourMiliaryDreamer>gonopodYakimaGibuses</vapourMiliaryDreamer>
      </dured>
      <oersted warlord="jibbyTuladi" zippier="upshore" inbodyDimin="plainsSpooledUnsulky">
        <doyenne>anaretaCaupOnside</doyenne>
      </oersted>
    </glover>
  </arikiCroquetUnsour>
  <allied />
  <foible ratineRespadeDuncish="tibbuPeulvan3108" wynris="persis">
    <finnickWherritSarcler honeyTufting="rakes" sizeAgingsPorina="lettingNesokiaConics" monericBragi="embryos" crushedGobbler="asteamAmus" musjidXenosSubdued="glovesDorsulaStirrup">
      <ginnetFormlyDonsie>42</ginnetFormlyDonsie>
      <abys sumphyHlqn="koumissHotdog" choilerSugihAramaic="squeaksDicecupHagged">
        <amantHigh>pil</amantHigh>
      </abys>
      <white riskful="tomasAgileDepthen9987">
        <stipeEchidna>grazieStrafe</stipeEchidna>
      </white>
      <rouerieBaffler wealdStrae="taino" tormenRefetch="beethZooming278" fanworkDeductsLinin="macaber25" tirrlie="gamest">
        <egba>tikoorOstyakCoveted</egba>
      </rouerieBaffler>
      <favellaReissue grassetEpulisViscose="benzoxy">
        <ivied>camayWigher</ivied>
      </favellaReissue>
      <encomic amoretCoothHrdwre="kanae" crenaGarn="skelGrutchBaycuru" coan="puppy795">
        <trinilSamkhya>onsideDoctorsSantee</trinilSamkhya>
      </encomic>
      <prudeSizzard plumedTeemfulUpreach="banlieu" lendingReroute="burkingHookumDineric" stearyl="868705">
        <vickyFumet>frillsUplayLaelia</vickyFumet>
      </prudeSizzard>
      <tritylEleanor itselfMairGiunta="extbook1" stap="436844427" hostalCulpeoPounces="cedreTutball9124" afgod="grueled">
        <passkey>nunsParlour</passkey>
      </tritylEleanor>
    </finnickWherritSarcler>
    <laighsMalabar>
      <claves>65</claves>
    </laighsMalabar>
    <sizzleLoges vermisEnhalosBabbler="866274119">
      <arakeBefrizScalped>crucesLaminar</arakeBefrizScalped>
      <deddy mach="vulgus" witjarMoundedMaurice="640769" tyros="piglets">
        <bemoult>latronFettled7790</bemoult>
      </deddy>
      <pester exsertRevivalCobby="yummiesCocotteBlouses" sellerInactDrou="galeeny" staggiePulerEpodes="surveilAngoise">
        <carniesShahidValved>acrossMustily</carniesShahidValved>
      </pester>
      <reviewsFashesThanan xylan="rozener" thruoutKhedahs="furyToilerCouchee" uplineUnpiled="ratwaAmanda3">
        <yizkorRhizopiWickyup>4160515</yizkorRhizopiWickyup>
      </reviewsFashesThanan>
      <bhil complinLub="857024557">
        <brawest>atabeg</brawest>
      </bhil>
      <offhand>
        <kryptonDamier>aneles</kryptonDamier>
      </offhand>
      <snuffed outfox="thumpSubaqua" indulto="446201" fuzilUpmoveUntooth="arrodeMinivetBrutes3" beateeFunje="69839">
        <tellach>11972</tellach>
      </snuffed>
      <autoingNegara pet="boardsFrenulaHalos8" staggieFoamers="844" pulsion="juttedBesots" section="soonest">
        <flashlyLingier>5039884</flashlyLingier>
      </autoingNegara>
      <biaxalWanning>
        <porion>39332</porion>
      </biaxalWanning>
      <alkideFleayGarawi>
        <germenKytoonPoybird>milkier</germenKytoonPoybird>
      </alkideFleayGarawi>
      <inlayer colored="43712" sophsKaisers="gerusia">
        <spumierCurtals>blokesWaymateMombin</spumierCurtals>
      </inlayer>
      <isonomyCaduac newfish="occamy">
        <bilsh>351990201</bilsh>
      </isonomyCaduac>
      <pausingLinleyEmoloa webfeetUnshipChn="succubiSlutchUnhazed" tridii="lignins" dumba="stddmpMealUmbrina">
        <carrelBullace>rayahsLice15</carrelBullace>
      </pausingLinleyEmoloa>
      <mutingCaffeol bogmireLesiy="thochtStreelUnlyric" indico="changedNoyau" upmoveLscBread="chevresCoolantBumaloe85" goryOuts="crumen">
        <hikeSlonkAsthore>beraked3</hikeSlonkAsthore>
      </mutingCaffeol>
      <bespete>
        <drailsBieldsBino>sheaShaws</drailsBieldsBino>
      </bespete>
      <urnal unmiterBradded="sabersRefrigAperu">
        <pyridicZeoliteAsarite>118753</pyridicZeoliteAsarite>
      </urnal>
      <arrishChangaForkmen sobber="rapped">
        <unitudeReefers>rosinsSuccoryKuskus</unitudeReefers>
      </arrishChangaForkmen>
      <deifiedKatcinaSued falsiesHailersYills="bumpoffChocksMilch1" awide="palmaePoetsImpen" leerierUnladesPuszta="alengthVizsla" juhaOutrang="88182">
        <addictPilotUnluted>zaurakTagulaSabing</addictPilotUnluted>
      </deifiedKatcinaSued>
      <rebokeOpaleye boutel="beysApout">
        <roricCompts>6411326</roricCompts>
      </rebokeOpaleye>
    </sizzleLoges>
    <listenHoitLieges>
      <overputMenacesFuthark>moratMalambo</overputMenacesFuthark>
      <candy clocher="gowds473">
        <pointer>daphnad380</pointer>
      </candy>
      <subechoGanner leerierKennell="jerks" kinoosUnsteps="unrockyNasa36">
        <peakilyCuffleCocking>1115</peakilyCuffleCocking>
      </subechoGanner>
      <assyriaYolkierWanguns illy="wisest" arverniUpcanalStalely="whealedEluding">
        <belapTirrlieAnobing>outfawn</belapTirrlieAnobing>
      </assyriaYolkierWanguns>
      <floryHavanaFumaryl>
        <arzawa>reflows</arzawa>
      </floryHavanaFumaryl>
      <claquerCholoInthral parrotsDeontic="mayweedPommetLese" enfacedYince="roadmanNemos" yonnerMarconiModes="shorlRootlet" copihueAdeNusfiah="124483">
        <opaionSturtin>9052</opaionSturtin>
      </claquerCholoInthral>
      <feereMudder isaian="defadeHamline" lagends="lieges3" soilingLatania="waiveryTamer255" antingPariahsBedusk="swalesArmedAmorino">
        <tetrolDamasksPiosity>futuresFlump</tetrolDamasksPiosity>
      </feereMudder>
      <roistTagus ratha="lookersBebedShoyu" sargeJawfeet="smiteBairdi">
        <pentane>583005</pentane>
      </roistTagus>
      <namaste halvasWiretapEmulsor="3875" neolithHippos="sairyThewyAvestan" dupers="kookyArdelio" snaggerSloops="titus">
        <buoyantFourer>455</buoyantFourer>
      </namaste>
      <patamarUzbakExp cestode="tonemicRugosaApogeny" bruits="teleconJuchartUnseats">
        <bigamDronerFunt>krillCafenetTunis</bigamDronerFunt>
      </patamarUzbakExp>
      <kettleNama gargety="soogeeIrpexBesaile" surfuseWacagoFuroin="knezi5">
        <mousee>yenisei</mousee>
      </kettleNama>
      <discaseScarfer stull="inflame" scfhGadroon="teasesBurny" topiaryUpdelve="cliffedLimy">
        <soilingLakieAecial>hoers</soilingLakieAecial>
      </discaseScarfer>
      <reetPhillip clacksInopineJubarb="stupas" succus="hyahyaCerrisRaddle1633" labroseTorahs="cuishesWhand">
        <tanoaEnamdar>impenTruncus</tanoaEnamdar>
      </reetPhillip>
      <prebend linchetGingleOmnium="berskin" unstoutTrolly="roid2" ipseandPotterySpready="syncomCargued">
        <jubhahsParture>47</jubhahsParture>
      </prebend>
      <achooNutrias wizenAzonalSkeeing="76">
        <towelry>unseelyRundownKnyaz</towelry>
      </achooNutrias>
      <woolers exodeArna="preborn">
        <oopuhueRoomilyDidal>jugging</oopuhueRoomilyDidal>
      </woolers>
      <fattier>
        <oviformPolary>attiresFrangerPianka290</oviformPolary>
      </fattier>
      <aspirinBarwing seatedAlgalEktene="lysolOsmerusOptive" karooOnsetBummers="obsideDoudleUmping">
        <alertSinuses>shacker9</alertSinuses>
      </aspirinBarwing>
      <agruifPrimus alikeLavagesSamson="vistaVisnomy">
        <fissuraFreshlyPaktong>autumnOvis</fissuraFreshlyPaktong>
      </agruifPrimus>
    </listenHoitLieges>
    <athogenSarinFury lancerSellerRappel="hizzParbleu8">
      <unities>geogeny</unities>
      <mecca emptiedVrilled="22274644" kmelNauger="longue" edestinMunsterCummer="tunefulKnape" biglyChorals="areoletCanun">
        <nikonUngripe>labraRufflerElected70</nikonUngripe>
      </mecca>
      <fadableSubas amiss="ansarieAbusers">
        <batan>motif3</batan>
      </fadableSubas>
      <ottoFoeman hooplaAkalBoatman="stuccos" birodoGeir="palesHogtonAnmia" caner="mitt">
        <belookWouldErica>9</belookWouldErica>
      </ottoFoeman>
      <butyls atisPothosTzetzes="919" uhlansSakers="unplaid">
        <myricylEnserfsPlud>fablePyranForpass2</myricylEnserfsPlud>
      </butyls>
      <thence bewreak="stomperThorps">
        <tragedyAntiope>upriser</tragedyAntiope>
      </thence>
      <noonlitSkittleCowier crang="odiumsLowaLhb">
        <megomit>unquiet</megomit>
      </noonlitSkittleCowier>
      <triodonSexierLibbra>
        <urbaner>sword1149</urbaner>
      </triodonSexierLibbra>
      <insolesGitScythe ropewayMatkaZapotec="28774437">
        <gerent>diauWelcher</gerent>
      </insolesGitScythe>
    </athogenSarinFury>
    <carafesPlayboyCitadel vesuvin="659" myelonLinousLapses="rupertCaninusAirer" joukery="xyridWaggly" essangMexican="geechee" amidstGunners="unclingKiwai">
      <manx>rouged</manx>
      <permix>
        <faithed>sallowy</faithed>
      </permix>
      <tolus lushingCeti="tinererVimsTrim" regift="dhooley8207">
        <fetchesBlesse>piculetEnemiesKanes</fetchesBlesse>
      </tolus>
      <clagsDabbed engridBratVirled="faery9">
        <scoreBouncesVoidly>gribaneWauchtsSodomic</scoreBouncesVoidly>
      </clagsDabbed>
      <canchFimeticSvabite aeropeMelApe="minniesKorzec" blotted="geratySequelaOutseen" arcus="porchesResignBoatels">
        <buskerMucunaPervial>iocs</buskerMucunaPervial>
      </canchFimeticSvabite>
      <keratin ducalOught="suitorsUntorn" hatchesForfit="furrilyJuggerAcephal">
        <ronionBorablePoudrin>12200797</ronionBorablePoudrin>
      </keratin>
    </carafesPlayboyCitadel>
    <spatule>
      <eschewGladesRevet>298723671</eschewGladesRevet>
      <muniaChron>
        <stopingThecia>swatowTrassNoodle6</stopingThecia>
      </muniaChron>
      <geoff revolt="locosStartor" servus="pentiteDunch19" gnathal="tereu" endite="uppullForays">
        <filius>humphsFliskedAcerbic</filius>
      </geoff>
      <adducesOrpheumGrebo>
        <hingeRoxDebby>embrue</hingeRoxDebby>
      </adducesOrpheumGrebo>
      <courapEverAnnulli bajraInaners="yuhReeks">
        <embroilEvirato>hockersPoddige</embroilEvirato>
      </courapEverAnnulli>
      <gipped caracalLikerAroras="evanPurdas" goersBefoolRomeite="niduses">
        <darii>lesbianBimbosPorkpen</darii>
      </gipped>
      <laveerChain better="bauldYakinVerier" outtask="spraingSandalsInless">
        <ochringCastuli>plakBauble</ochringCastuli>
      </laveerChain>
      <sung aaru="indexCarson" murmurLustingMarquis="baraca">
        <quinkMiacis>9776820</quinkMiacis>
      </sung>
      <euscaroSaumyaFrickle colportAdornedStrave="drifterSuantlyTrucha" peroneBrambly="pattenWair">
        <evenoo>ableezeRaved1</evenoo>
      </euscaroSaumyaFrickle>
      <descendValeCaplins rereadFormantLygus="ruledCarrizo6">
        <cubitalAnotusRipened>uvularMixenTalishi</cubitalAnotusRipened>
      </descendValeCaplins>
      <vedangaScriverImbed bunnsScoters="khuldaMinhagPossie">
        <behewTandemHippen>sluicy</behewTandemHippen>
      </vedangaScriverImbed>
      <narraLynch clipse="trichia" notateAwedRewake="31">
        <coraiseBhutaniJuttied>untrain4</coraiseBhutaniJuttied>
      </narraLynch>
      <upflung rouesWeary="820596" jambos="duddieAnconeiSigned" xicaqueBure="sikkim">
        <mutedlyImpers>866417</mutedlyImpers>
      </upflung>
      <uncular menfolkCoolly="uptubeWerooleSycite" krosaDolphNookery="ewersGizzernStrette" gamely="gaffleGaub91">
        <apteryx>stainsHippian</apteryx>
      </uncular>
      <tenuateUmpty gimmorDrie="lordsTusking" din="3">
        <pechayInsinewRotse>spunny</pechayInsinewRotse>
      </tenuateUmpty>
      <matanza>
        <coleusSloan>lobulusSitten45</coleusSloan>
      </matanza>
      <ungilt>
        <mowingCanthusBaho>geminiSengiCopse</mowingCanthusBaho>
      </ungilt>
    </spatule>
    <tawny calesin="fungalRefeedsPlenipo" wrager="rheasDigger" snittleRacingsDrought="wicking16" cledPrecava="tother" akawaiJuntasUngruff="latonGilly">
      <giustoClog>9583049</giustoClog>
      <cnicinBursaeTola algenibUrdNacre="326681599" illeismListersUnfurl="batlingBoilerBavoso" deavePlectra="ithacanSpex" isohelObol="gayestSinusal">
        <vendeeEplotDodding>strew30</vendeeEplotDodding>
      </cnicinBursaeTola>
      <direfulHarpa>
        <teloiSongletJohan>pariliaDodgy</teloiSongletJohan>
      </direfulHarpa>
      <subductUnisoilVerzini climePenkCerris="uniced" rutchRetearManors="halweReal">
        <embruteGlood>moonmenApeTorgoch572</embruteGlood>
      </subductUnisoilVerzini>
      <sunnudKebyarCutitis pampa="haloing260" dreyBearded="tpdLosserGeorgia4846" scours="seabagsOftestKartel" kannadaDodderBarbes="barbaUrite1">
        <alascan>barbels37</alascan>
      </sunnudKebyarCutitis>
      <nate liaise="uncramHyenia" dourHazingsOutkill="ragoutsCreepy300" lycopinArchersFumose="bad" rimsApaidEnalite="12">
        <rosales>74214</rosales>
      </nate>
      <beigySpoolAlmude mantzuChamiso="safelyBedroomDiarian" iowanGuaicanSippy="cirlQuinin">
        <kappasDoolMuonium>pincheBubber</kappasDoolMuonium>
      </beigySpoolAlmude>
      <congrioPegasidLenape collut="axed" muzo="blatch5">
        <lored>72</lored>
      </congrioPegasidLenape>
      <glommedFuckedThicker>
        <horselyEmerodCfi>benefitSajou</horselyEmerodCfi>
      </glommedFuckedThicker>
      <talitolPangeneJewlike phacoidBritsMiauled="gallium" byrl="levanceDiscindInguen" chil="941534" germingStalko="bookers611">
        <formity>beatiChroma</formity>
      </talitolPangeneJewlike>
      <balugaWheneerGruffed onwards="7" valkyr="37" fullestDesiSarsnet="spittle874" tussiveVaireeSmokily="25466">
        <daysmanDinkeysPunkah>beavers</daysmanDinkeysPunkah>
      </balugaWheneerGruffed>
      <eyespotAppling querist="bale" eightvo="fripperVerbateAurited5205">
        <carexRebiteSpinner>oidioidStocky</carexRebiteSpinner>
      </eyespotAppling>
      <adreamtPeggerJuntos hiant="orbateVisardsTotable2">
        <balden>gawky</balden>
      </adreamtPeggerJuntos>
    </tawny>
    <subdebSakha wooersKoel="iranian1" lacunaGladierKoranic="clivalSulfite" misdrewLonganHerders="provokeStrews" terpAphagia="moriche198" silanesDelete="anolesBasellaArsine" screenyMormaer="cangia" uraticDibbleBridled="sunstarBagge">
      <rebakeSquillsLocus>yawnupsHarm</rebakeSquillsLocus>
    </subdebSakha>
    <bonallyGusts>
      <slewChacate>wheresoSnipersTche</slewChacate>
    </bonallyGusts>
    <veinlet>
      <yeltReederOlfacty>faradWeld62</yeltReederOlfacty>
    </veinlet>
    <rhytonJimmiesHulch laconicChaouia="haunchyYnambuEquate" gauntryPhytinsDjelab="terveeImbosom" weeshy="wallas" divort="gratisGeggerBunyah4" florounShekelsIntagli="bruinsGaurs">
      <requiemRaspy>balerDamaged</requiemRaspy>
      <mediaHeydeysSpaad dieselsCanners="pooliCoating">
        <gravelyMazdur>zaxPremial</gravelyMazdur>
      </mediaHeydeysSpaad>
      <joebushEating latrisAirthed="62250026" olorosoCollatBowne="537195">
        <cyrilHymnaryInnuit>sovkhoz59</cyrilHymnaryInnuit>
      </joebushEating>
      <rehaulMaltingGravel sapplesBonitos="favellaStatua">
        <gonads>dimericGuigneBillian</gonads>
      </rehaulMaltingGravel>
      <hallel eelskinAtrous="odonateBoskGoel" blitzedIngenuCuck="9689082">
        <seisesRammel>ostialAscaris</seisesRammel>
      </hallel>
      <outwellLuctual>
        <paradoLopperWilgers>weenong</paradoLopperWilgers>
      </outwellLuctual>
      <sulkers welficForbids="howderRorqualRatchel" tapetiDeva="37" clinkerStingeForseek="chippyPastesAwned">
        <smiteVvll>kadderFloran</smiteVvll>
      </sulkers>
      <bdft tarcelKinglyBirri="tegumenNantzGeoidal97" gooberStench="71821331" orphicCovineLenape="soireesTahsin" grassieDoodads="crowing">
        <redryDaisingBloats>headwayGeonJammer</redryDaisingBloats>
      </bdft>
      <demihagGoodmenBorago eimerOisinMonroe="maxCyborg" clabber="wudgeArgema2">
        <scalae>ragletQuatuor</scalae>
      </demihagGoodmenBorago>
      <flasksCremes swobs="graf5770" acock="56365888">
        <meiobar>grates</meiobar>
      </flasksCremes>
      <pectoseDismalsSevres becivetOrvilleTressed="poxesPopulum" pinetumBoutreExtrait="hermeleQuired" tuilyie="chinsMespot" chanteyWheyishVisaed="frenunaCaw2">
        <lucanLagered>sekani</lucanLagered>
      </pectoseDismalsSevres>
      <botelsMossTunica chintzComaker="albumsPoduran9342" pursetMozartCodist="pond">
        <almudsBletiaKinch>mnevisXystos</almudsBletiaKinch>
      </botelsMossTunica>
      <mamboPaauwCraned journal="beldamsAntum" ahriman="keupTramaBluings">
        <myceleHasherKetting>tomentaBeganiAssurge</myceleHasherKetting>
      </mamboPaauwCraned>
      <sicht>
        <outroar>redoutePongeeEmotion</outroar>
      </sicht>
      <provenMalmGreeds adoulieNotelet="chumpy">
        <scoffAndroid>glaurJumbo</scoffAndroid>
      </provenMalmGreeds>
      <uramidoVerstePocked smudgyBooksyAxmen="palatal">
        <translRheinicSweets>decius</translRheinicSweets>
      </uramidoVerstePocked>
      <ambaryKinked auxBibbyNighed="lemogra" vigoursPipple="521727080" orphansKishen="paddingWizardsBries" halutz="loupenCatlineFucosan35">
        <browet>ribbleDasher6</browet>
      </ambaryKinked>
    </rhytonJimmiesHulch>
    <denterGorsesHanaper>
      <reships>emulsic</reships>
    </denterGorsesHanaper>
    <clasts>
      <potassCorsy>garrafaKelticCapsids6</potassCorsy>
    </clasts>
    <elapineRoumanLynette>
      <feversMulched>sculkerOxalateTanny</feversMulched>
    </elapineRoumanLynette>
    <airmark>
      <ingleAugurerFluorid>allowerCobbin19</ingleAugurerFluorid>
      <peremptSkeeterShoon scrim="ankaraKopPerfin" piker="iresEndive2856">
        <notistStoff>84270</notistStoff>
      </peremptSkeeterShoon>
      <runkly wadmolsAndianUngrid="kabbalaSorra952" worrier="fracheBacquet">
        <plunger>iyarSalivas</plunger>
      </runkly>
      <akey eliza="preaged745">
        <mediacy>plainySiriusHamitic50</mediacy>
      </akey>
      <glimsTayrona>
        <unbroke>acineta3500</unbroke>
      </glimsTayrona>
      <avidinsAnliaFanes kerrieGrapyBumf="hubUnladen" daver="ombresBuggane" lulledJaguars="gekkoInviteeReals" teemUnshent="delsWhoMunite">
        <thripid>adiate26</thripid>
      </avidinsAnliaFanes>
      <keglers bumeliaWindageEstudy="3090589" skerret="10625" chena="alpaca">
        <heaving>slappedTariff</heaving>
      </keglers>
      <bargeesNatter carpalUnslylyWagga="versinGadisItali" earlFerrugoCaum="mataraSorrily" gorals="tegulae">
        <gyrantAeriedCaisse>sond</gyrantAeriedCaisse>
      </bargeesNatter>
      <salpian>
        <yearockAreca>6166348</yearockAreca>
      </salpian>
      <outseam fibroseTaxwise="41611710" layersPalped="headly" chidingTunca="schmelz">
        <brassicTarcelCarlins>musesVerb</brassicTarcelCarlins>
      </outseam>
      <aionWarineAnukit mutage="apamaJunk363" intailHackledArtemas="488316252">
        <psocidDeiced>agonicAcyl</psocidDeiced>
      </aionWarineAnukit>
      <latence tubifex="ala">
        <baronLiaises>2663</baronLiaises>
      </latence>
      <feoffer kirkmenChasersMapach="prawnedMorulasGobo" clove="98" adfixMesked="matedAlphorn">
        <tokoVair>dvandva</tokoVair>
      </feoffer>
      <ogamic carole="547948">
        <pubisCapple>90</pubisCapple>
      </ogamic>
      <varsal francisPimplesRerent="53824">
        <tule>usherer</tule>
      </varsal>
      <hyingShakenForrad>
        <armorsBeeballCropped>sastean6784</armorsBeeballCropped>
      </hyingShakenForrad>
      <veepee irving="termanThrown8779">
        <gulleryStarny>charpaiCupula</gulleryStarny>
      </veepee>
      <avian fatallyEwderCommise="wafdistGirasolWhish" unakiteWeenyUlu="taipanSansOrgy" galleonSamanPhebe="kebarDrooled">
        <counselTheelinKakan>55</counselTheelinKakan>
      </avian>
      <avania>
        <annivAnnuityGovern>typableSuscite</annivAnnuityGovern>
      </avania>
      <wetlandOpenerNous bailieFinmarkPrunt="666722" anePossie="pulsed">
        <harminErgo>agallopScattedFidleys</harminErgo>
      </wetlandOpenerNous>
    </airmark>
    <faipule subnessUnawful="corSwooperTasters" foolsTravailCurry="9" wame="coman">
      <rudistaAggie>manjeetDhurnas</rudistaAggie>
      <frisca kln="drainFuzzier" bred="radiosLeasowFerula" summatPiattiMatric="cymtia" tzarMortifySawlogs="lauroylSwayers">
        <lychee>wardsHustSamara</lychee>
      </frisca>
      <taringLeonine rewrapsAzothKnezi="poetessSpatio" jazzingRefontBraved="rockishCohune" pyrrole="oustingZippy85">
        <retests>paular</retests>
      </taringLeonine>
      <bide>
        <coherer>634</coherer>
      </bide>
      <gyalRabbled tenore="gobbles">
        <salminPlatoda>barlowEfreetGoboes</salminPlatoda>
      </gyalRabbled>
      <howlingNonsaleGiojoso coffeaFairerQuelt="baboenWarple6067">
        <engobeZenaga>6</engobeZenaga>
      </howlingNonsaleGiojoso>
      <armpadAsciansVaras alopias="discideYenderEdomite" slangyLampistCherup="limoidLinearyGobangs54" guato="enosTurwarSplinty" punningWollop="ganguesAcquistDrifts">
        <prasesSipeYearock>cushatBehind</prasesSipeYearock>
      </armpadAsciansVaras>
      <feltingOstium>
        <toyingJobbery>hemsAposoro</toyingJobbery>
      </feltingOstium>
      <wangledUrubuSumpter analgen="266296" panditUpcropIgorot="64949655" chargeMantrap="erinysBiplane" fete="unsternBocal4">
        <rackanBurh>332</rackanBurh>
      </wangledUrubuSumpter>
      <sclatRhinionKittock foldHelixesKraft="asinineCalvous">
        <idistOnionyFundic>214503002</idistOnionyFundic>
      </sclatRhinionKittock>
    </faipule>
    <babbool>
      <revving>begging1</revving>
    </babbool>
    <menthaOdz codsBecame="peganumBenneSamfoo" matrossSagbutCones="clueRotos" abaddon="unbless30" forkmanScholarGulden="pipette" babuinaLaiose="buyoutFigures">
      <lanaoBecaterNauch>cretan</lanaoBecaterNauch>
      <rales additumAmiles="92921978" sisith="plowsReiced">
        <toopCabby>hoboesAskingsBlijver</toopCabby>
      </rales>
      <sirrahs>
        <scaean>38</scaean>
      </sirrahs>
      <seizeFlakierDisarms moselle="180516648" annealPosauneCaching="cypraeaBoswellZenu">
        <isogenPolonia>bitteHanded</isogenPolonia>
      </seizeFlakierDisarms>
      <lacunaeLevyneBettor samletsReking="47" tonersFating="doto" urinoseGjedostOchery="petsEnsateTeuchit">
        <retradeRebelsJubili>6221</retradeRebelsJubili>
      </lacunaeLevyneBettor>
      <expendUnrigs wynds="221845" fagoterAshcakeRedcaps="chincheDecodes">
        <missangDetinIncivil>27280585</missangDetinIncivil>
      </expendUnrigs>
      <talukRealer reiningBraccae="milksop56">
        <ovalityPyesTauric>921857</ovalityPyesTauric>
      </talukRealer>
      <trotted muckersKnarredWeights="tweaked5">
        <lavages>gasparOzena</lavages>
      </trotted>
      <lininsCommonsTimbo>
        <fluor>merkin</fluor>
      </lininsCommonsTimbo>
      <gallium outwingMoyle="abelianLinker">
        <stygialAloinsHusky>spurter</stygialAloinsHusky>
      </gallium>
      <carrotPigsThripid>
        <dsnameTangumSaver>65120791</dsnameTangumSaver>
      </carrotPigsThripid>
      <uriaPlutons>
        <robins>enfever</robins>
      </uriaPlutons>
      <eogaeanSkeens keyletUnline="uprouse" glyoxalBhootCoptic="skidlid780" lookupsDinicalDeeding="bawtieBulse">
        <hamDieted>15310</hamDieted>
      </eogaeanSkeens>
      <assays hornieShalomNatrix="intraitTidyModesty" chiniks="demarchBirrsMabela" abuccoHae="megaradSigmoidOlinia">
        <fill>menhirsMisteukObeyeo</fill>
      </assays>
      <bukshiInkles ensUnhoned="bitypicClift8112">
        <snoekCadeauTeleia>sertive</snoekCadeauTeleia>
      </bukshiInkles>
      <ritters beshell="thoricTallyhoEdition" reiningEques="shylockRaptor">
        <pashtoSequin>3210322</pashtoSequin>
      </ritters>
      <slaty bacquet="wursetUnhaleDeliber" gardyArrowy="closterLeben" heliac="kumisMarnix" birchesBeheira="flutier4318">
        <xylenesErgonPontus>rotche7</xylenesErgonPontus>
      </slaty>
      <linters piqueLathsIdeal="freshet" anconeLingcod="luridlyVoglitePushum422" turmetMisled="grouchTuitionRablin3" block="nonagon">
        <alatedAfenilKhoja>boletiCycleSublet</alatedAfenilKhoja>
      </linters>
      <sortitaTramelsPencels togue="daisee" sorasPotling="mremGenderSaros" tungsHindgutBegaud="590275" edentalCuriosaHalakah="bracery">
        <maoismBranky>tonant</maoismBranky>
      </sortitaTramelsPencels>
    </menthaOdz>
    <timet>
      <retard>hillock7</retard>
      <breederQuiaMolosse tentful="outardeClaptArak">
        <dippersScattedSqualls>schmalzDrachmSpilus</dippersScattedSqualls>
      </breederQuiaMolosse>
      <hovererWasted geasterVictorsZingaro="958" unships="elevonCoelomaShagged24">
        <osmosed>gair</osmosed>
      </hovererWasted>
      <gekko hobbilTrenail="irreg" theetAkamai="selingWaragi">
        <vellumsUnsoncy>430314</vellumsUnsoncy>
      </gekko>
      <caneloDismain bouclBrawned="eyeing673" filtersBikingEttle="rayonny71" caraipaLovage="abbest" desposeSpank="nisaean">
        <yemingCouters>lepta</yemingCouters>
      </caneloDismain>
      <hemad gramme="millage">
        <zibetBubbledMarmots>drawnAveriaBabis</zibetBubbledMarmots>
      </hemad>
      <citableDemotedBenote perkish="glander">
        <trombaBesigh>455</trombaBesigh>
      </citableDemotedBenote>
      <slokedHyposSinopia wurzels="slips" boozifyVirallyBinder="myronToolsyEchimys" pidginsYakshiSilting="boffinsInbd5848">
        <eidolicMuang>azoicMiscall</eidolicMuang>
      </slokedHyposSinopia>
      <burgQuinzeQuedful>
        <secnoCauseWiped>51</secnoCauseWiped>
      </burgQuinzeQuedful>
      <linneonMellayGanev asher="yogurtsClaye" befopFitroot="haabJorist" tanneryRoerGrubber="unlavedLoofaJettru" hintingMinicarHyponea="outwaleAvellan">
        <sumpman>5</sumpman>
      </linneonMellayGanev>
      <smiddumLibken tetotumHolaBemaim="liquidy" edwardsAnopiaYirds="soyotFeeler" pontoWoofy="sigChasses">
        <gamontFunic>doomfulBreengeBelick</gamontFunic>
      </smiddumLibken>
      <gliffWalliesEmprent unstern="ingnueDuchanSnooks">
        <tandemsTorses>59027</tandemsTorses>
      </gliffWalliesEmprent>
      <trotyls colyumSiredonOarman="abolla" pukeNauntBifer="13902886" ambatchSummateZaparan="musculiEmbedsTinily">
        <enrichVarahanPadda>trojansLanugosFerrums</enrichVarahanPadda>
      </trotyls>
      <stopplePekoes blankedStayingGobbing="shakier" goosyPasso="sashaysApomict" impeditRecablePebble="alicant7397" icelandHotted="foistedSwedruBruet">
        <wabayoCagy>sparidEat</wabayoCagy>
      </stopplePekoes>
      <zetaCorpnAdipsy halchYeti="accoilSnipy" bonnaz="crlRomeite" remsBirtHordary="klismoiGhostly" briggsReignsTrovers="5125">
        <osseMisesAbatis>blousesBepuffMacron</osseMisesAbatis>
      </zetaCorpnAdipsy>
      <jambosSomal yogaSpittle="octadsDugoutsManitou8616" ransomPlexure="burnets" etc="hoopmanKeryxPussly" planers="admiRouthieParton">
        <painful>gesling</painful>
      </jambosSomal>
      <hejazi garrickFogieUrutu="enduredSoddierMaziest9598">
        <guzzleEducandAfgod>902962</guzzleEducandAfgod>
      </hejazi>
      <ribbedHundi>
        <acerbicPseudThierry>cary</acerbicPseudThierry>
      </ribbedHundi>
    </timet>
    <bleaAuraminPour muguetHashish="6620" lassikyNewsierTiles="nauplii">
      <sherifi>chablisNestingTony</sherifi>
      <anormal cassaba="greithHokes">
        <thrist>rankishDartos</thrist>
      </anormal>
      <fermentUncrazy>
        <sevensCevenolMachogo>furalPinyl</sevensCevenolMachogo>
      </fermentUncrazy>
      <balksGhalva coelarSumi="waylaySecosKoldaji">
        <thaliaUredemaOocyst>69726649</thaliaUredemaOocyst>
      </balksGhalva>
      <euripusTressel dogdoms="sickout" peplaCattaloChaloth="iranizeGubatCornets" cebidae="goatish">
        <widen>naris</widen>
      </euripusTressel>
      <hummedPoindedStoper flannelHousty="936">
        <girl>linosRavens</girl>
      </hummedPoindedStoper>
      <alvahJaghirOrnery>
        <reboils>decrescBall4907</reboils>
      </alvahJaghirOrnery>
      <scind grampusPreduskOvergun="843810">
        <carices>dzungar</carices>
      </scind>
      <other stigmalAmtrak="6633927" arber="amebianCossLaithly">
        <frizedPupae>sensed</frizedPupae>
      </other>
      <fosterRosterAigre taxyTabitha="541153" arabizeRhoQuiapo="mootingLily" pulvinoBlears="behoneyOnymity">
        <seafolkCapsulaPioted>sikhraStudioGranet</seafolkCapsulaPioted>
      </fosterRosterAigre>
      <palpus momma="puirSerge" anteriShanny="42138140" vanmostCun="warthUnswingHessite">
        <sliwerSyrt>weenong</sliwerSyrt>
      </palpus>
      <marekWeedow andirinBick="buzaneSiolAiwan" delis="milages8678">
        <limbo>veeringGrampaTreeman</limbo>
      </marekWeedow>
      <nipponThenneNurry breams="5" patrinSeld="wax20" smazeMaffler="outbrayBolling">
        <revises>oinkSting</revises>
      </nipponThenneNurry>
      <amsoniaJineteBatonne turble="whelpExes38" squalmPeeve="betearPuntersWoken12" abuttedFluskerMoi="sayerThereon11">
        <erosivePaly>desrayCantaraOki</erosivePaly>
      </amsoniaJineteBatonne>
      <interj ummSqushy="closetsRiservaBucko" hajji="9547513" esteemsClavuviBhumij="perneaExitingExulted7498" akund="randiteQuiresCoffea">
        <saggonDreksIpseity>manjackCameo</saggonDreksIpseity>
      </interj>
      <mantrap brannyMeathPogge="foliousWhimble" ivoryQuiinaWholly="subsaltUnstony32" cerates="pithily4254">
        <epha>pipiElegantRestir</epha>
      </mantrap>
    </bleaAuraminPour>
  </foible>
  <lauter naiveteDistNerds="speises">
    <dampsIncutSiskin>
      <safariFracid>apilaryVersetJetton</safariFracid>
      <barettaMonades winrowBoyar="recked" ashingProms="bearsGaseous7567" abacas="proagonAslaverSitcom" rengaMeuLyfkie="semes">
        <parettaFenagleCirrous>7423095</parettaFenagleCirrous>
      </barettaMonades>
      <wemless>
        <groinSmiddyPhage>becrowd9181</groinSmiddyPhage>
      </wemless>
      <vitriolJagsOrganum>
        <zilaDoveSighted>sanjay</zilaDoveSighted>
      </vitriolJagsOrganum>
      <pbxes ravagesSetoutsOno="sapinda">
        <spitfulViroleBoyards>bobbles</spitfulViroleBoyards>
      </pbxes>
      <luted psendCumaceaShied="isobareBarroomTurfy" squabby="hybrisThetisCurring" tsk="claxons" proddedTunder="untack">
        <tiptoedFertileVolutin>kiddiesBawdry</tiptoedFertileVolutin>
      </luted>
      <eyliadSaltery vesperAntis="gasp" sectileSaivism="urinantDurasNaipkin" blotchyMeddlesEutaxy="speiredPateria">
        <grogsOctuple>118</grogsOctuple>
      </eyliadSaltery>
      <reasons>
        <butylsScrolly>gazedLoaningWhereso</butylsScrolly>
      </reasons>
      <estellaGeckoid baits="marage" bundts="cuties" freyrSlinksDelible="coillenMalefic" octette="axones">
        <outtore>leacherChalanaButton37</outtore>
      </estellaGeckoid>
      <debunk slurpsEnshadeSlum="118202">
        <noctuaePielum>omniumPreyfulImerina</noctuaePielum>
      </debunk>
      <orlean walsh="24399" missels="hodmanChockPolyol">
        <reladeTubasRubia>75012</reladeTubasRubia>
      </orlean>
      <ampsGlens saucierAlcheraCess="833568">
        <sivaist>enthealMadam</sivaist>
      </ampsGlens>
      <incisorTurnedTarage senilisMasques="8296881">
        <idion>13168</idion>
      </incisorTurnedTarage>
      <prawns ribozosVolleys="itacistRhinaInduct5113" joshuaTernlet="mokiWhatre">
        <braggleJainismSagas>conure</braggleJainismSagas>
      </prawns>
      <ismsThraver>
        <clasts>9912</clasts>
      </ismsThraver>
      <ternalIberia garnishBauds="riksmal" duikersQuotaIambs="2597" tropismDhammaSwabber="5832494" derningDudderBlodite="9434355">
        <maccoAplomb>73960</maccoAplomb>
      </ternalIberia>
      <monimia>
        <streckTuskyWamel>whealyFarmost</streckTuskyWamel>
      </monimia>
    </dampsIncutSiskin>
    <apadana>
      <parsiSech>sadistUnkend</parsiSech>
    </apadana>
    <unchairAgsam sneeze="23" medMatzothShammas="keltsGrindle" mide="ciliaDulcely" pedreroSnarlBelook="prisere" triadsGridRechase="grantiaAswoughSaxons" recook="abraham">
      <quasses>4</quasses>
    </unchairAgsam>
    <panelaKaberu>
      <awl>slowingReceder</awl>
    </panelaKaberu>
    <probantHullIrrupt>
      <dinsomePeartPetasma>buriers</dinsomePeartPetasma>
      <peumusNephewsCamp>
        <matzasSelles>axillas</matzasSelles>
      </peumusNephewsCamp>
      <parotisAscianKeerie thurstGigsmen="askipDesiresNucleic" rakitElytronAnomy="2533330" greigesDumplerMassy="asartaBindle">
        <unarkSiums>coulOutgun</unarkSiums>
      </parotisAscianKeerie>
      <valoursDigamyArouser ferulasSta="scfmPetitor" tiddleyGerated="alanylGibbetIncurse" vinyon="scaurs156">
        <climesRabannaAscelli>931</climesRabannaAscelli>
      </valoursDigamyArouser>
      <tripyInbodyTurkis supari="sooth" tugrikBedsickUredo="twixtSiphons" meddle="boartsDicolon" slaggerScards="schemes">
        <figlessHoihereAretes>meer</figlessHoihereAretes>
      </tripyInbodyTurkis>
      <sebums gadoidRetornAcerose="tchai8829">
        <pontCrunkle>lineletSpasticEffume</pontCrunkle>
      </sebums>
    </probantHullIrrupt>
  </lauter>
  <oouassaKhojaIncline />
</piky>