<?xml version="1.0"?>
<stewbumEuriteTheelol>
  <tuwiFossor ungaudySacrary="383" sootied="exaudiTinsmen">
    <jousts>
      <agamyOedipus>alethicGrownupJacksaw</agamyOedipus>
    </jousts>
    <crocusSpaceYacks>
      <untenseCawker>3</untenseCawker>
      <pipy laddish="hobbetHottieTriumph" skippedSleeks="7" unluckyFreak="geol" mesteesPreying="welds7">
        <pluffYoniHokerly>chainedMyrrhic5112</pluffYoniHokerly>
      </pipy>
      <nakongSirupsCee cardo="eggarsWaul" kawButtHery="unripsMah28" ripieno="brut">
        <moventWave>ranalWroughtEddied</moventWave>
      </nakongSirupsCee>
      <towlikePennyPheon unpin="petfulCentile">
        <tubbalCyrilAgorot>chaton</tubbalCyrilAgorot>
      </towlikePennyPheon>
      <damasseDansker>
        <erwinia>seeping</erwinia>
      </damasseDansker>
      <chieveDevout hydrids="vicinalFress" sinical="resnap" otisTrusten="meleesThiolDabster47">
        <vertsTriunes>limnHooshUnsmote</vertsTriunes>
      </chieveDevout>
      <staith exoleteTarboxCarlos="161891">
        <poucyBalaena>albaceaPolypi</poucyBalaena>
      </staith>
      <miosesPortateKolach folialAbortusCachina="empire2926" schorlsBuxerryGalleta="telaryFolder">
        <supineAmusingCaranna>61115</supineAmusingCaranna>
      </miosesPortateKolach>
      <hestern sexismMoggingDita="jocumTipcatsBayz">
        <toyful>outspitMollah</toyful>
      </hestern>
      <simpleUnsunGeared iambic="tomeful">
        <romicYamanaiAntickt>plucky</romicYamanaiAntickt>
      </simpleUnsunGeared>
      <maumeeSwinkerDaubing squawkyDhows="jellabaAstride" diedralRillsClayed="ofter">
        <kymnelTusayanPrebend>loosen</kymnelTusayanPrebend>
      </maumeeSwinkerDaubing>
      <quaffs>
        <naresDrizzlyKaph>awberNomes</naresDrizzlyKaph>
      </quaffs>
      <elkdomPissBestirs corucoCocin="handsetAwfully" hurlockCaxon="nangcaSponton">
        <foyTrepansSudors>bacopaWedging720</foyTrepansSudors>
      </elkdomPissBestirs>
      <unitesRegaler>
        <jacklegPrivetPetrea>59</jacklegPrivetPetrea>
      </unitesRegaler>
      <monericYengee>
        <calloseTootle>bemeanNaturalVessels</calloseTootle>
      </monericYengee>
      <alvarFinchSlavs>
        <alongAmaga>stephenScherm</alongAmaga>
      </alvarFinchSlavs>
      <bench avenerySeptanMike="3990423">
        <lambiesPeracid>solioStade683</lambiesPeracid>
      </bench>
      <billman ocheryScolops="postfix" postageWhuffle="kempite">
        <sportlyClichedSial>59958482</sportlyClichedSial>
      </billman>
    </crocusSpaceYacks>
    <ladsNetlike>
      <honestyCurses>69</honestyCurses>
      <seamewKoellia>
        <undeanSignoraYogism>repJennierSobby</undeanSignoraYogism>
      </seamewKoellia>
      <vacuuaRounce ranjit="hented" rettedRegurge="8256">
        <sadness>87179188</sadness>
      </vacuuaRounce>
      <peelingCrinkleThujone gowkedSneezeWhoosy="rilawaMonadalNewsies" afsharGarner="slakesMyg1">
        <teuchitBalledMamzer>79321462</teuchitBalledMamzer>
      </peelingCrinkleThujone>
      <unpenalValor lucanCandlerToa="hasselsDizzardGrise" carkOdonticRobands="gustosoUncurb" florealKiaat="2621">
        <tarbleApachesSyzygia>radeaux</tarbleApachesSyzygia>
      </unpenalValor>
      <munjeet asteerTitbitFencer="carnaryRam" wons="remitalMadurosSteri">
        <atliFealty>placoidSaaPardie</atliFealty>
      </munjeet>
      <breadth>
        <blessesPeever>9</blessesPeever>
      </breadth>
    </ladsNetlike>
    <ascry>
      <oaring>ruchbahRemovedAttice857</oaring>
    </ascry>
    <hying>
      <misticoBlowups>bilboaLuggageSpangle</misticoBlowups>
    </hying>
    <cortile paussidBumelia="anights" phase="slumpedCroche" comartEquineMandan="mimishLed" pundumMurlain="6" pausalWeptBeekite="dicycleToylike" bout="soko" rezonedLesbianAntiope="meagre">
      <cashew>hoping</cashew>
    </cortile>
    <pinionPowdry>
      <caroEspritsEyl>rigelBumpity</caroEspritsEyl>
    </pinionPowdry>
    <billian aecium="pouncetSangeiRecomb" proferScapheBoii="774" kumquatWholly="7694930" baldedGibbar="coombes9">
      <likersSeeped>nosegayChute55</likersSeeped>
      <sartainWharfs puisne="64090" pannelDrowsed="hikersEmpasm4784" snellerThurse="matzohsYakut">
        <newbornLough>kuruFalashaHygeen313</newbornLough>
      </sartainWharfs>
      <corbeauLayup fenderFulveneChaui="dove" lygus="mealy">
        <brediOometer>lathingMesne</brediOometer>
      </corbeauLayup>
      <beswimStrays skaldIononesAnattos="roxyJigsaw">
        <cleats>cabda6869</cleats>
      </beswimStrays>
      <ancones warthog="wyledSorbishCarate" hearstLeaser="warineSyntagmJaspis" alwayHermitsWhew="803" biunity="boobooEludingBonasa1886">
        <herebyRecableCrashes>ruinersZoon</herebyRecableCrashes>
      </ancones>
      <oxboySpyerSarip arukeDownierCytoma="inanesOxerBodo" impaledManhood="16142242">
        <palfryKalon>65247020</palfryKalon>
      </oxboySpyerSarip>
    </billian>
    <cevicheFunkia>
      <octavesGauntly>goidelTyum</octavesGauntly>
      <bepartUnslave bandingReaper="urundayWidowed">
        <gliaFlynessHexsub>1532</gliaFlynessHexsub>
      </bepartUnslave>
      <maneiPrintedUnwived>
        <tahsilSitientGyle>tawingFootsy</tahsilSitientGyle>
      </maneiPrintedUnwived>
      <temeneSampledNamby molifyAcroticFowlpox="missiesScotaleZapotec6250" klipbokMenaced="sunketsAntaeus6718" arioi="chonkSoonlyTowbar317">
        <pinang>recallsTanquen</pinang>
      </temeneSampledNamby>
      <jocastaVervel crusadeShem="pillule1" cutoutSenaahFeudist="diaperAlcaide128">
        <dreeingParnelKinbot>feuterSoftCharuk</dreeingParnelKinbot>
      </jocastaVervel>
      <sermonStruma>
        <tumbekCumol>genysOutmenIglus</tumbekCumol>
      </sermonStruma>
    </cevicheFunkia>
    <spawlerMaywort>
      <vertepHeftsTighten>venues</vertepHeftsTighten>
      <gonidic>
        <tapLeonato>curchesCrenele</tapLeonato>
      </gonidic>
      <vodun cicale="peglikeHostile">
        <goraBoulter>pointerRatha</goraBoulter>
      </vodun>
      <lesche hutmentWindle="withdawImpearl3" berakedKebobs="loutherNonaTulare">
        <burbotBisexed>zoqueLucian</burbotBisexed>
      </lesche>
      <obstetLinks vaguios="dirtiesRatan" josser="8">
        <bowels>beretPatsFlemish</bowels>
      </obstetLinks>
      <casksEuphoryIsfahan lymphyBaggaraPyropus="gnawerRabboni9" embroil="stonersCruiveFoetid">
        <sawderPenmanGeebong>skydiveVipsLooplet</sawderPenmanGeebong>
      </casksEuphoryIsfahan>
      <hearsay cachilaRenduDottle="kewpieOxysaltSamkhya">
        <standbyAliceNeti>demobsUnpens</standbyAliceNeti>
      </hearsay>
      <tchi>
        <vacatesCamaligRachis>stirrup</vacatesCamaligRachis>
      </tchi>
      <sarrafSabotsRame grfLilithBarato="922" scythicBombyx="equineCalumetPorr">
        <warderSphegesMonodon>991065586</warderSphegesMonodon>
      </sarrafSabotsRame>
      <betimeKhamalPots bebiteCamusedYees="tumboaTorpedo3205">
        <iambi>alkyneCerosin</iambi>
      </betimeKhamalPots>
      <echosVives vetch="60987074">
        <ghoul>malist6798</ghoul>
      </echosVives>
      <stemsSquads hookishCaw="litchis" awaftWooedMinds="5" repostCorpora="namerFayal" nighter="linenRecocksGuereza">
        <mongolOblasts>waverVervetsBurleys2301</mongolOblasts>
      </stemsSquads>
      <bowseNoway lurks="103558884" parodicCrambes="60">
        <adenaseDossesAlares>1</adenaseDossesAlares>
      </bowseNoway>
      <bubalisWidowlyRecess holwEnribDequeue="manjeriSiddhiSprigs" jambedCaptiveMizzles="ganga" subformDeviler="21">
        <soybeanTapeteOctoad>freres</soybeanTapeteOctoad>
      </bubalisWidowlyRecess>
      <bemask wroken="latexes">
        <inglesDuddieMisgye>vinciRayah</inglesDuddieMisgye>
      </bemask>
      <frigateUnsing scrolar="84">
        <backset>92212500</backset>
      </frigateUnsing>
    </spawlerMaywort>
    <okia langurs="85515530" mudded="chyloidLeakily" feistyUnrank="lorriesLargely227" censusCoerectTabidly="miffChurnHogans" demit="627121" rehears="sealMislive">
      <thrashAntonLactoid>mollah557</thrashAntonLactoid>
    </okia>
    <venomlyPelletAxon>
      <snorkKirnsHolmia>durbarEpiotic</snorkKirnsHolmia>
      <strigaeMiked>
        <gecko>552503</gecko>
      </strigaeMiked>
      <cleeked sobolesMidgy="bulrushQuidditCagui" shaveeBemoult="cherte949" collyr="liquify" gentledRiserva="88761521">
        <oniumVolleys>satiricDevon</oniumVolleys>
      </cleeked>
      <discus>
        <blipSpikerGlebal>catenaAbsinthGuyot</blipSpikerGlebal>
      </discus>
      <zinganoPuffierKrone daggaEpicierRakeage="betakenJuslted3">
        <trollerPitarahCheung>bidden</trollerPitarahCheung>
      </zinganoPuffierKrone>
    </venomlyPelletAxon>
    <hoidens>
      <goneril>glomera</goneril>
    </hoidens>
    <ospermGarglesInness>
      <agnatha>sensaBlowers</agnatha>
      <pursetElinorIxodid surlyShowmanSebacic="651">
        <bajada>nonoilyChillum</bajada>
      </pursetElinorIxodid>
      <mimulusHooplas piecenCarromMatured="637573" mixer="swingle" vroomSikharaAcker="soreeSavingsSudden" synoecyBeamier="11224622">
        <percaleTrasses>redansStoppitGirosol</percaleTrasses>
      </mimulusHooplas>
      <misread>
        <succumbNorbertFomento>brightAtavismJowls</succumbNorbertFomento>
      </misread>
      <childeWefty girths="regushEnrootsCalomba">
        <watchMoatedLichee>britska</watchMoatedLichee>
      </childeWefty>
      <koasati boswellFdtypeTuskers="foosterSkaithyOaric">
        <hareburSaddled>teleiOilholeTeflon</hareburSaddled>
      </koasati>
      <ust kicky="homeletMalison7" heartenRegularAbaiser="upwhirlAmbanChinny" sprierHugsome="myceleAsb" ologistExopodAscetic="topside">
        <ardency>nauplii</ardency>
      </ust>
      <solidlyTakable nagari="grozerJefTappall" hightGobiidGlary="amyrootBellowPaddock" willerWaney="775067" errite="threshCauserGopura">
        <tammarMouesAustin>80670793</tammarMouesAustin>
      </solidlyTakable>
      <webbierStripy jornada="10742" lepidStlgHonan="beryx" moplah="iaoSphecid" solert="expoundCambuca899">
        <cloddedPensees>pinkyJantyNailery</cloddedPensees>
      </webbierStripy>
      <busyReargueDeftest curari="coaterCeiledAport" allegroWarnissHeaving="tunnaYrbk" zebubSaltery="40927">
        <mowhawk>galeeEideticEuskara221</mowhawk>
      </busyReargueDeftest>
      <yoghPianka garrya="inkenOverall" axilForheed="intendBriber" gloaterRiggite="696981">
        <grillyBistate>macchieSudra</grillyBistate>
      </yoghPianka>
    </ospermGarglesInness>
    <roaders baubeeGuydom="552391738" tanegaNervish="feltedLaudism" umiack="211" overrunBeetewk="toxiferGlares" specWather="gairWhimseyPoldron" trovesTiti="8" despotsGooralBalita="pictish">
      <triglot>26561195</triglot>
      <enseem bougetToluide="909352" cecileBoffins="focusesLycees" gealMargaysBurial="etchantKetchupMips7562" cudavaSmell="lipinsAuritedBunch">
        <dehorsSmoreJasy>jambiya</dehorsSmoreJasy>
      </enseem>
      <trackerAxheadPurusha jussalJogged="391921">
        <confortRentedCoopts>verierCnidianLoup</confortRentedCoopts>
      </trackerAxheadPurusha>
    </roaders>
    <starts>
      <zad>ebauchePhallinAliquot</zad>
    </starts>
    <befavorSaucersAmli>
      <cytostExacterDislock>indiumKeens</cytostExacterDislock>
      <rundletBunga>
        <wombatsElegy>fockle763</wombatsElegy>
      </rundletBunga>
      <riffPlacent cutesFaenus="echimysAchree" jurataQueans="maiden2">
        <retempt>iphToutedRidders</retempt>
      </riffPlacent>
      <additurPanoram uncockRiser="solidum17" pelfsIntaYards="carcassEnointPumping" termage="7">
        <cnemisLitoralMontem>dubBareCarlist</cnemisLitoralMontem>
      </additurPanoram>
      <sagoinVolary ibaSyringa="78">
        <flickyCozey>5243773</flickyCozey>
      </sagoinVolary>
      <civetAcmic delvingWacMediacy="gambrelPlenumChoreic" cysteinDrueryAlants="942992949">
        <tarpsUnhillyTushes>functusFilarKinboot</tarpsUnhillyTushes>
      </civetAcmic>
      <sikarSirupyFamine grapesLascarsAvoir="9" banter="zaniah" voluteExistOutate="naughtOutrove">
        <stractJarless>matkahLarus</stractJarless>
      </sikarSirupyFamine>
      <melasmaVairagiRompy unzipWaffingOiks="tineHooterCared7" ramee="696" sunway="macklesNepidae">
        <exquire>28</exquire>
      </melasmaVairagiRompy>
      <jadeCanes eirene="wounder" tarbleTenthsPlyer="volentiHafizCaruage" iodidesNonslipBernard="7909" plumingGetid="bahutPendnEls">
        <famesNeedingGeek>6457555</famesNeedingGeek>
      </jadeCanes>
      <inmostPowan beevish="lobbiedGong" loboseFoursDonkey="73" uncaseQuiteno="oarweedRuins" severBakingsYere="kneeCleftedGuessed">
        <tanseyTyphlonPickeer>tophphiCaltropDaikon</tanseyTyphlonPickeer>
      </inmostPowan>
      <gamaheGlirine orrowInvolveWince="mayingsDirtsBeebees229" blawn="quoteZingano" kab="weariesAdnexLimniad" friggaInvites="operoseKurt">
        <rough>49705</rough>
      </gamaheGlirine>
      <gumbosPallets allowRomanyNatant="nullahsTaxes" ucalRadly="bank" goloch="wongsky" queyChauntPortlet="cyranoKados">
        <possiesZaparan>thitka</possiesZaparan>
      </gumbosPallets>
    </befavorSaucersAmli>
    <cursHeccoDemode>
      <orlageNainsel>sunningCamelia</orlageNainsel>
      <garumCominoAntired clamp="45">
        <bigram>unbench4</bigram>
      </garumCominoAntired>
      <oped plaidieEnisledSamite="voidingStinksLak" cascromAfflictAntisag="starr" arefyWhilomJacture="fedityExam">
        <yieldyFiversBrashy>304</yieldyFiversBrashy>
      </oped>
      <sabbathBuddieChecke muscleMistilyMugger="gobbeDevotes">
        <devotaMeddle>56095833</devotaMeddle>
      </sabbathBuddieChecke>
      <crickeyPhysidBoxer>
        <mobiliaUraseAugrim>stemona</mobiliaUraseAugrim>
      </crickeyPhysidBoxer>
      <andironCaraipe caamaBaffies="mirakGulgulHolloes" pentine="lendedAubadeJackass">
        <neveSamkhyaSeeping>tuan29</neveSamkhyaSeeping>
      </andironCaraipe>
      <butanes taskerBayamos="agly858" organicComm="arenousOrarium">
        <trustyCadweedHurroo>tectumMuktear</trustyCadweedHurroo>
      </butanes>
      <napkinKilims truestMantal="yoke" semelHafniumHeuk="zapas725" lawful="legesEssedIranian">
        <unshalePaduanPusgut>serai2</unshalePaduanPusgut>
      </napkinKilims>
      <rectusDimarisHelvite twinierRodgeLekane="robing" serail="razersReverseYechy" lanificOutlaw="bitable4345" scull="octarySoorawnEskars">
        <trulloOwsenStalder>datariaVeinule</trulloOwsenStalder>
      </rectusDimarisHelvite>
      <rannyAreason lang="inorb1333" stimiesRickeySowens="cathineActive">
        <fmtTerebic>treeify</fmtTerebic>
      </rannyAreason>
      <beshell hadj="muhliesDroghScarfed" doand="pealerTcawiGuland">
        <sept>voesHarkensXenicus</sept>
      </beshell>
      <newnessRipupCrumply neonsAdicea="pilules">
        <alliage>oleary</alliage>
      </newnessRipupCrumply>
      <choline omens="mistook" guanaseHeuauRawhide="trayne" whelveLitanyStadias="eaverSugan" halalHiremanBallets="tanoaScroll">
        <tubikTantum>eryopidDowveTucuman</tubikTantum>
      </choline>
      <viscidSlogansKhedas wrothe="2" gilgaiPorrect="fleuretAlerseOstraca" brutus="interjBiped" adatyGobber="stean4940">
        <datums>biacuru</datums>
      </viscidSlogansKhedas>
      <barnabyBummock partansPiperno="eatsBetel" upwayClopsFixer="gorbitDegas8433">
        <medial>5615</medial>
      </barnabyBummock>
      <vowerQuotasMaillot genecorLoukoumMuzhiks="653719711" crewelsUkraine="ossuaryHornish" whussle="galeiOtalgy">
        <videturLaityGowlan>seabags64</videturLaityGowlan>
      </vowerQuotasMaillot>
      <janapum>
        <snotty>behintPeine1726</snotty>
      </janapum>
      <teeters patta="8" erikPhotons="laramie" withsayScrawnyOilhole="podialImmit">
        <gobberFaringSolanum>aplombs</gobberFaringSolanum>
      </teeters>
      <semigodAdapid potboysAlloxanBual="rookusFlaught" apsisZoosLoons="buckeyeCandifyKith">
        <eiders>musketsYechs869</eiders>
      </semigodAdapid>
      <wantage kustiRiskishThetine="blondsDoeg960" rajaWumble="pilin">
        <despumeFluedJaper>nosuVadimLayne</despumeFluedJaper>
      </wantage>
    </cursHeccoDemode>
  </tuwiFossor>
  <fiction pyrexia="terrabaUnclew" ovalitySanders="rainily" galeaNudistsShul="burler460" rappenVallateEemis="2350" />
  <shawnBeaten maraviGriphus="55">
    <alethea handfulAllgoodGarau="ichulleAlupagEndover">
      <opedUrariGleamed>rolledBanjara</opedUrariGleamed>
    </alethea>
    <busherChalinaToner>
      <hageniaAdsmithTapoun>spawnDrablyVitrean</hageniaAdsmithTapoun>
    </busherChalinaToner>
    <siennas>
      <assayedRetieTinkled>100720015</assayedRetieTinkled>
    </siennas>
    <gourmetZoogenyCaproyl>
      <bunk>adonizeWeedageBhat</bunk>
      <villae dynastYmca="gemmilyTrendleKammina" teeteeNonskid="haemicWurzelPeeped" soppedGrana="mahzorsPrior" glomusPagansPrepave="citreneFainerLipomas9156">
        <silkineEncurl>suededAbacaPyropus</silkineEncurl>
      </villae>
      <rotonda>
        <hornMounYonner>fizzesKnarredAccloy</hornMounYonner>
      </rotonda>
      <myal talterJocantGinep="15417704" evzoneScrayNaleds="grigs87" tarpansTariricRejoins="gibusMartrixLossful" walliesBlear="begladsMatzah">
        <susianCoolish>ataxiaDreamedBabhan</susianCoolish>
      </myal>
      <swaggerTrim willing="47" pachyma="ampullaEarpick" berthasTua="flaring96" leguanFormlyNotepad="banduraKazak">
        <sinolog>409</sinolog>
      </swaggerTrim>
      <jataka coroadoStripy="2" kaffirSowlth="dookMorone" staves="luteaAffere">
        <frammitDirls>merlonsUpcoverOnanism</frammitDirls>
      </jataka>
      <tace unciaGaineLaming="bandh" flecksHoarierWaefu="29408">
        <stagyAyins>papyrTonierPavans</stagyAyins>
      </tace>
      <flickedLakie>
        <dekleEthDurgen>regrUnseamsDuftery2</dekleEthDurgen>
      </flickedLakie>
      <jaggier leafery="floeHexaxonYardarm">
        <pelvic>6</pelvic>
      </jaggier>
      <donatWorship bawcockStrayerSubsidy="recallSput4" phialPipySheltie="liersMnioid" help="graeaeLovatEngoue" climbAzans="upknitGeomRegent">
        <speaks>aworkBeleed</speaks>
      </donatWorship>
      <bismarZiphian opercleBautta="azafrinOvulumScamper6">
        <asseTheatYeeuch>mambasScrungeFalcata</asseTheatYeeuch>
      </bismarZiphian>
      <unmodel>
        <zirconsWymote>295318046</zirconsWymote>
      </unmodel>
      <doze hipsDoubly="drailsReenactBoodie" spitsUnanime="871" scootedCuculla="libralMarciVotable7">
        <kronenSucre>embusLithestSercial</kronenSucre>
      </doze>
      <paynimsUdishGnoses luriLimnsTaennin="camacanMaimsBegash91" mobsterYezzyBrinish="pulerValued">
        <apagogeKiddosCanal>kalongPoggy</apagogeKiddosCanal>
      </paynimsUdishGnoses>
      <shadowyZubrHowdie indoinIsidaeWhomso="allelesHeros" natrajEpoist="paeonEviting" polygon="oxalateAmuck" prequel="518">
        <synaxesSettle>927</synaxesSettle>
      </shadowyZubrHowdie>
      <plasmidNekAnlaute zyme="720" tusayanJoukingPisky="sawingEspeireHopis779" modenaTickets="mallingDisk" polewigDebride="repump">
        <norroy>4256033</norroy>
      </plasmidNekAnlaute>
    </gourmetZoogenyCaproyl>
    <propone>
      <saffianForded>306441419</saffianForded>
      <twitsDarkeys>
        <bethumbFedora>youwardBandedTemps</bethumbFedora>
      </twitsDarkeys>
      <acetousBaraza haffleVerismoSparkle="sitkaKetty" jibHeroinsArgema="bedrailWoy" blattedBreakaxAuthor="awareTarnsAgorae1936">
        <chegre>fulsome</chegre>
      </acetousBaraza>
      <tarterBismer octavosParry="snaws" cumidinRace="asaronSmaller">
        <yaourtiShebeanAnoil>6556265</yaourtiShebeanAnoil>
      </tarterBismer>
      <pawnsEpichilLawings tottedCloghad="72">
        <juncousScarfe>pyransLariid</juncousScarfe>
      </pawnsEpichilLawings>
      <lymph>
        <pothuntEvertsLaura>blench</pothuntEvertsLaura>
      </lymph>
      <reister outbawlDeraterHagship="lionsMopiest" halerPookaSludges="210" waying="durzadaTapiaCurry" unspanStullUsuary="anguid">
        <mokoGayest>armorer</mokoGayest>
      </reister>
    </propone>
    <marineBeaky>
      <addiceDibbleEndplay>fahamSpahisDotards</addiceDibbleEndplay>
    </marineBeaky>
    <ilkaAgonied riem="maclib" emyde="fermailDodgery45" touBusedTerns="metrosAnnam" exuvialStreamAmniota="balawa">
      <isonephPossie>vaadimWinfree</isonephPossie>
      <paperDiolsHalurgy nonformMolttenEleatic="twingesAlkenylTemiak" prearmCasper="49" anthrol="gelatinRigorsCycad">
        <mintersLinolin>takableBellona</mintersLinolin>
      </paperDiolsHalurgy>
      <unwaryTeaismTeak pauky="diecaseVeps" culmed="sheikhsEtalon">
        <firnsSaloon>caririGenuses</firnsSaloon>
      </unwaryTeaismTeak>
      <fedarieMikaniaOutspue pagusMembersDiesel="zythiaWriveBracken">
        <bebangDynamo>1</bebangDynamo>
      </fedarieMikaniaOutspue>
    </ilkaAgonied>
    <latticePhotog>
      <tobiesBanded>abeliteOliveRoyals2828</tobiesBanded>
      <replaceCryst uplit="micheryJhvh" bryon="kultursSpurAshen" shibar="saugers">
        <sairyBalun>29169</sairyBalun>
      </replaceCryst>
      <salfern dokeRetired="2306" vagileArendMedulla="yan" snaggerAbated="93609" nekkarIxora="gondDawning">
        <manaFoamilyUnkiss>alphos</manaFoamilyUnkiss>
      </salfern>
      <prexiesRamjet>
        <panionKallima>795</panionKallima>
      </prexiesRamjet>
      <prewarmWulliwaRebuoy bawlyBusily="3197942" tetraBeowulfEnolase="lackeysZebecStrook">
        <outpeerBeguileDogies>whitman</outpeerBeguileDogies>
      </prewarmWulliwaRebuoy>
      <culTheol eddyXed="terga" sardel="rahdarSuccin">
        <eudaStipulePatao>396288624</eudaStipulePatao>
      </culTheol>
    </latticePhotog>
    <dimerEryonSodden>
      <gawsieBrasierArite>kennyWashin</gawsieBrasierArite>
    </dimerEryonSodden>
    <elitismSimaba>
      <pinfallTeddersWimbrel>logiaMotivesMarwari439</pinfallTeddersWimbrel>
      <maskmv dovekieDecaysBulak="surviewCoolenEnniche862" erikiteUpsetsTonal="3208885">
        <owletsAlkydsJangles>rutchCabled</owletsAlkydsJangles>
      </maskmv>
      <aljamiaMensaMercery perryPeltate="warpageBackrun62" dudgenMiljeeAbmho="junoGraphy" triflet="uneatenSweated1944">
        <david>arioi7362</david>
      </aljamiaMensaMercery>
      <oaves choutDhobyFlavin="quinismSlues">
        <marianBowbackSimians>27859588</marianBowbackSimians>
      </oaves>
      <wiltsAshurRaiae>
        <insteepGulamanEthnish>dichordAscendRedfins9616</insteepGulamanEthnish>
      </wiltsAshurRaiae>
      <infKaliumFunky regiveCkw="94804">
        <daturasCaract>roscidOmened</daturasCaract>
      </infKaliumFunky>
      <stephanGinep faro="62186">
        <conyrin>castledFrenum7</conyrin>
      </stephanGinep>
      <chinch rotaliaOttarHunkies="teentsyAcrididPumices">
        <bardishDictaZoarial>1</bardishDictaZoarial>
      </chinch>
      <busuutiRutinKaraism>
        <bavette>stannylEremian</bavette>
      </busuutiRutinKaraism>
      <premieFlounceGeebung prexyAldern="sexton" garconMashieIllus="267" publishNimbusSapan="pukesDacryon">
        <freeze>casbahCuspateBiller2</freeze>
      </premieFlounceGeebung>
    </elitismSimaba>
    <mouthsGunship carersPayroll="estiveGatemenClubman" pangeneErugateRomanes="endia" chronos="astream" glaveCrispTrooz="jerkers" ratelsMaleoGodsake="satire" xeresThirst="716255" shemaalMuttonyWauble="6292557">
      <pentode>merligoCobbedBlab</pentode>
    </mouthsGunship>
    <fecalPribbleClamps>
      <burdens>lacqueyVents</burdens>
      <fnese walledRedtail="bunsen" cottisePewage="coeditTarr">
        <perdy>tupikCiscoes</perdy>
      </fnese>
      <battedNibbingSpisula beatifyJetonsStifles="impenLamas" agnamed="knobbleUnlucid" asemicUpshaft="zuludomFamousGentled3">
        <reearns>lording503</reearns>
      </battedNibbingSpisula>
      <shunnerTipcatsTrammed myacea="paperyQuelme42">
        <isogrivAlpacaGrasset>rus51</isogrivAlpacaGrasset>
      </shunnerTipcatsTrammed>
      <dystome muktiPandoraCoelin="annaly" persianGartenProetus="401651" cootsSnavel="internNoelsPernine" amoursPuranic="dealersOffedSetous">
        <waiterCrowdArchon>4042</waiterCrowdArchon>
      </dystome>
      <scutulaThofEctene frypan="yagerBiocideTentory">
        <xeromaZagaieSnugger>ciseUropodGimmals987</xeromaZagaieSnugger>
      </scutulaThofEctene>
      <papawDoor>
        <phoenixKhamti>finnedRaggee</phoenixKhamti>
      </papawDoor>
      <aggry reviseeSogged="tapu" unbated="509170969" view="consultEnlargeJasmone">
        <laggenPrankle>rancourLurdane</laggenPrankle>
      </aggry>
      <ghazel gossyLibbersPilar="latched" nettierRubied="reloadAlkanesNastika" hopersOutside="107789112">
        <radiosShroudyCloche>68500</radiosShroudyCloche>
      </ghazel>
      <overran>
        <furrily>dizzilyPurpie</furrily>
      </overran>
      <fullams asterinStamenUncome="gabariFucoids" malGrushKnell="figboyCamsAffixer" hureek="dumdumBelgaeCoeloma">
        <bemadamVittleBionomy>dipalaZatiIulidan</bemadamVittleBionomy>
      </fullams>
      <beliing tarp="susanVillate133">
        <daubSplunge>mondain</daubSplunge>
      </beliing>
      <homelynIntimaHelmets stableRiving="bindisOnesWisha" hansels="stumbleMaidTaos" beveler="broaderSittersLavage719" ubiiMisdoes="alismadPomeriaWhirley">
        <unripsProtext>cedrelaUntrill85</unripsProtext>
      </homelynIntimaHelmets>
      <chunniaAmaist lyncher="mutedMecati" swashed="unlearn" frugUnfully="tinealWeirsBoun">
        <gourdeFrailty>likingFrag</gourdeFrailty>
      </chunniaAmaist>
      <coedsMyope bombedShogi="designTolstoySwarded">
        <thoghtSpecterCaging>9453</thoghtSpecterCaging>
      </coedsMyope>
      <lapdogsBillersJailish ikan="renegerClawkHeadily">
        <depulseBeadier>avatarYonkers</depulseBeadier>
      </lapdogsBillersJailish>
      <tallowHyenicDahomey dewansCodifyDeals="6168436">
        <sharkedJargon>70899295</sharkedJargon>
      </tallowHyenicDahomey>
    </fecalPribbleClamps>
    <reuel peacingAlice="mizmazeScouth" xylo="alpidBipedsCalyxes605" kgrGumdrop="5" xemeBullaceCouth="huerDisney">
      <quakery>whiprayRemovesTaverns</quakery>
      <burionSwoops>
        <laiusRealer>furcateJingoes</laiusRealer>
      </burionSwoops>
      <unshoed edgarUpswept="gurusTringlePoddies" araruLambeau="waggonAcamarVixenly" kinsmanRhetorsMugweed="rapidoTermingKanauji" idahoanMetopic="hachisKythed">
        <godsib>ripenerNeogeneUndern</godsib>
      </unshoed>
      <verbous>
        <crispFulgentOutlaws>isotype</crispFulgentOutlaws>
      </verbous>
      <subnetEntadGriffs tussiveLogeum="jokingOilcake">
        <tonguy>hareemCoemptsRoyalty</tonguy>
      </subnetEntadGriffs>
      <darzeeToxicon malted="murkilyMatsueSlish" oaklingDrierTravado="unusedTraguleSosia" cpt="quaifeCosset3220">
        <rankWrier>bluntieTheyd</rankWrier>
      </darzeeToxicon>
      <yawnArousedLaicity hoatzinSerOvism="duramenMawseed3865" alkyTeminEat="basatBassosPycnium794" friskleRatchBirds="gulledSpise" dayroomJinnyCompaa="stramCmdg212">
        <mysostsIsobaseMurphy>1</mysostsIsobaseMurphy>
      </yawnArousedLaicity>
      <floitGermensBlocker censor="obtrectGigback2">
        <boofMessilyAmir>67424203</boofMessilyAmir>
      </floitGermensBlocker>
      <darrenBahooBulks repute="grapnel1" pegallCorach="luckies" balledAmbeerAwarn="wopsChikeeVitamin" sybo="bivane">
        <tweenyCreases>pteronHeloeXinca</tweenyCreases>
      </darrenBahooBulks>
      <avile queresWaft="iatricRiempieCop54">
        <elixirs>912345</elixirs>
      </avile>
      <shedderAdempt>
        <euscaroDittonDups>ginnReformHayer</euscaroDittonDups>
      </shedderAdempt>
      <mahsirRootierLapser>
        <bught>cannas</bught>
      </mahsirRootierLapser>
      <doradoDesire>
        <electicDewanny>disarmEyesore</electicDewanny>
      </doradoDesire>
    </reuel>
    <retoss>
      <gemmateMiter>gradine6997</gemmateMiter>
      <bordmanOrthic stobs="butomusAbelTresses" sporterSnozzle="inwick">
        <oconnorHoodle>691</oconnorHoodle>
      </bordmanOrthic>
      <shend baked="tuleRamjetsDwt">
        <gatemenTersest>berseemCooees</gatemenTersest>
      </shend>
      <haleCabasa chalotRecrewBoughed="teaze2" spruceSyncope="malming" pringle="uptower1336">
        <weism>pailPeeved</weism>
      </haleCabasa>
      <hidatsaDureeScorn jasperyWagger="rackman" ruckyTarapon="6764808" craalPlutean="xicak">
        <tyloma>wars</tyloma>
      </hidatsaDureeScorn>
      <whitherArval esth="passoBaronryLigne" whittawEmptier="owhere952" apsidal="peskierTravois" pimeleaTittie="beclangSkellum">
        <mantzuCarriedZaniest>semikahOsieredBondmen</mantzuCarriedZaniest>
      </whitherArval>
      <annexes humpingJumblesBony="paisan" weedishSuppler="aioliUnrebel">
        <machosNapping>parade</machosNapping>
      </annexes>
      <discept amensLucombeAcross="lemnianBeefed" dadasSkyfte="cubbishAflameHirmos" nipaRummestBeckie="agists" sikharaTwitty="cowards">
        <lithite>peppingOutoven</lithite>
      </discept>
      <phewEpist istleSticky="ogpu" colateTopple="alaloi">
        <craalHeedsUnadd>mungaChyloid</craalHeedsUnadd>
      </phewEpist>
      <paintyMobsman iodismsBaboo="bedogNudumHaulse" defects="6434806" fullageImpsHerdess="picoidGlouts" yieldenStossWent="arghoolMutilla135">
        <pottier>shadoTareaUnnails</pottier>
      </paintyMobsman>
      <eger thong="4646278" impleadSerail="equalDernfulAlly" logeiaGular="recusfStraintMidges336" birlie="fussers">
        <runty>achyliaHiviteScuppit</runty>
      </eger>
      <favose chives="activesDakotasTimar26" gotraCristiFucous="kneadedCannas">
        <rundel>gemauveKokstadArtgum</rundel>
      </favose>
    </retoss>
    <outwillDucatus>
      <orologyFrushJouster>outwale</orologyFrushJouster>
    </outwillDucatus>
    <quiets murga="biotasCicala641" piniest="dismanCombine" gnatooRevenueBotany="miked" oyesFilthSixfold="34321597" vinalsUnlooseVirelai="31" pegboxAbillaTatu="nardBugling3">
      <worming>embargeSpaitBebrush</worming>
      <predoomCoccyx matteryKulimit="60070">
        <kumrah>roupet</kumrah>
      </predoomCoccyx>
      <stachysAltoist yarelySilico="25">
        <hiresAngarep>6</hiresAngarep>
      </stachysAltoist>
      <scoury>
        <caleche>carlos</caleche>
      </scoury>
      <vintKennellNebrodi quitBeaming="thiuram">
        <daunt>talaoCanaan5</daunt>
      </vintKennellNebrodi>
    </quiets>
    <puds>
      <cadbitTowlike>buntingVaughnAzarole31</cadbitTowlike>
      <leedYern synodic="2199875">
        <purlinsFlatcar>ritualsUnendlyFoehn</purlinsFlatcar>
      </leedYern>
      <antler ead="86862865" larreeRaphias="gragers" hudsonStress="28" adhererCogmenEnneads="docking">
        <expendsShowily>wigfulPharaoh</expendsShowily>
      </antler>
      <troolieFilose guavasBespeakCowish="bandy300" ferriesHutsTiar="482" atry="bulbulsAwan4">
        <sabalos>codonFanman</sabalos>
      </troolieFilose>
      <mopederOxygens carafes="akhlameFashed456" tarrieBalanicBisso="silage" bicyclo="juslik" comtianVauIdo="naticaBilked">
        <cymatiaFancify>outkingRobinZymite</cymatiaFancify>
      </mopederOxygens>
      <bondmanLanchaLog turcoisPears="crore" unheleKeap="lotsAngamiAnagua">
        <trayfulLoaned>scapheBeseamCorf</trayfulLoaned>
      </bondmanLanchaLog>
      <erotizeYeas affiant="48553730" unliked="assetFeestArless977" washday="enjellyHigdonWhippet" elaterBalloSubidea="avellHeroic707">
        <thorEdestin>buickSaniousTriaryl</thorEdestin>
      </erotizeYeas>
      <racerRimed woughScowing="carlineElissa1" corkingMasoner="9506289">
        <diolJaquimaPronic>soohong</diolJaquimaPronic>
      </racerRimed>
      <cashaw beetfly="caquetDel210" kiddierCravats="dentineSnipySkreegh">
        <colatBeglueFrijole>ufosElbRax1443</colatBeglueFrijole>
      </cashaw>
      <kwhrUnslack>
        <zarp>327</zarp>
      </kwhrUnslack>
      <mistime leylandOtocyon="39573965" mechlin="blood">
        <gurgeon>dryades</gurgeon>
      </mistime>
      <bairagiBiggiesSevery borleyAvieCanari="3262407">
        <pygoferTawneysSyrinx>kariBattel</pygoferTawneysSyrinx>
      </bairagiBiggiesSevery>
      <trollerCottageGaping>
        <sinusesJacksForpit>unshopBlautok</sinusesJacksForpit>
      </trollerCottageGaping>
      <litmus syruperSupinesAflight="5969">
        <surrasRaja>welfare425</surrasRaja>
      </litmus>
      <deem redust="traitsDuns" pools="figgumTalmaUpbid" acinicKmetPostin="meacockPulers">
        <darby>dallas42</darby>
      </deem>
      <vowing clame="devotoLashedEgoize35">
        <pitsideTrigon>quitingTungShen</pitsideTrigon>
      </vowing>
      <cuteAllylWack cancrumHamous="macignoStownetHazes" vocoidChai="22911377">
        <coventCajuelaPothers>jixiePupping</coventCajuelaPothers>
      </cuteAllylWack>
    </puds>
    <ochresLeafdom antigodBurntEric="budgersMordvinEdicts">
      <kubankaAwake>geejee</kubankaAwake>
      <afgodAfire snightRentals="491164253" pondsOffalsCoach="tutSiglos" pushersFen="scotty">
        <grosserPensyMilken>nawob</grosserPensyMilken>
      </afgodAfire>
      <ripoffs celiteCohertSourock="typhlon">
        <unified>argyllsCarderPeening</unified>
      </ripoffs>
      <rubblesTrifold secern="arrearsRumpDominae7603" cantaroQuinua="otaryRecipe" natickArgalas="boshasWorded" upworkJaw="expel1">
        <azaroleSkelRelost>92923</azaroleSkelRelost>
      </rubblesTrifold>
      <swardedOrbate ecartesAlviaFloreal="cetene" cadjanBrisses="vairee" larickRelookCormous="boridHalpaceFontina" poochesFuguedStourie="pushupsDimers">
        <haraceBlattid>flukyAcratiaCognise</haraceBlattid>
      </swardedOrbate>
      <peisantThrivedIridite obbHustled="2782122" cwms="880" slimed="7" spionidTrucedKymric="andrewSlodderCards">
        <omegoidUnreels>2953356</omegoidUnreels>
      </peisantThrivedIridite>
      <arropeKendyr urgerThule="pirnieUphale" beyondDieting="cloyneGarance" askip="cothurn">
        <tomb>5883384</tomb>
      </arropeKendyr>
      <prowessBoa>
        <anchusaGawcey>smerksGuddler</anchusaGawcey>
      </prowessBoa>
      <vampeyTupmenPct lana="gemming" arming="rechuck" potentDescendSynnema="spewsVirtusCopyist" fenny="fluAgleeSendals">
        <abuccoWildlySnuffer>johnin</abuccoWildlySnuffer>
      </vampeyTupmenPct>
      <nold>
        <chimeraCyclingTeaches>maculed</chimeraCyclingTeaches>
      </nold>
      <xylidic phrasem="pursIconv978" suited="rebegSunnYeven">
        <boudoirClawsPph>onca</boudoirClawsPph>
      </xylidic>
      <lowesIssueJukebox pareus="tunketHamilt8" helotryLentils="dewiestLabours">
        <undeafUpbuyOutgun>whose</undeafUpbuyOutgun>
      </lowesIssueJukebox>
      <rosetteHamMicella vucomsCrojack="43425969" tiller="afearLycus" seige="forthHaemin" mummeryMuratVilhelm="satisUpthrowVerdins4">
        <wauchFracidEpigram>paydays</wauchFracidEpigram>
      </rosetteHamMicella>
      <unhateMonos>
        <technicRestuff>entomicPunkahs</technicRestuff>
      </unhateMonos>
      <scrivenNeti kindalOrderedAlew="vivresHacker">
        <tuttiesFlow>lancing</tuttiesFlow>
      </scrivenNeti>
      <wellerWime bumpierDeucingGoularo="slatted" caromelBarbe="64919335" shopperOlpes="aparejoMridang" peloidOmarDonnees="fudgerEoithDrouks">
        <baycuruAbacli>153269092</baycuruAbacli>
      </wellerWime>
      <gorrelBoiiChrisma baulkEnfantsSnobby="albitesCyniasBaits" allylTalayot="godetSpancel" altheinBoyla="avenged656" mugwumpMollie="beadyBodkinsWagons">
        <hearseDemastsManlier>6</hearseDemastsManlier>
      </gorrelBoiiChrisma>
      <crinchWickyupResiny wulkCongrueAcouasm="piths" lapachoEnbraveUnheavy="battuByronic3994">
        <ratalsArusaSlitch>splentSubethHechtia</ratalsArusaSlitch>
      </crinchWickyupResiny>
      <fleyingSozolic prepare="bdsSebkhaSues1764" moorageRallery="mesodicNaturaMalodor10" papooshAwideTacked="unspot" japersChoelCueing="75">
        <domentFlukes>unbearsFlickyClads9</domentFlukes>
      </fleyingSozolic>
      <jewis vowerPeepsTurnor="picheyAmble" jenny="plaidsGriffesEnleaf" derrySniffly="4">
        <tonnishBlaine>inflectMensDrowns</tonnishBlaine>
      </jewis>
    </ochresLeafdom>
    <longfin>
      <ceralValylAnkush>deer</ceralValylAnkush>
    </longfin>
    <residuaMalayYippee snedPalpi="shawledDartmanUpshaft" seafoamTomnoup="shapePhialaeStephe" londresLegumeNihilum="precisZillion">
      <spatterSeracSerolin>3367775</spatterSeracSerolin>
      <armitasMoid lardsDacusGrading="cumbuProsaicIndoles" challisBrutish="loaThuliumBreccia">
        <ceriopsKravers>eigneMarques</ceriopsKravers>
      </armitasMoid>
      <couples>
        <recrowd>montre</recrowd>
      </couples>
      <mutineMullahComart quires="790" bicornePrangDromons="ambos91" colfoxBound="wintledAlacha">
        <cotansJillingAthyris>evgSoundsBalas</cotansJillingAthyris>
      </mutineMullahComart>
      <sheeve cheminsTrustor="purls" shoaled="exposit" pacoAzan="tepefyEmitsSmurks" excise="robinsCuif">
        <fursBequoteOograph>daft25</fursBequoteOograph>
      </sheeve>
      <palulus bkbndrPubsCrawled="recocksLex6" baffle="oofierRakitAstasia" fjorded="drusean">
        <geneat>baiterNodulus</geneat>
      </palulus>
      <coman misfirePardineXylidic="pedaBice" tappetVelated="embrace">
        <hapitonNagnagJerican>aimersGimpsNicer</hapitonNagnagJerican>
      </coman>
      <compte indoorsAether="emceedVettingBobbles46" resiantTippled="11" kangaSchema="octantsRetuned" paraoDeirdreTacanan="dindonLipomas">
        <ismdomHexode>renuMunshiMiosis</ismdomHexode>
      </compte>
      <siruper>
        <sorraUnpile>joukedSadaqat</sorraUnpile>
      </siruper>
      <probIsoleadFeculae couchy="brownerLimyFader85" holemanEruditeName="792771215" theolMaoris="yuckleArks">
        <crewe>playmanZulu</crewe>
      </probIsoleadFeculae>
      <shriveCrambleBuggier exchParserTowline="blend939" siltier="alexiasUpshutInedita" dustilySfree="exaltee" footageLeoniteFishlet="vacuousBorder">
        <brawsGroutStudies>cleanseSpirit</brawsGroutStudies>
      </shriveCrambleBuggier>
    </residuaMalayYippee>
    <groover>
      <rufflesWuzzled>famishSebundy</rufflesWuzzled>
    </groover>
    <paysMissalAknee>
      <emotiveFandomsCassate>joiner</emotiveFandomsCassate>
    </paysMissalAknee>
    <bearingUrgingsCoif gise="crepisGreases" nitrosLevecheLadyfly="inajaGlossas" spumierCopaene="phonierMaumetTutela" rotgut="muddlesKnollyShilluk" achatesKibbeh="myopes" bouffesPapoosh="fellestObaRaces" teslasPaean="tropins">
      <mockingGrowly>emmScarier</mockingGrowly>
    </bearingUrgingsCoif>
    <mandomExtinctImbauba birsesGnomed="albaceaRundle" talonid="reffing" whulkFauvismRetina="diamReable739">
      <organonBeamingBeworn>156970</organonBeamingBeworn>
      <wherryArrage robustLurking="bossingRompersHabitue">
        <awhile>munsiffLepra</awhile>
      </wherryArrage>
      <smilersRebegetTrummel angliceUnkirk="ivrayTunalTode" quinetWagogo="foldedKarns" augureWoolf="lummeAmita" hatableApexSubherd="cursCuterEurope">
        <pellBazeRanli>geicTrigynRaces183</pellBazeRanli>
      </smilersRebegetTrummel>
      <misrelyElb>
        <mimerWammus>croche</mimerWammus>
      </misrelyElb>
      <moussesDicticMantrap>
        <ruffled>cytulaDigger</ruffled>
      </moussesDicticMantrap>
      <reown hummers="segmentLouted" relitOxazine="applyMolebut" autoedChousMoneric="palaver7">
        <vivantsHerbaneSockman>hgwy6144</vivantsHerbaneSockman>
      </reown>
      <wadlikeFriandAwane upcallDoers="cestui">
        <halideGelableFruggan>bottler</halideGelableFruggan>
      </wadlikeFriandAwane>
      <trinesEntria>
        <subtray>mantasDevout</subtray>
      </trinesEntria>
      <teetersUnjewel sauteed="321612798" cytheraOpeUruisg="ayuyuRaught" mumm="9">
        <flattieDidache>dubbinsAnalyse</flattieDidache>
      </teetersUnjewel>
      <toting>
        <denmarkBohorEqually>theclan717</denmarkBohorEqually>
      </toting>
      <mophOleaseSmervy reshaveCcittShiv="749590692">
        <remexNectars>unslyVocablyMor</remexNectars>
      </mophOleaseSmervy>
      <bezilsHangar pewitsTuyers="alanticLevi5491" enduroPlaintsFaeroe="393" unsparLoxommaMaiidae="pottagePelikai249">
        <fleeing>rapeful5</fleeing>
      </bezilsHangar>
      <icariaGiaour metretaDanglin="703" fungateGayer="ascence">
        <gullageGoniumBarwin>leavesHookersOxim934</gullageGoniumBarwin>
      </icariaGiaour>
      <creakedFurtumSamely mangana="4" hiringsCosingPardine="yarm" quezalRot="gristleJagged62">
        <akalVoluted>751</akalVoluted>
      </creakedFurtumSamely>
      <etudesTecum tapster="pursualEbonistAbnaki" recombs="coct" glaucus="miracleArses" addio="izarsUnhomeJiggly">
        <ratansEirenePygopod>denize</ratansEirenePygopod>
      </etudesTecum>
      <dankerVeter enfelonSlipupsDumbing="ticcaApsides" pranged="9">
        <whiteyUniform>44</whiteyUniform>
      </dankerVeter>
      <acrider campersRavensZerda="resmell" yamTonousFalutin="watalaBemuddy">
        <wingmen>dancyAerobee</wingmen>
      </acrider>
      <aoulMuraenaBurial bulbier="seawornDunamisGraal" titled="variole" hagsCanfulsDeils="488">
        <papaOutmost>exciterFatuate6</papaOutmost>
      </aoulMuraenaBurial>
    </mandomExtinctImbauba>
    <homologMunchy raphael="socQuidsFirth" batesWhangedHorst="wifishHendly" thoriteHeight="27399" unvocalTopazesMondes="sivanUlamas1" lorumMarathaPoultry="736844840" nota="roberto">
      <dilucidReslash>bumblerVervetPlummy</dilucidReslash>
      <landersHwaWarlock themsel="xmases">
        <balks>biuret</balks>
      </landersHwaWarlock>
      <maxim yellingBudzart="inuloid773" bebait="enrheum" tulchinBodhiHorsed="384">
        <beysMisobey>rotundaAimer</beysMisobey>
      </maxim>
      <violous>
        <witnessUsuary>becoom</witnessUsuary>
      </violous>
      <otaria cibariaExotics="59">
        <applesBiblismUpswung>pac</applesBiblismUpswung>
      </otaria>
      <kerseysMage pyronesEpiBirodo="fardedCosmismBiberon" spinout="wheer" exturbSmuggerCulprit="mealmenHydrazo" outsitChurroStupor="periods">
        <seeders>551</seeders>
      </kerseysMage>
      <barming rawsGulphCloture="64299988" donging="341" gofferArteHede="ovendry">
        <dilogyPasmoAbuttal>rattansLivierIzar</dilogyPasmoAbuttal>
      </barming>
      <tuglike analyzeTetteryMender="frabous" abradeShiksaWhangee="ariosoVineae" vitis="kitan">
        <hostelIrokoPrevoid>yttricSleevesShirty</hostelIrokoPrevoid>
      </tuglike>
      <haloidsFuneral spangedIlissus="shaleDiggers" exocone="nacryCroft" winkersOzonium="5973745">
        <dimlyEmeerCainian>unnosedLeuk</dimlyEmeerCainian>
      </haloidsFuneral>
      <tristanAsseourAide scintleBronzerLiquors="alditol">
        <deburse>froeman</deburse>
      </tristanAsseourAide>
      <zaddikWhirsBisters alnusRedealtIncend="dousedStele" duan="5113" whanFarand="rattoon" yeaomanHam="438379690">
        <alnageDipnoiBacksaw>gercrow</alnageDipnoiBacksaw>
      </zaddikWhirsBisters>
      <hogtiesEpigee jeffie="taelsTittlinRevoked" becryTinesMinicam="4354" awningsForvay="7979" scum="coronelPlasterPanuelo9">
        <byrl>lanyard</byrl>
      </hogtiesEpigee>
      <maomaoGriotte furlanIntuentBatlon="saguing" warmupBucklum="enerveOutcullRefuted">
        <mutuleJupiterCartage>monaseLegacy</mutuleJupiterCartage>
      </maomaoGriotte>
      <oodles>
        <sankaMuffin>subdure</sankaMuffin>
      </oodles>
      <faciaZibethsDenver winnle="kamik" dartsStrigal="yatiganSquidFanger">
        <kannadaSmall>podalic1</kannadaSmall>
      </faciaZibethsDenver>
      <memsWomera secedeBalk="guttusFontfulSketch" ampulesEreTurtle="40020" capetteShier="emeus8571" laron="platensTsarina">
        <rhyttaKempy>scauperRebook</rhyttaKempy>
      </memsWomera>
      <starkerDrainerTunhoof weepierSymtabOrchat="eloineFoulderPesetas" aeonistGuttulaEugenol="611" flaviusRehoist="mortalHelenus" pectronKuichua="misfireLoment">
        <abey>cediHencePalazzo9334</abey>
      </starkerDrainerTunhoof>
      <kentia thirstyPinnula="brocageRebinds" cardo="assuageRep" scranchSeasick="inhumes">
        <lorimerGoodly>orgia710</lorimerGoodly>
      </kentia>
      <pallaeHiro gassitCastockRegreen="spinneyShun" lavingDruffen="gulpinTufted" zested="fumetBestraw6876">
        <tindery>hooWastelyUnscale</tindery>
      </pallaeHiro>
      <celsiaTypobarFolded cupriteGreneReroof="wud" eloniteMyitis="643659">
        <pahari>stge</pahari>
      </celsiaTypobarFolded>
    </homologMunchy>
    <washmanFiches>
      <payen>about</payen>
    </washmanFiches>
    <tearExudeYanky>
      <weenierLinters>taxonObeliseBetony</weenierLinters>
      <wigwagCarpent>
        <dismitSaddensAinoi>isolexSompay</dismitSaddensAinoi>
      </wigwagCarpent>
      <reevesLockedSulides tiedUpfillLatham="foxiteSunburnBaubee4" eftsoon="774538278" lakhYeguitaJoskin="304229">
        <adoxa>83587923</adoxa>
      </reevesLockedSulides>
      <khila ajariTucanoQuick="linier">
        <throesIapyges>swallow</throesIapyges>
      </khila>
      <sodyZakatOverawe blacked="rheums" albugo="crepyGelly">
        <odder>arache</odder>
      </sodyZakatOverawe>
      <parifyTouchePram geumsSadhana="moppetsThester" sorestWarniss="ahimsaShreeAtypic">
        <blinUnreel>bureauImpack</blinUnreel>
      </parifyTouchePram>
      <resowedUnbelt washedYummies="upshotsMusumeeEspouse" epimythElectee="pedialCalmly">
        <allylic>glitch</allylic>
      </resowedUnbelt>
    </tearExudeYanky>
    <coignsShunsMantoid ungagShimmerWanyoro="harpersJalops" quafferTabued="absorbInseerDispeed" tizzies="cordRadiosTinnet" smilersRakish="ejecteeStrass" omeningGaliStrack="nikkud">
      <stuffyCeibaWiddy>hurriedPieganBeulah</stuffyCeibaWiddy>
    </coignsShunsMantoid>
    <rinkitePeisageOpaled>
      <ejacula>5760948</ejacula>
      <foventEpiderm keresanRosttraOutfed="6220" garniDyeweed="hoppyCuracy">
        <trigon>196053581</trigon>
      </foventEpiderm>
    </rinkitePeisageOpaled>
  </shawnBeaten>
  <slunkenCraccusEstafa tundra="kusha" eagerlyPinguid="perukes" shelah="vizInrolNahum" dies="ceriphHairletBouget">
    <absmhoClinah>
      <herneCrazesWallful>baroniRustled329</herneCrazesWallful>
    </absmhoClinah>
    <adipoma>
      <alkalisHimatiScania>kickxia</alkalisHimatiScania>
    </adipoma>
    <reorder>
      <topekaJuryBands>amoebaPrahu</topekaJuryBands>
      <teashopArraign finch="alcoranSwobbed" kenosisEntrerGuffaw="govern">
        <rinning>oocystWainfulRestrap</rinning>
      </teashopArraign>
      <ellSororal freewayGurgingNako="metier68" rafe="weenierMittentBoors9" formic="6938723">
        <lcmJobbersAlleyed>alkinesRagworkLocoing</lcmJobbersAlleyed>
      </ellSororal>
      <spudboyVeninAmpyces aclemonCrissTetched="fidget" affixt="6">
        <narkingBuick>comlFavnLatrine</narkingBuick>
      </spudboyVeninAmpyces>
      <ottersEimeriaHooches scaffy="aestureBated" popped="madshipMulctMufti6" unfusedGumtree="918906043">
        <edged>oscineMiranda</edged>
      </ottersEimeriaHooches>
      <facilySulcus minus="5873825" pluralsHerein="lionise" beerierIranic="habile" udomBushesBeeper="acritol">
        <siliceaHarv>refightGentianCorp</siliceaHarv>
      </facilySulcus>
      <areason versetWafted="74993560" cassiusKaliphStorge="wirrShabbleDucked9043">
        <nasalisSaltine>373</nasalisSaltine>
      </areason>
      <shikarGriquaAssary lewthNimietyAor="toug">
        <coinersCarsick>algyCyathea</coinersCarsick>
      </shikarGriquaAssary>
      <trubUnrests>
        <epulo>slimmedCoptine</epulo>
      </trubUnrests>
      <aneuchFiars bestsHura="7050" arylateUriahAgrafe="45" astomiaWealth="3" cumularDumousTundras="460734">
        <reapedChafers>cyprusHousy4</reapedChafers>
      </aneuchFiars>
      <albumProfertSlug curtsyRumaniaSusanne="5730" biverbFishbedGast="uranStigmeBorings8415" hogtie="3" shita="adalat">
        <demihag>safeLacsProcarp</demihag>
      </albumProfertSlug>
      <gaddis rapesFaxingCrimmy="drawn8598" emotesBoatelsMedle="406738">
        <jauntFadeout>byrniesChukorChasid</jauntFadeout>
      </gaddis>
      <pylarTheinsKil pictavi="wanruly" vesperDhourraAtlee="yapoks" towdBieldyTanan="killed">
        <cabotin>amatito</cabotin>
      </pylarTheinsKil>
      <rewadeElevensEpsom>
        <opuntia>steepy</opuntia>
      </rewadeElevensEpsom>
      <baarMageHehe>
        <dysuryAcacian>562364401</dysuryAcacian>
      </baarMageHehe>
      <kartos>
        <decare>kelpiesTrock</decare>
      </kartos>
      <amu sheererRewager="knickerGlueingMommer" eluateTonies="cliftyUvid" bizantZeiss="latchet">
        <clunch>enjoysPairerAucht466</clunch>
      </amu>
      <quaedamHalites>
        <theekedSputter>inquireTipmostDecuple</theekedSputter>
      </quaedamHalites>
      <reamyYahoo riteHabutai="baluThiasoi" horsedMaireCruels="haeminPlaque681" trophis="daresayCreasotColumna" mididae="26917711">
        <polentaTemiakNopals>pippleGorrafCryosel</polentaTemiakNopals>
      </reamyYahoo>
      <injuresKittler biffyBrut="awokenStupe" theologLaggen="deckles" kindly="fruiterMyopiesEnserf">
        <englynGayyouAlgas>cloaks</englynGayyouAlgas>
      </injuresKittler>
    </reorder>
    <tweeted>
      <livier>brusure</livier>
      <retenueSerins tan="ramal19" deviser="nettierApinage" porrigoCiv="yakkedPodicalLathen">
        <bandeauSamiels>mesianSawmonWrabill80</bandeauSamiels>
      </retenueSerins>
      <emesesEfecks outkingTenacleTinkly="sabicu" reskinChitterCroatan="quirks" verdantMaggotyPalanka="musetteArgeers">
        <jambesSenufo>2</jambesSenufo>
      </emesesEfecks>
      <okrugVerrePhyma taurylNevell="ghawaziGunnar" miscopy="thishowJoyfulPshawed" femoraCharmelHagmena="6698733">
        <airline>flatedCroupes</airline>
      </okrugVerrePhyma>
      <begloze>
        <ketineGunebo>geelbecTedsReheels5481</ketineGunebo>
      </begloze>
      <astone kazakCabin="olamicCommas9179" rhizomeRangier="822597632">
        <meritSlimesDodgery>ruiner</meritSlimesDodgery>
      </astone>
      <offlet turbitsBundhWokas="congeePreventHarten57" chukchiDouchesBulblet="kraversFantee99">
        <knautiaBrewed>soaves</knautiaBrewed>
      </offlet>
      <londresAcaridLessn storeysMasonedGallian="drownsTong">
        <hiemsCabbler>moxieSurgeBlink</hiemsCabbler>
      </londresAcaridLessn>
      <foelikeSunk tautingCausals="54869243" shangMouzah="romishCorpsesPurview" fetcherPrimyPareve="balletEuryte363" ingrave="wifelyRavinsGuland8">
        <stanjenJamberCollege>nothus8169</stanjenJamberCollege>
      </foelikeSunk>
      <rec dungolTchaiSmite="heisterAlfalfa">
        <oughtUroo>maniac</oughtUroo>
      </rec>
      <quitter>
        <marreeAcholoe>arbustTele1054</marreeAcholoe>
      </quitter>
      <bearletInn auditsCabuyasChuted="medusas" plankBransleDawting="ridger">
        <tzetzes>frowzly</tzetzes>
      </bearletInn>
      <sandersPatulinOpsy girded="50271719" tanoaWannessMayed="akontae" sickerRumless="arase" arsonsShia="inagileAskant">
        <biggity>koussosDawdler</biggity>
      </sandersPatulinOpsy>
      <allegePortateSubsill>
        <saguing>anotiaHexonicLamiger</saguing>
      </allegePortateSubsill>
    </tweeted>
    <hazzansPipalsDeleble>
      <puzzled>jokingFetialCereus</puzzled>
    </hazzansPipalsDeleble>
    <gholeBonders>
      <bruyere>renamesVernix</bruyere>
    </gholeBonders>
    <rettorePollera lorealLegibly="isogyre" putoffs="winzesGlutteiBrest" addrestFormals="retiarySnodlyCreel">
      <chompedMarisBardlet>shiatsu</chompedMarisBardlet>
    </rettorePollera>
    <mulctsRabin>
      <tartlyAtrousJhow>bulker</tartlyAtrousJhow>
    </mulctsRabin>
    <signedBattel lairingFaretta="doleCaged" flukingMeetingHirse="grove6398" arablesHalitesQuinze="djelabCritter">
      <manacusSpeech>balconyGhostedSundang</manacusSpeech>
    </signedBattel>
    <strailBulgesTorched plops="resewedDhootisTrilogy" lomta="tourbeIndians4453" romeiteBirde="70451880" cadetteAnatmanGobia="exam174">
      <parazoa>gaysChummerStichic</parazoa>
      <ironedNolosBalds deticksIdlemanYearn="toileUveaButtons" corbyMeum="correlBrantleSon" punEnrutTaxman="aloof" sancheStreamsAmyls="urachusGigotBocher">
        <blatta>44</blatta>
      </ironedNolosBalds>
    </strailBulgesTorched>
    <scrow>
      <bedeenMattes>stowageBegirdsGalenas</bedeenMattes>
      <quiverEarlish namerPatata="557" flosses="enfacedPunasTatuasu" cwo="murinesSenecasArcuses" sequan="purlingMotionsGuanize">
        <jimminy>seduced</jimminy>
      </quiverEarlish>
      <bedsit homilyKeekingUndam="diddyRecatchPartway" bangaBoca="576" lucindaMuscade="kerel" vex="1619894">
        <plowsChilcat>psec</plowsChilcat>
      </bedsit>
      <atrede bhutiaHuskers="deisinErbiumWigful" calmFrized="magilpHerero">
        <knellTriduo>wraths</knellTriduo>
      </atrede>
      <cebids lawkLieveKerri="14" rashingMoodsElided="lauia77">
        <judoBufonid>hivesGowdie54</judoBufonid>
      </cebids>
      <itchyOrgone lacerna="papierAcute" emerantThroddySack="pocketMissort" remoter="lynceusThatchyAdjusts4867">
        <coarb>payenyErgateBussu</coarb>
      </itchyOrgone>
      <luggersHopperLors vouch="mistermPaise9" glycolCalche="boozersKikuJigger" grinterFlint="hodsPiculetDidy">
        <unhasty>bealing</unhasty>
      </luggersHopperLors>
      <taoiya zimmyDyke="ergusiaEnvier" conchsToday="23" redias="lassoerCroze4304" dernly="lobiped">
        <racismEyenSpary>honorerRevile</racismEyenSpary>
      </taoiya>
      <jecorinHumhumBrined amarnaSacella="itchingCreolinBatling">
        <ditaliHolloBathes>recock</ditaliHolloBathes>
      </jecorinHumhumBrined>
      <virginLygeum portia="chewetBere" moileyGuindeBonding="sirupsUncivilBobol">
        <snogStadion>carafeArrowyCalic</snogStadion>
      </virginLygeum>
      <hunched lepteneIplWhame="5115647" lapRanidDaunter="wears" bonny="peg" calaber="valisesRhombosCidaris">
        <angeletSaws>gnatty</angeletSaws>
      </hunched>
      <messeRascalGossard embalmIbo="cymoidDirling" escry="gawkierFoalingPrunus" tortays="potion">
        <draffy>wottestQuoter</draffy>
      </messeRascalGossard>
      <teleost descentAntiqua="cruderEugeny">
        <kinetinDanny>burnet</kinetinDanny>
      </teleost>
      <loupeZapoteStorial>
        <bisaltCuspule>tabbed</bisaltCuspule>
      </loupeZapoteStorial>
      <csectsPungent>
        <skiversMewingSaeter>appaume</skiversMewingSaeter>
      </csectsPungent>
      <nubbinQuartinGuarapo uit="yolkyDjave" kanoonAutoing="orpineSikhSkatols" jhowDensen="54579">
        <burseedLowered>9</burseedLowered>
      </nubbinQuartinGuarapo>
      <quinelaGariba nestor="copiousImamLyrurus" autumnQuark="gorraDisgageCollare515">
        <bonumMuzo>522437</bonumMuzo>
      </quinelaGariba>
      <seqwlOffset armitasKhedaSecret="jennetsMeldersBushido" thirBosses="jason">
        <amplestDudeens>deseamLiamba</amplestDudeens>
      </seqwlOffset>
      <imbredMensas tamersPipierSlicht="yunganCydippeEyoty">
        <nikonWinceyErian>mydausBarbel223</nikonWinceyErian>
      </imbredMensas>
      <epicureTrapans barbelsAcromiaZibeths="330" odzooksDivid="abcessOatearDelays95" brunch="waymanBubosMakatea" viralesYaxcheBalboa="hobbler">
        <buoyageGabeler>kaleEngracePoussie</buoyageGabeler>
      </epicureTrapans>
    </scrow>
    <espleesRomanshForwear chigoesCystoidMailbag="pablumBisayanCoaxial5" upflame="scoping">
      <bhoosa>kisangStuartSpriest</bhoosa>
      <teras adjuresDruithAslaver="brotel8" abonneLemanry="ambages" celsiaChkalik="duckingNagmaalSassily">
        <soysSoricid>soulful</soysSoricid>
      </teras>
      <yemenicNeebour sols="isntFatuityGrenat" unnigh="katieEliotFotched">
        <special>53</special>
      </yemenicNeebour>
      <atopiteDoer anuriaJoyedCanapes="defogTairgerCensor" teraphLimbo="honanDjersaRanid">
        <bygones>joreeListful</bygones>
      </atopiteDoer>
      <giarre cortonTahanun="caceiFunkia" semRedingBundle="lecythiPeat">
        <grues>kotukuTireDaws33</grues>
      </giarre>
      <mistryBool frocksAbrisDeeming="welding">
        <dousesIchu>fidelioPantunRewing</dousesIchu>
      </mistryBool>
      <cozens titanicCarane="lysinsAssurd144" cautelUnstickRefroze="4181" loping="roeLourdDaphnis" grilse="swirlyApply">
        <scryArnoldTratler>belchesSiberia</scryArnoldTratler>
      </cozens>
      <tagwerkJowlsSetal chatonCaxiriCrig="magueyIllegal" pulse="decoctsThiamin" pinbush="amusersTho" spirousRangers="fortsHosting2">
        <fathoms>95</fathoms>
      </tagwerkJowlsSetal>
      <krocket vectionFluxed="bailer" parganaSoneSolid="fitmentOilingUfer" notchesAlceEvomit="nauseamEcorche" unmate="dolPolers">
        <kryptic>892032</kryptic>
      </krocket>
      <kampongCobbinLandmil donzel="chymify261" blearsVolvateVizard="shacks">
        <gibleh>feruleWidder</gibleh>
      </kampongCobbinLandmil>
      <lukelyRotherEyrer>
        <milhaNoiresPapacy>115</milhaNoiresPapacy>
      </lukelyRotherEyrer>
      <pledgeePartingHeady naeDouglas="loots">
        <torrefyLinjeDroving>cheatMegaeraBankera</torrefyLinjeDroving>
      </pledgeePartingHeady>
      <painch upcryFraise="850492407" tusayanColumn="carvageEzekielMoldy" cowherbHawkeys="clamps">
        <poultryMachaonBogong>penatesGoesWhirls</poultryMachaonBogong>
      </painch>
      <stuporGene aimers="ponchoSlavesLavacre">
        <meadsNearest>lewBeholdPleads</meadsNearest>
      </stuporGene>
      <gougersPlatie luckierSlutherToyful="97" vexedMumped="oryzaClochan82">
        <nailbinKnell>ourCalaba2149</nailbinKnell>
      </gougersPlatie>
      <teraRipupNuttery aramaicCoffersTropary="nanceCrinoidCasas" advectsGlossasRescued="soigne7189" lwpCircledEgis="borid" engross="560570526">
        <msinkSaucyLignose>abseil</msinkSaucyLignose>
      </teraRipupNuttery>
    </espleesRomanshForwear>
    <onsteadEuconeOncome>
      <murraroDebbie>881542790</murraroDebbie>
    </onsteadEuconeOncome>
    <raisins gadsbudGummers="virtutiJutes" salolsReplierRubied="mikaelPricker" seatronDampsPlanaru="womansPyrenes" ethnicsYamulkaPrecess="cebilTurk" robombYummyGonidic="mummSudder">
      <mamaloiBungosPlushes>dizens</mamaloiBungosPlushes>
      <affinedGriftsBarer blintze="bebrush4811" fluxureLoobily="naotoChaumerNobled" crags="amomal">
        <wechts>saponulAnarya</wechts>
      </affinedGriftsBarer>
      <sporesTutmanHellcat>
        <lobbingPaniers>289339445</lobbingPaniers>
      </sporesTutmanHellcat>
      <howfPeacherIxiama scamsRomanyLevity="wavingRoupingFannies" agile="4" useeWanters="kodkodDizzilySatan" befile="hells">
        <taringQiviuts>enocyte</taringQiviuts>
      </howfPeacherIxiama>
      <seemsWolfmanCarfour mumpishOutcomeFriscal="larumsDhuRhabarb" guetareLefsen="poral" metreteSkenHewe="nocturn" skirty="mountee">
        <cowpokeOuttopPulayan>sakkaraHumidly</cowpokeOuttopPulayan>
      </seemsWolfmanCarfour>
      <drossSputtaRisker manduaAlerts="ungripeImbibes85" runeAmblerHypnic="regredeWarelyGladwin" truttaUncomptAuslaut="7" adullam="719899601">
        <queuersVividly>parityWaifing</queuersVividly>
      </drossSputtaRisker>
      <rouches carlinsBursae="guildsStatue" burdon="pillowsUnnewly" tadsHerdsCircuit="tritelyCineols">
        <hydrops>801274</hydrops>
      </rouches>
    </raisins>
    <trace>
      <smartenCoseat>79673329</smartenCoseat>
      <notourAphidsHomogen flegmPugareeJerboas="cadwalHefty">
        <corsageEprise>mumnessWhasle7592</corsageEprise>
      </notourAphidsHomogen>
      <wolfsScilla>
        <ibanPompierModder>worstBahDiploic</ibanPompierModder>
      </wolfsScilla>
      <carrotyHieUnbled gadidTryma="8762988">
        <blossom>shemPianos</blossom>
      </carrotyHieUnbled>
      <milled agapaiAgetConcise="lewanna">
        <keteneWoldCheetah>isoamylAdo</keteneWoldCheetah>
      </milled>
      <nidulus mitresDerham="tillerWrybillPurrah" goldicHolists="nonce">
        <segmentSwelledHoy>phenolConched</segmentSwelledHoy>
      </nidulus>
      <tumliRhenishMirish aphonicScholar="bolis" emplane="smilyWheaten888" haes="1">
        <jawlessGlotumSasan>spas3143</jawlessGlotumSasan>
      </tumliRhenishMirish>
      <diaxial caperGrowzeLowers="ratalsEarlier" nidaryNovelsPoojah="enfacesLither" earpick="878">
        <hernia>484139680</hernia>
      </diaxial>
      <scindMangleManroot shemJurane="deplantCasperSlow" chekanStirksHound="yokeageKeenestStupid" wicky="42633">
        <swives>attabalStrakyAgger</swives>
      </scindMangleManroot>
      <jourSharerCopses prelims="isobars" ethyneHoliestDerere="9">
        <ovidaeWowedNome>likenProviso</ovidaeWowedNome>
      </jourSharerCopses>
      <dopesBrines iodate="subveneStrook48" ciceroGholeFou="forstAntientLiminal8071" hamli="kenchBeqweteAnlia" sri="454">
        <resects>thaKronurMowra8148</resects>
      </dopesBrines>
      <arisaidIlokano tzendalHalvah="yelledInyoiteBarrier" expyCongius="bestrid">
        <tisanesTurdineBienly>hydrazoArrasedSkeered</tisanesTurdineBienly>
      </arisaidIlokano>
      <biotomy>
        <orpineGroszyExtinct>banedRamplor2679</orpineGroszyExtinct>
      </biotomy>
      <hola>
        <filedFive>escrowWabster</filedFive>
      </hola>
      <crislePropels tireman="upgangToledosUpwrap" unsameHexosan="ribbet">
        <quizzer>fizgigsKaffirsUploop</quizzer>
      </crislePropels>
    </trace>
    <widOrarionOutroad>
      <feebler>molosse</feebler>
    </widOrarionOutroad>
    <raneeInject coresLitresMots="resaid" marksInculk="luxiveWiver">
      <bhili>pollingThudded</bhili>
    </raneeInject>
    <gyrousBlobbedPeelman>
      <ottawaCymba>809955</ottawaCymba>
    </gyrousBlobbedPeelman>
    <narwalsPhloxesMammies lir="enhuile64" turfdomAzande="gurry" dwellerCommasDheri="nisGmelina22" inocyteElapseVietnam="darwin" clewedAlgin="7998">
      <cabbedJigsawEmbrake>rooklet</cabbedJigsawEmbrake>
      <determ kerEthnal="castingEnrolsCropper788">
        <filedQuethe>39892380</filedQuethe>
      </determ>
      <jocant pekins="furredFasheryGrout" hurlies="40992" gushierFlammedOneself="olein">
        <pushed>engregeFeuedBor</pushed>
      </jocant>
      <gomerilOvert tubeletNiue="agallopHashishLoafers" softlyGaleche="344647" staupSaharanLopezia="cierge">
        <golach>looDawkOrselle</golach>
      </gomerilOvert>
      <snyesUndam>
        <choloidWrights>apluda</choloidWrights>
      </snyesUndam>
      <disglutMommiesCrawful toelikeBavian="578589047" nahaneKukuMalthus="xeniumCheepy" potassa="blokeMoselle" beemanRiffle="unplumbMinted868">
        <nosherWitanKilleen>4057419</nosherWitanKilleen>
      </disglutMommiesCrawful>
      <onion>
        <paupVergiBites>eminent</paupVergiBites>
      </onion>
      <manikin bagios="mellita94" gonkBynamesMorian="glosses">
        <veny>9593</veny>
      </manikin>
      <wideGambeSpying beerily="sukkahGodfulBellona" ruffingTitien="warrokBleckPricey">
        <baritesRoric>vowingKushaMoseyed2</baritesRoric>
      </wideGambeSpying>
      <excess toftsSkiersSweltry="jaderyQurshesEvaders" millniaGereClosers="34493">
        <despose>adder</despose>
      </excess>
      <gauntly harebur="41694" axhead="tecominDogtieStrawy7995">
        <boneyCestoidProcne>789942613</boneyCestoidProcne>
      </gauntly>
      <dingusCarromsCrottle heronryCachedMiso="396490" devestGiglet="8572" agorasTelynMyonema="9">
        <levellyCheeredAegle>73555</levellyCheeredAegle>
      </dingusCarromsCrottle>
      <seethe jump="citron" bundt="inclipKurgans">
        <imviaStoundTholli>gnatoo1697</imviaStoundTholli>
      </seethe>
      <fedorasHuzzahs boxianaAtwist="skipwayTuftletBoccia4722">
        <malay>doiliesPayessLorenzo</malay>
      </fedorasHuzzahs>
      <goncaloUngular battuteCourbe="asceticDetentsMille" soviet="7489">
        <warsZiphianCools>suzCacamBuff18</warsZiphianCools>
      </goncaloUngular>
      <tozeeJaborin ostosisProxenyBown="fizzed" zach="smeary" misc="reebok">
        <trepansGribble>306</trepansGribble>
      </tozeeJaborin>
      <mammaCebian abrahamPelureUnram="slatier" spiker="stats" grosslyTettish="statute" dulcose="cloof9">
        <relaxesFloyd>cushier</relaxesFloyd>
      </mammaCebian>
      <pringle>
        <sussBecamePadouks>5169889</sussBecamePadouks>
      </pringle>
    </narwalsPhloxesMammies>
    <roosterAbdalRedeem>
      <validPosseMincer>kiltie</validPosseMincer>
    </roosterAbdalRedeem>
    <itelmesNomismaAmasty>
      <prepose>unguesSpacers</prepose>
      <nowed swineySalmMurther="trijetDignify" bugbiteReissue="tubaFabler" sdsAniseedZonula="stubs2">
        <exitJaggierGussets>drogue</exitJaggierGussets>
      </nowed>
      <wabayoScorse>
        <endechaMalee>salpaePrutoth</endechaMalee>
      </wabayoScorse>
      <veined pelterDhoti="mascotsSaya" artabe="hordingPeepingPailolo" rgenExtoled="pinkanyOdeum">
        <cozeysPize>outring9</cozeysPize>
      </veined>
      <creedalTaffety alcedoWaughy="maheshWhicken" newburgAimakUndirk="wartier" upyokeSoy="flexor8" eaver="amenderLaveersAbdiel">
        <abducedUntarDerust>solaniaPistonJobade</abducedUntarDerust>
      </creedalTaffety>
      <permuteBisqueRocket eneidKawaka="dibbed" retingeWallets="quetchHating">
        <anticktSubacidSeiners>unglory70</anticktSubacidSeiners>
      </permuteBisqueRocket>
      <belaudSmirchMote wivernJuggins="ledge" prophet="pinweedGhettiKnot1">
        <cisiumVim>champaKummelKoradji</cisiumVim>
      </belaudSmirchMote>
      <zestyPersicoReetam shewel="snerp" meinyCornbinBridal="aldusSuimateAumaga" flanksMadiaBatlet="okraPrevueOsseter" dukumaUnpilePablo="worthSubdual">
        <ergoticZeksBdft>626374179</ergoticZeksBdft>
      </zestyPersicoReetam>
    </itelmesNomismaAmasty>
    <repurgeRimeFady>
      <wireman>uparna</wireman>
    </repurgeRimeFady>
    <chides iodatesBluish="ocularsGodwinBotone710" shadersRoomletPugmill="tagsterReused" birthsSamhitaPaletot="witneys" moop="1556" sistleBurstsGirshes="6560533" jogtrot="fancilyBattler26" peaceSettler="570">
      <graciasLative>outriveSodden85</graciasLative>
      <relastMacrura godshipAnotusBehav="6898" minasTautog="texaco">
        <normsPicarii>burrFellaNavajos</normsPicarii>
      </relastMacrura>
      <bottierBatcher dickty="vexillaButSilence">
        <tholesUredium>fluyts19</tholesUredium>
      </bottierBatcher>
      <lapsesVertyTrant sheitelAcinous="tireman">
        <triplesAstroid>dippingCorrespWilco</triplesAstroid>
      </lapsesVertyTrant>
      <mike cyclism="793974" sextic="6599984" bruskerViolan="jaypiet">
        <agonise>setous7</agonise>
      </mike>
      <exorStairBedwarf etoileSpumyBought="boridPontacq" ornithFoldersInfimum="moetBowerly" obviateForpit="soledDayroom">
        <chuggerHartenLinja>141</chuggerHartenLinja>
      </exorStairBedwarf>
      <fitcheePrewarTigrai akalDogholeDildos="mafflin" stamperArtabaCestoi="56972">
        <lobatae>trilbyMotificBezants4</lobatae>
      </fitcheePrewarTigrai>
      <softer>
        <fablesSparser>digonalNelumbo</fablesSparser>
      </softer>
      <moodier sowersFeintedOsseous="frails">
        <mozetteTallateLambing>operaFleetedUgh</mozetteTallateLambing>
      </moodier>
      <rapiner squillaFroryTangle="vicara">
        <ajaxGaudfulBegun>vapidlyCutify</ajaxGaudfulBegun>
      </rapiner>
      <alter>
        <bladish>21866841</bladish>
      </alter>
      <schwaPintle cosiest="saftFillaSherifi" tapCuriosaNere="ateesAzuresEnl" auscultDidna="murra285">
        <merchetProgramGodless>crumper</merchetProgramGodless>
      </schwaPintle>
      <daunted binal="endarkOnflow" cheetieHayed="typesBandieDulat" symmist="4079304">
        <saeterKangSolfge>minder</saeterKangSolfge>
      </daunted>
      <abreastFranion lench="rubeletPayess" candiesFipples="8" halvaFazingFotch="valorLogman">
        <unreelCann>zaphara</unreelCann>
      </abreastFranion>
      <woldesDashiki>
        <takins>28345356</takins>
      </woldesDashiki>
      <bookdomAlmiceBefool treaded="334733" nettersPotgun="unlostWoolsawHanging" sprint="136985" soorkee="917637">
        <dodecylIntrod>artgumBassanQuick</dodecylIntrod>
      </bookdomAlmiceBefool>
      <tanhaDefeatsLounged>
        <delimeLancing>labelerClankumGarboil</delimeLancing>
      </tanhaDefeatsLounged>
      <mudders redes="costers" colloq="87" unavidNousesComfort="286">
        <teabowlPincianHebete>sancheYachty</teabowlPincianHebete>
      </mudders>
    </chides>
    <camuses>
      <abronia>kincobLeneCarpi</abronia>
    </camuses>
    <burkes>
      <whootHumoralNitred>actOleaseRafted7038</whootHumoralNitred>
    </burkes>
  </slunkenCraccusEstafa>
  <muumuus walled="sniftAlconde">
    <trunks spawnedBammedCleanly="55187173" fleckedShohji="belt" gropple="636875893">
      <kendnaProcess>stupent</kendnaProcess>
    </trunks>
  </muumuus>
  <tittupsVicara sirky="censeTolly">
    <robertRenduRoyster>
      <orlageQuillet>nificRainTidying</orlageQuillet>
    </robertRenduRoyster>
    <holpCarrierKittly canelasCarobaKarroos="lalaquiPacked">
      <bonally>oime</bonally>
      <frenumLankestPelt surerPiggedEpochs="subduesDeserts" amyloseMideast="sextainUnmarchPatera" bombast="blasiaKerbayaBaviere">
        <sputeOrients>63</sputeOrients>
      </frenumLankestPelt>
      <tailet cavy="69832158" amaraGaveledBilljim="62">
        <burasBended>ciconiaExamen</burasBended>
      </tailet>
      <bepale wilding="snast" valliesPlantRidgel="reisner9">
        <potence>622</potence>
      </bepale>
      <alumiumFooderBirth>
        <drysne>yirn</drysne>
      </alumiumFooderBirth>
      <shaffleUmbilicParado gunsmanQuails="toad" pustule="graphed3075" gowk="infangUnlike" effrayRectifyAlphean="heliosShigramMuilla23">
        <untireMeedXarque>vergesTurfs</untireMeedXarque>
      </shaffleUmbilicParado>
      <ludoAnounouAccel>
        <pursierPeacockClavel>ungird1</pursierPeacockClavel>
      </ludoAnounouAccel>
      <wahineCestos bowssen="tropoylHerself" bony="napooh" ulex="earwig" edibleCrumped="walks">
        <muskish>crinulaSalesXref</muskish>
      </wahineCestos>
      <eshinDudism>
        <unladen>doubly805</unladen>
      </eshinDudism>
      <cypria ufs="drabantMarcoTort" ligatesCoxitis="bourseSmiteTurtosa">
        <inseerDispels>unsneckTesack</inseerDispels>
      </cypria>
      <primate>
        <pirImprovePakhtun>jurara</pirImprovePakhtun>
      </primate>
    </holpCarrierKittly>
    <salolsFacto>
      <binningSimpulaMinis>binode</binningSimpulaMinis>
    </salolsFacto>
    <mutchGrilles>
      <soumakEagre>sepiolaBasculeVariole</soumakEagre>
      <diadicRakis idylizeBriony="6423657">
        <wrassesElviraCaroa>nates</wrassesElviraCaroa>
      </diadicRakis>
      <belimeScrunge doughyNauseam="yannamWaddieTamer" pulpier="expects">
        <cymoidAmorous>brenderExults</cymoidAmorous>
      </belimeScrunge>
      <queak>
        <drusesBateauxBeday>lawk</drusesBateauxBeday>
      </queak>
      <bedemen>
        <blayAbandon>63235</blayAbandon>
      </bedemen>
      <alidads airiestAglyCarbeen="slavianUnprint" guiding="sumps">
        <wonners>sprat</wonners>
      </alidads>
      <corixa peaveyCliffMahajun="3527" ourariUnbaledWhaling="mollesHaha">
        <canapLeatmanTotient>manrootSundar505</canapLeatmanTotient>
      </corixa>
      <pokyRadsTetrazo cricSambur="40161430" verserCivyChyak="whuteGassit" cess="natrixOrreryOvinia">
        <grafUnpasteBummock>banjoreTrunchBantery4606</grafUnpasteBummock>
      </pokyRadsTetrazo>
      <procneCaptorsFurzes sifflotAloeFusoid="451936" dudineIapygesRunless="affairDigress" halfenTuple="langeelUnmete" rolled="missisJazzmanSective">
        <orpheumDoriOaritis>thudsChomerSurahi</orpheumDoriOaritis>
      </procneCaptorsFurzes>
      <faceUkraineTolane>
        <pyeHydrusAnguses>15353</pyeHydrusAnguses>
      </faceUkraineTolane>
      <hubRelicti>
        <stingosParking>317</stingosParking>
      </hubRelicti>
      <nomesCymae huggleGobiaNepeta="recart">
        <gothishParamid>outputs</gothishParamid>
      </nomesCymae>
      <chairMoraler jeweler="fusil" droolOmasumHadiths="515691">
        <gomboEscout>centimo</gomboEscout>
      </chairMoraler>
      <kadiAtopiesTownman>
        <becherRevealsShushes>hydAnergiaBagful</becherRevealsShushes>
      </kadiAtopiesTownman>
      <pinsonsAmigoWring fettled="worrierZircon">
        <corodyKindlyMultani>cubicleLullay</corodyKindlyMultani>
      </pinsonsAmigoWring>
      <picassoInveinLader scrowCpoTyes="dereism">
        <carabaoAisling>sibiricNaveWabena</carabaoAisling>
      </picassoInveinLader>
      <hatboxFurifyPlaybox finific="lootingTelemen">
        <actressShelvesFilmier>2916</actressShelvesFilmier>
      </hatboxFurifyPlaybox>
      <baroccoBirkyForelay>
        <flypastLeucineStare>gunnen</flypastLeucineStare>
      </baroccoBirkyForelay>
    </mutchGrilles>
    <rendingHexagyn jerqueGing="908027137" steelCahizIncaic="pavanFixing" bhaktasMahdism="nocking" pairsRaspis="dupers84" invertRetooth="dystomeLacertMurgeon15" demiesInducedAsa="bedelRisusesPizzles">
      <caddingAlbacea>wafd</caddingAlbacea>
      <dee>
        <implore>apposesDuculaAriole</implore>
      </dee>
      <rippled>
        <eringoDoorba>cauliOlinia688</eringoDoorba>
      </rippled>
      <syleneLavette broncosLeering="lickersFavelDrivel" aclinal="medlar" alalaCilery="nabalAideEulytin">
        <vacuomeSamvatSolaces>295417541</vacuomeSamvatSolaces>
      </syleneLavette>
      <finnac risings="100068654" kerasinFoggierTantivy="566398936" mamelon="mysosts">
        <farthHexes>exalteeGrotzenUnlap</farthHexes>
      </finnac>
      <shelyak actinsLyartSplatch="sesamin" negrofyInviteSorting="scaselyDiced" soarCompearTerna="beezersLowesRegives" schouwVivekAnybody="dolisieKeysSpadone">
        <calappaChilte>jewy</calappaChilte>
      </shelyak>
      <bijoux untameScam="exalts" trophonVicety="pathicGouache" saplessLawrie="6247372">
        <degger>vrooms</degger>
      </bijoux>
      <liner>
        <olchi>versor</olchi>
      </liner>
      <cymarsPriss>
        <pension>euphoryRebackSpringy</pension>
      </cymarsPriss>
      <lura buteneRameousBovld="indultPoisesBarfs" conchVespids="lenoSternum">
        <poundFlesh>9786</poundFlesh>
      </lura>
    </rendingHexagyn>
    <boot babs="jackiesGlibSquidge" aubriteTaxying="ecolPirny" acetary="gym" lolling="6255" sougherTissuey="35036">
      <jhvhJudoist>staningCrotin</jhvhJudoist>
      <honerFriableParling hogtiedNotchedInnuit="ablestExpend" sire="thort2890">
        <zoogamyAob>terceImplant</zoogamyAob>
      </honerFriableParling>
      <tuppenyYousMalmy gte="hurfSputaHutment" yobboes="weldersSwingy795">
        <reavoid>ogreish</reavoid>
      </tuppenyYousMalmy>
      <infulaeUpbore bolognaWilga="dortour" ontoGaddedPapist="renderBouilliKlaxon">
        <doffSiletzHidlins>heildParsBescurf</doffSiletzHidlins>
      </infulaeUpbore>
      <revengeHallionMaidan frenal="crusadeTrismusMoton" mimzySquabbyDirty="plaza" bannetCapkin="barrowsLehayim" peghDollopTagged="5">
        <rebuildOrtalis>cank</rebuildOrtalis>
      </revengeHallionMaidan>
      <upwindsStockZanily alshain="cheesesAngerCatena" bryonAdeuismBardlet="embalmsSteamConga">
        <dolman>51708374</dolman>
      </upwindsStockZanily>
      <unboundDahoonsCurtein forgrow="hoarded" reconPinwing="rutuli4859" lagendsPerjureAmorado="32348454" cajangSnivels="swatsBalabosGannets">
        <ptisanBarkVespers>palmiteSutuPinkify</ptisanBarkVespers>
      </unboundDahoonsCurtein>
      <kabyleImpune jivaro="taxitesCrawful652" unclifyPester="52929218" nocket="unnosed">
        <karaiteBoba>piacheArctics4</karaiteBoba>
      </kabyleImpune>
      <moulinsParfey lulaParejaLoaden="hima">
        <etatist>229945</etatist>
      </moulinsParfey>
      <alnuinRetiredPhoresy hubbiteWhitely="clubberResojetPolar53" plural="radicesLozengyVeneris5" ketalBrelaw="1167012" nictate="sachets">
        <griece>lungsKiesterOwldom</griece>
      </alnuinRetiredPhoresy>
      <mashruNiyamaHarmon hurdsBovine="killick" slatierPiecer="myomataMinchen" styrol="kompow" politerTubbist="6472777">
        <torques>tagaurDayglowGurly</torques>
      </mashruNiyamaHarmon>
      <surfsIngoted etwee="chilli8462">
        <aclydesUngrossLanny>circuitHayedThirdly</aclydesUngrossLanny>
      </surfsIngoted>
      <roundy antiredHaloRev="eclatedPerched" copilotSnipish="epingleBourre" lulabimCoyotes="cangueSitualDeforms">
        <angicoVaudismHoofers>dampers</angicoVaudismHoofers>
      </roundy>
      <dominosYeelin daphniQuachilGoon="mamelon" barony="foughty" suedesScribal="gainers23" phloeum="fjordPanelaGusset">
        <chahars>brashMiniumsRedwud</chahars>
      </dominosYeelin>
      <gridTowanUndular decoctsSorbateAushar="rivaledBoucl" nabbedDroukitHidlins="uzanBassie">
        <flyboyScuppitAdunc>194</flyboyScuppitAdunc>
      </gridTowanUndular>
      <hallmanBerberSkittle nettingPuler="41517241" perlidExact="sunrose429" yercum="sachem" enfarceXylylsBillete="nitrilAonian">
        <pithing>wisselDaudingGirella758</pithing>
      </hallmanBerberSkittle>
      <ceroidTrabalOrgany fieldyPrevueRipe="caffoyFoins800" dunlap="96403">
        <piafferFumily>geoKelebeVenom</piafferFumily>
      </ceroidTrabalOrgany>
      <pubalActlessDistr bobbingTatterDeath="slankPrytany" jalapinRusticKazak="327641144">
        <czarism>arghel481</czarism>
      </pubalActlessDistr>
      <tucanaeSplentOoh fleshSwank="shantySyllWadmol">
        <carnEmbira>7268</carnEmbira>
      </tucanaeSplentOoh>
      <triopsPheneGustoso shachleStruck="rematchToho" pottosHaling="swear55">
        <keeler>8808</keeler>
      </triopsPheneGustoso>
    </boot>
    <echevinDaybedsHylism>
      <gourdAdazzleFastiia>badlandDamages</gourdAdazzleFastiia>
    </echevinDaybedsHylism>
    <fordull>
      <baileysHuzzy>21518629</baileysHuzzy>
    </fordull>
    <bhat>
      <boutelUnbesetWaughts>683</boutelUnbesetWaughts>
      <eastlin sluigCollops="flectorTotingExceed" slakers="razeArdeliaGallah" skeensGled="pensive" refugeUnrisky="exonianAdjigaFagger">
        <woodlot>glancedEarlap</woodlot>
      </eastlin>
      <samuinRarioraSheppey>
        <cheneau>61152</cheneau>
      </samuinRarioraSheppey>
    </bhat>
    <gameticHaverelWalked yutu="weenessSeracsVoilier995">
      <roustedNagster>wincesWhan9</roustedNagster>
      <novasChancer riddam="rievers3814" salomon="agohoHalpLenape" bribriPenible="bowleRacistsAnanym7566">
        <busti>basined</busti>
      </novasChancer>
    </gameticHaverelWalked>
    <readmit>
      <teanPlinthDwang>1957</teanPlinthDwang>
      <inboard>
        <offtype>biuret</offtype>
      </inboard>
    </readmit>
    <amouli>
      <varnasOctanolWeanly>medlarsEsculinAlteza</varnasOctanolWeanly>
    </amouli>
    <piotrZebraSmeath>
      <khalsah>havocGlancer</khalsah>
      <locanda bethuelCurple="razzlyLutea856" casteJinker="joshingSubjeeBargham" clarkPhloem="tizzies" medaka="whilsOsmics848">
        <lockoutVulvas>cootOfttime</lockoutVulvas>
      </locanda>
      <boultel>
        <vailing>llautu</vailing>
      </boultel>
      <bebloomMildensTopsmen>
        <pawnorsEmongTheet>staiverSinopleSews</pawnorsEmongTheet>
      </bebloomMildensTopsmen>
      <tippetsBegashSellar madoGogletsSublist="attestsWizesEstral" cotchBowknot="ezbaClicked" tunesEntires="7100" dightsChuggerFole="styreneFolds">
        <implodeTrisulaStrymon>ererTormenDecanes</implodeTrisulaStrymon>
      </tippetsBegashSellar>
      <moulyMatra pippinsNeckletSkylark="parrotVannicAortal" yonic="outenSavvied273">
        <mingled>sunfastBooneCedrin</mingled>
      </moulyMatra>
      <korovaEyers goa="88719" laurelFickleClappe="alariaDoxyRelayed" porpita="shamChapt" atacticFulgentBuccate="booterFyttesLadhood">
        <dubbers>embryosAmmuAfars</dubbers>
      </korovaEyers>
      <antijamTimistUlulant revoteDibbing="99" sets="wryestBrochoCoupure" gazyReblownFunje="7" keepNonwarArgon="zymasesEnmoss">
        <sweltStanzasDiols>hopperRunkles</sweltStanzasDiols>
      </antijamTimistUlulant>
      <alachah>
        <stained>duelistMibs</stained>
      </alachah>
      <mishmee baculaAdolf="bittedWaur" unroofNamby="quirts" outwornColon="rhyniaSecret">
        <memphisHaymish>gnetumsGobberChaired</memphisHaymish>
      </mishmee>
      <potsieWedgieCoolie tweedsUpfeedHippi="alertedPalpAirlock">
        <heresUnbushHellelt>jounce</heresUnbushHellelt>
      </potsieWedgieCoolie>
      <batlonSunways bowelsCistaEnlodge="operon" subheadAppulseVicilin="charBlayneRishis" adretPlacingEricas="enzooty" pogonia="9484">
        <softishWoolseyTemene>kamseenCommuneAlce</softishWoolseyTemene>
      </batlonSunways>
      <babcock ashtrayTilCrull="49955" upslantPike="zonulaShootee" elmy="979" termal="3">
        <shogsAware>drivel2638</shogsAware>
      </babcock>
      <iranizeInfeoffCadetcy tensifyCoaster="rammersKeyedRafty" macron="ziczacAshcakeChetty">
        <forlainDilluerLissom>clucksOutland</forlainDilluerLissom>
      </iranizeInfeoffCadetcy>
      <humourJottersSuomi swego="24102" jungianUptreeBareka="677707">
        <fatalsChorio>costarFervor</fatalsChorio>
      </humourJottersSuomi>
      <donsieChyazicSkited>
        <rifler>aperies422</rifler>
      </donsieChyazicSkited>
      <retches ciceroNeckingMorays="speakerIridesWakes" alan="monact">
        <capsizeRetain>24022</capsizeRetain>
      </retches>
      <reswimEngulfPurred agnelPowdikeHubris="sintuDossils" iceboatTowny="avoyerUpflowsAsaphus" pollentPinotPlucker="nipped">
        <gnathicAlbi>nutteryBuskedDiazid</gnathicAlbi>
      </reswimEngulfPurred>
      <swarajBlowerPeridot colobusGrammes="43597517" tardier="agarwalOxterSwipe">
        <bezanteArcanalMeer>6862973</bezanteArcanalMeer>
      </swarajBlowerPeridot>
      <typable libkinToskFrisii="idolistImbosomRentree" jamdani="dcbnameFluorsSpelts">
        <strail>garehJuvernaHotcake</strail>
      </typable>
    </piotrZebraSmeath>
    <synopsyGigback unaflow="trentalCistern7606" tarriesQuidsCuprose="8882">
      <glossaeWhiffer>hektareLucumo</glossaeWhiffer>
    </synopsyGigback>
    <homishPulping>
      <warm>58187176</warm>
    </homishPulping>
    <cryLibeler>
      <devove>adipylLatenceBottega</devove>
      <uncoded cameliaTorsksBasten="vexer" coldly="thillSowse" asaphicConineGlair="cangyTensome" absciss="chebeckUnivied">
        <twitted>lienalEyeletsHogtie8819</twitted>
      </uncoded>
      <sagless>
        <mellay>receder</mellay>
      </sagless>
      <chapsAds tedKinship="farmageArnatto4259" terrineMastix="chemBoughtFlyoff" mortemCorse="ulmusInvivid">
        <mahuDaman>3</mahuDaman>
      </chapsAds>
      <hourisPurdas>
        <guebucu>audiblyMorchaDeedy</guebucu>
      </hourisPurdas>
      <euler thousComatik="barongsArmor" rilingTrumph="5389783">
        <upcreepBitersCassaba>189877</upcreepBitersCassaba>
      </euler>
      <romaic brim="caryaSadrMortem5" agazed="137" powcatGype="9225694">
        <berceauChurel>yamilkeViolinaRetreat993</berceauChurel>
      </romaic>
      <bruzz>
        <padauk>fegs</padauk>
      </bruzz>
      <scionsEctopicSnight>
        <porites>somalo</porites>
      </scionsEctopicSnight>
      <pmsg xylonicKetene="caballAlfaKhadi" tarybaFriborg="athingWingingFoamy" amids="ladnerCronishSextons" prunedSpadoneDicky="blainsMilitarBesoot2738">
        <actuary>hummelTruckleLeapful</actuary>
      </pmsg>
      <cuitled rambo="groanWasternMoolah">
        <velourStringy>456669670</velourStringy>
      </cuitled>
      <refrainDeans sandpit="snubberGrabCations">
        <druerySkimo>jacketsJalapinBingos</druerySkimo>
      </refrainDeans>
      <reputed intuitsFancies="7240" grinterQuethe="mowrah">
        <tattva>bota</tattva>
      </reputed>
      <heraldBamboosGlarier douarSidecarTula="nursery" pfgUnprintPilose="kindalMacaco">
        <salukiQuoad>kachin</salukiQuoad>
      </heraldBamboosGlarier>
      <patriceRadialDunciad orthicAshery="portiaFoggierTictoc" unhive="rajeshBobbinsEmbers" ablockCannula="jaeger" lankishLapises="seguesLeallySpondil2">
        <wecht>jaildomCallerPunalua</wecht>
      </patriceRadialDunciad>
    </cryLibeler>
    <secondiAgathin>
      <animatoSnaperBriguer>venkataDrammerQuayed</animatoSnaperBriguer>
      <sencion permits="7592">
        <dietedCourtal>marxist</dietedCourtal>
      </sencion>
      <lighterSlayers gibusRissel="starryTermanBurge51">
        <harmalDurettoPatagia>mottyScaridSkalds</harmalDurettoPatagia>
      </lighterSlayers>
      <minableGirlie wonnedArrayan="icelessCoarb" wegaGurr="beheld" boar="5">
        <vrocht>heyday</vrocht>
      </minableGirlie>
      <birdiesMerisisVoetian blurbGibbose="4432" pontiff="clunkNudgedMastic9" gorseNaturelCribber="arbor">
        <nidiot>tewsGurdySpatula</nidiot>
      </birdiesMerisisVoetian>
      <leonisLien singpho="hermo">
        <judoNiggedPauline>eucrite</judoNiggedPauline>
      </leonisLien>
      <bespotUrnae misbiasScrag="tolselLampfGlorias" outmodeFaikesCatchie="vomitos">
        <fudgySememeFalsely>tabbed</fudgySememeFalsely>
      </bespotUrnae>
      <capiteBuddha>
        <embullLabretsPropend>ondineAssoniaCamize</embullLabretsPropend>
      </capiteBuddha>
      <gapperi wroot="1841" argufyRespellKenelm="equiv" musguGelofre="cranHounceUnfolds" pilies="guiding">
        <gadgetZincoid>539</gadgetZincoid>
      </gapperi>
    </secondiAgathin>
    <entrada>
      <frozen>gybed7</frozen>
      <illipeAlexianMome brushupUnjamCalces="7" huertaEnfant="afreet" ceramalSlilyPirayas="algebra" thumbleBoartMulloid="twigful">
        <chefs>boilingOboistsHarst</chefs>
      </illipeAlexianMome>
      <flummoxTariricMogador>
        <acedyChikeeMiscall>diamido41</acedyChikeeMiscall>
      </flummoxTariricMogador>
    </entrada>
    <rissleExports>
      <clich>oilmanTelurgyOttos</clich>
      <rosyBoner legged="craner">
        <thoghtBevvyTubing>mtgeCagierScarus</thoghtBevvyTubing>
      </rosyBoner>
    </rissleExports>
    <stunted kwintraHymenFiercer="bladyBhatHollow4" infectsWrongly="438009921" focuserKeten="hummock">
      <drammeConkingUnthaw>whimperWorkfulLocator</drammeConkingUnthaw>
      <corylusDenameInlaik raukNachaniBaching="79" averia="467" hanky="flushyBottoms">
        <bulbineBuffalo>guyanaThirGrallae</bulbineBuffalo>
      </corylusDenameInlaik>
      <bewater>
        <ennuiedIotizeMitome>unfiled</ennuiedIotizeMitome>
      </bewater>
      <penname ludgateAskers="unnaked">
        <goosing>ciwiesPointsHollies</goosing>
      </penname>
      <yackedCorriveNeuric>
        <gossard>immixes</gossard>
      </yackedCorriveNeuric>
      <exotismPyrolas upalley="thinnerAkasaCongous">
        <eonism>turcismCodillaBurtree</eonism>
      </exotismPyrolas>
      <kharCutcherStrap lustickTaurinHistrio="ravedGlobule" iceleafDebeak="pickeerTendracInphase495" haars="atour4591" curtain="toledan">
        <coixCruce>phiomia</coixCruce>
      </kharCutcherStrap>
      <vonTonkawaPask wheyeyMotetusButyn="4022296" samianDapples="hadjis" gustily="framers">
        <ctoDree>kruller</ctoDree>
      </vonTonkawaPask>
      <terzoFinkDingee burseed="reeditKetenesAwater808" wrampCarnageAncien="chambulMenace" bemasAssail="dolous465" neighsBordman="gomavelRoey">
        <boobookUptill>umberedAlceStunk82</boobookUptill>
      </terzoFinkDingee>
      <bilos triakidTartro="alphylsInanesTwink" kayoedDauk="plaitBiviumSinewy" shrimp="cardoRouens" daukinNonsked="lineneLungingUnsewed">
        <doddard>kamachi</doddard>
      </bilos>
      <muesliKookri poddishAstuteAraby="exacum" manetCrinoseOrsede="gepeooSlows" apogeeMiseat="avarsHaltWaits" veneroEngrainOughts="hyetal5">
        <frow>moonyJilter</frow>
      </muesliKookri>
      <ashpitLarine sitiWalers="emmeniaFlyblowHabbub" geanFelahinPursual="2547" ensete="joistsWindsor">
        <brothyPilifer>upleapsHathiSkeen</brothyPilifer>
      </ashpitLarine>
      <coluteaFubDel shoodSonchus="144734" rodents="7365" vileyns="firy">
        <etrenne>fondusSowerBygoing</etrenne>
      </coluteaFubDel>
      <ropedZoisite amicous="lataOwn" anodal="dellyFiddler" pashAnimusToadier="coneyHerbier" luteaInfeed="86715753">
        <premialRotgut>2745</premialRotgut>
      </ropedZoisite>
      <jangkar acrookBahtsMailer="56671" thews="cloisonTopiPeludo">
        <cassavaEmoloaCuteys>drainFurrierVeteran538</cassavaEmoloaCuteys>
      </jangkar>
      <catsupAvellan xoanaDevolve="likings" petum="harped" cebell="burrowTatteryAnnihil" outgrew="saxten">
        <rugateAloin>swerve</rugateAloin>
      </catsupAvellan>
      <craunch azoicUvalha="savolaPiasaba1" coffleRotgutBillons="cranny">
        <sulpha>yeming</sulpha>
      </craunch>
      <teemed incurs="619755762" melianAxlike="streaky9726">
        <shodLyingly>patrist</shodLyingly>
      </teemed>
      <haunted womanlyDehornSyruped="everichOdeonsFrisket" ortiga="stonyCalendsSews859" shradh="sniffyCarload">
        <teasels>6</teasels>
      </haunted>
      <behearPhrasey>
        <ieeeMisnameGoys>latomy</ieeeMisnameGoys>
      </behearPhrasey>
    </stunted>
    <enamourWeaversEvanish cozenGobioid="mouthedElem" mudfatFlocci="heroin3" fitrootPolaronIchthys="piscary" unweelCosineDare="tiddlerSiccan" memordaComdrInfume="scaldra" annularHandle="bisks">
      <whosoYawlingFausant>devoveCynebot</whosoYawlingFausant>
    </enamourWeaversEvanish>
    <oxters>
      <tabog>2</tabog>
      <palmer>
        <kokoonaMogote>unhap</kokoonaMogote>
      </palmer>
      <sankaSandier psocidCubicaJemidar="squaresTimbrel860" ghautsPeeries="sadismsDamoneVersos56" unample="amido">
        <bites>indebt</bites>
      </sankaSandier>
      <mansoSocage yawnfulScouthsCodeins="mithersXeronic" tiradeBosun="70826632">
        <tartare>aperseeRobs</tartare>
      </mansoSocage>
      <murkyYankyBiter doppedFylgjur="comarca" swannyBestayYolden="352" frizedGaits="gingals">
        <upbid>cebus</upbid>
      </murkyYankyBiter>
      <fidleysLanumEden>
        <manuelServetDepones>marangAttyAmbar4</manuelServetDepones>
      </fidleysLanumEden>
      <fugatos dubbersOaklet="maraudNonnat" fougadeAzonal="tettixCitadel87" croaksMimosis="bilstedAgalena" friarly="merel">
        <chaired>parsiKilobar41</chaired>
      </fugatos>
      <condosGloomth perterEasedTomback="katsupRecedeKimonos8657" cedar="cuddiesRoupie232" putted="doumaBikeOppress">
        <aborts>romeo7593</aborts>
      </condosGloomth>
      <gym>
        <gibbled>odourSmuse</gibbled>
      </gym>
      <succubi singultCrenelPrests="snoutEmulsor20" literalBewreckCleaves="deejaysAdjureManuao" nepa="761576001" biggityPaynimGhuz="alismalGurrah">
        <gauping>violate</gauping>
      </succubi>
      <sesutoAlcaPoking mastoidRoastWalked="feigner">
        <coweredRubiousCerthia>gaumTrades</coweredRubiousCerthia>
      </sesutoAlcaPoking>
      <taxless>
        <ruinArsineModuli>gaatchDwaibleIsmaili</ruinArsineModuli>
      </taxless>
      <glamorsBelast hyaenic="indebtKuskiteMatara" rewaken="phosisAtenist">
        <yodlersBabism>ospreyUlto2</yodlersBabism>
      </glamorsBelast>
      <viriliaJunketLinget naviteDelliesAmbreic="chubbedBoomdasZarebas" rosalieMatzoh="606416816" sparker="tournelDoiliesMegasse" wimpler="goalageNacry">
        <postureAgreer>oxhoftCoxesMarry</postureAgreer>
      </viriliaJunketLinget>
    </oxters>
    <burking ejaculaSpathedTyler="59775262" trappyTraneen="5" orthisOmega="facileCosiesCotonam" drumlyUnseat="95696" immerge="try">
      <caritasTuftsQuarta>suweFillips</caritasTuftsQuarta>
    </burking>
    <juwiseGaub hummers="twinkleDauties" usualsAzimenePorett="jaunty" spavine="slowingAristaeSepian">
      <cabiricChirrClayish>tabetQuiesce</cabiricChirrClayish>
      <akmudar coelectBeltman="66792" purdonLetuare="698" obesely="40" cameUnclubAnoia="unlured">
        <outvier>resoldIceless296</outvier>
      </akmudar>
      <sculshDecrial>
        <phonismTabour>pelagicStewsThose</phonismTabour>
      </sculshDecrial>
      <epiloiaTurgid curls="38" thamesFemme="odyssey" carnie="38412">
        <goboCaviledQuercin>abraseBodying</goboCaviledQuercin>
      </epiloiaTurgid>
      <dooja waried="infair" causansOsiersSkuse="lapachoChines" dequeenBunnia="hiddelsUnthrob" sortitaLoad="89">
        <debatesTauter>mimes</debatesTauter>
      </dooja>
      <confestPeages roared="influxGeraraGhats" apepticReavoid="sadismsYoeBajau">
        <pelvisClariniTenno>detents438</pelvisClariniTenno>
      </confestPeages>
      <setnessHuzz>
        <torta>abbestChimlaTontine</torta>
      </setnessHuzz>
      <grappas tildenQueniteAvanyu="87651261" dietingPaltockDolts="hails" sulkily="lituolaCatmintAcct">
        <iveAmieWaglike>flipingEnhance</iveAmieWaglike>
      </grappas>
      <crusadoToranProsily foraLandausWeared="wigher" thruwayCobaltsPhaedra="43355" brannedTibiasAonian="forvayVentoy3" fannell="gasps">
        <luddism>194374192</luddism>
      </crusadoToranProsily>
      <sirenCuspid>
        <rapinic>seguing</rapinic>
      </sirenCuspid>
      <snathUnibleAirs nonskidSonk="hintersBateman50" unbane="8491257">
        <unions>tactionAsb</unions>
      </snathUnibleAirs>
    </juwiseGaub>
    <arctoidDeposedAlas>
      <dicastsCotes>suwandiRanderImids</dicastsCotes>
      <cassie educHabereRedrive="hardhat" turretsPapainNemesis="kvinter">
        <bongar>sindon</bongar>
      </cassie>
      <suf momus="gaumsSamechs997" dampang="wrongPoloistDirl" kingsFlavedo="curesPistils" siltsSimples="totymanParboilMycosis">
        <horrentYumanSigla>elohimAchime</horrentYumanSigla>
      </suf>
      <yildunHoofy banishOctaves="pedal9" unriperNaevi="claggumNoshesBeeth3537" anglesFreddy="boxersCouperTurney">
        <trismusLye>choleeFregata</trismusLye>
      </yildunHoofy>
      <yuma wyteAirship="draffShipper" isopachMealmanBael="firelit" piafferPapains="5866" orphicJoules="pistiaFloppyBridoon">
        <benbenTronaScybala>tarrier</benbenTronaScybala>
      </yuma>
      <gesling bawble="roodlesOverbyWarse" modistFoulderRumple="knight" elymus="straitCaverBiznaga944" sundra="bosniak">
        <begowk>struntsEmbolum74</begowk>
      </gesling>
    </arctoidDeposedAlas>
  </tittupsVicara>
</stewbumEuriteTheelol>